{
"type": "FeatureCollection",
"name": "buildings",
"crs": { "type": "name", "properties": { "name": "urn:ogc:def:crs:OGC:1.3:CRS84" } },
"features": [
{ "type": "Feature", "properties": { "id": "93d157ae-87a1-43fe-84d0-2ae375cf9e7e", "names": null, "sources": "[{'property': '', 'dataset': 'OpenStreetMap', 'license': 'ODbL-1.0', 'record_id': 'w330716391@4', 'update_time': '2026-03-21T16:00:33.000Z', 'confidence': None, 'between': None, 'provider': 'osm', 'resource': 'planet', 'version': '2026-09-06T00:00:00.000Z'}]", "level": null, "height": null, "min_height": null, "is_underground": false, "num_floors": null, "num_floors_underground": null, "min_floor": null, "subtype": null, "class": null, "facade_color": null, "facade_material": null, "roof_material": null, "roof_shape": null, "roof_direction": null, "roof_orientation": null, "roof_color": null, "roof_height": null, "has_parts": false, "version": 1, "bbox": { "xmin": 8.529776573181152, "xmax": 8.530006408691406, "ymin": 47.37455749511719, "ymax": 47.37472152709961 } }, "geometry": { "type": "Polygon", "coordinates": [ [ [ 8.5299532, 47.3745721 ], [ 8.529984, 47.3745907 ], [ 8.5299556, 47.3746123 ], [ 8.5300056, 47.3746423 ], [ 8.5299237, 47.3747048 ], [ 8.5299111, 47.3747123 ], [ 8.5298897, 47.3747188 ], [ 8.5298651, 47.3747212 ], [ 8.5298437, 47.374719 ], [ 8.5298161, 47.3747115 ], [ 8.5297965, 47.374699 ], [ 8.5297828, 47.374684 ], [ 8.5297783, 47.3746717 ], [ 8.5297768, 47.3746548 ], [ 8.5297832, 47.3746388 ], [ 8.5297919, 47.3746264 ], [ 8.5298743, 47.3745634 ], [ 8.5299247, 47.3745937 ], [ 8.5299532, 47.3745721 ] ] ] } },
{ "type": "Feature", "properties": { "id": "9947f957-4b16-4fc4-9fb7-d31f37f26a34", "names": null, "sources": "[{'property': '', 'dataset': 'OpenStreetMap', 'license': 'ODbL-1.0', 'record_id': 'w330716393@4', 'update_time': '2026-03-21T16:00:41.000Z', 'confidence': None, 'between': None, 'provider': 'osm', 'resource': 'planet', 'version': '2026-09-06T00:00:00.000Z'}]", "level": null, "height": null, "min_height": null, "is_underground": false, "num_floors": null, "num_floors_underground": null, "min_floor": null, "subtype": null, "class": null, "facade_color": null, "facade_material": null, "roof_material": null, "roof_shape": null, "roof_direction": null, "roof_orientation": null, "roof_color": null, "roof_height": null, "has_parts": false, "version": 1, "bbox": { "xmin": 8.5300874710083, "xmax": 8.530356407165527, "ymin": 47.37429428100586, "ymax": 47.374473571777344 } }, "geometry": { "type": "Polygon", "coordinates": [ [ [ 8.5300876, 47.3743619 ], [ 8.5301668, 47.3743008 ], [ 8.5301689, 47.3743021 ], [ 8.5301745, 47.3743022 ], [ 8.5301892, 47.3743111 ], [ 8.530202, 47.3743016 ], [ 8.5303166, 47.3743705 ], [ 8.5303359, 47.3743821 ], [ 8.5303555, 47.3743939 ], [ 8.5302613, 47.3744663 ], [ 8.530242, 47.3744547 ], [ 8.5302224, 47.3744429 ], [ 8.5300876, 47.3743619 ] ] ] } },
{ "type": "Feature", "properties": { "id": "184be054-3398-4f64-8106-64bd032bf59b", "names": null, "sources": "[{'property': '', 'dataset': 'OpenStreetMap', 'license': 'ODbL-1.0', 'record_id': 'w330716398@5', 'update_time': '2026-03-21T16:00:10.000Z', 'confidence': None, 'between': None, 'provider': 'osm', 'resource': 'planet', 'version': '2026-09-06T00:00:00.000Z'}]", "level": null, "height": null, "min_height": null, "is_underground": false, "num_floors": null, "num_floors_underground": null, "min_floor": null, "subtype": "residential", "class": "apartments", "facade_color": null, "facade_material": null, "roof_material": null, "roof_shape": null, "roof_direction": null, "roof_orientation": null, "roof_color": null, "roof_height": null, "has_parts": false, "version": 1, "bbox": { "xmin": 8.529857635498047, "xmax": 8.53018569946289, "ymin": 47.37442398071289, "ymax": 47.37465286254883 } }, "geometry": { "type": "Polygon", "coordinates": [ [ [ 8.529984, 47.3745907 ], [ 8.5299532, 47.3745721 ], [ 8.5298583, 47.3745148 ], [ 8.5298602, 47.3745133 ], [ 8.529967, 47.3744323 ], [ 8.5299691, 47.3744307 ], [ 8.5300772, 47.3744961 ], [ 8.5301853, 47.3745614 ], [ 8.5301833, 47.3745629 ], [ 8.5300761, 47.3746443 ], [ 8.5300745, 47.3746455 ], [ 8.529984, 47.3745907 ] ] ] } },
{ "type": "Feature", "properties": { "id": "02a6ef3b-e24e-42f6-8803-98dba07849eb", "names": null, "sources": "[{'property': '', 'dataset': 'OpenStreetMap', 'license': 'ODbL-1.0', 'record_id': 'w330716394@4', 'update_time': '2026-03-21T16:00:15.000Z', 'confidence': None, 'between': None, 'provider': 'osm', 'resource': 'planet', 'version': '2026-09-06T00:00:00.000Z'}]", "level": null, "height": null, "min_height": null, "is_underground": false, "num_floors": null, "num_floors_underground": null, "min_floor": null, "subtype": null, "class": null, "facade_color": null, "facade_material": null, "roof_material": null, "roof_shape": null, "roof_direction": null, "roof_orientation": null, "roof_color": null, "roof_height": null, "has_parts": false, "version": 1, "bbox": { "xmin": 8.530076026916504, "xmax": 8.530294418334961, "ymin": 47.37456130981445, "ymax": 47.37474060058594 } }, "geometry": { "type": "Polygon", "coordinates": [ [ [ 8.5302627, 47.3746803 ], [ 8.5301896, 47.3747392 ], [ 8.5301033, 47.3746895 ], [ 8.5301277, 47.3746681 ], [ 8.5300761, 47.3746443 ], [ 8.5301833, 47.3745629 ], [ 8.5302917, 47.374628 ], [ 8.5302941, 47.374655 ], [ 8.5302627, 47.3746803 ] ] ] } },
{ "type": "Feature", "properties": { "id": "9363499e-06fb-498a-a98b-25c94ba363ed", "names": null, "sources": "[{'property': '', 'dataset': 'OpenStreetMap', 'license': 'ODbL-1.0', 'record_id': 'w330716390@5', 'update_time': '2026-03-21T15:59:53.000Z', 'confidence': None, 'between': None, 'provider': 'osm', 'resource': 'planet', 'version': '2026-09-06T00:00:00.000Z'}]", "level": null, "height": null, "min_height": null, "is_underground": false, "num_floors": null, "num_floors_underground": null, "min_floor": null, "subtype": "residential", "class": "apartments", "facade_color": null, "facade_material": null, "roof_material": null, "roof_shape": null, "roof_direction": null, "roof_orientation": null, "roof_color": null, "roof_height": null, "has_parts": false, "version": 1, "bbox": { "xmin": 8.530261039733887, "xmax": 8.53055477142334, "ymin": 47.374385833740234, "ymax": 47.374542236328125 } }, "geometry": { "type": "Polygon", "coordinates": [ [ [ 8.5304602, 47.3743929 ], [ 8.5305547, 47.3744472 ], [ 8.530484, 47.3745038 ], [ 8.53044, 47.3745391 ], [ 8.5303859, 47.3745412 ], [ 8.5302613, 47.3744663 ], [ 8.5303555, 47.3743939 ], [ 8.5304147, 47.3744294 ], [ 8.5304602, 47.3743929 ] ] ] } },
{ "type": "Feature", "properties": { "id": "01f3d11c-dc0b-4c8a-9243-17caf2671b9f", "names": null, "sources": "[{'property': '', 'dataset': 'OpenStreetMap', 'license': 'ODbL-1.0', 'record_id': 'w330716405@3', 'update_time': '2026-03-21T16:00:02.000Z', 'confidence': None, 'between': None, 'provider': 'osm', 'resource': 'planet', 'version': '2026-09-06T00:00:00.000Z'}]", "level": null, "height": null, "min_height": null, "is_underground": false, "num_floors": null, "num_floors_underground": null, "min_floor": null, "subtype": null, "class": null, "facade_color": null, "facade_material": null, "roof_material": null, "roof_shape": null, "roof_direction": null, "roof_orientation": null, "roof_color": null, "roof_height": null, "has_parts": false, "version": 1, "bbox": { "xmin": 8.5304536819458, "xmax": 8.530671119689941, "ymin": 47.374244689941406, "ymax": 47.374454498291016 } }, "geometry": { "type": "Polygon", "coordinates": [ [ [ 8.5305547, 47.3744472 ], [ 8.5304602, 47.3743929 ], [ 8.5305041, 47.3743576 ], [ 8.5304538, 47.3743336 ], [ 8.5304578, 47.3743287 ], [ 8.5305371, 47.3742517 ], [ 8.5306634, 47.3743125 ], [ 8.5306705, 47.3743544 ], [ 8.5306252, 47.3743907 ], [ 8.5305547, 47.3744472 ] ] ] } },
{ "type": "Feature", "properties": { "id": "65ea151a-b225-48fe-a7ef-149c87a3508a", "names": null, "sources": "[{'property': '', 'dataset': 'OpenStreetMap', 'license': 'ODbL-1.0', 'record_id': 'w330716403@4', 'update_time': '2026-03-21T16:00:19.000Z', 'confidence': None, 'between': None, 'provider': 'osm', 'resource': 'planet', 'version': '2026-09-06T00:00:00.000Z'}]", "level": null, "height": null, "min_height": null, "is_underground": false, "num_floors": null, "num_floors_underground": null, "min_floor": null, "subtype": null, "class": null, "facade_color": null, "facade_material": null, "roof_material": null, "roof_shape": null, "roof_direction": null, "roof_orientation": null, "roof_color": null, "roof_height": null, "has_parts": false, "version": 1, "bbox": { "xmin": 8.530247688293457, "xmax": 8.530538558959961, "ymin": 47.3741340637207, "ymax": 47.37433624267578 } }, "geometry": { "type": "Polygon", "coordinates": [ [ [ 8.5305371, 47.3742517 ], [ 8.5304578, 47.3743287 ], [ 8.5302902, 47.3742474 ], [ 8.5303094, 47.3742281 ], [ 8.5302793, 47.3742136 ], [ 8.5302637, 47.3742061 ], [ 8.530248, 47.3741987 ], [ 8.5303084, 47.3741416 ], [ 8.530324, 47.3741491 ], [ 8.5303396, 47.3741566 ], [ 8.5304601, 47.3742146 ], [ 8.5305371, 47.3742517 ] ] ] } },
{ "type": "Feature", "properties": { "id": "30f1dcfa-ddd1-46ba-b9f6-5c75ae552795", "names": null, "sources": "[{'property': '', 'dataset': 'OpenStreetMap', 'license': 'ODbL-1.0', 'record_id': 'w330716396@4', 'update_time': '2026-03-21T16:00:04.000Z', 'confidence': None, 'between': None, 'provider': 'osm', 'resource': 'planet', 'version': '2026-09-06T00:00:00.000Z'}]", "level": null, "height": null, "min_height": null, "is_underground": false, "num_floors": null, "num_floors_underground": null, "min_floor": null, "subtype": null, "class": null, "facade_color": null, "facade_material": null, "roof_material": null, "roof_shape": null, "roof_direction": null, "roof_orientation": null, "roof_color": null, "roof_height": null, "has_parts": false, "version": 1, "bbox": { "xmin": 8.52995777130127, "xmax": 8.530167579650879, "ymin": 47.374183654785156, "ymax": 47.37436294555664 } }, "geometry": { "type": "Polygon", "coordinates": [ [ [ 8.5300442, 47.374191 ], [ 8.530145, 47.3742518 ], [ 8.5301195, 47.3742719 ], [ 8.5301668, 47.3743008 ], [ 8.5300876, 47.3743619 ], [ 8.5299993, 47.3743088 ], [ 8.5299608, 47.3742856 ], [ 8.5299584, 47.3742562 ], [ 8.5300442, 47.374191 ] ] ] } },
{ "type": "Feature", "properties": { "id": "908624d9-d81b-43c2-92e4-427daab90695", "names": null, "sources": "[{'property': '', 'dataset': 'OpenStreetMap', 'license': 'ODbL-1.0', 'record_id': 'w77808971@5', 'update_time': '2026-03-21T16:00:12.000Z', 'confidence': None, 'between': None, 'provider': 'osm', 'resource': 'planet', 'version': '2026-09-06T00:00:00.000Z'}]", "level": null, "height": null, "min_height": null, "is_underground": false, "num_floors": null, "num_floors_underground": null, "min_floor": null, "subtype": null, "class": null, "facade_color": null, "facade_material": null, "roof_material": null, "roof_shape": null, "roof_direction": null, "roof_orientation": null, "roof_color": null, "roof_height": null, "has_parts": false, "version": 1, "bbox": { "xmin": 8.530043601989746, "xmax": 8.530308723449707, "ymin": 47.37409210205078, "ymax": 47.37425994873047 } }, "geometry": { "type": "Polygon", "coordinates": [ [ [ 8.5303084, 47.3741416 ], [ 8.530248, 47.3741987 ], [ 8.5302302, 47.3741894 ], [ 8.5301471, 47.3742531 ], [ 8.530145, 47.3742518 ], [ 8.5300442, 47.374191 ], [ 8.5301142, 47.3741378 ], [ 8.5301672, 47.3740975 ], [ 8.5302097, 47.374094 ], [ 8.5303084, 47.3741416 ] ] ] } },
{ "type": "Feature", "properties": { "id": "a4cdaf7a-d06b-4f74-a0d8-6de6c2f3d6ba", "names": null, "sources": "[{'property': '', 'dataset': 'OpenStreetMap', 'license': 'ODbL-1.0', 'record_id': 'w75470549@9', 'update_time': '2026-03-21T16:00:34.000Z', 'confidence': None, 'between': None, 'provider': 'osm', 'resource': 'planet', 'version': '2026-09-06T00:00:00.000Z'}]", "level": null, "height": null, "min_height": null, "is_underground": false, "num_floors": 4.0, "num_floors_underground": null, "min_floor": null, "subtype": "residential", "class": "apartments", "facade_color": null, "facade_material": null, "roof_material": null, "roof_shape": null, "roof_direction": null, "roof_orientation": null, "roof_color": null, "roof_height": null, "has_parts": false, "version": 2, "bbox": { "xmin": 8.529852867126465, "xmax": 8.530110359191895, "ymin": 47.37383270263672, "ymax": 47.37403869628906 } }, "geometry": { "type": "Polygon", "coordinates": [ [ [ 8.5300398, 47.3739621 ], [ 8.529975, 47.3740315 ], [ 8.5298569, 47.3739782 ], [ 8.5298529, 47.3739768 ], [ 8.5299755, 47.3738394 ], [ 8.5301096, 47.3738836 ], [ 8.5300398, 47.3739621 ] ] ] } },
{ "type": "Feature", "properties": { "id": "856db480-a3ca-41dc-9622-541b15f863e8", "names": "{'primary': 'Zett-Haus', 'common': None, 'rules': array([{'variant': 'alternate', 'language': None, 'perspectives': None, 'value': 'Z-Haus', 'between': None, 'side': None}],\n      dtype=object)}", "sources": "[{'property': '', 'dataset': 'OpenStreetMap', 'license': 'ODbL-1.0', 'record_id': 'w80270946@8', 'update_time': '2026-03-21T16:00:43.000Z', 'confidence': None, 'between': None, 'provider': 'osm', 'resource': 'planet', 'version': '2026-09-06T00:00:00.000Z'}]", "level": null, "height": null, "min_height": null, "is_underground": false, "num_floors": 7.0, "num_floors_underground": null, "min_floor": null, "subtype": "commercial", "class": "commercial", "facade_color": null, "facade_material": null, "roof_material": null, "roof_shape": null, "roof_direction": null, "roof_orientation": null, "roof_color": null, "roof_height": null, "has_parts": false, "version": 1, "bbox": { "xmin": 8.530288696289062, "xmax": 8.53089427947998, "ymin": 47.37367630004883, "ymax": 47.374168395996094 } }, "geometry": { "type": "Polygon", "coordinates": [ [ [ 8.5306871, 47.3740921 ], [ 8.5306243, 47.3741616 ], [ 8.5303826, 47.3740455 ], [ 8.5302889, 47.3740006 ], [ 8.5303004, 47.3739878 ], [ 8.5303119, 47.373975 ], [ 8.5304205, 47.3738543 ], [ 8.5304573, 47.3738201 ], [ 8.5305134, 47.3737798 ], [ 8.5305869, 47.3737426 ], [ 8.5306582, 47.3737185 ], [ 8.5307293, 47.3736978 ], [ 8.5308006, 47.3736773 ], [ 8.5308105, 47.3736921 ], [ 8.5308614, 47.3737749 ], [ 8.530864, 47.3737743 ], [ 8.5308937, 47.3738199 ], [ 8.5308533, 47.3738327 ], [ 8.5308457, 47.3738593 ], [ 8.5308296, 47.3738568 ], [ 8.5307942, 47.3739717 ], [ 8.5306871, 47.3740921 ] ] ] } },
{ "type": "Feature", "properties": { "id": "0bd57dbc-4057-4fa7-a84d-2e01e48eb0d7", "names": null, "sources": "[{'property': '', 'dataset': 'OpenStreetMap', 'license': 'ODbL-1.0', 'record_id': 'w77808968@9', 'update_time': '2026-03-21T16:00:33.000Z', 'confidence': None, 'between': None, 'provider': 'osm', 'resource': 'planet', 'version': '2026-09-06T00:00:00.000Z'}]", "level": null, "height": null, "min_height": null, "is_underground": false, "num_floors": 4.0, "num_floors_underground": null, "min_floor": null, "subtype": "commercial", "class": "commercial", "facade_color": null, "facade_material": null, "roof_material": null, "roof_shape": null, "roof_direction": null, "roof_orientation": null, "roof_color": null, "roof_height": null, "has_parts": false, "version": 2, "bbox": { "xmin": 8.530025482177734, "xmax": 8.530237197875977, "ymin": 47.373680114746094, "ymax": 47.37383270263672 } }, "geometry": { "type": "Polygon", "coordinates": [ [ [ 8.5300264, 47.3737878 ], [ 8.5300306, 47.3737685 ], [ 8.5300496, 47.3736812 ], [ 8.5302136, 47.3736912 ], [ 8.5302371, 47.3737192 ], [ 8.5301589, 47.3738313 ], [ 8.5300264, 47.3737878 ] ] ] } },
{ "type": "Feature", "properties": { "id": "990803ea-9268-434d-b298-43ae14a55184", "names": null, "sources": "[{'property': '', 'dataset': 'OpenStreetMap', 'license': 'ODbL-1.0', 'record_id': 'w338944216@8', 'update_time': '2026-03-21T16:00:09.000Z', 'confidence': None, 'between': None, 'provider': 'osm', 'resource': 'planet', 'version': '2026-09-06T00:00:00.000Z'}]", "level": null, "height": null, "min_height": null, "is_underground": false, "num_floors": 4.0, "num_floors_underground": null, "min_floor": null, "subtype": "residential", "class": "apartments", "facade_color": null, "facade_material": null, "roof_material": null, "roof_shape": "saltbox", "roof_direction": null, "roof_orientation": null, "roof_color": null, "roof_height": null, "has_parts": false, "version": 1, "bbox": { "xmin": 8.529772758483887, "xmax": 8.530050277709961, "ymin": 47.373661041259766, "ymax": 47.37379837036133 } }, "geometry": { "type": "Polygon", "coordinates": [ [ [ 8.5299284, 47.3737617 ], [ 8.5298827, 47.3737969 ], [ 8.5297733, 47.3737315 ], [ 8.5297947, 47.3737148 ], [ 8.529855, 47.3736685 ], [ 8.5299714, 47.3736761 ], [ 8.5300496, 47.3736812 ], [ 8.5300306, 47.3737685 ], [ 8.5299284, 47.3737617 ] ] ] } },
{ "type": "Feature", "properties": { "id": "b38bca9a-1dd0-4873-8d3f-0c15b6637e95", "names": null, "sources": "[{'property': '', 'dataset': 'OpenStreetMap', 'license': 'ODbL-1.0', 'record_id': 'w297887525@7', 'update_time': '2026-03-21T15:59:57.000Z', 'confidence': None, 'between': None, 'provider': 'osm', 'resource': 'planet', 'version': '2026-09-06T00:00:00.000Z'}]", "level": null, "height": null, "min_height": null, "is_underground": false, "num_floors": 5.0, "num_floors_underground": null, "min_floor": null, "subtype": "commercial", "class": "retail", "facade_color": null, "facade_material": null, "roof_material": null, "roof_shape": null, "roof_direction": null, "roof_orientation": null, "roof_color": null, "roof_height": null, "has_parts": false, "version": 1, "bbox": { "xmin": 8.529668807983398, "xmax": 8.53001594543457, "ymin": 47.37318420410156, "ymax": 47.37349319458008 } }, "geometry": { "type": "Polygon", "coordinates": [ [ [ 8.5296689, 47.3734549 ], [ 8.5297828, 47.3731855 ], [ 8.5298845, 47.3732041 ], [ 8.5299286, 47.3732255 ], [ 8.5299281, 47.3732331 ], [ 8.5300155, 47.3732496 ], [ 8.5299406, 47.3734611 ], [ 8.529871, 47.3734915 ], [ 8.5296689, 47.3734549 ] ] ] } },
{ "type": "Feature", "properties": { "id": "4e23774c-5c36-43d3-961e-94287f3d5d92", "names": null, "sources": "[{'property': '', 'dataset': 'OpenStreetMap', 'license': 'ODbL-1.0', 'record_id': 'w31969543@13', 'update_time': '2026-03-21T16:00:24.000Z', 'confidence': None, 'between': None, 'provider': 'osm', 'resource': 'planet', 'version': '2026-09-06T00:00:00.000Z'}]", "level": null, "height": null, "min_height": null, "is_underground": false, "num_floors": null, "num_floors_underground": null, "min_floor": null, "subtype": null, "class": null, "facade_color": null, "facade_material": null, "roof_material": null, "roof_shape": null, "roof_direction": null, "roof_orientation": null, "roof_color": null, "roof_height": null, "has_parts": false, "version": 1, "bbox": { "xmin": 8.529897689819336, "xmax": 8.530988693237305, "ymin": 47.37284469604492, "ymax": 47.3735237121582 } }, "geometry": { "type": "Polygon", "coordinates": [ [ [ 8.5308588, 47.373196 ], [ 8.5309881, 47.3734045 ], [ 8.5308588, 47.3734395 ], [ 8.5307691, 47.3734651 ], [ 8.5306682, 47.3734779 ], [ 8.5306197, 47.3734842 ], [ 8.5305712, 47.3734905 ], [ 8.5304378, 47.373511 ], [ 8.5304381, 47.3735123 ], [ 8.5302159, 47.3735222 ], [ 8.5302157, 47.3735197 ], [ 8.5300779, 47.3735115 ], [ 8.5300567, 47.3734925 ], [ 8.5301106, 47.3733429 ], [ 8.5301341, 47.3733423 ], [ 8.5301376, 47.3733313 ], [ 8.5301176, 47.3733236 ], [ 8.5302109, 47.3730601 ], [ 8.5302328, 47.3730594 ], [ 8.5302383, 47.373046 ], [ 8.5302189, 47.3730426 ], [ 8.5301519, 47.3730309 ], [ 8.5299451, 47.3729932 ], [ 8.5298977, 47.3729851 ], [ 8.5299179, 47.3729516 ], [ 8.5299497, 47.3729012 ], [ 8.5299617, 47.3728455 ], [ 8.5300031, 47.3728534 ], [ 8.5301005, 47.3728705 ], [ 8.5302137, 47.3728912 ], [ 8.5302923, 47.3729045 ], [ 8.5304421, 47.3729366 ], [ 8.5306309, 47.3729775 ], [ 8.5306151, 47.3730088 ], [ 8.5305721, 47.3730938 ], [ 8.5308371, 47.373161 ], [ 8.5308588, 47.373196 ] ] ] } },
{ "type": "Feature", "properties": { "id": "a2087f52-f214-4346-8f5c-310182973b13", "names": null, "sources": "[{'property': '', 'dataset': 'OpenStreetMap', 'license': 'ODbL-1.0', 'record_id': 'w338944240@7', 'update_time': '2026-03-21T15:59:55.000Z', 'confidence': None, 'between': None, 'provider': 'osm', 'resource': 'planet', 'version': '2026-09-06T00:00:00.000Z'}]", "level": null, "height": null, "min_height": null, "is_underground": false, "num_floors": 5.0, "num_floors_underground": null, "min_floor": null, "subtype": "commercial", "class": "office", "facade_color": null, "facade_material": null, "roof_material": null, "roof_shape": null, "roof_direction": null, "roof_orientation": null, "roof_color": null, "roof_height": null, "has_parts": false, "version": 1, "bbox": { "xmin": 8.530858039855957, "xmax": 8.531281471252441, "ymin": 47.37305450439453, "ymax": 47.3734245300293 } }, "geometry": { "type": "Polygon", "coordinates": [ [ [ 8.5309404, 47.3730921 ], [ 8.5309582, 47.3730604 ], [ 8.5311238, 47.3731062 ], [ 8.5311957, 47.3732208 ], [ 8.5312809, 47.3733566 ], [ 8.5310447, 47.3734244 ], [ 8.5310244, 47.3733943 ], [ 8.5309881, 47.3734045 ], [ 8.5308588, 47.373196 ], [ 8.5308806, 47.3731884 ], [ 8.530894, 47.3731747 ], [ 8.5309404, 47.3730921 ] ] ] } },
{ "type": "Feature", "properties": { "id": "d8bd301c-0787-40f7-b0c1-150cd705f8e5", "names": null, "sources": "[{'property': '', 'dataset': 'OpenStreetMap', 'license': 'ODbL-1.0', 'record_id': 'w124904610@5', 'update_time': '2026-03-21T16:00:15.000Z', 'confidence': None, 'between': None, 'provider': 'osm', 'resource': 'planet', 'version': '2026-09-06T00:00:00.000Z'}]", "level": null, "height": null, "min_height": null, "is_underground": false, "num_floors": 5.0, "num_floors_underground": null, "min_floor": null, "subtype": "commercial", "class": "commercial", "facade_color": null, "facade_material": null, "roof_material": null, "roof_shape": null, "roof_direction": null, "roof_orientation": null, "roof_color": null, "roof_height": null, "has_parts": false, "version": 1, "bbox": { "xmin": 8.530623435974121, "xmax": 8.531380653381348, "ymin": 47.37355422973633, "ymax": 47.37424087524414 } }, "geometry": { "type": "Polygon", "coordinates": [ [ [ 8.5312108, 47.3735557 ], [ 8.531273, 47.3736548 ], [ 8.5312127, 47.3736727 ], [ 8.5313084, 47.3738245 ], [ 8.5313799, 47.373932 ], [ 8.5313012, 47.373955 ], [ 8.5312918, 47.3739578 ], [ 8.531308, 47.3739843 ], [ 8.5312666, 47.3740049 ], [ 8.5309898, 47.3741429 ], [ 8.5309204, 47.3741775 ], [ 8.530894, 47.3741914 ], [ 8.5308171, 47.3742299 ], [ 8.5308053, 47.3742335 ], [ 8.5307924, 47.3742348 ], [ 8.5307806, 47.3742342 ], [ 8.5307704, 47.3742316 ], [ 8.5307172, 47.3742065 ], [ 8.5306722, 47.3741847 ], [ 8.5306482, 47.3741732 ], [ 8.5306243, 47.3741616 ], [ 8.5306871, 47.3740921 ], [ 8.5307146, 47.3741054 ], [ 8.5307422, 47.3741188 ], [ 8.5307601, 47.3741275 ], [ 8.5308204, 47.3740702 ], [ 8.5308331, 47.3740776 ], [ 8.5308477, 47.3740602 ], [ 8.530856, 47.3740503 ], [ 8.5308753, 47.3740296 ], [ 8.5308901, 47.3740161 ], [ 8.5309022, 47.374005 ], [ 8.5309267, 47.3739859 ], [ 8.5309547, 47.3739677 ], [ 8.5309888, 47.3739483 ], [ 8.5309783, 47.3739387 ], [ 8.5310347, 47.3739107 ], [ 8.5310432, 47.3739177 ], [ 8.5310824, 47.373906 ], [ 8.5310063, 47.373786 ], [ 8.5308937, 47.3738199 ], [ 8.530864, 47.3737743 ], [ 8.5308614, 47.3737749 ], [ 8.5308105, 47.3736921 ], [ 8.5308151, 47.3736907 ], [ 8.5308046, 47.3736745 ], [ 8.5309659, 47.3736273 ], [ 8.5309984, 47.3736178 ], [ 8.5310479, 47.3736033 ], [ 8.5312108, 47.3735557 ] ] ] } },
{ "type": "Feature", "properties": { "id": "71d74979-f0d9-47d1-8a66-2632170efaf1", "names": null, "sources": "[{'property': '', 'dataset': 'OpenStreetMap', 'license': 'ODbL-1.0', 'record_id': 'w338944231@4', 'update_time': '2026-03-21T16:00:15.000Z', 'confidence': None, 'between': None, 'provider': 'osm', 'resource': 'planet', 'version': '2026-09-06T00:00:00.000Z'}]", "level": null, "height": null, "min_height": null, "is_underground": false, "num_floors": 5.0, "num_floors_underground": null, "min_floor": null, "subtype": "commercial", "class": "commercial", "facade_color": null, "facade_material": null, "roof_material": null, "roof_shape": null, "roof_direction": null, "roof_orientation": null, "roof_color": null, "roof_height": null, "has_parts": false, "version": 1, "bbox": { "xmin": 8.5313081741333, "xmax": 8.531594276428223, "ymin": 47.37375259399414, "ymax": 47.37393569946289 } }, "geometry": { "type": "Polygon", "coordinates": [ [ [ 8.5315503, 47.3738094 ], [ 8.5315935, 47.373875 ], [ 8.5314366, 47.3739354 ], [ 8.5314258, 47.3739185 ], [ 8.5314, 47.3739261 ], [ 8.5313799, 47.373932 ], [ 8.5313084, 47.3738245 ], [ 8.5315229, 47.3737594 ], [ 8.5315544, 47.3738076 ], [ 8.5315503, 47.3738094 ] ] ] } },
{ "type": "Feature", "properties": { "id": "2af42344-b646-4012-839f-bc1085f02bdf", "names": null, "sources": "[{'property': '', 'dataset': 'OpenStreetMap', 'license': 'ODbL-1.0', 'record_id': 'w31969532@10', 'update_time': '2026-03-21T16:00:29.000Z', 'confidence': None, 'between': None, 'provider': 'osm', 'resource': 'planet', 'version': '2026-09-06T00:00:00.000Z'}]", "level": null, "height": null, "min_height": null, "is_underground": false, "num_floors": 6.0, "num_floors_underground": null, "min_floor": null, "subtype": "commercial", "class": "commercial", "facade_color": null, "facade_material": null, "roof_material": null, "roof_shape": null, "roof_direction": null, "roof_orientation": null, "roof_color": null, "roof_height": null, "has_parts": false, "version": 1, "bbox": { "xmin": 8.53138542175293, "xmax": 8.531785011291504, "ymin": 47.37346267700195, "ymax": 47.37388229370117 } }, "geometry": { "type": "Polygon", "coordinates": [ [ [ 8.5315544, 47.3738076 ], [ 8.5315229, 47.3737594 ], [ 8.5315444, 47.3737535 ], [ 8.5314696, 47.373638 ], [ 8.5314528, 47.3736121 ], [ 8.5314479, 47.3736045 ], [ 8.5313857, 47.3735054 ], [ 8.5314051, 47.3734997 ], [ 8.5315288, 47.3734638 ], [ 8.5315463, 47.3734644 ], [ 8.5315583, 47.3734723 ], [ 8.5316147, 47.3735536 ], [ 8.531741, 47.3737357 ], [ 8.5317844, 47.3737985 ], [ 8.5317838, 47.3738076 ], [ 8.5317759, 47.3738155 ], [ 8.5315935, 47.373875 ], [ 8.5315503, 47.3738094 ], [ 8.5315544, 47.3738076 ] ] ] } },
{ "type": "Feature", "properties": { "id": "92f6cc96-743d-4f8d-8d18-476ad9f62397", "names": null, "sources": "[{'property': '', 'dataset': 'OpenStreetMap', 'license': 'ODbL-1.0', 'record_id': 'w338944173@4', 'update_time': '2026-03-21T16:00:05.000Z', 'confidence': None, 'between': None, 'provider': 'osm', 'resource': 'planet', 'version': '2026-09-06T00:00:00.000Z'}]", "level": null, "height": null, "min_height": null, "is_underground": false, "num_floors": 5.0, "num_floors_underground": null, "min_floor": null, "subtype": "residential", "class": "apartments", "facade_color": null, "facade_material": null, "roof_material": null, "roof_shape": null, "roof_direction": null, "roof_orientation": null, "roof_color": null, "roof_height": null, "has_parts": false, "version": 1, "bbox": { "xmin": 8.531209945678711, "xmax": 8.531448364257812, "ymin": 47.373504638671875, "ymax": 47.373661041259766 } }, "geometry": { "type": "Polygon", "coordinates": [ [ [ 8.5313857, 47.3735054 ], [ 8.5314479, 47.3736045 ], [ 8.531273, 47.3736548 ], [ 8.5312108, 47.3735557 ], [ 8.5312982, 47.3735306 ], [ 8.5313857, 47.3735054 ] ] ] } },
{ "type": "Feature", "properties": { "id": "cd3dc531-3a38-4589-bede-df035ea162fe", "names": null, "sources": "[{'property': '', 'dataset': 'OpenStreetMap', 'license': 'ODbL-1.0', 'record_id': 'w29102426@18', 'update_time': '2026-03-21T16:00:26.000Z', 'confidence': None, 'between': None, 'provider': 'osm', 'resource': 'planet', 'version': '2026-09-06T00:00:00.000Z'}\n {'property': '/properties/height', 'dataset': 'Microsoft ML Buildings', 'license': 'ODbL-1.0', 'record_id': None, 'update_time': None, 'confidence': None, 'between': None, 'provider': 'microsoft', 'resource': 'ml_buildings', 'version': '2026-08-11'}]", "level": null, "height": 10.520444869995117, "min_height": null, "is_underground": false, "num_floors": 1.0, "num_floors_underground": null, "min_floor": null, "subtype": "service", "class": "service", "facade_color": null, "facade_material": null, "roof_material": null, "roof_shape": "flat", "roof_direction": null, "roof_orientation": null, "roof_color": null, "roof_height": null, "has_parts": false, "version": 2, "bbox": { "xmin": 8.531950950622559, "xmax": 8.53212833404541, "ymin": 47.373477935791016, "ymax": 47.37367630004883 } }, "geometry": { "type": "Polygon", "coordinates": [ [ [ 8.5320885, 47.3736595 ], [ 8.5320515, 47.3736704 ], [ 8.5320479, 47.3736685 ], [ 8.5320199, 47.3736247 ], [ 8.5320203, 47.3736216 ], [ 8.5319697, 47.3735424 ], [ 8.5319762, 47.3735406 ], [ 8.5319518, 47.3735025 ], [ 8.5319987, 47.3734888 ], [ 8.5320002, 47.373491 ], [ 8.5320215, 47.3734848 ], [ 8.5320261, 47.3734858 ], [ 8.5320301, 47.3734873 ], [ 8.5320351, 47.3734893 ], [ 8.5320502, 47.3735129 ], [ 8.5320495, 47.3735172 ], [ 8.5320479, 47.3735202 ], [ 8.5320455, 47.3735222 ], [ 8.5320703, 47.3735611 ], [ 8.5320741, 47.373562 ], [ 8.5321277, 47.3736458 ], [ 8.5321282, 47.3736481 ], [ 8.5321276, 47.3736492 ], [ 8.5320907, 47.37366 ], [ 8.5320885, 47.3736595 ] ] ] } },
{ "type": "Feature", "properties": { "id": "d09fe52b-4f13-4f56-9a17-e65259981bcf", "names": null, "sources": "[{'property': '', 'dataset': 'OpenStreetMap', 'license': 'ODbL-1.0', 'record_id': 'w43125426@9', 'update_time': '2026-03-21T16:00:43.000Z', 'confidence': None, 'between': None, 'provider': 'osm', 'resource': 'planet', 'version': '2026-09-06T00:00:00.000Z'}]", "level": null, "height": null, "min_height": null, "is_underground": false, "num_floors": 5.0, "num_floors_underground": null, "min_floor": null, "subtype": "commercial", "class": "hotel", "facade_color": null, "facade_material": null, "roof_material": null, "roof_shape": null, "roof_direction": null, "roof_orientation": null, "roof_color": null, "roof_height": null, "has_parts": false, "version": 2, "bbox": { "xmin": 8.53157901763916, "xmax": 8.53179931640625, "ymin": 47.373104095458984, "ymax": 47.373268127441406 } }, "geometry": { "type": "Polygon", "coordinates": [ [ [ 8.5315793, 47.3731503 ], [ 8.5317222, 47.3731112 ], [ 8.5317984, 47.3732394 ], [ 8.5317983, 47.3732443 ], [ 8.5317276, 47.373261 ], [ 8.5316434, 47.3732389 ], [ 8.5316162, 47.3732014 ], [ 8.5315793, 47.3731503 ] ] ] } },
{ "type": "Feature", "properties": { "id": "54984fbe-3698-46e2-90fa-90717ae96b00", "names": null, "sources": "[{'property': '', 'dataset': 'OpenStreetMap', 'license': 'ODbL-1.0', 'record_id': 'w326259137@8', 'update_time': '2026-03-21T16:00:39.000Z', 'confidence': None, 'between': None, 'provider': 'osm', 'resource': 'planet', 'version': '2026-09-06T00:00:00.000Z'}]", "level": null, "height": null, "min_height": null, "is_underground": false, "num_floors": 5.0, "num_floors_underground": null, "min_floor": null, "subtype": "commercial", "class": "office", "facade_color": null, "facade_material": null, "roof_material": null, "roof_shape": "hipped", "roof_direction": null, "roof_orientation": null, "roof_color": null, "roof_height": null, "has_parts": false, "version": 1, "bbox": { "xmin": 8.533819198608398, "xmax": 8.534123420715332, "ymin": 47.3735237121582, "ymax": 47.37372970581055 } }, "geometry": { "type": "Polygon", "coordinates": [ [ [ 8.5340161, 47.3735309 ], [ 8.5341234, 47.3736394 ], [ 8.5340436, 47.3736756 ], [ 8.5340459, 47.3736779 ], [ 8.5340286, 47.3736858 ], [ 8.5340112, 47.3736937 ], [ 8.5340089, 47.3736913 ], [ 8.5339267, 47.3737286 ], [ 8.5338194, 47.3736201 ], [ 8.5340161, 47.3735309 ] ] ] } },
{ "type": "Feature", "properties": { "id": "377c93c7-b545-448f-9458-f32b39e7f457", "names": null, "sources": "[{'property': '', 'dataset': 'OpenStreetMap', 'license': 'ODbL-1.0', 'record_id': 'w609970357@2', 'update_time': '2024-04-10T08:02:54.000Z', 'confidence': None, 'between': None, 'provider': 'osm', 'resource': 'planet', 'version': '2026-09-06T00:00:00.000Z'}]", "level": 1.0, "height": null, "min_height": null, "is_underground": false, "num_floors": null, "num_floors_underground": null, "min_floor": null, "subtype": "outbuilding", "class": "roof", "facade_color": null, "facade_material": null, "roof_material": null, "roof_shape": null, "roof_direction": null, "roof_orientation": null, "roof_color": null, "roof_height": null, "has_parts": false, "version": 1, "bbox": { "xmin": 8.533023834228516, "xmax": 8.533150672912598, "ymin": 47.37380599975586, "ymax": 47.3738899230957 } }, "geometry": { "type": "Polygon", "coordinates": [ [ [ 8.5331451, 47.3738471 ], [ 8.5331499, 47.373851 ], [ 8.5330656, 47.3738893 ], [ 8.5330433, 47.3738645 ], [ 8.5330247, 47.3738317 ], [ 8.5331235, 47.3738068 ], [ 8.5331451, 47.3738471 ] ] ] } },
{ "type": "Feature", "properties": { "id": "69268d4b-069e-4216-85f0-dfd6a14285d9", "names": null, "sources": "[{'property': '', 'dataset': 'OpenStreetMap', 'license': 'ODbL-1.0', 'record_id': 'w31969340@9', 'update_time': '2026-03-21T15:59:57.000Z', 'confidence': None, 'between': None, 'provider': 'osm', 'resource': 'planet', 'version': '2026-09-06T00:00:00.000Z'}\n {'property': '/properties/height', 'dataset': 'Microsoft ML Buildings', 'license': 'ODbL-1.0', 'record_id': None, 'update_time': None, 'confidence': None, 'between': None, 'provider': 'microsoft', 'resource': 'ml_buildings', 'version': '2026-08-11'}]", "level": null, "height": 16.665254592895508, "min_height": null, "is_underground": false, "num_floors": 6.0, "num_floors_underground": null, "min_floor": null, "subtype": "commercial", "class": "commercial", "facade_color": null, "facade_material": null, "roof_material": null, "roof_shape": null, "roof_direction": null, "roof_orientation": null, "roof_color": null, "roof_height": null, "has_parts": false, "version": 2, "bbox": { "xmin": 8.532584190368652, "xmax": 8.533246040344238, "ymin": 47.373165130615234, "ymax": 47.373924255371094 } }, "geometry": { "type": "Polygon", "coordinates": [ [ [ 8.5326426, 47.3733499 ], [ 8.5325844, 47.3732579 ], [ 8.5326909, 47.3732307 ], [ 8.5329172, 47.3731724 ], [ 8.5329333, 47.3732059 ], [ 8.5330698, 47.3734676 ], [ 8.5331979, 47.3737154 ], [ 8.5332458, 47.3738082 ], [ 8.5331499, 47.373851 ], [ 8.5331451, 47.3738471 ], [ 8.5331235, 47.3738068 ], [ 8.5330247, 47.3738317 ], [ 8.5330433, 47.3738645 ], [ 8.5330656, 47.3738893 ], [ 8.5330051, 47.3739174 ], [ 8.5329956, 47.3739032 ], [ 8.5329809, 47.3739077 ], [ 8.5329657, 47.3738851 ], [ 8.5329804, 47.3738806 ], [ 8.5329518, 47.3738381 ], [ 8.5329071, 47.3738519 ], [ 8.5325973, 47.3733627 ], [ 8.5326426, 47.3733499 ] ] ] } },
{ "type": "Feature", "properties": { "id": "ae453bc4-40b2-4176-8f72-f1192d7ddf53", "names": null, "sources": "[{'property': '', 'dataset': 'OpenStreetMap', 'license': 'ODbL-1.0', 'record_id': 'w31969344@8', 'update_time': '2026-03-21T16:00:18.000Z', 'confidence': None, 'between': None, 'provider': 'osm', 'resource': 'planet', 'version': '2026-09-06T00:00:00.000Z'}]", "level": null, "height": null, "min_height": null, "is_underground": false, "num_floors": null, "num_floors_underground": null, "min_floor": null, "subtype": null, "class": null, "facade_color": null, "facade_material": null, "roof_material": null, "roof_shape": null, "roof_direction": null, "roof_orientation": null, "roof_color": null, "roof_height": null, "has_parts": true, "version": 1, "bbox": { "xmin": 8.533102989196777, "xmax": 8.533608436584473, "ymin": 47.37386703491211, "ymax": 47.37432098388672 } }, "geometry": { "type": "Polygon", "coordinates": [ [ [ 8.5331275, 47.3740508 ], [ 8.5331186, 47.3740416 ], [ 8.533132, 47.3740356 ], [ 8.5331332, 47.3740368 ], [ 8.5331733, 47.3740188 ], [ 8.5331039, 47.3739481 ], [ 8.5332695, 47.3738735 ], [ 8.5333379, 47.3739433 ], [ 8.5333402, 47.3739423 ], [ 8.5333485, 47.3739507 ], [ 8.5333461, 47.3739518 ], [ 8.5335963, 47.3742073 ], [ 8.5335983, 47.3742064 ], [ 8.533607, 47.3742153 ], [ 8.5335933, 47.3742214 ], [ 8.5335923, 47.3742204 ], [ 8.5334954, 47.3742641 ], [ 8.5333984, 47.3743077 ], [ 8.5333998, 47.3743092 ], [ 8.5333865, 47.3743152 ], [ 8.5333775, 47.3743061 ], [ 8.5333795, 47.3743052 ], [ 8.533129, 47.3740501 ], [ 8.5331275, 47.3740508 ] ] ] } },
{ "type": "Feature", "properties": { "id": "200c1a9d-3114-42c7-bcd2-7fc0bf9e7a34", "names": null, "sources": "[{'property': '', 'dataset': 'OpenStreetMap', 'license': 'ODbL-1.0', 'record_id': 'w1287639343@1', 'update_time': '2024-05-29T10:32:56.000Z', 'confidence': None, 'between': None, 'provider': 'osm', 'resource': 'planet', 'version': '2026-09-06T00:00:00.000Z'}]", "level": null, "height": null, "min_height": null, "is_underground": false, "num_floors": null, "num_floors_underground": null, "min_floor": null, "subtype": "outbuilding", "class": "roof", "facade_color": null, "facade_material": null, "roof_material": null, "roof_shape": "flat", "roof_direction": null, "roof_orientation": null, "roof_color": null, "roof_height": null, "has_parts": false, "version": 1, "bbox": { "xmin": 8.533772468566895, "xmax": 8.533839225769043, "ymin": 47.37403869628906, "ymax": 47.37411117553711 } }, "geometry": { "type": "Polygon", "coordinates": [ [ [ 8.533839, 47.3741002 ], [ 8.5338279, 47.3741053 ], [ 8.5337731, 47.3740501 ], [ 8.5337842, 47.374045 ], [ 8.5338307, 47.3740919 ], [ 8.533839, 47.3741002 ] ] ] } },
{ "type": "Feature", "properties": { "id": "d973d5c8-137d-4c61-b590-7888952c3028", "names": null, "sources": "[{'property': '', 'dataset': 'OpenStreetMap', 'license': 'ODbL-1.0', 'record_id': 'w1287639370@3', 'update_time': '2026-03-21T16:00:16.000Z', 'confidence': None, 'between': None, 'provider': 'osm', 'resource': 'planet', 'version': '2026-09-06T00:00:00.000Z'}]", "level": 1.0, "height": null, "min_height": null, "is_underground": false, "num_floors": null, "num_floors_underground": null, "min_floor": null, "subtype": "outbuilding", "class": "roof", "facade_color": null, "facade_material": null, "roof_material": null, "roof_shape": null, "roof_direction": null, "roof_orientation": null, "roof_color": null, "roof_height": null, "has_parts": false, "version": 1, "bbox": { "xmin": 8.533706665039062, "xmax": 8.533801078796387, "ymin": 47.374027252197266, "ymax": 47.374114990234375 } }, "geometry": { "type": "Polygon", "coordinates": [ [ [ 8.5338005, 47.3741059 ], [ 8.5337824, 47.374114 ], [ 8.5337809, 47.3741125 ], [ 8.5337288, 47.3740585 ], [ 8.5337074, 47.3740364 ], [ 8.5337256, 47.3740283 ], [ 8.5338005, 47.3741059 ] ] ] } },
{ "type": "Feature", "properties": { "id": "70cc6549-39f3-43b9-ab1e-378582b070b6", "names": null, "sources": "[{'property': '', 'dataset': 'OpenStreetMap', 'license': 'ODbL-1.0', 'record_id': 'w1287639369@3', 'update_time': '2026-03-21T16:00:10.000Z', 'confidence': None, 'between': None, 'provider': 'osm', 'resource': 'planet', 'version': '2026-09-06T00:00:00.000Z'}]", "level": null, "height": null, "min_height": null, "is_underground": false, "num_floors": 1.0, "num_floors_underground": null, "min_floor": null, "subtype": "service", "class": "service", "facade_color": null, "facade_material": null, "roof_material": null, "roof_shape": null, "roof_direction": null, "roof_orientation": null, "roof_color": null, "roof_height": null, "has_parts": false, "version": 1, "bbox": { "xmin": 8.533706665039062, "xmax": 8.533781051635742, "ymin": 47.37405776977539, "ymax": 47.374122619628906 } }, "geometry": { "type": "Polygon", "coordinates": [ [ [ 8.5337809, 47.3741125 ], [ 8.5337597, 47.3741219 ], [ 8.5337075, 47.3740679 ], [ 8.5337288, 47.3740585 ], [ 8.5337809, 47.3741125 ] ] ] } },
{ "type": "Feature", "properties": { "id": "05abd750-51cc-4cb9-9068-8c77b0c72f7f", "names": null, "sources": "[{'property': '', 'dataset': 'OpenStreetMap', 'license': 'ODbL-1.0', 'record_id': 'w31969346@6', 'update_time': '2026-03-21T16:00:37.000Z', 'confidence': None, 'between': None, 'provider': 'osm', 'resource': 'planet', 'version': '2026-09-06T00:00:00.000Z'}\n {'property': '/properties/height', 'dataset': 'Microsoft ML Buildings', 'license': 'ODbL-1.0', 'record_id': None, 'update_time': None, 'confidence': None, 'between': None, 'provider': 'microsoft', 'resource': 'ml_buildings', 'version': '2026-08-11'}]", "level": null, "height": 7.7743453979492188, "min_height": null, "is_underground": false, "num_floors": null, "num_floors_underground": null, "min_floor": null, "subtype": null, "class": null, "facade_color": null, "facade_material": null, "roof_material": null, "roof_shape": null, "roof_direction": null, "roof_orientation": null, "roof_color": null, "roof_height": null, "has_parts": false, "version": 2, "bbox": { "xmin": 8.533514976501465, "xmax": 8.534252166748047, "ymin": 47.374298095703125, "ymax": 47.374961853027344 } }, "geometry": { "type": "Polygon", "coordinates": [ [ [ 8.53407, 47.374956 ], [ 8.5335154, 47.3743867 ], [ 8.5336062, 47.3743462 ], [ 8.5336969, 47.3743056 ], [ 8.5339742, 47.3745903 ], [ 8.5342515, 47.3748749 ], [ 8.5341608, 47.3749155 ], [ 8.53407, 47.374956 ] ] ] } },
{ "type": "Feature", "properties": { "id": "478ab262-3cda-4232-b0e8-bc0bb2387df7", "names": null, "sources": "[{'property': '', 'dataset': 'OpenStreetMap', 'license': 'ODbL-1.0', 'record_id': 'w39675400@7', 'update_time': '2026-03-21T16:00:33.000Z', 'confidence': None, 'between': None, 'provider': 'osm', 'resource': 'planet', 'version': '2026-09-06T00:00:00.000Z'}]", "level": null, "height": null, "min_height": null, "is_underground": false, "num_floors": null, "num_floors_underground": null, "min_floor": null, "subtype": "residential", "class": "apartments", "facade_color": null, "facade_material": null, "roof_material": null, "roof_shape": null, "roof_direction": null, "roof_orientation": null, "roof_color": null, "roof_height": null, "has_parts": false, "version": 1, "bbox": { "xmin": 8.531925201416016, "xmax": 8.532130241394043, "ymin": 47.374488830566406, "ymax": 47.3746452331543 } }, "geometry": { "type": "Polygon", "coordinates": [ [ [ 8.5320368, 47.3745078 ], [ 8.5321288, 47.3745902 ], [ 8.532026, 47.3746439 ], [ 8.5319344, 47.3745549 ], [ 8.5319259, 47.374547 ], [ 8.5320233, 47.3744958 ], [ 8.5320368, 47.3745078 ] ] ] } },
{ "type": "Feature", "properties": { "id": "560d8cc4-9bd9-4097-97d7-2db56d368e2c", "names": null, "sources": "[{'property': '', 'dataset': 'OpenStreetMap', 'license': 'ODbL-1.0', 'record_id': 'w39675399@9', 'update_time': '2026-03-21T16:00:02.000Z', 'confidence': None, 'between': None, 'provider': 'osm', 'resource': 'planet', 'version': '2026-09-06T00:00:00.000Z'}]", "level": null, "height": null, "min_height": null, "is_underground": false, "num_floors": null, "num_floors_underground": null, "min_floor": null, "subtype": "residential", "class": "apartments", "facade_color": null, "facade_material": null, "roof_material": null, "roof_shape": null, "roof_direction": null, "roof_orientation": null, "roof_color": null, "roof_height": null, "has_parts": false, "version": 1, "bbox": { "xmin": 8.531729698181152, "xmax": 8.532026290893555, "ymin": 47.37455368041992, "ymax": 47.3747444152832 } }, "geometry": { "type": "Polygon", "coordinates": [ [ [ 8.5319344, 47.3745549 ], [ 8.532026, 47.3746439 ], [ 8.5318285, 47.3747444 ], [ 8.5317298, 47.3746511 ], [ 8.5319344, 47.3745549 ] ] ] } },
{ "type": "Feature", "properties": { "id": "449e91f3-b248-4728-826d-610fc9d6d137", "names": null, "sources": "[{'property': '', 'dataset': 'OpenStreetMap', 'license': 'ODbL-1.0', 'record_id': 'w80270967@6', 'update_time': '2026-03-21T16:00:44.000Z', 'confidence': None, 'between': None, 'provider': 'osm', 'resource': 'planet', 'version': '2026-09-06T00:00:00.000Z'}]", "level": null, "height": null, "min_height": null, "is_underground": false, "num_floors": null, "num_floors_underground": null, "min_floor": null, "subtype": null, "class": null, "facade_color": null, "facade_material": null, "roof_material": null, "roof_shape": null, "roof_direction": null, "roof_orientation": null, "roof_color": null, "roof_height": null, "has_parts": false, "version": 1, "bbox": { "xmin": 8.531405448913574, "xmax": 8.531875610351562, "ymin": 47.37434005737305, "ymax": 47.374595642089844 } }, "geometry": { "type": "Polygon", "coordinates": [ [ [ 8.5315243, 47.3745463 ], [ 8.5314637, 47.3745944 ], [ 8.5314057, 47.3745583 ], [ 8.5315148, 47.3745039 ], [ 8.5316794, 47.3744222 ], [ 8.531682, 47.3744244 ], [ 8.531781, 47.3743472 ], [ 8.5318085, 47.37435 ], [ 8.5318748, 47.3744478 ], [ 8.5317412, 47.37451 ], [ 8.5317526, 47.374525 ], [ 8.5317175, 47.374542 ], [ 8.5317038, 47.3745276 ], [ 8.5315725, 47.3745884 ], [ 8.5315687, 47.3745902 ], [ 8.5315243, 47.3745463 ] ] ] } },
{ "type": "Feature", "properties": { "id": "0c85e1b3-3be1-4f1a-8b20-21e071cb8e92", "names": null, "sources": "[{'property': '', 'dataset': 'OpenStreetMap', 'license': 'ODbL-1.0', 'record_id': 'w80270989@7', 'update_time': '2026-03-21T16:00:16.000Z', 'confidence': None, 'between': None, 'provider': 'osm', 'resource': 'planet', 'version': '2026-09-06T00:00:00.000Z'}]", "level": null, "height": null, "min_height": null, "is_underground": false, "num_floors": 5.0, "num_floors_underground": null, "min_floor": null, "subtype": "residential", "class": "apartments", "facade_color": null, "facade_material": null, "roof_material": null, "roof_shape": null, "roof_direction": null, "roof_orientation": null, "roof_color": null, "roof_height": null, "has_parts": false, "version": 1, "bbox": { "xmin": 8.531990051269531, "xmax": 8.53220272064209, "ymin": 47.374324798583984, "ymax": 47.374454498291016 } }, "geometry": { "type": "Polygon", "coordinates": [ [ [ 8.5321921, 47.3743883 ], [ 8.5322024, 47.3744033 ], [ 8.5320583, 47.3744487 ], [ 8.5320443, 47.3744531 ], [ 8.5320337, 47.3744377 ], [ 8.5320256, 47.3744259 ], [ 8.5319915, 47.3743762 ], [ 8.5321496, 47.3743264 ], [ 8.5321835, 47.3743757 ], [ 8.5321921, 47.3743883 ] ] ] } },
{ "type": "Feature", "properties": { "id": "2dd0b59b-9e86-4a94-8b52-dbc2199eea1d", "names": null, "sources": "[{'property': '', 'dataset': 'OpenStreetMap', 'license': 'ODbL-1.0', 'record_id': 'w39675401@10', 'update_time': '2026-03-21T16:00:27.000Z', 'confidence': None, 'between': None, 'provider': 'osm', 'resource': 'planet', 'version': '2026-09-06T00:00:00.000Z'}]", "level": null, "height": null, "min_height": null, "is_underground": false, "num_floors": 5.0, "num_floors_underground": null, "min_floor": null, "subtype": "residential", "class": "apartments", "facade_color": null, "facade_material": null, "roof_material": null, "roof_shape": null, "roof_direction": null, "roof_orientation": null, "roof_color": null, "roof_height": null, "has_parts": false, "version": 1, "bbox": { "xmin": 8.532036781311035, "xmax": 8.53226375579834, "ymin": 47.37439727783203, "ymax": 47.37459182739258 } }, "geometry": { "type": "Polygon", "coordinates": [ [ [ 8.5320606, 47.3744518 ], [ 8.5320583, 47.3744487 ], [ 8.5322024, 47.3744033 ], [ 8.5322375, 47.3744528 ], [ 8.5322386, 47.3744565 ], [ 8.5322435, 47.3744559 ], [ 8.5322596, 47.374459 ], [ 8.5322629, 47.3744727 ], [ 8.5322501, 47.3744797 ], [ 8.5322458, 47.3744802 ], [ 8.5322445, 47.3744943 ], [ 8.5322384, 47.3745133 ], [ 8.5322321, 47.3745252 ], [ 8.5322218, 47.3745366 ], [ 8.5322259, 47.3745393 ], [ 8.532231, 47.3745497 ], [ 8.5322176, 47.3745594 ], [ 8.5322001, 47.3745568 ], [ 8.5321967, 47.3745547 ], [ 8.5321288, 47.3745902 ], [ 8.5320368, 47.3745078 ], [ 8.5320393, 47.3745064 ], [ 8.5320728, 47.3744887 ], [ 8.5320785, 47.374477 ], [ 8.5320606, 47.3744518 ] ] ] } },
{ "type": "Feature", "properties": { "id": "174e930a-e9b2-4a5e-8968-ab6f1fe01aa6", "names": null, "sources": "[{'property': '', 'dataset': 'OpenStreetMap', 'license': 'ODbL-1.0', 'record_id': 'w338944182@6', 'update_time': '2026-03-21T16:00:34.000Z', 'confidence': None, 'between': None, 'provider': 'osm', 'resource': 'planet', 'version': '2026-09-06T00:00:00.000Z'}]", "level": null, "height": null, "min_height": null, "is_underground": false, "num_floors": 5.0, "num_floors_underground": null, "min_floor": null, "subtype": "residential", "class": "apartments", "facade_color": null, "facade_material": null, "roof_material": null, "roof_shape": null, "roof_direction": null, "roof_orientation": null, "roof_color": null, "roof_height": null, "has_parts": false, "version": 1, "bbox": { "xmin": 8.531936645507812, "xmax": 8.532150268554688, "ymin": 47.37424850463867, "ymax": 47.37438201904297 } }, "geometry": { "type": "Polygon", "coordinates": [ [ [ 8.5319915, 47.3743762 ], [ 8.5319372, 47.3742994 ], [ 8.5320966, 47.3742492 ], [ 8.532139, 47.374311 ], [ 8.5321496, 47.3743264 ], [ 8.5319915, 47.3743762 ] ] ] } },
{ "type": "Feature", "properties": { "id": "89a94cb2-b2a6-4174-b73a-4914556e59ce", "names": null, "sources": "[{'property': '', 'dataset': 'OpenStreetMap', 'license': 'ODbL-1.0', 'record_id': 'w338944233@6', 'update_time': '2026-03-21T16:00:04.000Z', 'confidence': None, 'between': None, 'provider': 'osm', 'resource': 'planet', 'version': '2026-09-06T00:00:00.000Z'}]", "level": null, "height": null, "min_height": null, "is_underground": false, "num_floors": 4.0, "num_floors_underground": null, "min_floor": null, "subtype": "residential", "class": "apartments", "facade_color": null, "facade_material": null, "roof_material": null, "roof_shape": null, "roof_direction": null, "roof_orientation": null, "roof_color": null, "roof_height": null, "has_parts": false, "version": 1, "bbox": { "xmin": 8.531651496887207, "xmax": 8.531907081604004, "ymin": 47.373905181884766, "ymax": 47.37403106689453 } }, "geometry": { "type": "Polygon", "coordinates": [ [ [ 8.531896, 47.3739605 ], [ 8.5319067, 47.3739763 ], [ 8.5317552, 47.3740253 ], [ 8.5317473, 47.3740145 ], [ 8.5317025, 47.3740301 ], [ 8.5316989, 47.3740309 ], [ 8.5316522, 47.3739643 ], [ 8.5318325, 47.3739054 ], [ 8.5318642, 47.3739132 ], [ 8.531896, 47.3739605 ] ] ] } },
{ "type": "Feature", "properties": { "id": "80ff052f-189e-403f-8d6b-732d6609fa80", "names": null, "sources": "[{'property': '', 'dataset': 'OpenStreetMap', 'license': 'ODbL-1.0', 'record_id': 'w338944236@6', 'update_time': '2026-03-21T16:00:40.000Z', 'confidence': None, 'between': None, 'provider': 'osm', 'resource': 'planet', 'version': '2026-09-06T00:00:00.000Z'}]", "level": null, "height": null, "min_height": null, "is_underground": false, "num_floors": null, "num_floors_underground": null, "min_floor": null, "subtype": "residential", "class": "apartments", "facade_color": null, "facade_material": null, "roof_material": null, "roof_shape": null, "roof_direction": null, "roof_orientation": null, "roof_color": null, "roof_height": null, "has_parts": false, "version": 1, "bbox": { "xmin": 8.531514167785645, "xmax": 8.531716346740723, "ymin": 47.37396240234375, "ymax": 47.374107360839844 } }, "geometry": { "type": "Polygon", "coordinates": [ [ [ 8.5316179, 47.3739774 ], [ 8.5316522, 47.3739643 ], [ 8.5316989, 47.3740309 ], [ 8.5317025, 47.3740301 ], [ 8.5317159, 47.3740496 ], [ 8.5316718, 47.3740635 ], [ 8.5316816, 47.3740778 ], [ 8.5316098, 47.3741055 ], [ 8.5315151, 47.3740168 ], [ 8.5316179, 47.3739774 ] ] ] } },
{ "type": "Feature", "properties": { "id": "9866f834-9a4d-4e24-bc5a-e4998fa5e773", "names": null, "sources": "[{'property': '', 'dataset': 'OpenStreetMap', 'license': 'ODbL-1.0', 'record_id': 'w338944146@8', 'update_time': '2026-03-21T16:00:00.000Z', 'confidence': None, 'between': None, 'provider': 'osm', 'resource': 'planet', 'version': '2026-09-06T00:00:00.000Z'}]", "level": null, "height": null, "min_height": null, "is_underground": false, "num_floors": 4.0, "num_floors_underground": null, "min_floor": null, "subtype": "residential", "class": "apartments", "facade_color": null, "facade_material": null, "roof_material": null, "roof_shape": null, "roof_direction": null, "roof_orientation": null, "roof_color": null, "roof_height": null, "has_parts": false, "version": 1, "bbox": { "xmin": 8.531633377075195, "xmax": 8.531960487365723, "ymin": 47.37397003173828, "ymax": 47.374149322509766 } }, "geometry": { "type": "Polygon", "coordinates": [ [ [ 8.5319468, 47.3740336 ], [ 8.5319602, 47.3740527 ], [ 8.5317952, 47.3741004 ], [ 8.5317521, 47.374115 ], [ 8.5316536, 47.3741475 ], [ 8.531634, 47.374119 ], [ 8.5317296, 47.3740866 ], [ 8.5317355, 47.3740943 ], [ 8.5317937, 47.3740822 ], [ 8.5317552, 47.3740253 ], [ 8.5319067, 47.3739763 ], [ 8.5319468, 47.3740336 ] ] ] } },
{ "type": "Feature", "properties": { "id": "b39fff6e-5276-4b4a-9c21-132191ef723c", "names": null, "sources": "[{'property': '', 'dataset': 'OpenStreetMap', 'license': 'ODbL-1.0', 'record_id': 'w338944133@6', 'update_time': '2026-03-21T16:00:04.000Z', 'confidence': None, 'between': None, 'provider': 'osm', 'resource': 'planet', 'version': '2026-09-06T00:00:00.000Z'}\n {'property': '/properties/height', 'dataset': 'Microsoft ML Buildings', 'license': 'ODbL-1.0', 'record_id': None, 'update_time': None, 'confidence': None, 'between': None, 'provider': 'microsoft', 'resource': 'ml_buildings', 'version': '2026-08-11'}]", "level": null, "height": 9.1283941268920898, "min_height": null, "is_underground": false, "num_floors": null, "num_floors_underground": null, "min_floor": null, "subtype": null, "class": null, "facade_color": null, "facade_material": null, "roof_material": null, "roof_shape": null, "roof_direction": null, "roof_orientation": null, "roof_color": null, "roof_height": null, "has_parts": false, "version": 2, "bbox": { "xmin": 8.53165340423584, "xmax": 8.531831741333008, "ymin": 47.374114990234375, "ymax": 47.374267578125 } }, "geometry": { "type": "Polygon", "coordinates": [ [ [ 8.5316536, 47.3741475 ], [ 8.5317521, 47.374115 ], [ 8.5318193, 47.3742178 ], [ 8.5318312, 47.3742373 ], [ 8.5317314, 47.374267 ], [ 8.5316536, 47.3741475 ] ] ] } },
{ "type": "Feature", "properties": { "id": "06eb286d-fc2a-46f0-a4db-f33e736e4071", "names": null, "sources": "[{'property': '', 'dataset': 'OpenStreetMap', 'license': 'ODbL-1.0', 'record_id': 'w338944132@2', 'update_time': '2024-03-31T17:42:35.000Z', 'confidence': None, 'between': None, 'provider': 'osm', 'resource': 'planet', 'version': '2026-09-06T00:00:00.000Z'}]", "level": null, "height": null, "min_height": null, "is_underground": false, "num_floors": null, "num_floors_underground": null, "min_floor": null, "subtype": null, "class": null, "facade_color": null, "facade_material": null, "roof_material": null, "roof_shape": null, "roof_direction": null, "roof_orientation": null, "roof_color": null, "roof_height": null, "has_parts": false, "version": 1, "bbox": { "xmin": 8.53175163269043, "xmax": 8.531864166259766, "ymin": 47.37409973144531, "ymax": 47.37421798706055 } }, "geometry": { "type": "Polygon", "coordinates": [ [ [ 8.5317521, 47.374115 ], [ 8.5317952, 47.3741004 ], [ 8.5318635, 47.3742051 ], [ 8.5318193, 47.3742178 ], [ 8.5317521, 47.374115 ] ] ] } },
{ "type": "Feature", "properties": { "id": "d8626c48-0157-4ea8-96d0-d84b14b6a19a", "names": null, "sources": "[{'property': '', 'dataset': 'OpenStreetMap', 'license': 'ODbL-1.0', 'record_id': 'w338944202@13', 'update_time': '2026-03-21T16:00:12.000Z', 'confidence': None, 'between': None, 'provider': 'osm', 'resource': 'planet', 'version': '2026-09-06T00:00:00.000Z'}]", "level": null, "height": null, "min_height": null, "is_underground": false, "num_floors": 4.0, "num_floors_underground": null, "min_floor": null, "subtype": "residential", "class": "apartments", "facade_color": null, "facade_material": null, "roof_material": null, "roof_shape": null, "roof_direction": null, "roof_orientation": null, "roof_color": null, "roof_height": null, "has_parts": false, "version": 1, "bbox": { "xmin": 8.531794548034668, "xmax": 8.532044410705566, "ymin": 47.374046325683594, "ymax": 47.374229431152344 } }, "geometry": { "type": "Polygon", "coordinates": [ [ [ 8.5320301, 47.3741525 ], [ 8.5320441, 47.3741725 ], [ 8.5318824, 47.374219 ], [ 8.531885, 47.3742227 ], [ 8.5318775, 47.3742282 ], [ 8.5318635, 47.3742051 ], [ 8.5317952, 47.3741004 ], [ 8.5319602, 47.3740527 ], [ 8.5320301, 47.3741525 ] ] ] } },
{ "type": "Feature", "properties": { "id": "7c720f46-fa1b-4b12-b939-5ffb87f450cc", "names": null, "sources": "[{'property': '', 'dataset': 'OpenStreetMap', 'license': 'ODbL-1.0', 'record_id': 'w338944172@8', 'update_time': '2026-03-21T16:00:41.000Z', 'confidence': None, 'between': None, 'provider': 'osm', 'resource': 'planet', 'version': '2026-09-06T00:00:00.000Z'}]", "level": null, "height": null, "min_height": null, "is_underground": false, "num_floors": 5.0, "num_floors_underground": null, "min_floor": null, "subtype": "residential", "class": "apartments", "facade_color": null, "facade_material": null, "roof_material": null, "roof_shape": null, "roof_direction": null, "roof_orientation": null, "roof_color": null, "roof_height": null, "has_parts": false, "version": 1, "bbox": { "xmin": 8.531882286071777, "xmax": 8.532096862792969, "ymin": 47.37417221069336, "ymax": 47.374305725097656 } }, "geometry": { "type": "Polygon", "coordinates": [ [ [ 8.5320546, 47.3741878 ], [ 8.5320966, 47.3742492 ], [ 8.5319372, 47.3742994 ], [ 8.531885, 47.3742227 ], [ 8.5318824, 47.374219 ], [ 8.5320441, 47.3741725 ], [ 8.5320546, 47.3741878 ] ] ] } },
{ "type": "Feature", "properties": { "id": "ba788127-2827-4a91-bad1-e78626349e39", "names": null, "sources": "[{'property': '', 'dataset': 'OpenStreetMap', 'license': 'ODbL-1.0', 'record_id': 'w1267938653@1', 'update_time': '2024-03-31T17:42:35.000Z', 'confidence': None, 'between': None, 'provider': 'osm', 'resource': 'planet', 'version': '2026-09-06T00:00:00.000Z'}]", "level": null, "height": null, "min_height": null, "is_underground": false, "num_floors": null, "num_floors_underground": null, "min_floor": null, "subtype": null, "class": null, "facade_color": null, "facade_material": null, "roof_material": null, "roof_shape": null, "roof_direction": null, "roof_orientation": null, "roof_color": null, "roof_height": null, "has_parts": false, "version": 1, "bbox": { "xmin": 8.531335830688477, "xmax": 8.53145694732666, "ymin": 47.374183654785156, "ymax": 47.37425994873047 } }, "geometry": { "type": "Polygon", "coordinates": [ [ [ 8.5314336, 47.3741902 ], [ 8.5314563, 47.3742113 ], [ 8.5313759, 47.374253 ], [ 8.531336, 47.3742161 ], [ 8.5314336, 47.3741902 ] ] ] } },
{ "type": "Feature", "properties": { "id": "0820df68-b4a4-4d64-934c-b630f51a51cf", "names": null, "sources": "[{'property': '', 'dataset': 'OpenStreetMap', 'license': 'ODbL-1.0', 'record_id': 'w338944226@6', 'update_time': '2026-03-21T16:00:40.000Z', 'confidence': None, 'between': None, 'provider': 'osm', 'resource': 'planet', 'version': '2026-09-06T00:00:00.000Z'}]", "level": null, "height": null, "min_height": null, "is_underground": false, "num_floors": null, "num_floors_underground": null, "min_floor": null, "subtype": "residential", "class": "apartments", "facade_color": null, "facade_material": null, "roof_material": null, "roof_shape": null, "roof_direction": null, "roof_orientation": null, "roof_color": null, "roof_height": null, "has_parts": false, "version": 1, "bbox": { "xmin": 8.531256675720215, "xmax": 8.531468391418457, "ymin": 47.37407684326172, "ymax": 47.37421798706055 } }, "geometry": { "type": "Polygon", "coordinates": [ [ [ 8.5313555, 47.3740948 ], [ 8.5313882, 47.3740787 ], [ 8.5314678, 47.3741536 ], [ 8.5314342, 47.3741712 ], [ 8.5314471, 47.3741867 ], [ 8.5314336, 47.3741902 ], [ 8.531336, 47.3742161 ], [ 8.5313167, 47.3741986 ], [ 8.5312575, 47.3741432 ], [ 8.5313555, 47.3740948 ] ] ] } },
{ "type": "Feature", "properties": { "id": "e8d33f77-0b67-4aa9-849b-518f175f4a2a", "names": null, "sources": "[{'property': '', 'dataset': 'OpenStreetMap', 'license': 'ODbL-1.0', 'record_id': 'w39985861@6', 'update_time': '2026-03-21T16:00:04.000Z', 'confidence': None, 'between': None, 'provider': 'osm', 'resource': 'planet', 'version': '2026-09-06T00:00:00.000Z'}]", "level": null, "height": null, "min_height": null, "is_underground": false, "num_floors": null, "num_floors_underground": null, "min_floor": null, "subtype": null, "class": null, "facade_color": null, "facade_material": null, "roof_material": null, "roof_shape": null, "roof_direction": null, "roof_orientation": null, "roof_color": null, "roof_height": null, "has_parts": false, "version": 1, "bbox": { "xmin": 8.531387329101562, "xmax": 8.531610488891602, "ymin": 47.37401580810547, "ymax": 47.37416076660156 } }, "geometry": { "type": "Polygon", "coordinates": [ [ [ 8.5314834, 47.3740323 ], [ 8.5315151, 47.3740168 ], [ 8.5316098, 47.3741055 ], [ 8.5315173, 47.3741509 ], [ 8.5315021, 47.3741368 ], [ 8.5314678, 47.3741536 ], [ 8.5313882, 47.3740787 ], [ 8.5314834, 47.3740323 ] ] ] } },
{ "type": "Feature", "properties": { "id": "099b96ed-2364-4ad7-9d13-3311a2b4dfb1", "names": null, "sources": "[{'property': '', 'dataset': 'OpenStreetMap', 'license': 'ODbL-1.0', 'record_id': 'w338944153@6', 'update_time': '2026-03-21T16:00:10.000Z', 'confidence': None, 'between': None, 'provider': 'osm', 'resource': 'planet', 'version': '2026-09-06T00:00:00.000Z'}]", "level": null, "height": null, "min_height": null, "is_underground": false, "num_floors": null, "num_floors_underground": null, "min_floor": null, "subtype": "commercial", "class": "commercial", "facade_color": null, "facade_material": null, "roof_material": null, "roof_shape": null, "roof_direction": null, "roof_orientation": null, "roof_color": null, "roof_height": null, "has_parts": false, "version": 1, "bbox": { "xmin": 8.5310697555542, "xmax": 8.531682968139648, "ymin": 47.37419128417969, "ymax": 47.37450408935547 } }, "geometry": { "type": "Polygon", "coordinates": [ [ [ 8.5314045, 47.3744017 ], [ 8.5312426, 47.374482 ], [ 8.5310698, 47.3743223 ], [ 8.5313167, 47.3741986 ], [ 8.531336, 47.3742161 ], [ 8.5313759, 47.374253 ], [ 8.5314563, 47.3742113 ], [ 8.5314653, 47.3742196 ], [ 8.5315061, 47.3741985 ], [ 8.5315593, 47.3742463 ], [ 8.5315182, 47.3742677 ], [ 8.5316541, 47.3743945 ], [ 8.5316682, 47.3744076 ], [ 8.5316823, 47.3744208 ], [ 8.5316794, 47.3744222 ], [ 8.5315148, 47.3745039 ], [ 8.5315007, 47.3744908 ], [ 8.5314045, 47.3744017 ] ] ] } },
{ "type": "Feature", "properties": { "id": "a51764a4-4998-4b93-b726-acb48a2cc058", "names": null, "sources": "[{'property': '', 'dataset': 'OpenStreetMap', 'license': 'ODbL-1.0', 'record_id': 'w338944143@7', 'update_time': '2026-03-21T16:00:39.000Z', 'confidence': None, 'between': None, 'provider': 'osm', 'resource': 'planet', 'version': '2026-09-06T00:00:00.000Z'}]", "level": null, "height": null, "min_height": null, "is_underground": false, "num_floors": null, "num_floors_underground": null, "min_floor": null, "subtype": null, "class": null, "facade_color": null, "facade_material": null, "roof_material": null, "roof_shape": null, "roof_direction": null, "roof_orientation": null, "roof_color": null, "roof_height": null, "has_parts": false, "version": 1, "bbox": { "xmin": 8.531435012817383, "xmax": 8.531657218933105, "ymin": 47.37454605102539, "ymax": 47.374725341796875 } }, "geometry": { "type": "Polygon", "coordinates": [ [ [ 8.5315243, 47.3745463 ], [ 8.5315687, 47.3745902 ], [ 8.5315725, 47.3745884 ], [ 8.5315851, 47.3746017 ], [ 8.5315905, 47.3745992 ], [ 8.531618, 47.374626 ], [ 8.5316126, 47.3746286 ], [ 8.531631, 47.3746466 ], [ 8.5316429, 47.3746582 ], [ 8.5316569, 47.3746716 ], [ 8.5315455, 47.3747241 ], [ 8.5315321, 47.3747096 ], [ 8.5315202, 47.3746981 ], [ 8.5314354, 47.3746167 ], [ 8.5314637, 47.3745944 ], [ 8.5315243, 47.3745463 ] ] ] } },
{ "type": "Feature", "properties": { "id": "47af8c04-17a1-4d77-a1a3-7fd02ba9294c", "names": null, "sources": "[{'property': '', 'dataset': 'OpenStreetMap', 'license': 'ODbL-1.0', 'record_id': 'w30480510@7', 'update_time': '2026-03-21T15:59:59.000Z', 'confidence': None, 'between': None, 'provider': 'osm', 'resource': 'planet', 'version': '2026-09-06T00:00:00.000Z'}]", "level": null, "height": null, "min_height": null, "is_underground": false, "num_floors": null, "num_floors_underground": null, "min_floor": null, "subtype": "commercial", "class": "commercial", "facade_color": null, "facade_material": null, "roof_material": null, "roof_shape": null, "roof_direction": null, "roof_orientation": null, "roof_color": null, "roof_height": null, "has_parts": false, "version": 1, "bbox": { "xmin": 8.530435562133789, "xmax": 8.531243324279785, "ymin": 47.37432098388672, "ymax": 47.37488555908203 } }, "geometry": { "type": "Polygon", "coordinates": [ [ [ 8.5308293, 47.3744422 ], [ 8.5310698, 47.3743223 ], [ 8.5312426, 47.374482 ], [ 8.5310287, 47.3745891 ], [ 8.5306598, 47.3748851 ], [ 8.5304359, 47.3747571 ], [ 8.5306584, 47.3745794 ], [ 8.5308293, 47.3744422 ] ] ] } },
{ "type": "Feature", "properties": { "id": "ab552fb7-8f4b-4704-8e93-84969d2d04ee", "names": null, "sources": "[{'property': '', 'dataset': 'OpenStreetMap', 'license': 'ODbL-1.0', 'record_id': 'w39675402@13', 'update_time': '2026-03-21T15:59:55.000Z', 'confidence': None, 'between': None, 'provider': 'osm', 'resource': 'planet', 'version': '2026-09-06T00:00:00.000Z'}\n {'property': '/properties/height', 'dataset': 'Microsoft ML Buildings', 'license': 'ODbL-1.0', 'record_id': None, 'update_time': None, 'confidence': None, 'between': None, 'provider': 'microsoft', 'resource': 'ml_buildings', 'version': '2026-08-11'}]", "level": null, "height": 17.697319030761719, "min_height": null, "is_underground": false, "num_floors": null, "num_floors_underground": null, "min_floor": null, "subtype": "commercial", "class": "commercial", "facade_color": null, "facade_material": null, "roof_material": null, "roof_shape": null, "roof_direction": null, "roof_orientation": null, "roof_color": null, "roof_height": null, "has_parts": false, "version": 2, "bbox": { "xmin": 8.530702590942383, "xmax": 8.531576156616211, "ymin": 47.374759674072266, "ymax": 47.37535858154297 } }, "geometry": { "type": "Polygon", "coordinates": [ [ [ 8.5314656, 47.3747612 ], [ 8.5315754, 47.3748684 ], [ 8.531529, 47.3748994 ], [ 8.5315093, 47.3749126 ], [ 8.5315252, 47.3749235 ], [ 8.5310102, 47.3752637 ], [ 8.5309766, 47.3752859 ], [ 8.5309604, 47.3752755 ], [ 8.5308838, 47.375326 ], [ 8.5308592, 47.3753422 ], [ 8.5308346, 47.3753584 ], [ 8.5307029, 47.3752668 ], [ 8.5307297, 47.3752487 ], [ 8.5307571, 47.3752302 ], [ 8.5308248, 47.3751846 ], [ 8.5308368, 47.3751766 ], [ 8.5308193, 47.3751647 ], [ 8.5308098, 47.375171 ], [ 8.530751, 47.3751306 ], [ 8.5312975, 47.3747657 ], [ 8.5313594, 47.3748082 ], [ 8.5313499, 47.3748145 ], [ 8.5313676, 47.3748267 ], [ 8.5314656, 47.3747612 ] ] ] } },
{ "type": "Feature", "properties": { "id": "2505589e-ea56-4d67-b48f-7654dd252218", "names": null, "sources": "[{'property': '', 'dataset': 'OpenStreetMap', 'license': 'ODbL-1.0', 'record_id': 'w39674855@8', 'update_time': '2026-03-21T16:00:41.000Z', 'confidence': None, 'between': None, 'provider': 'osm', 'resource': 'planet', 'version': '2026-09-06T00:00:00.000Z'}\n {'property': '/properties/height', 'dataset': 'Microsoft ML Buildings', 'license': 'ODbL-1.0', 'record_id': None, 'update_time': None, 'confidence': None, 'between': None, 'provider': 'microsoft', 'resource': 'ml_buildings', 'version': '2026-08-11'}]", "level": null, "height": 4.3625869750976562, "min_height": null, "is_underground": false, "num_floors": null, "num_floors_underground": null, "min_floor": null, "subtype": "residential", "class": "garages", "facade_color": null, "facade_material": null, "roof_material": null, "roof_shape": null, "roof_direction": null, "roof_orientation": null, "roof_color": null, "roof_height": null, "has_parts": false, "version": 4, "bbox": { "xmin": 8.53125, "xmax": 8.531789779663086, "ymin": 47.37506866455078, "ymax": 47.375423431396484 } }, "geometry": { "type": "Polygon", "coordinates": [ [ [ 8.5312501, 47.3753349 ], [ 8.5314583, 47.3751974 ], [ 8.5316224, 47.3750883 ], [ 8.531642, 47.3750756 ], [ 8.5317883, 47.3751679 ], [ 8.5315863, 47.3753084 ], [ 8.5315632, 47.3752923 ], [ 8.5313659, 47.3754172 ], [ 8.5312501, 47.3753349 ] ] ] } },
{ "type": "Feature", "properties": { "id": "4450cbaf-7cf5-4f80-ae25-6d6fc4c27ffb", "names": null, "sources": "[{'property': '', 'dataset': 'OpenStreetMap', 'license': 'ODbL-1.0', 'record_id': 'w1285082146@3', 'update_time': '2026-03-21T16:00:43.000Z', 'confidence': None, 'between': None, 'provider': 'osm', 'resource': 'planet', 'version': '2026-09-06T00:00:00.000Z'}]", "level": 1.0, "height": null, "min_height": null, "is_underground": false, "num_floors": null, "num_floors_underground": null, "min_floor": null, "subtype": "outbuilding", "class": "roof", "facade_color": null, "facade_material": null, "roof_material": null, "roof_shape": null, "roof_direction": null, "roof_orientation": null, "roof_color": null, "roof_height": null, "has_parts": false, "version": 1, "bbox": { "xmin": 8.531437873840332, "xmax": 8.531623840332031, "ymin": 47.37506866455078, "ymax": 47.37519836425781 } }, "geometry": { "type": "Polygon", "coordinates": [ [ [ 8.531603, 47.3750744 ], [ 8.5316224, 47.3750883 ], [ 8.5314583, 47.3751974 ], [ 8.5314383, 47.3751834 ], [ 8.531603, 47.3750744 ] ] ] } },
{ "type": "Feature", "properties": { "id": "fb4db13b-e228-47d2-a87f-ea55b195fdf4", "names": null, "sources": "[{'property': '', 'dataset': 'OpenStreetMap', 'license': 'ODbL-1.0', 'record_id': 'w1460296515@3', 'update_time': '2026-03-21T16:00:34.000Z', 'confidence': None, 'between': None, 'provider': 'osm', 'resource': 'planet', 'version': '2026-09-06T00:00:00.000Z'}]", "level": null, "height": null, "min_height": null, "is_underground": false, "num_floors": null, "num_floors_underground": null, "min_floor": null, "subtype": null, "class": null, "facade_color": null, "facade_material": null, "roof_material": null, "roof_shape": null, "roof_direction": null, "roof_orientation": null, "roof_color": null, "roof_height": null, "has_parts": false, "version": 1, "bbox": { "xmin": 8.531570434570312, "xmax": 8.532100677490234, "ymin": 47.375091552734375, "ymax": 47.37541198730469 } }, "geometry": { "type": "Polygon", "coordinates": [ [ [ 8.5320095, 47.3751281 ], [ 8.5320717, 47.3750982 ], [ 8.5320992, 47.3751262 ], [ 8.531937, 47.3752019 ], [ 8.5319048, 47.3752202 ], [ 8.5316068, 47.3754052 ], [ 8.5315713, 47.3753782 ], [ 8.5319058, 47.3751775 ], [ 8.5320095, 47.3751281 ] ] ] } },
{ "type": "Feature", "properties": { "id": "9bca239b-d283-4179-a94b-d35652324b40", "names": null, "sources": "[{'property': '', 'dataset': 'OpenStreetMap', 'license': 'ODbL-1.0', 'record_id': 'w1285082145@3', 'update_time': '2026-03-21T15:59:57.000Z', 'confidence': None, 'between': None, 'provider': 'osm', 'resource': 'planet', 'version': '2026-09-06T00:00:00.000Z'}]", "level": 1.0, "height": null, "min_height": null, "is_underground": false, "num_floors": null, "num_floors_underground": null, "min_floor": null, "subtype": "outbuilding", "class": "roof", "facade_color": null, "facade_material": null, "roof_material": null, "roof_shape": null, "roof_direction": null, "roof_orientation": null, "roof_color": null, "roof_height": null, "has_parts": false, "version": 1, "bbox": { "xmin": 8.532175064086914, "xmax": 8.53246784210205, "ymin": 47.37531280517578, "ymax": 47.37547302246094 } }, "geometry": { "type": "Polygon", "coordinates": [ [ [ 8.5321765, 47.3754314 ], [ 8.5324261, 47.3753143 ], [ 8.5324677, 47.3753549 ], [ 8.5322181, 47.3754721 ], [ 8.5321765, 47.3754314 ] ] ] } },
{ "type": "Feature", "properties": { "id": "f81543cd-4474-4b0c-9de8-ad6b121db870", "names": "{'primary': 'Durchgangszentrum Polizeikaserne', 'common': None, 'rules': array([{'variant': 'alternate', 'language': None, 'perspectives': None, 'value': 'MNA Zentrum Polizeikaserne', 'between': None, 'side': None},\n       {'variant': 'short', 'language': None, 'perspectives': None, 'value': 'DZ Pollizeikaserne', 'between': None, 'side': None}],\n      dtype=object)}", "sources": "[{'property': '', 'dataset': 'OpenStreetMap', 'license': 'ODbL-1.0', 'record_id': 'w28943550@18', 'update_time': '2026-03-21T16:00:33.000Z', 'confidence': None, 'between': None, 'provider': 'osm', 'resource': 'planet', 'version': '2026-09-06T00:00:00.000Z'}\n {'property': '/properties/height', 'dataset': 'Microsoft ML Buildings', 'license': 'ODbL-1.0', 'record_id': None, 'update_time': None, 'confidence': None, 'between': None, 'provider': 'microsoft', 'resource': 'ml_buildings', 'version': '2026-08-11'}]", "level": null, "height": 18.277229309082031, "min_height": null, "is_underground": false, "num_floors": null, "num_floors_underground": null, "min_floor": null, "subtype": null, "class": null, "facade_color": null, "facade_material": null, "roof_material": null, "roof_shape": null, "roof_direction": null, "roof_orientation": null, "roof_color": null, "roof_height": null, "has_parts": false, "version": 3, "bbox": { "xmin": 8.53173828125, "xmax": 8.532423973083496, "ymin": 47.37476348876953, "ymax": 47.37517166137695 } }, "geometry": { "type": "Polygon", "coordinates": [ [ [ 8.5320036, 47.3751222 ], [ 8.5318994, 47.3751703 ], [ 8.531739, 47.3750131 ], [ 8.5318421, 47.3749646 ], [ 8.531837, 47.3749586 ], [ 8.5321541, 47.3748097 ], [ 8.5321598, 47.3748154 ], [ 8.5322628, 47.3747673 ], [ 8.5324236, 47.374924 ], [ 8.5323199, 47.3749726 ], [ 8.5323262, 47.3749795 ], [ 8.5322556, 47.375011 ], [ 8.5322085, 47.3750323 ], [ 8.5320717, 47.3750982 ], [ 8.5320095, 47.3751281 ], [ 8.5320036, 47.3751222 ] ] ] } },
{ "type": "Feature", "properties": { "id": "4bc08839-1e64-47a4-87cf-39ad09691420", "names": "{'primary': 'Kontakt- und Anlaufstelle Kaserne', 'common': None, 'rules': array([{'variant': 'short', 'language': None, 'perspectives': None, 'value': 'K&A Kaserne', 'between': None, 'side': None}],\n      dtype=object)}", "sources": "[{'property': '', 'dataset': 'OpenStreetMap', 'license': 'ODbL-1.0', 'record_id': 'w1449647894@5', 'update_time': '2026-03-21T16:00:26.000Z', 'confidence': None, 'between': None, 'provider': 'osm', 'resource': 'planet', 'version': '2026-09-06T00:00:00.000Z'}]", "level": null, "height": null, "min_height": null, "is_underground": false, "num_floors": null, "num_floors_underground": null, "min_floor": null, "subtype": "residential", "class": "garages", "facade_color": null, "facade_material": null, "roof_material": null, "roof_shape": null, "roof_direction": null, "roof_orientation": null, "roof_color": null, "roof_height": null, "has_parts": false, "version": 3, "bbox": { "xmin": 8.531641960144043, "xmax": 8.531837463378906, "ymin": 47.3750114440918, "ymax": 47.37517166137695 } }, "geometry": { "type": "Polygon", "coordinates": [ [ [ 8.531642, 47.3750756 ], [ 8.5317313, 47.3750188 ], [ 8.5318287, 47.3751119 ], [ 8.5318219, 47.375118 ], [ 8.5318366, 47.3751356 ], [ 8.5317883, 47.3751679 ], [ 8.531642, 47.3750756 ] ] ] } },
{ "type": "Feature", "properties": { "id": "25f10415-336e-4cad-82dd-b02b47b21bb6", "names": null, "sources": "[{'property': '', 'dataset': 'OpenStreetMap', 'license': 'ODbL-1.0', 'record_id': 'w39675398@12', 'update_time': '2026-03-21T15:59:57.000Z', 'confidence': None, 'between': None, 'provider': 'osm', 'resource': 'planet', 'version': '2026-09-06T00:00:00.000Z'}]", "level": null, "height": null, "min_height": null, "is_underground": false, "num_floors": null, "num_floors_underground": null, "min_floor": null, "subtype": "residential", "class": "apartments", "facade_color": null, "facade_material": null, "roof_material": null, "roof_shape": null, "roof_direction": null, "roof_orientation": null, "roof_color": null, "roof_height": null, "has_parts": false, "version": 1, "bbox": { "xmin": 8.53154468536377, "xmax": 8.531828880310059, "ymin": 47.3746452331543, "ymax": 47.374839782714844 } }, "geometry": { "type": "Polygon", "coordinates": [ [ [ 8.5316572, 47.3748324 ], [ 8.5315455, 47.3747241 ], [ 8.5316569, 47.3746716 ], [ 8.531666, 47.3746798 ], [ 8.5317298, 47.3746511 ], [ 8.5318285, 47.3747444 ], [ 8.5316572, 47.3748324 ] ] ] } },
{ "type": "Feature", "properties": { "id": "d189e98f-a519-43f0-ac3e-8244887b0c41", "names": null, "sources": "[{'property': '', 'dataset': 'OpenStreetMap', 'license': 'ODbL-1.0', 'record_id': 'w10696459@26', 'update_time': '2026-03-21T16:00:18.000Z', 'confidence': None, 'between': None, 'provider': 'osm', 'resource': 'planet', 'version': '2026-09-06T00:00:00.000Z'}\n {'property': '/properties/height', 'dataset': 'Microsoft ML Buildings', 'license': 'ODbL-1.0', 'record_id': None, 'update_time': None, 'confidence': None, 'between': None, 'provider': 'microsoft', 'resource': 'ml_buildings', 'version': '2026-08-11'}]", "level": null, "height": 16.923954010009766, "min_height": null, "is_underground": false, "num_floors": 4.0, "num_floors_underground": null, "min_floor": null, "subtype": "civic", "class": "public", "facade_color": null, "facade_material": null, "roof_material": null, "roof_shape": "hipped", "roof_direction": null, "roof_orientation": null, "roof_color": null, "roof_height": null, "has_parts": false, "version": 2, "bbox": { "xmin": 8.531936645507812, "xmax": 8.533456802368164, "ymin": 47.375022888183594, "ymax": 47.376216888427734 } }, "geometry": { "type": "Polygon", "coordinates": [ [ [ 8.533133, 47.3762148 ], [ 8.5331187, 47.3762154 ], [ 8.5331116, 47.3762085 ], [ 8.5331129, 47.3762079 ], [ 8.5330376, 47.3761343 ], [ 8.5329417, 47.3761793 ], [ 8.5329423, 47.3761799 ], [ 8.5329287, 47.3761863 ], [ 8.5329272, 47.3761848 ], [ 8.5327657, 47.3760269 ], [ 8.5330271, 47.3759043 ], [ 8.533028, 47.3759052 ], [ 8.5330512, 47.3758943 ], [ 8.5329907, 47.3758351 ], [ 8.532989, 47.3758359 ], [ 8.5328638, 47.3757135 ], [ 8.5328592, 47.3757156 ], [ 8.5328506, 47.3757072 ], [ 8.5327696, 47.3757452 ], [ 8.5327708, 47.3757463 ], [ 8.5327579, 47.3757524 ], [ 8.5327477, 47.3757424 ], [ 8.5327494, 47.3757416 ], [ 8.5327035, 47.3756968 ], [ 8.5327018, 47.3756976 ], [ 8.5326921, 47.3756881 ], [ 8.5327016, 47.3756837 ], [ 8.5326155, 47.3755995 ], [ 8.532606, 47.375604 ], [ 8.5325964, 47.3755946 ], [ 8.532598, 47.3755938 ], [ 8.5325516, 47.3755485 ], [ 8.53255, 47.3755492 ], [ 8.53254, 47.3755395 ], [ 8.5325536, 47.3755332 ], [ 8.5325554, 47.3755349 ], [ 8.5326369, 47.3754966 ], [ 8.5326282, 47.3754882 ], [ 8.5326328, 47.3754861 ], [ 8.5325063, 47.3753624 ], [ 8.5325085, 47.3753614 ], [ 8.5324492, 47.3753035 ], [ 8.5324261, 47.3753143 ], [ 8.5321765, 47.3754314 ], [ 8.5320994, 47.3754676 ], [ 8.5319367, 47.3753085 ], [ 8.5319511, 47.3753018 ], [ 8.531952, 47.3753026 ], [ 8.5322651, 47.3751558 ], [ 8.5322622, 47.375153 ], [ 8.5322764, 47.3751463 ], [ 8.5322774, 47.3751473 ], [ 8.5323517, 47.3751125 ], [ 8.5323507, 47.3751115 ], [ 8.5323652, 47.3751047 ], [ 8.5323674, 47.3751068 ], [ 8.5325325, 47.3750294 ], [ 8.5326959, 47.3751891 ], [ 8.5326805, 47.3751963 ], [ 8.5328708, 47.3753824 ], [ 8.5328714, 47.3753759 ], [ 8.5328823, 47.3753708 ], [ 8.5328944, 47.375372 ], [ 8.5329008, 47.3753783 ], [ 8.5328992, 47.3753873 ], [ 8.5328966, 47.3753885 ], [ 8.532937, 47.3754281 ], [ 8.5329396, 47.3754269 ], [ 8.5329508, 47.3754282 ], [ 8.5329583, 47.3754355 ], [ 8.532957, 47.3754439 ], [ 8.5329515, 47.3754465 ], [ 8.5329913, 47.3754853 ], [ 8.5330311, 47.3755241 ], [ 8.5330356, 47.375522 ], [ 8.5330467, 47.3755226 ], [ 8.5330551, 47.3755307 ], [ 8.5330533, 47.3755381 ], [ 8.5330509, 47.3755393 ], [ 8.5330914, 47.3755789 ], [ 8.5330928, 47.3755782 ], [ 8.5331052, 47.3755788 ], [ 8.5331121, 47.3755856 ], [ 8.5331113, 47.3755936 ], [ 8.5331009, 47.3755985 ], [ 8.5330901, 47.3755981 ], [ 8.5332801, 47.3757839 ], [ 8.5332939, 47.3757774 ], [ 8.5334566, 47.3759365 ], [ 8.533447, 47.3759448 ], [ 8.5334458, 47.3759442 ], [ 8.5333323, 47.3760417 ], [ 8.5333379, 47.3760446 ], [ 8.5333258, 47.376055 ], [ 8.5333241, 47.376054 ], [ 8.5332985, 47.376076 ], [ 8.5332694, 47.3761009 ], [ 8.5332713, 47.3761019 ], [ 8.5332611, 47.3761107 ], [ 8.5332552, 47.3761075 ], [ 8.5331407, 47.3762059 ], [ 8.5331424, 47.3762068 ], [ 8.533133, 47.3762148 ] ] ] } },
{ "type": "Feature", "properties": { "id": "09ffafee-29b0-4868-a4a4-53f6a43fc010", "names": null, "sources": "[{'property': '', 'dataset': 'OpenStreetMap', 'license': 'ODbL-1.0', 'record_id': 'w39675796@9', 'update_time': '2026-03-21T16:00:12.000Z', 'confidence': None, 'between': None, 'provider': 'osm', 'resource': 'planet', 'version': '2026-09-06T00:00:00.000Z'}]", "level": null, "height": null, "min_height": null, "is_underground": false, "num_floors": 8.0, "num_floors_underground": null, "min_floor": null, "subtype": "residential", "class": "apartments", "facade_color": null, "facade_material": null, "roof_material": null, "roof_shape": null, "roof_direction": null, "roof_orientation": null, "roof_color": null, "roof_height": null, "has_parts": false, "version": 2, "bbox": { "xmin": 8.5336332321167, "xmax": 8.534266471862793, "ymin": 47.37605667114258, "ymax": 47.3764762878418 } }, "geometry": { "type": "Polygon", "coordinates": [ [ [ 8.5336341, 47.3761516 ], [ 8.5337574, 47.3760626 ], [ 8.5342266, 47.3763607 ], [ 8.5342443, 47.3763719 ], [ 8.5342657, 47.3763855 ], [ 8.5341424, 47.3764746 ], [ 8.5341211, 47.3764611 ], [ 8.5341033, 47.3764498 ], [ 8.5340535, 47.3764181 ], [ 8.5340364, 47.3764305 ], [ 8.5339807, 47.3763951 ], [ 8.5339974, 47.3763831 ], [ 8.5338434, 47.3762853 ], [ 8.5338268, 47.3762972 ], [ 8.5337716, 47.3762621 ], [ 8.5337887, 47.3762498 ], [ 8.5336341, 47.3761516 ] ] ] } },
{ "type": "Feature", "properties": { "id": "ea54b1e5-7ab0-4b3d-9576-671bad2d2aef", "names": null, "sources": "[{'property': '', 'dataset': 'OpenStreetMap', 'license': 'ODbL-1.0', 'record_id': 'w339025313@10', 'update_time': '2026-03-21T16:00:15.000Z', 'confidence': None, 'between': None, 'provider': 'osm', 'resource': 'planet', 'version': '2026-09-06T00:00:00.000Z'}]", "level": null, "height": null, "min_height": null, "is_underground": false, "num_floors": null, "num_floors_underground": null, "min_floor": null, "subtype": "residential", "class": "residential", "facade_color": null, "facade_material": null, "roof_material": null, "roof_shape": null, "roof_direction": null, "roof_orientation": null, "roof_color": null, "roof_height": null, "has_parts": false, "version": 2, "bbox": { "xmin": 8.533377647399902, "xmax": 8.533614158630371, "ymin": 47.376155853271484, "ymax": 47.37633514404297 } }, "geometry": { "type": "Polygon", "coordinates": [ [ [ 8.5336133, 47.3762633 ], [ 8.5335081, 47.3763289 ], [ 8.5334832, 47.3763138 ], [ 8.533378, 47.3762494 ], [ 8.5334335, 47.3762028 ], [ 8.5334796, 47.3761631 ], [ 8.5335859, 47.3762429 ], [ 8.5336133, 47.3762633 ] ] ] } },
{ "type": "Feature", "properties": { "id": "29c09c65-1008-48c7-9252-0a75584aca07", "names": null, "sources": "[{'property': '', 'dataset': 'Microsoft ML Buildings', 'license': 'ODbL-1.0', 'record_id': None, 'update_time': None, 'confidence': None, 'between': None, 'provider': 'microsoft', 'resource': 'ml_buildings', 'version': '2026-08-11'}]", "level": null, "height": 4.8954687118530273, "min_height": null, "is_underground": false, "num_floors": null, "num_floors_underground": null, "min_floor": null, "subtype": null, "class": null, "facade_color": null, "facade_material": null, "roof_material": null, "roof_shape": null, "roof_direction": null, "roof_orientation": null, "roof_color": null, "roof_height": null, "has_parts": false, "version": 4, "bbox": { "xmin": 8.532645225524902, "xmax": 8.532878875732422, "ymin": 47.37615203857422, "ymax": 47.37632369995117 } }, "geometry": { "type": "Polygon", "coordinates": [ [ [ 8.5326453, 47.3762046 ], [ 8.5327675, 47.3761525 ], [ 8.5328782, 47.3762715 ], [ 8.5327561, 47.3763236 ], [ 8.5326453, 47.3762046 ] ] ] } },
{ "type": "Feature", "properties": { "id": "71f2fb7a-d287-4aa9-b455-a33cf443305a", "names": null, "sources": "[{'property': '', 'dataset': 'OpenStreetMap', 'license': 'ODbL-1.0', 'record_id': 'w1460296514@1', 'update_time': '2025-12-21T17:56:22.000Z', 'confidence': None, 'between': None, 'provider': 'osm', 'resource': 'planet', 'version': '2026-09-06T00:00:00.000Z'}]", "level": null, "height": null, "min_height": null, "is_underground": false, "num_floors": null, "num_floors_underground": null, "min_floor": null, "subtype": null, "class": null, "facade_color": null, "facade_material": null, "roof_material": null, "roof_shape": null, "roof_direction": null, "roof_orientation": null, "roof_color": null, "roof_height": null, "has_parts": false, "version": 1, "bbox": { "xmin": 8.531458854675293, "xmax": 8.531967163085938, "ymin": 47.3753776550293, "ymax": 47.37574768066406 } }, "geometry": { "type": "Polygon", "coordinates": [ [ [ 8.531868, 47.375746 ], [ 8.5314595, 47.3754474 ], [ 8.5315713, 47.3753782 ], [ 8.5316068, 47.3754052 ], [ 8.5319657, 47.3756781 ], [ 8.531868, 47.375746 ] ] ] } },
{ "type": "Feature", "properties": { "id": "0bf7d44b-03f0-448f-a788-951895369fe2", "names": null, "sources": "[{'property': '', 'dataset': 'Microsoft ML Buildings', 'license': 'ODbL-1.0', 'record_id': None, 'update_time': None, 'confidence': None, 'between': None, 'provider': 'microsoft', 'resource': 'ml_buildings', 'version': '2026-08-11'}]", "level": null, "height": 4.3884119987487793, "min_height": null, "is_underground": false, "num_floors": null, "num_floors_underground": null, "min_floor": null, "subtype": null, "class": null, "facade_color": null, "facade_material": null, "roof_material": null, "roof_shape": null, "roof_direction": null, "roof_orientation": null, "roof_color": null, "roof_height": null, "has_parts": false, "version": 4, "bbox": { "xmin": 8.531753540039062, "xmax": 8.531874656677246, "ymin": 47.37582015991211, "ymax": 47.37590408325195 } }, "geometry": { "type": "Polygon", "coordinates": [ [ [ 8.5317539, 47.3758861 ], [ 8.5318582, 47.3758209 ], [ 8.5318743, 47.3758327 ], [ 8.5317699, 47.3758979 ], [ 8.5317539, 47.3758861 ] ] ] } },
{ "type": "Feature", "properties": { "id": "fce6fe41-af53-42d4-b668-444b418ca3f7", "names": null, "sources": "[{'property': '', 'dataset': 'OpenStreetMap', 'license': 'ODbL-1.0', 'record_id': 'w71504819@9', 'update_time': '2026-03-21T16:00:21.000Z', 'confidence': None, 'between': None, 'provider': 'osm', 'resource': 'planet', 'version': '2026-09-06T00:00:00.000Z'}\n {'property': '/properties/height', 'dataset': 'Microsoft ML Buildings', 'license': 'ODbL-1.0', 'record_id': None, 'update_time': None, 'confidence': None, 'between': None, 'provider': 'microsoft', 'resource': 'ml_buildings', 'version': '2026-08-11'}]", "level": null, "height": 15.988755226135254, "min_height": null, "is_underground": false, "num_floors": null, "num_floors_underground": null, "min_floor": null, "subtype": null, "class": null, "facade_color": null, "facade_material": null, "roof_material": null, "roof_shape": null, "roof_direction": null, "roof_orientation": null, "roof_color": null, "roof_height": null, "has_parts": false, "version": 2, "bbox": { "xmin": 8.52954387664795, "xmax": 8.530014038085938, "ymin": 47.37552261352539, "ymax": 47.37583923339844 } }, "geometry": { "type": "Polygon", "coordinates": [ [ [ 8.529544, 47.3757191 ], [ 8.529546, 47.3757129 ], [ 8.5295961, 47.3756765 ], [ 8.5298333, 47.3755244 ], [ 8.5298441, 47.3755237 ], [ 8.5298522, 47.375525 ], [ 8.530012, 47.3756373 ], [ 8.5300133, 47.3756442 ], [ 8.5300096, 47.3756506 ], [ 8.5297334, 47.3758354 ], [ 8.5297244, 47.3758376 ], [ 8.5297151, 47.3758368 ], [ 8.529546, 47.3757255 ], [ 8.529544, 47.3757191 ] ] ] } },
{ "type": "Feature", "properties": { "id": "031a1320-b4f7-4c90-8f8d-372cfb6e61c5", "names": null, "sources": "[{'property': '', 'dataset': 'OpenStreetMap', 'license': 'ODbL-1.0', 'record_id': 'w339029334@4', 'update_time': '2026-03-21T15:59:57.000Z', 'confidence': None, 'between': None, 'provider': 'osm', 'resource': 'planet', 'version': '2026-09-06T00:00:00.000Z'}]", "level": null, "height": null, "min_height": null, "is_underground": false, "num_floors": null, "num_floors_underground": null, "min_floor": null, "subtype": null, "class": null, "facade_color": null, "facade_material": null, "roof_material": null, "roof_shape": null, "roof_direction": null, "roof_orientation": null, "roof_color": null, "roof_height": null, "has_parts": false, "version": 1, "bbox": { "xmin": 8.529969215393066, "xmax": 8.530074119567871, "ymin": 47.375492095947266, "ymax": 47.37556838989258 } }, "geometry": { "type": "Polygon", "coordinates": [ [ [ 8.5300739, 47.3755206 ], [ 8.5300107, 47.3755668 ], [ 8.5299694, 47.3755379 ], [ 8.5299933, 47.3755209 ], [ 8.5300341, 47.3754926 ], [ 8.5300602, 47.3755108 ], [ 8.5300739, 47.3755206 ] ] ] } },
{ "type": "Feature", "properties": { "id": "67485213-b526-4f3e-8baf-caf1f2a1f891", "names": null, "sources": "[{'property': '', 'dataset': 'OpenStreetMap', 'license': 'ODbL-1.0', 'record_id': 'w71504824@5', 'update_time': '2026-03-21T16:00:10.000Z', 'confidence': None, 'between': None, 'provider': 'osm', 'resource': 'planet', 'version': '2026-09-06T00:00:00.000Z'}]", "level": null, "height": null, "min_height": null, "is_underground": false, "num_floors": null, "num_floors_underground": null, "min_floor": null, "subtype": null, "class": null, "facade_color": null, "facade_material": null, "roof_material": null, "roof_shape": null, "roof_direction": null, "roof_orientation": null, "roof_color": null, "roof_height": null, "has_parts": false, "version": 1, "bbox": { "xmin": 8.530010223388672, "xmax": 8.530153274536133, "ymin": 47.375518798828125, "ymax": 47.37562942504883 } }, "geometry": { "type": "Polygon", "coordinates": [ [ [ 8.5301528, 47.3755764 ], [ 8.5300891, 47.3756222 ], [ 8.5300107, 47.3755668 ], [ 8.5300739, 47.3755206 ], [ 8.5301528, 47.3755764 ] ] ] } },
{ "type": "Feature", "properties": { "id": "205b48d8-dbed-48b7-8cf0-0ad6ab6c3d71", "names": null, "sources": "[{'property': '', 'dataset': 'OpenStreetMap', 'license': 'ODbL-1.0', 'record_id': 'w71504832@9', 'update_time': '2026-03-21T16:00:27.000Z', 'confidence': None, 'between': None, 'provider': 'osm', 'resource': 'planet', 'version': '2026-09-06T00:00:00.000Z'}]", "level": null, "height": null, "min_height": null, "is_underground": false, "num_floors": null, "num_floors_underground": null, "min_floor": null, "subtype": null, "class": null, "facade_color": null, "facade_material": null, "roof_material": null, "roof_shape": null, "roof_direction": null, "roof_orientation": null, "roof_color": null, "roof_height": null, "has_parts": false, "version": 1, "bbox": { "xmin": 8.530157089233398, "xmax": 8.530400276184082, "ymin": 47.3755989074707, "ymax": 47.375770568847656 } }, "geometry": { "type": "Polygon", "coordinates": [ [ [ 8.5302954, 47.3755997 ], [ 8.5303995, 47.3756719 ], [ 8.5302593, 47.3757633 ], [ 8.530158, 47.3756929 ], [ 8.5302954, 47.3755997 ] ] ] } },
{ "type": "Feature", "properties": { "id": "0a098a6c-ff85-44ba-b319-f25772d44f7f", "names": null, "sources": "[{'property': '', 'dataset': 'OpenStreetMap', 'license': 'ODbL-1.0', 'record_id': 'w339029352@5', 'update_time': '2026-03-21T16:00:05.000Z', 'confidence': None, 'between': None, 'provider': 'osm', 'resource': 'planet', 'version': '2026-09-06T00:00:00.000Z'}]", "level": null, "height": null, "min_height": null, "is_underground": false, "num_floors": null, "num_floors_underground": null, "min_floor": null, "subtype": null, "class": null, "facade_color": null, "facade_material": null, "roof_material": null, "roof_shape": null, "roof_direction": null, "roof_orientation": null, "roof_color": null, "roof_height": null, "has_parts": false, "version": 1, "bbox": { "xmin": 8.53002643585205, "xmax": 8.53026008605957, "ymin": 47.37567901611328, "ymax": 47.3758430480957 } }, "geometry": { "type": "Polygon", "coordinates": [ [ [ 8.5301402, 47.3758429 ], [ 8.5300272, 47.3757645 ], [ 8.5301253, 47.3757007 ], [ 8.5301477, 47.3756853 ], [ 8.530158, 47.3756929 ], [ 8.5302593, 47.3757633 ], [ 8.5302352, 47.3757815 ], [ 8.5301402, 47.3758429 ] ] ] } },
{ "type": "Feature", "properties": { "id": "a3b6227e-d5f1-495c-b8b9-ee9f8a9bb0fc", "names": null, "sources": "[{'property': '', 'dataset': 'OpenStreetMap', 'license': 'ODbL-1.0', 'record_id': 'w339029346@5', 'update_time': '2026-03-21T16:00:24.000Z', 'confidence': None, 'between': None, 'provider': 'osm', 'resource': 'planet', 'version': '2026-09-06T00:00:00.000Z'}]", "level": null, "height": null, "min_height": null, "is_underground": false, "num_floors": null, "num_floors_underground": null, "min_floor": null, "subtype": null, "class": null, "facade_color": null, "facade_material": null, "roof_material": null, "roof_shape": null, "roof_direction": null, "roof_orientation": null, "roof_color": null, "roof_height": null, "has_parts": false, "version": 1, "bbox": { "xmin": 8.529884338378906, "xmax": 8.53014087677002, "ymin": 47.375762939453125, "ymax": 47.375938415527344 } }, "geometry": { "type": "Polygon", "coordinates": [ [ [ 8.5299966, 47.375938 ], [ 8.5298846, 47.37586 ], [ 8.5300272, 47.3757645 ], [ 8.5301402, 47.3758429 ], [ 8.5299966, 47.375938 ] ] ] } },
{ "type": "Feature", "properties": { "id": "18f746fb-c4fe-462e-a550-676b80bf4ff0", "names": null, "sources": "[{'property': '', 'dataset': 'OpenStreetMap', 'license': 'ODbL-1.0', 'record_id': 'w339029360@4', 'update_time': '2026-03-21T15:59:55.000Z', 'confidence': None, 'between': None, 'provider': 'osm', 'resource': 'planet', 'version': '2026-09-06T00:00:00.000Z'}]", "level": null, "height": null, "min_height": null, "is_underground": false, "num_floors": null, "num_floors_underground": null, "min_floor": null, "subtype": null, "class": null, "facade_color": null, "facade_material": null, "roof_material": null, "roof_shape": null, "roof_direction": null, "roof_orientation": null, "roof_color": null, "roof_height": null, "has_parts": false, "version": 1, "bbox": { "xmin": 8.530261993408203, "xmax": 8.53049373626709, "ymin": 47.37549591064453, "ymax": 47.37567901611328 } }, "geometry": { "type": "Polygon", "coordinates": [ [ [ 8.5302629, 47.3755652 ], [ 8.5303677, 47.3754966 ], [ 8.5304935, 47.3755848 ], [ 8.5304936, 47.3756096 ], [ 8.5303995, 47.3756719 ], [ 8.5302954, 47.3755997 ], [ 8.5302951, 47.3755879 ], [ 8.5302629, 47.3755652 ] ] ] } },
{ "type": "Feature", "properties": { "id": "47cf59fb-3205-464c-a1c5-6f54f756498a", "names": null, "sources": "[{'property': '', 'dataset': 'OpenStreetMap', 'license': 'ODbL-1.0', 'record_id': 'w338944135@7', 'update_time': '2026-03-21T16:00:15.000Z', 'confidence': None, 'between': None, 'provider': 'osm', 'resource': 'planet', 'version': '2026-09-06T00:00:00.000Z'}]", "level": null, "height": null, "min_height": null, "is_underground": false, "num_floors": null, "num_floors_underground": null, "min_floor": null, "subtype": null, "class": null, "facade_color": null, "facade_material": null, "roof_material": null, "roof_shape": null, "roof_direction": null, "roof_orientation": null, "roof_color": null, "roof_height": null, "has_parts": false, "version": 1, "bbox": { "xmin": 8.530291557312012, "xmax": 8.530853271484375, "ymin": 47.37513732910156, "ymax": 47.37553024291992 } }, "geometry": { "type": "Polygon", "coordinates": [ [ [ 8.5305023, 47.3753983 ], [ 8.5302919, 47.375251 ], [ 8.5303612, 47.3752001 ], [ 8.5304065, 47.3751667 ], [ 8.5304447, 47.3751386 ], [ 8.5306648, 47.3752915 ], [ 8.5307029, 47.3752668 ], [ 8.5308346, 47.3753584 ], [ 8.530853, 47.375371 ], [ 8.5308151, 47.3753962 ], [ 8.5306491, 47.3755067 ], [ 8.5306161, 47.3755287 ], [ 8.5304639, 47.3754239 ], [ 8.5304981, 47.3754011 ], [ 8.5305023, 47.3753983 ] ] ] } },
{ "type": "Feature", "properties": { "id": "0f1d9261-d2a4-48a8-95c0-363f400afef4", "names": null, "sources": "[{'property': '', 'dataset': 'OpenStreetMap', 'license': 'ODbL-1.0', 'record_id': 'w1309084030@3', 'update_time': '2026-03-21T16:00:10.000Z', 'confidence': None, 'between': None, 'provider': 'osm', 'resource': 'planet', 'version': '2026-09-06T00:00:00.000Z'}]", "level": null, "height": null, "min_height": null, "is_underground": false, "num_floors": null, "num_floors_underground": null, "min_floor": null, "subtype": null, "class": null, "facade_color": null, "facade_material": null, "roof_material": null, "roof_shape": null, "roof_direction": null, "roof_orientation": null, "roof_color": null, "roof_height": null, "has_parts": false, "version": 1, "bbox": { "xmin": 8.530034065246582, "xmax": 8.530367851257324, "ymin": 47.375370025634766, "ymax": 47.375572204589844 } }, "geometry": { "type": "Polygon", "coordinates": [ [ [ 8.5300888, 47.3754549 ], [ 8.5301974, 47.3753774 ], [ 8.5303677, 47.3754966 ], [ 8.5302629, 47.3755652 ], [ 8.5301965, 47.3755198 ], [ 8.5301746, 47.3755345 ], [ 8.5301567, 47.3755222 ], [ 8.5301786, 47.3755076 ], [ 8.5301631, 47.375497 ], [ 8.5301646, 47.375496 ], [ 8.5301299, 47.3754723 ], [ 8.5300602, 47.3755108 ], [ 8.5300341, 47.3754926 ], [ 8.5300888, 47.3754549 ] ] ] } },
{ "type": "Feature", "properties": { "id": "baa722a5-a9ad-4fb2-9e21-928b57d9f439", "names": null, "sources": "[{'property': '', 'dataset': 'OpenStreetMap', 'license': 'ODbL-1.0', 'record_id': 'w339029337@4', 'update_time': '2026-03-21T15:59:55.000Z', 'confidence': None, 'between': None, 'provider': 'osm', 'resource': 'planet', 'version': '2026-09-06T00:00:00.000Z'}]", "level": null, "height": null, "min_height": null, "is_underground": false, "num_floors": null, "num_floors_underground": null, "min_floor": null, "subtype": null, "class": null, "facade_color": null, "facade_material": null, "roof_material": null, "roof_shape": null, "roof_direction": null, "roof_orientation": null, "roof_color": null, "roof_height": null, "has_parts": false, "version": 1, "bbox": { "xmin": 8.529953002929688, "xmax": 8.530035018920898, "ymin": 47.375465393066406, "ymax": 47.37552261352539 } }, "geometry": { "type": "Polygon", "coordinates": [ [ [ 8.5300341, 47.3754926 ], [ 8.5299933, 47.3755209 ], [ 8.5299538, 47.3754931 ], [ 8.5299955, 47.3754662 ], [ 8.5300341, 47.3754926 ] ] ] } },
{ "type": "Feature", "properties": { "id": "ac9110ce-e6b8-437d-a2f4-5b933fc507fa", "names": null, "sources": "[{'property': '', 'dataset': 'OpenStreetMap', 'license': 'ODbL-1.0', 'record_id': 'w1309084029@3', 'update_time': '2026-03-21T16:00:41.000Z', 'confidence': None, 'between': None, 'provider': 'osm', 'resource': 'planet', 'version': '2026-09-06T00:00:00.000Z'}]", "level": null, "height": null, "min_height": null, "is_underground": false, "num_floors": null, "num_floors_underground": null, "min_floor": null, "subtype": "residential", "class": "apartments", "facade_color": null, "facade_material": null, "roof_material": null, "roof_shape": null, "roof_direction": null, "roof_orientation": null, "roof_color": null, "roof_height": null, "has_parts": false, "version": 1, "bbox": { "xmin": 8.529987335205078, "xmax": 8.530198097229004, "ymin": 47.375301361083984, "ymax": 47.37546157836914 } }, "geometry": { "type": "Polygon", "coordinates": [ [ [ 8.5301974, 47.3753774 ], [ 8.5300888, 47.3754549 ], [ 8.5300641, 47.375439 ], [ 8.5300615, 47.3754412 ], [ 8.5299877, 47.3753898 ], [ 8.5300993, 47.3753087 ], [ 8.5301974, 47.3753774 ] ] ] } },
{ "type": "Feature", "properties": { "id": "595f8c59-b1ac-4d94-8b74-cacd3862d7b3", "names": null, "sources": "[{'property': '', 'dataset': 'OpenStreetMap', 'license': 'ODbL-1.0', 'record_id': 'w1309084028@3', 'update_time': '2026-03-21T16:00:44.000Z', 'confidence': None, 'between': None, 'provider': 'osm', 'resource': 'planet', 'version': '2026-09-06T00:00:00.000Z'}]", "level": null, "height": null, "min_height": null, "is_underground": false, "num_floors": null, "num_floors_underground": null, "min_floor": null, "subtype": "residential", "class": "apartments", "facade_color": null, "facade_material": null, "roof_material": null, "roof_shape": null, "roof_direction": null, "roof_orientation": null, "roof_color": null, "roof_height": null, "has_parts": false, "version": 1, "bbox": { "xmin": 8.529892921447754, "xmax": 8.530099868774414, "ymin": 47.3752326965332, "ymax": 47.375396728515625 } }, "geometry": { "type": "Polygon", "coordinates": [ [ [ 8.5300993, 47.3753087 ], [ 8.5299877, 47.3753898 ], [ 8.5299136, 47.3753387 ], [ 8.5299182, 47.3753356 ], [ 8.529893, 47.3753185 ], [ 8.5299182, 47.3753002 ], [ 8.5300018, 47.37524 ], [ 8.5300993, 47.3753087 ] ] ] } },
{ "type": "Feature", "properties": { "id": "98aab151-0a99-4f82-baea-a8d2261cec38", "names": null, "sources": "[{'property': '', 'dataset': 'OpenStreetMap', 'license': 'ODbL-1.0', 'record_id': 'w77808961@7', 'update_time': '2026-03-21T16:00:00.000Z', 'confidence': None, 'between': None, 'provider': 'osm', 'resource': 'planet', 'version': '2026-09-06T00:00:00.000Z'}]", "level": null, "height": null, "min_height": null, "is_underground": false, "num_floors": null, "num_floors_underground": null, "min_floor": null, "subtype": "residential", "class": "apartments", "facade_color": null, "facade_material": null, "roof_material": null, "roof_shape": null, "roof_direction": null, "roof_orientation": null, "roof_color": null, "roof_height": null, "has_parts": false, "version": 1, "bbox": { "xmin": 8.530094146728516, "xmax": 8.530362129211426, "ymin": 47.375083923339844, "ymax": 47.37527847290039 } }, "geometry": { "type": "Polygon", "coordinates": [ [ [ 8.530113, 47.3751783 ], [ 8.5300956, 47.3751666 ], [ 8.5302078, 47.3750905 ], [ 8.5302281, 47.375105 ], [ 8.5302962, 47.3751536 ], [ 8.5303612, 47.3752001 ], [ 8.5302919, 47.375251 ], [ 8.5302556, 47.3752778 ], [ 8.530113, 47.3751783 ] ] ] } },
{ "type": "Feature", "properties": { "id": "cd953355-46a9-417f-a00c-3169106233a5", "names": null, "sources": "[{'property': '', 'dataset': 'OpenStreetMap', 'license': 'ODbL-1.0', 'record_id': 'w448003526@3', 'update_time': '2024-04-01T05:50:49.000Z', 'confidence': None, 'between': None, 'provider': 'osm', 'resource': 'planet', 'version': '2026-09-06T00:00:00.000Z'}]", "level": null, "height": null, "min_height": null, "is_underground": false, "num_floors": null, "num_floors_underground": null, "min_floor": null, "subtype": null, "class": null, "facade_color": null, "facade_material": null, "roof_material": null, "roof_shape": null, "roof_direction": null, "roof_orientation": null, "roof_color": null, "roof_height": null, "has_parts": false, "version": 1, "bbox": { "xmin": 8.53065299987793, "xmax": 8.530725479125977, "ymin": 47.374996185302734, "ymax": 47.375057220458984 } }, "geometry": { "type": "Polygon", "coordinates": [ [ [ 8.5306853, 47.3750512 ], [ 8.5306532, 47.3750308 ], [ 8.5306925, 47.3750025 ], [ 8.5307246, 47.375023 ], [ 8.5306853, 47.3750512 ] ] ] } },
{ "type": "Feature", "properties": { "id": "6001b0c4-89bb-47c4-aafa-252ff98d785f", "names": null, "sources": "[{'property': '', 'dataset': 'OpenStreetMap', 'license': 'ODbL-1.0', 'record_id': 'w77808967@4', 'update_time': '2026-03-21T16:00:21.000Z', 'confidence': None, 'between': None, 'provider': 'osm', 'resource': 'planet', 'version': '2026-09-06T00:00:00.000Z'}]", "level": null, "height": null, "min_height": null, "is_underground": false, "num_floors": null, "num_floors_underground": null, "min_floor": null, "subtype": null, "class": null, "facade_color": null, "facade_material": null, "roof_material": null, "roof_shape": null, "roof_direction": null, "roof_orientation": null, "roof_color": null, "roof_height": null, "has_parts": false, "version": 1, "bbox": { "xmin": 8.530282974243164, "xmax": 8.53046989440918, "ymin": 47.37504196166992, "ymax": 47.37516784667969 } }, "geometry": { "type": "Polygon", "coordinates": [ [ [ 8.5304065, 47.3751667 ], [ 8.5302833, 47.3750962 ], [ 8.5303018, 47.3750822 ], [ 8.5303461, 47.3750485 ], [ 8.5304696, 47.3751203 ], [ 8.5304447, 47.3751386 ], [ 8.5304065, 47.3751667 ] ] ] } },
{ "type": "Feature", "properties": { "id": "7dc23f02-d34c-4b28-b0b9-47578036820a", "names": null, "sources": "[{'property': '', 'dataset': 'OpenStreetMap', 'license': 'ODbL-1.0', 'record_id': 'w44353653@8', 'update_time': '2026-03-21T16:00:16.000Z', 'confidence': None, 'between': None, 'provider': 'osm', 'resource': 'planet', 'version': '2026-09-06T00:00:00.000Z'}]", "level": null, "height": null, "min_height": null, "is_underground": false, "num_floors": null, "num_floors_underground": null, "min_floor": null, "subtype": null, "class": null, "facade_color": null, "facade_material": null, "roof_material": null, "roof_shape": null, "roof_direction": null, "roof_orientation": null, "roof_color": null, "roof_height": null, "has_parts": false, "version": 1, "bbox": { "xmin": 8.530380249023438, "xmax": 8.530672073364258, "ymin": 47.37491226196289, "ymax": 47.37510681152344 } }, "geometry": { "type": "Polygon", "coordinates": [ [ [ 8.5306542, 47.3749614 ], [ 8.5306719, 47.3749716 ], [ 8.5304962, 47.3751003 ], [ 8.5303803, 47.3750332 ], [ 8.5305445, 47.3749126 ], [ 8.5306438, 47.3749703 ], [ 8.5306542, 47.3749614 ] ] ] } },
{ "type": "Feature", "properties": { "id": "4b4b25d5-cf9f-4e56-b3fa-4573240aa144", "names": null, "sources": "[{'property': '', 'dataset': 'OpenStreetMap', 'license': 'ODbL-1.0', 'record_id': 'w338944161@5', 'update_time': '2026-05-25T10:48:24.000Z', 'confidence': None, 'between': None, 'provider': 'osm', 'resource': 'planet', 'version': '2026-09-06T00:00:00.000Z'}]", "level": null, "height": null, "min_height": null, "is_underground": false, "num_floors": 4.0, "num_floors_underground": null, "min_floor": null, "subtype": "residential", "class": "apartments", "facade_color": null, "facade_material": null, "roof_material": null, "roof_shape": null, "roof_direction": null, "roof_orientation": null, "roof_color": null, "roof_height": null, "has_parts": false, "version": 2, "bbox": { "xmin": 8.53016185760498, "xmax": 8.530465126037598, "ymin": 47.37478256225586, "ymax": 47.375003814697266 } }, "geometry": { "type": "Polygon", "coordinates": [ [ [ 8.5304647, 47.3748542 ], [ 8.5302859, 47.3749968 ], [ 8.5301628, 47.3749266 ], [ 8.5302667, 47.3748429 ], [ 8.5303409, 47.374783 ], [ 8.5304647, 47.3748542 ] ] ] } },
{ "type": "Feature", "properties": { "id": "4579ba1b-e099-4696-a92a-f23a04050efa", "names": null, "sources": "[{'property': '', 'dataset': 'OpenStreetMap', 'license': 'ODbL-1.0', 'record_id': 'w330716402@5', 'update_time': '2026-03-21T16:00:30.000Z', 'confidence': None, 'between': None, 'provider': 'osm', 'resource': 'planet', 'version': '2026-09-06T00:00:00.000Z'}]", "level": null, "height": null, "min_height": null, "is_underground": false, "num_floors": null, "num_floors_underground": null, "min_floor": null, "subtype": "residential", "class": "apartments", "facade_color": null, "facade_material": null, "roof_material": null, "roof_shape": null, "roof_direction": null, "roof_orientation": null, "roof_color": null, "roof_height": null, "has_parts": false, "version": 1, "bbox": { "xmin": 8.529956817626953, "xmax": 8.530190467834473, "ymin": 47.37468338012695, "ymax": 47.37485122680664 } }, "geometry": { "type": "Polygon", "coordinates": [ [ [ 8.5300731, 47.3747136 ], [ 8.5301033, 47.3746895 ], [ 8.5301896, 47.3747392 ], [ 8.530173, 47.3747524 ], [ 8.5300577, 47.3748443 ], [ 8.5299571, 47.3747864 ], [ 8.5299753, 47.3747719 ], [ 8.5300588, 47.3747053 ], [ 8.5300731, 47.3747136 ] ] ] } },
{ "type": "Feature", "properties": { "id": "a8193c12-5269-4ef9-a1b9-4ad432642f4f", "names": null, "sources": "[{'property': '', 'dataset': 'OpenStreetMap', 'license': 'ODbL-1.0', 'record_id': 'w330716395@3', 'update_time': '2024-04-27T16:02:05.000Z', 'confidence': None, 'between': None, 'provider': 'osm', 'resource': 'planet', 'version': '2026-09-06T00:00:00.000Z'}]", "level": null, "height": null, "min_height": null, "is_underground": false, "num_floors": null, "num_floors_underground": null, "min_floor": null, "subtype": "residential", "class": "apartments", "facade_color": null, "facade_material": null, "roof_material": null, "roof_shape": null, "roof_direction": null, "roof_orientation": null, "roof_color": null, "roof_height": null, "has_parts": false, "version": 1, "bbox": { "xmin": 8.529886245727539, "xmax": 8.530057907104492, "ymin": 47.374786376953125, "ymax": 47.37491226196289 } }, "geometry": { "type": "Polygon", "coordinates": [ [ [ 8.5299402, 47.3747999 ], [ 8.5299571, 47.3747864 ], [ 8.5300577, 47.3748443 ], [ 8.5299988, 47.3748913 ], [ 8.5299816, 47.374905 ], [ 8.5298865, 47.3748503 ], [ 8.5299037, 47.3748366 ], [ 8.5299352, 47.3748115 ], [ 8.5299296, 47.3748083 ], [ 8.5299402, 47.3747999 ] ] ] } },
{ "type": "Feature", "properties": { "id": "bd2332dd-37a9-46e8-a779-f6d447de489c", "names": null, "sources": "[{'property': '', 'dataset': 'OpenStreetMap', 'license': 'ODbL-1.0', 'record_id': 'w338944221@6', 'update_time': '2026-05-25T10:48:20.000Z', 'confidence': None, 'between': None, 'provider': 'osm', 'resource': 'planet', 'version': '2026-09-06T00:00:00.000Z'}]", "level": null, "height": null, "min_height": null, "is_underground": false, "num_floors": 4.0, "num_floors_underground": null, "min_floor": null, "subtype": "residential", "class": "apartments", "facade_color": null, "facade_material": null, "roof_material": null, "roof_shape": null, "roof_direction": null, "roof_orientation": null, "roof_color": null, "roof_height": null, "has_parts": false, "version": 2, "bbox": { "xmin": 8.530059814453125, "xmax": 8.53028678894043, "ymin": 47.37491989135742, "ymax": 47.37506103515625 } }, "geometry": { "type": "Polygon", "coordinates": [ [ [ 8.5301794, 47.3750338 ], [ 8.530154, 47.3750545 ], [ 8.5301488, 47.3750592 ], [ 8.5300607, 47.3750083 ], [ 8.5301163, 47.3749649 ], [ 8.5301628, 47.3749266 ], [ 8.5302859, 47.3749968 ], [ 8.5302149, 47.3750541 ], [ 8.5301794, 47.3750338 ] ] ] } },
{ "type": "Feature", "properties": { "id": "d11551bf-51f4-4911-9296-f95a6ab7b61c", "names": null, "sources": "[{'property': '', 'dataset': 'OpenStreetMap', 'license': 'ODbL-1.0', 'record_id': 'w338944209@6', 'update_time': '2026-05-25T10:48:16.000Z', 'confidence': None, 'between': None, 'provider': 'osm', 'resource': 'planet', 'version': '2026-09-06T00:00:00.000Z'}]", "level": null, "height": null, "min_height": null, "is_underground": false, "num_floors": 4.0, "num_floors_underground": null, "min_floor": null, "subtype": "residential", "class": "apartments", "facade_color": null, "facade_material": null, "roof_material": null, "roof_shape": null, "roof_direction": null, "roof_orientation": null, "roof_color": null, "roof_height": null, "has_parts": false, "version": 2, "bbox": { "xmin": 8.529997825622559, "xmax": 8.530208587646484, "ymin": 47.37500762939453, "ymax": 47.37516784667969 } }, "geometry": { "type": "Polygon", "coordinates": [ [ [ 8.5299993, 47.3750572 ], [ 8.5300607, 47.3750083 ], [ 8.5301488, 47.3750592 ], [ 8.530154, 47.3750545 ], [ 8.5302078, 47.3750905 ], [ 8.5300956, 47.3751666 ], [ 8.5300514, 47.375134 ], [ 8.5300065, 47.3751026 ], [ 8.5299993, 47.3750572 ] ] ] } },
{ "type": "Feature", "properties": { "id": "5fda59f5-1c18-467c-b45a-f85e9ba4c946", "names": null, "sources": "[{'property': '', 'dataset': 'OpenStreetMap', 'license': 'ODbL-1.0', 'record_id': 'w339029338@6', 'update_time': '2026-05-25T10:48:08.000Z', 'confidence': None, 'between': None, 'provider': 'osm', 'resource': 'planet', 'version': '2026-09-06T00:00:00.000Z'}]", "level": null, "height": null, "min_height": null, "is_underground": false, "num_floors": 4.0, "num_floors_underground": null, "min_floor": null, "subtype": "residential", "class": "apartments", "facade_color": null, "facade_material": null, "roof_material": null, "roof_shape": null, "roof_direction": null, "roof_orientation": null, "roof_color": null, "roof_height": null, "has_parts": false, "version": 2, "bbox": { "xmin": 8.529773712158203, "xmax": 8.53000259399414, "ymin": 47.375160217285156, "ymax": 47.375301361083984 } }, "geometry": { "type": "Polygon", "coordinates": [ [ [ 8.5298985, 47.3751676 ], [ 8.5300018, 47.37524 ], [ 8.5299182, 47.3753002 ], [ 8.5298848, 47.375279 ], [ 8.5298705, 47.3752779 ], [ 8.5298565, 47.3752893 ], [ 8.5297746, 47.3752372 ], [ 8.5298613, 47.3751682 ], [ 8.5298985, 47.3751676 ] ] ] } },
{ "type": "Feature", "properties": { "id": "0ddf3211-3311-4a9e-846a-0a8f319d56ed", "names": "{'primary': 'Zeughaus 1', 'common': None, 'rules': None}", "sources": "[{'property': '', 'dataset': 'OpenStreetMap', 'license': 'ODbL-1.0', 'record_id': 'w28943803@11', 'update_time': '2026-05-25T10:07:01.000Z', 'confidence': None, 'between': None, 'provider': 'osm', 'resource': 'planet', 'version': '2026-09-06T00:00:00.000Z'}\n {'property': '/properties/height', 'dataset': 'Microsoft ML Buildings', 'license': 'ODbL-1.0', 'record_id': None, 'update_time': None, 'confidence': None, 'between': None, 'provider': 'microsoft', 'resource': 'ml_buildings', 'version': '2026-08-11'}]", "level": null, "height": 10.870375633239746, "min_height": null, "is_underground": false, "num_floors": 1.0, "num_floors_underground": null, "min_floor": null, "subtype": "commercial", "class": "retail", "facade_color": null, "facade_material": null, "roof_material": null, "roof_shape": null, "roof_direction": null, "roof_orientation": null, "roof_color": null, "roof_height": null, "has_parts": false, "version": 3, "bbox": { "xmin": 8.529300689697266, "xmax": 8.530122756958008, "ymin": 47.37711715698242, "ymax": 47.3778076171875 } }, "geometry": { "type": "Polygon", "coordinates": [ [ [ 8.5295674, 47.3774461 ], [ 8.5293014, 47.3772033 ], [ 8.5294697, 47.3771187 ], [ 8.5297359, 47.3773617 ], [ 8.5297417, 47.3773588 ], [ 8.529863, 47.3774695 ], [ 8.529856, 47.3774731 ], [ 8.5301221, 47.3777161 ], [ 8.5299533, 47.3778009 ], [ 8.5296869, 47.3775577 ], [ 8.5296811, 47.3775606 ], [ 8.5296205, 47.3775053 ], [ 8.5295598, 47.3774499 ], [ 8.5295674, 47.3774461 ] ] ] } },
{ "type": "Feature", "properties": { "id": "5528d4ca-1c93-4097-be9f-ae27d530239a", "names": "{'primary': 'Zeughaus 2', 'common': None, 'rules': None}", "sources": "[{'property': '', 'dataset': 'OpenStreetMap', 'license': 'ODbL-1.0', 'record_id': 'w28943809@12', 'update_time': '2026-03-21T16:00:16.000Z', 'confidence': None, 'between': None, 'provider': 'osm', 'resource': 'planet', 'version': '2026-09-06T00:00:00.000Z'}\n {'property': '/properties/height', 'dataset': 'Microsoft ML Buildings', 'license': 'ODbL-1.0', 'record_id': None, 'update_time': None, 'confidence': None, 'between': None, 'provider': 'microsoft', 'resource': 'ml_buildings', 'version': '2026-08-11'}]", "level": null, "height": 8.47808837890625, "min_height": null, "is_underground": false, "num_floors": null, "num_floors_underground": null, "min_floor": null, "subtype": null, "class": null, "facade_color": null, "facade_material": null, "roof_material": null, "roof_shape": null, "roof_direction": null, "roof_orientation": null, "roof_color": null, "roof_height": null, "has_parts": false, "version": 2, "bbox": { "xmin": 8.530044555664062, "xmax": 8.531254768371582, "ymin": 47.37752914428711, "ymax": 47.378196716308594 } }, "geometry": { "type": "Polygon", "coordinates": [ [ [ 8.5302573, 47.3778413 ], [ 8.5302597, 47.3778425 ], [ 8.5304203, 47.377992 ], [ 8.5304404, 47.3779923 ], [ 8.5310518, 47.3775659 ], [ 8.5310521, 47.3775661 ], [ 8.5310926, 47.3775381 ], [ 8.5310908, 47.3775366 ], [ 8.5311, 47.3775301 ], [ 8.5311093, 47.3775363 ], [ 8.5311073, 47.3775377 ], [ 8.5311704, 47.3775796 ], [ 8.5312428, 47.3776277 ], [ 8.5312447, 47.3776264 ], [ 8.5312533, 47.3776321 ], [ 8.5312443, 47.3776384 ], [ 8.5312421, 47.377637 ], [ 8.5304568, 47.378183 ], [ 8.5304592, 47.3781846 ], [ 8.5304514, 47.37819 ], [ 8.530439, 47.3781894 ], [ 8.5304392, 47.3781871 ], [ 8.5303825, 47.3781849 ], [ 8.5303823, 47.3781872 ], [ 8.5303695, 47.3781867 ], [ 8.5303629, 47.3781806 ], [ 8.5303656, 47.3781793 ], [ 8.5300558, 47.3778955 ], [ 8.5300531, 47.3778968 ], [ 8.5300447, 47.3778892 ], [ 8.5300561, 47.3778834 ], [ 8.530058, 47.3778851 ], [ 8.5302096, 47.3778088 ], [ 8.5302077, 47.3778071 ], [ 8.5302189, 47.3778015 ], [ 8.530227, 47.3778089 ], [ 8.5302242, 47.3778109 ], [ 8.5302573, 47.3778413 ] ] ] } },
{ "type": "Feature", "properties": { "id": "1e9ab6ba-9327-44c6-bf39-568eba80e2b8", "names": "{'primary': 'Zeughaus 2 Hofeinbau', 'common': None, 'rules': None}", "sources": "[{'property': '', 'dataset': 'OpenStreetMap', 'license': 'ODbL-1.0', 'record_id': 'w409968047@9', 'update_time': '2026-05-25T10:10:46.000Z', 'confidence': None, 'between': None, 'provider': 'osm', 'resource': 'planet', 'version': '2026-09-06T00:00:00.000Z'}]", "level": null, "height": null, "min_height": null, "is_underground": false, "num_floors": 1.0, "num_floors_underground": null, "min_floor": null, "subtype": "commercial", "class": "retail", "facade_color": null, "facade_material": null, "roof_material": null, "roof_shape": null, "roof_direction": null, "roof_orientation": null, "roof_color": null, "roof_height": null, "has_parts": false, "version": 2, "bbox": { "xmin": 8.530257225036621, "xmax": 8.531052589416504, "ymin": 47.3774299621582, "ymax": 47.37799835205078 } }, "geometry": { "type": "Polygon", "coordinates": [ [ [ 8.530523, 47.37766 ], [ 8.5305432, 47.3776459 ], [ 8.5308494, 47.3774314 ], [ 8.5310518, 47.3775659 ], [ 8.5304404, 47.3779923 ], [ 8.5304203, 47.377992 ], [ 8.5302597, 47.3778425 ], [ 8.5302573, 47.3778413 ], [ 8.5302641, 47.3778403 ], [ 8.5302845, 47.3778261 ], [ 8.5302831, 47.3778252 ], [ 8.5302886, 47.3778213 ], [ 8.5302901, 47.3778222 ], [ 8.5303311, 47.3777937 ], [ 8.5303297, 47.3777928 ], [ 8.5303354, 47.3777888 ], [ 8.5303367, 47.3777897 ], [ 8.5303777, 47.3777612 ], [ 8.5303763, 47.3777603 ], [ 8.5303819, 47.3777564 ], [ 8.5303833, 47.3777573 ], [ 8.5304242, 47.3777288 ], [ 8.5304229, 47.3777279 ], [ 8.5304285, 47.377724 ], [ 8.5304298, 47.3777249 ], [ 8.5304708, 47.3776964 ], [ 8.5304694, 47.3776955 ], [ 8.530475, 47.3776915 ], [ 8.5304764, 47.3776925 ], [ 8.5305174, 47.3776639 ], [ 8.530516, 47.3776629 ], [ 8.5305216, 47.3776591 ], [ 8.530523, 47.37766 ] ] ] } },
{ "type": "Feature", "properties": { "id": "89bf5ede-bb7c-48ad-9936-87fb3daba51d", "names": null, "sources": "[{'property': '', 'dataset': 'Microsoft ML Buildings', 'license': 'ODbL-1.0', 'record_id': None, 'update_time': None, 'confidence': None, 'between': None, 'provider': 'microsoft', 'resource': 'ml_buildings', 'version': '2026-08-11'}]", "level": null, "height": 4.1815433502197266, "min_height": null, "is_underground": false, "num_floors": null, "num_floors_underground": null, "min_floor": null, "subtype": null, "class": null, "facade_color": null, "facade_material": null, "roof_material": null, "roof_shape": null, "roof_direction": null, "roof_orientation": null, "roof_color": null, "roof_height": null, "has_parts": false, "version": 4, "bbox": { "xmin": 8.530529975891113, "xmax": 8.530628204345703, "ymin": 47.37712860107422, "ymax": 47.377201080322266 } }, "geometry": { "type": "Polygon", "coordinates": [ [ [ 8.5306275, 47.3771596 ], [ 8.5305794, 47.3771949 ], [ 8.5305301, 47.3771641 ], [ 8.5305783, 47.3771288 ], [ 8.5306275, 47.3771596 ] ] ] } },
{ "type": "Feature", "properties": { "id": "072e28e3-537b-4ddc-ab46-9e1960d6d9ff", "names": "{'primary': 'Zeughaus 4', 'common': None, 'rules': None}", "sources": "[{'property': '', 'dataset': 'OpenStreetMap', 'license': 'ODbL-1.0', 'record_id': 'w409968048@12', 'update_time': '2026-05-25T10:41:27.000Z', 'confidence': None, 'between': None, 'provider': 'osm', 'resource': 'planet', 'version': '2026-09-06T00:00:00.000Z'}]", "level": null, "height": null, "min_height": null, "is_underground": false, "num_floors": 2.0, "num_floors_underground": null, "min_floor": null, "subtype": "commercial", "class": "office", "facade_color": null, "facade_material": null, "roof_material": null, "roof_shape": null, "roof_direction": null, "roof_orientation": null, "roof_color": null, "roof_height": null, "has_parts": false, "version": 2, "bbox": { "xmin": 8.529569625854492, "xmax": 8.530538558959961, "ymin": 47.376251220703125, "ymax": 47.37690353393555 } }, "geometry": { "type": "Polygon", "coordinates": [ [ [ 8.5297279, 47.3762585 ], [ 8.5297378, 47.376252 ], [ 8.5297466, 47.3762579 ], [ 8.5297442, 47.3762596 ], [ 8.5297556, 47.3762673 ], [ 8.5298777, 47.3763489 ], [ 8.5298803, 47.3763471 ], [ 8.5298906, 47.376354 ], [ 8.5298822, 47.3763597 ], [ 8.5301688, 47.3765501 ], [ 8.5301741, 47.3765464 ], [ 8.5301851, 47.3765538 ], [ 8.5301815, 47.3765562 ], [ 8.5302393, 47.3765948 ], [ 8.5302429, 47.3765924 ], [ 8.530254, 47.3765998 ], [ 8.5302486, 47.3766035 ], [ 8.5305381, 47.3767956 ], [ 8.5304038, 47.3768879 ], [ 8.5303907, 47.3768969 ], [ 8.5301022, 47.3767049 ], [ 8.5300964, 47.3767089 ], [ 8.5300845, 47.376701 ], [ 8.5300875, 47.376699 ], [ 8.5300586, 47.3766798 ], [ 8.5300298, 47.3766606 ], [ 8.5300275, 47.3766622 ], [ 8.5300167, 47.376655 ], [ 8.5300219, 47.3766514 ], [ 8.5297357, 47.376461 ], [ 8.5297267, 47.3764671 ], [ 8.5297165, 47.3764603 ], [ 8.5297182, 47.3764591 ], [ 8.5295828, 47.3763685 ], [ 8.5295811, 47.3763697 ], [ 8.5295701, 47.3763624 ], [ 8.529581, 47.3763553 ], [ 8.5295837, 47.3763571 ], [ 8.5297306, 47.3762604 ], [ 8.5297279, 47.3762585 ] ] ] } },
{ "type": "Feature", "properties": { "id": "3bec9085-1d60-445c-b054-97420365b608", "names": null, "sources": "[{'property': '', 'dataset': 'OpenStreetMap', 'license': 'ODbL-1.0', 'record_id': 'w71504810@7', 'update_time': '2026-03-21T16:00:04.000Z', 'confidence': None, 'between': None, 'provider': 'osm', 'resource': 'planet', 'version': '2026-09-06T00:00:00.000Z'}]", "level": null, "height": null, "min_height": null, "is_underground": false, "num_floors": 3.0, "num_floors_underground": null, "min_floor": null, "subtype": "residential", "class": "apartments", "facade_color": null, "facade_material": null, "roof_material": null, "roof_shape": "gabled", "roof_direction": null, "roof_orientation": null, "roof_color": null, "roof_height": null, "has_parts": false, "version": 3, "bbox": { "xmin": 8.533003807067871, "xmax": 8.533259391784668, "ymin": 47.376468658447266, "ymax": 47.37665557861328 } }, "geometry": { "type": "Polygon", "coordinates": [ [ [ 8.5331139, 47.3766236 ], [ 8.5331174, 47.376622 ], [ 8.5330042, 47.3765482 ], [ 8.5331183, 47.3764687 ], [ 8.5332315, 47.3765456 ], [ 8.5332143, 47.3765575 ], [ 8.5332586, 47.376589 ], [ 8.5331596, 47.3766554 ], [ 8.5331139, 47.3766236 ] ] ] } },
{ "type": "Feature", "properties": { "id": "9664ebe6-352b-4eec-9658-55bfddd30f4b", "names": null, "sources": "[{'property': '', 'dataset': 'OpenStreetMap', 'license': 'ODbL-1.0', 'record_id': 'w71504823@6', 'update_time': '2026-03-21T16:00:26.000Z', 'confidence': None, 'between': None, 'provider': 'osm', 'resource': 'planet', 'version': '2026-09-06T00:00:00.000Z'}]", "level": null, "height": null, "min_height": null, "is_underground": false, "num_floors": null, "num_floors_underground": null, "min_floor": null, "subtype": null, "class": null, "facade_color": null, "facade_material": null, "roof_material": null, "roof_shape": null, "roof_direction": null, "roof_orientation": null, "roof_color": null, "roof_height": null, "has_parts": false, "version": 2, "bbox": { "xmin": 8.533149719238281, "xmax": 8.533358573913574, "ymin": 47.37636947631836, "ymax": 47.37650680541992 } }, "geometry": { "type": "Polygon", "coordinates": [ [ [ 8.5333538, 47.3764475 ], [ 8.5333581, 47.3764498 ], [ 8.5333361, 47.3764681 ], [ 8.5333206, 47.3764581 ], [ 8.5332915, 47.3764826 ], [ 8.5332651, 47.3765054 ], [ 8.5331504, 47.3764414 ], [ 8.5332259, 47.3763762 ], [ 8.5333538, 47.3764475 ] ] ] } },
{ "type": "Feature", "properties": { "id": "c42adbfe-4561-46a2-b69e-39243106753b", "names": null, "sources": "[{'property': '', 'dataset': 'OpenStreetMap', 'license': 'ODbL-1.0', 'record_id': 'w39674949@5', 'update_time': '2024-05-21T06:30:48.000Z', 'confidence': None, 'between': None, 'provider': 'osm', 'resource': 'planet', 'version': '2026-09-06T00:00:00.000Z'}]", "level": null, "height": null, "min_height": null, "is_underground": false, "num_floors": null, "num_floors_underground": null, "min_floor": null, "subtype": "service", "class": "service", "facade_color": null, "facade_material": null, "roof_material": null, "roof_shape": null, "roof_direction": null, "roof_orientation": null, "roof_color": null, "roof_height": null, "has_parts": false, "version": 1, "bbox": { "xmin": 8.532853126525879, "xmax": 8.532954216003418, "ymin": 47.37631607055664, "ymax": 47.37638854980469 } }, "geometry": { "type": "Polygon", "coordinates": [ [ [ 8.5329538, 47.3763592 ], [ 8.5329219, 47.3763827 ], [ 8.5328532, 47.3763398 ], [ 8.5328851, 47.3763164 ], [ 8.5329538, 47.3763592 ] ] ] } },
{ "type": "Feature", "properties": { "id": "426932d1-2ac1-435c-8578-41f7e038fdbd", "names": null, "sources": "[{'property': '', 'dataset': 'OpenStreetMap', 'license': 'ODbL-1.0', 'record_id': 'w339025318@4', 'update_time': '2026-03-21T16:00:39.000Z', 'confidence': None, 'between': None, 'provider': 'osm', 'resource': 'planet', 'version': '2026-09-06T00:00:00.000Z'}]", "level": null, "height": null, "min_height": null, "is_underground": false, "num_floors": null, "num_floors_underground": null, "min_floor": null, "subtype": null, "class": null, "facade_color": null, "facade_material": null, "roof_material": null, "roof_shape": null, "roof_direction": null, "roof_orientation": null, "roof_color": null, "roof_height": null, "has_parts": false, "version": 2, "bbox": { "xmin": 8.533225059509277, "xmax": 8.533445358276367, "ymin": 47.37630081176758, "ymax": 47.3764533996582 } }, "geometry": { "type": "Polygon", "coordinates": [ [ [ 8.5333538, 47.3764475 ], [ 8.5332259, 47.3763762 ], [ 8.5332707, 47.3763391 ], [ 8.5333156, 47.3763019 ], [ 8.5334439, 47.3763718 ], [ 8.5333538, 47.3764475 ] ] ] } },
{ "type": "Feature", "properties": { "id": "65097433-8820-462b-8857-6f72e2ebeec4", "names": null, "sources": "[{'property': '', 'dataset': 'OpenStreetMap', 'license': 'ODbL-1.0', 'record_id': 'w71504826@8', 'update_time': '2026-03-21T16:00:39.000Z', 'confidence': None, 'between': None, 'provider': 'osm', 'resource': 'planet', 'version': '2026-09-06T00:00:00.000Z'}\n {'property': '/properties/height', 'dataset': 'Microsoft ML Buildings', 'license': 'ODbL-1.0', 'record_id': None, 'update_time': None, 'confidence': None, 'between': None, 'provider': 'microsoft', 'resource': 'ml_buildings', 'version': '2026-08-11'}]", "level": null, "height": 7.4363865852355957, "min_height": null, "is_underground": false, "num_floors": null, "num_floors_underground": null, "min_floor": null, "subtype": null, "class": null, "facade_color": null, "facade_material": null, "roof_material": null, "roof_shape": null, "roof_direction": null, "roof_orientation": null, "roof_color": null, "roof_height": null, "has_parts": false, "version": 3, "bbox": { "xmin": 8.533310890197754, "xmax": 8.5337553024292, "ymin": 47.37626266479492, "ymax": 47.376644134521484 } }, "geometry": { "type": "Polygon", "coordinates": [ [ [ 8.5335081, 47.3763289 ], [ 8.5336133, 47.3762633 ], [ 8.5337363, 47.3763549 ], [ 8.5337544, 47.3764603 ], [ 8.5336264, 47.3765416 ], [ 8.5335423, 47.3765957 ], [ 8.5334689, 47.3766424 ], [ 8.5333263, 47.3765396 ], [ 8.5333117, 47.3765291 ], [ 8.5334983, 47.376412 ], [ 8.5335069, 47.3764196 ], [ 8.5335714, 47.3763774 ], [ 8.5335081, 47.3763289 ] ] ] } },
{ "type": "Feature", "properties": { "id": "3325fea1-d1b9-454d-9665-93f17bb18acc", "names": null, "sources": "[{'property': '', 'dataset': 'OpenStreetMap', 'license': 'ODbL-1.0', 'record_id': 'w339025312@4', 'update_time': '2026-03-21T16:00:29.000Z', 'confidence': None, 'between': None, 'provider': 'osm', 'resource': 'planet', 'version': '2026-09-06T00:00:00.000Z'}]", "level": null, "height": null, "min_height": null, "is_underground": false, "num_floors": null, "num_floors_underground": null, "min_floor": null, "subtype": null, "class": null, "facade_color": null, "facade_material": null, "roof_material": null, "roof_shape": null, "roof_direction": null, "roof_orientation": null, "roof_color": null, "roof_height": null, "has_parts": false, "version": 1, "bbox": { "xmin": 8.533927917480469, "xmax": 8.534036636352539, "ymin": 47.37640380859375, "ymax": 47.376487731933594 } }, "geometry": { "type": "Polygon", "coordinates": [ [ [ 8.533999, 47.3764817 ], [ 8.5339285, 47.3764376 ], [ 8.5339657, 47.3764103 ], [ 8.5340362, 47.3764545 ], [ 8.533999, 47.3764817 ] ] ] } },
{ "type": "Feature", "properties": { "id": "d9bd2a9b-a755-4d1b-b4ac-bc8dfe4af52c", "names": null, "sources": "[{'property': '', 'dataset': 'OpenStreetMap', 'license': 'ODbL-1.0', 'record_id': 'w71504805@7', 'update_time': '2026-03-21T16:00:36.000Z', 'confidence': None, 'between': None, 'provider': 'osm', 'resource': 'planet', 'version': '2026-09-06T00:00:00.000Z'}]", "level": null, "height": null, "min_height": null, "is_underground": false, "num_floors": 4.0, "num_floors_underground": null, "min_floor": null, "subtype": null, "class": null, "facade_color": null, "facade_material": null, "roof_material": null, "roof_shape": "gabled", "roof_direction": null, "roof_orientation": null, "roof_color": null, "roof_height": null, "has_parts": false, "version": 3, "bbox": { "xmin": 8.533159255981445, "xmax": 8.533407211303711, "ymin": 47.3765754699707, "ymax": 47.37675857543945 } }, "geometry": { "type": "Polygon", "coordinates": [ [ [ 8.5332984, 47.3767514 ], [ 8.5331596, 47.3766554 ], [ 8.5332586, 47.376589 ], [ 8.5332678, 47.3765825 ], [ 8.5333607, 47.3766443 ], [ 8.5334071, 47.3766786 ], [ 8.5332984, 47.3767514 ] ] ] } },
{ "type": "Feature", "properties": { "id": "0c9f8316-1624-40fd-b45f-9737e6583130", "names": "{'primary': 'Sihlhof', 'common': None, 'rules': None}", "sources": "[{'property': '', 'dataset': 'OpenStreetMap', 'license': 'ODbL-1.0', 'record_id': 'w28955699@12', 'update_time': '2026-03-21T16:00:33.000Z', 'confidence': None, 'between': None, 'provider': 'osm', 'resource': 'planet', 'version': '2026-09-06T00:00:00.000Z'}\n {'property': '/properties/height', 'dataset': 'Microsoft ML Buildings', 'license': 'ODbL-1.0', 'record_id': None, 'update_time': None, 'confidence': None, 'between': None, 'provider': 'microsoft', 'resource': 'ml_buildings', 'version': '2026-08-11'}]", "level": null, "height": 17.181045532226562, "min_height": null, "is_underground": false, "num_floors": 7.0, "num_floors_underground": null, "min_floor": null, "subtype": "education", "class": "school", "facade_color": null, "facade_material": null, "roof_material": null, "roof_shape": null, "roof_direction": null, "roof_orientation": null, "roof_color": null, "roof_height": null, "has_parts": false, "version": 3, "bbox": { "xmin": 8.53336238861084, "xmax": 8.534326553344727, "ymin": 47.37649154663086, "ymax": 47.37705612182617 } }, "geometry": { "type": "Polygon", "coordinates": [ [ [ 8.5342675, 47.3766273 ], [ 8.5343265, 47.3766698 ], [ 8.5340219, 47.3768634 ], [ 8.5340353, 47.3768731 ], [ 8.5339138, 47.3769504 ], [ 8.5339002, 47.3769406 ], [ 8.5337294, 47.3770491 ], [ 8.5333631, 47.3767959 ], [ 8.5335551, 47.3766719 ], [ 8.5338405, 47.3764987 ], [ 8.5340171, 47.3766261 ], [ 8.5341115, 47.3765661 ], [ 8.5341818, 47.3766168 ], [ 8.5342197, 47.3765927 ], [ 8.5342675, 47.3766273 ] ] ] } },
{ "type": "Feature", "properties": { "id": "045ea2b7-d1ab-4b93-9ec7-a27e1dc23f69", "names": null, "sources": "[{'property': '', 'dataset': 'OpenStreetMap', 'license': 'ODbL-1.0', 'record_id': 'w339025314@6', 'update_time': '2026-03-21T16:00:41.000Z', 'confidence': None, 'between': None, 'provider': 'osm', 'resource': 'planet', 'version': '2026-09-06T00:00:00.000Z'}]", "level": null, "height": null, "min_height": null, "is_underground": false, "num_floors": 6.0, "num_floors_underground": null, "min_floor": null, "subtype": "commercial", "class": "office", "facade_color": null, "facade_material": null, "roof_material": null, "roof_shape": null, "roof_direction": null, "roof_orientation": null, "roof_color": null, "roof_height": null, "has_parts": false, "version": 2, "bbox": { "xmin": 8.533086776733398, "xmax": 8.533531188964844, "ymin": 47.3768424987793, "ymax": 47.37721633911133 } }, "geometry": { "type": "Polygon", "coordinates": [ [ [ 8.5334542, 47.3771755 ], [ 8.5334017, 47.3772106 ], [ 8.5333001, 47.37714 ], [ 8.5333368, 47.3771147 ], [ 8.5331475, 47.3769838 ], [ 8.5331426, 47.3769866 ], [ 8.5331334, 47.3769868 ], [ 8.5330964, 47.3769607 ], [ 8.5330957, 47.3769546 ], [ 8.533101, 47.3769509 ], [ 8.5330869, 47.3769418 ], [ 8.5330907, 47.3769395 ], [ 8.5332319, 47.3768441 ], [ 8.5334419, 47.3769892 ], [ 8.5334559, 47.3769795 ], [ 8.5334788, 47.3769958 ], [ 8.5335018, 47.377012 ], [ 8.5334781, 47.3770273 ], [ 8.5334875, 47.3770339 ], [ 8.5334917, 47.3770315 ], [ 8.5335016, 47.3770311 ], [ 8.5335244, 47.3770473 ], [ 8.533525, 47.377054 ], [ 8.5335206, 47.3770568 ], [ 8.5335303, 47.377064 ], [ 8.5334073, 47.3771427 ], [ 8.5334542, 47.3771755 ] ] ] } },
{ "type": "Feature", "properties": { "id": "a3a3f2c5-54fe-4d39-b01a-da3086d16bb9", "names": null, "sources": "[{'property': '', 'dataset': 'OpenStreetMap', 'license': 'ODbL-1.0', 'record_id': 'w71504816@7', 'update_time': '2026-03-21T16:00:44.000Z', 'confidence': None, 'between': None, 'provider': 'osm', 'resource': 'planet', 'version': '2026-09-06T00:00:00.000Z'}]", "level": null, "height": null, "min_height": null, "is_underground": false, "num_floors": null, "num_floors_underground": null, "min_floor": null, "subtype": "commercial", "class": "office", "facade_color": null, "facade_material": null, "roof_material": null, "roof_shape": null, "roof_direction": null, "roof_orientation": null, "roof_color": null, "roof_height": null, "has_parts": false, "version": 2, "bbox": { "xmin": 8.532964706420898, "xmax": 8.533232688903809, "ymin": 47.37675857543945, "ymax": 47.37694549560547 } }, "geometry": { "type": "Polygon", "coordinates": [ [ [ 8.5329807, 47.3768623 ], [ 8.5329835, 47.3768643 ], [ 8.5331251, 47.3767701 ], [ 8.5331224, 47.3767681 ], [ 8.5331349, 47.3767587 ], [ 8.533172, 47.3767841 ], [ 8.5331579, 47.3767924 ], [ 8.5331835, 47.37681 ], [ 8.5332319, 47.3768441 ], [ 8.5330907, 47.3769395 ], [ 8.5330166, 47.3768874 ], [ 8.5330019, 47.3768966 ], [ 8.5329655, 47.3768717 ], [ 8.5329807, 47.3768623 ] ] ] } },
{ "type": "Feature", "properties": { "id": "d10b0b4a-71bf-4829-b127-6d6faa097bcc", "names": null, "sources": "[{'property': '', 'dataset': 'OpenStreetMap', 'license': 'ODbL-1.0', 'record_id': 'w339025316@5', 'update_time': '2026-03-21T16:00:27.000Z', 'confidence': None, 'between': None, 'provider': 'osm', 'resource': 'planet', 'version': '2026-09-06T00:00:00.000Z'}]", "level": null, "height": null, "min_height": null, "is_underground": false, "num_floors": null, "num_floors_underground": null, "min_floor": null, "subtype": "commercial", "class": "office", "facade_color": null, "facade_material": null, "roof_material": null, "roof_shape": null, "roof_direction": null, "roof_orientation": null, "roof_color": null, "roof_height": null, "has_parts": false, "version": 2, "bbox": { "xmin": 8.532700538635254, "xmax": 8.533125877380371, "ymin": 47.376609802246094, "ymax": 47.376888275146484 } }, "geometry": { "type": "Polygon", "coordinates": [ [ [ 8.532883, 47.376882 ], [ 8.5328252, 47.3768432 ], [ 8.5327014, 47.376758 ], [ 8.5327209, 47.3767445 ], [ 8.5327203, 47.3767266 ], [ 8.5327471, 47.3767265 ], [ 8.5327912, 47.3766958 ], [ 8.5327904, 47.376678 ], [ 8.5328166, 47.3766779 ], [ 8.5328602, 47.3766477 ], [ 8.5328601, 47.3766293 ], [ 8.5328874, 47.3766292 ], [ 8.5329048, 47.3766167 ], [ 8.5329278, 47.3766328 ], [ 8.5329546, 47.3766328 ], [ 8.5329538, 47.3766513 ], [ 8.5329981, 47.3766818 ], [ 8.5330243, 47.3766811 ], [ 8.5330243, 47.3766997 ], [ 8.5330589, 47.3767237 ], [ 8.5330684, 47.3767303 ], [ 8.5330947, 47.3767299 ], [ 8.533094, 47.3767482 ], [ 8.5331224, 47.3767681 ], [ 8.5331251, 47.3767701 ], [ 8.5329835, 47.3768643 ], [ 8.5329807, 47.3768623 ], [ 8.5329531, 47.376843 ], [ 8.532941, 47.3768426 ], [ 8.532883, 47.376882 ] ] ] } },
{ "type": "Feature", "properties": { "id": "7c5f1f88-3784-40b3-a69b-efea8efb1fe3", "names": null, "sources": "[{'property': '', 'dataset': 'OpenStreetMap', 'license': 'ODbL-1.0', 'record_id': 'w339025317@6', 'update_time': '2026-03-21T16:00:40.000Z', 'confidence': None, 'between': None, 'provider': 'osm', 'resource': 'planet', 'version': '2026-09-06T00:00:00.000Z'}]", "level": null, "height": null, "min_height": null, "is_underground": false, "num_floors": null, "num_floors_underground": null, "min_floor": null, "subtype": null, "class": null, "facade_color": null, "facade_material": null, "roof_material": null, "roof_shape": null, "roof_direction": null, "roof_orientation": null, "roof_color": null, "roof_height": null, "has_parts": false, "version": 2, "bbox": { "xmin": 8.532472610473633, "xmax": 8.532825469970703, "ymin": 47.37675094604492, "ymax": 47.37699508666992 } }, "geometry": { "type": "Polygon", "coordinates": [ [ [ 8.532473, 47.3769178 ], [ 8.5325301, 47.3768779 ], [ 8.5326443, 47.376798 ], [ 8.5327014, 47.376758 ], [ 8.5328252, 47.3768432 ], [ 8.5327389, 47.3769039 ], [ 8.5327406, 47.3769059 ], [ 8.5327219, 47.3769186 ], [ 8.5327085, 47.3769093 ], [ 8.532581, 47.376994 ], [ 8.532473, 47.3769178 ] ] ] } },
{ "type": "Feature", "properties": { "id": "28fcc620-2fa7-430e-957f-fbf61caccd03", "names": null, "sources": "[{'property': '', 'dataset': 'OpenStreetMap', 'license': 'ODbL-1.0', 'record_id': 'w71504822@7', 'update_time': '2026-03-21T16:00:26.000Z', 'confidence': None, 'between': None, 'provider': 'osm', 'resource': 'planet', 'version': '2026-09-06T00:00:00.000Z'}]", "level": null, "height": null, "min_height": null, "is_underground": false, "num_floors": 4.0, "num_floors_underground": null, "min_floor": null, "subtype": "residential", "class": "apartments", "facade_color": null, "facade_material": null, "roof_material": null, "roof_shape": null, "roof_direction": null, "roof_orientation": null, "roof_color": null, "roof_height": null, "has_parts": false, "version": 2, "bbox": { "xmin": 8.532645225524902, "xmax": 8.532917976379395, "ymin": 47.3769416809082, "ymax": 47.37712860107422 } }, "geometry": { "type": "Polygon", "coordinates": [ [ [ 8.5329178, 47.3770316 ], [ 8.5327725, 47.3771275 ], [ 8.5326459, 47.3770394 ], [ 8.5327905, 47.376943 ], [ 8.5329178, 47.3770316 ] ] ] } },
{ "type": "Feature", "properties": { "id": "cdc78fa5-7a8d-4adb-bac5-aef22f9456e5", "names": null, "sources": "[{'property': '', 'dataset': 'OpenStreetMap', 'license': 'ODbL-1.0', 'record_id': 'w1467645971@3', 'update_time': '2026-03-21T16:00:36.000Z', 'confidence': None, 'between': None, 'provider': 'osm', 'resource': 'planet', 'version': '2026-09-06T00:00:00.000Z'}]", "level": null, "height": null, "min_height": null, "is_underground": false, "num_floors": null, "num_floors_underground": null, "min_floor": null, "subtype": null, "class": null, "facade_color": null, "facade_material": null, "roof_material": null, "roof_shape": null, "roof_direction": null, "roof_orientation": null, "roof_color": null, "roof_height": null, "has_parts": false, "version": 1, "bbox": { "xmin": 8.532258033752441, "xmax": 8.532700538635254, "ymin": 47.3769645690918, "ymax": 47.37732696533203 } }, "geometry": { "type": "Polygon", "coordinates": [ [ [ 8.5324625, 47.3773206 ], [ 8.5323228, 47.3772151 ], [ 8.5324014, 47.3771605 ], [ 8.5322595, 47.3770664 ], [ 8.5323971, 47.3769707 ], [ 8.5325395, 47.3770651 ], [ 8.5325176, 47.3770803 ], [ 8.5327002, 47.377205 ], [ 8.5326809, 47.3772184 ], [ 8.532559, 47.3773025 ], [ 8.5325238, 47.3772781 ], [ 8.5324625, 47.3773206 ] ] ] } },
{ "type": "Feature", "properties": { "id": "aa5f33fa-6cf9-469f-8962-3394772337c7", "names": null, "sources": "[{'property': '', 'dataset': 'OpenStreetMap', 'license': 'ODbL-1.0', 'record_id': 'w409968052@6', 'update_time': '2026-03-21T16:00:18.000Z', 'confidence': None, 'between': None, 'provider': 'osm', 'resource': 'planet', 'version': '2026-09-06T00:00:00.000Z'}]", "level": null, "height": null, "min_height": null, "is_underground": false, "num_floors": 5.0, "num_floors_underground": null, "min_floor": null, "subtype": "commercial", "class": "office", "facade_color": null, "facade_material": null, "roof_material": null, "roof_shape": null, "roof_direction": null, "roof_orientation": null, "roof_color": null, "roof_height": null, "has_parts": false, "version": 2, "bbox": { "xmin": 8.532544136047363, "xmax": 8.5328369140625, "ymin": 47.37720489501953, "ymax": 47.37742614746094 } }, "geometry": { "type": "Polygon", "coordinates": [ [ [ 8.5326809, 47.3772184 ], [ 8.5327002, 47.377205 ], [ 8.532791, 47.3772716 ], [ 8.5328124, 47.3772906 ], [ 8.5328352, 47.3773133 ], [ 8.5328225, 47.3773218 ], [ 8.5328361, 47.3773314 ], [ 8.5326905, 47.3774239 ], [ 8.5326784, 47.3774143 ], [ 8.53266, 47.3774259 ], [ 8.5326248, 47.3774042 ], [ 8.5325942, 47.3773809 ], [ 8.5325674, 47.3773573 ], [ 8.532585, 47.3773471 ], [ 8.5325724, 47.3773372 ], [ 8.532577, 47.3773345 ], [ 8.5325442, 47.3773113 ], [ 8.532559, 47.3773025 ], [ 8.5326809, 47.3772184 ] ] ] } },
{ "type": "Feature", "properties": { "id": "bc5c97d2-8420-4512-8967-766a508ec4c5", "names": null, "sources": "[{'property': '', 'dataset': 'OpenStreetMap', 'license': 'ODbL-1.0', 'record_id': 'w409968049@7', 'update_time': '2026-03-21T16:00:39.000Z', 'confidence': None, 'between': None, 'provider': 'osm', 'resource': 'planet', 'version': '2026-09-06T00:00:00.000Z'}]", "level": null, "height": null, "min_height": null, "is_underground": false, "num_floors": 6.0, "num_floors_underground": null, "min_floor": null, "subtype": "commercial", "class": "commercial", "facade_color": null, "facade_material": null, "roof_material": null, "roof_shape": null, "roof_direction": null, "roof_orientation": null, "roof_color": null, "roof_height": null, "has_parts": false, "version": 2, "bbox": { "xmin": 8.532702445983887, "xmax": 8.533095359802246, "ymin": 47.37734603881836, "ymax": 47.37760925292969 } }, "geometry": { "type": "Polygon", "coordinates": [ [ [ 8.5328518, 47.3776059 ], [ 8.5327026, 47.3775036 ], [ 8.5327282, 47.3774876 ], [ 8.532727, 47.3774862 ], [ 8.5329458, 47.3773468 ], [ 8.5330939, 47.3774547 ], [ 8.5329096, 47.3775713 ], [ 8.5329115, 47.3775729 ], [ 8.5328556, 47.377608 ], [ 8.5328518, 47.3776059 ] ] ] } },
{ "type": "Feature", "properties": { "id": "ae8eb387-2012-4de2-a07b-1fc2170e651f", "names": null, "sources": "[{'property': '', 'dataset': 'OpenStreetMap', 'license': 'ODbL-1.0', 'record_id': 'w339025315@5', 'update_time': '2026-03-21T16:00:04.000Z', 'confidence': None, 'between': None, 'provider': 'osm', 'resource': 'planet', 'version': '2026-09-06T00:00:00.000Z'}]", "level": null, "height": null, "min_height": null, "is_underground": false, "num_floors": null, "num_floors_underground": null, "min_floor": null, "subtype": "commercial", "class": "retail", "facade_color": null, "facade_material": null, "roof_material": null, "roof_shape": null, "roof_direction": null, "roof_orientation": null, "roof_color": null, "roof_height": null, "has_parts": false, "version": 1, "bbox": { "xmin": 8.533027648925781, "xmax": 8.533427238464355, "ymin": 47.37713623046875, "ymax": 47.377403259277344 } }, "geometry": { "type": "Polygon", "coordinates": [ [ [ 8.5330291, 47.3773068 ], [ 8.5332187, 47.3771817 ], [ 8.5332855, 47.3771367 ], [ 8.5332955, 47.3771369 ], [ 8.5333001, 47.37714 ], [ 8.5334017, 47.3772106 ], [ 8.5334264, 47.3772275 ], [ 8.5334258, 47.3772344 ], [ 8.5334138, 47.377242 ], [ 8.5334132, 47.3772611 ], [ 8.5333849, 47.3772608 ], [ 8.5333715, 47.3772706 ], [ 8.5333715, 47.3772894 ], [ 8.533342, 47.3772901 ], [ 8.5333288, 47.377299 ], [ 8.533328, 47.377318 ], [ 8.5333003, 47.3773178 ], [ 8.5332867, 47.3773269 ], [ 8.5332853, 47.3773466 ], [ 8.5332572, 47.3773464 ], [ 8.533244, 47.3773554 ], [ 8.533244, 47.3773749 ], [ 8.5332151, 47.377374 ], [ 8.5331745, 47.3774015 ], [ 8.5331648, 47.3774018 ], [ 8.5331247, 47.3773737 ], [ 8.5331071, 47.3773739 ], [ 8.5330967, 47.3773667 ], [ 8.5331032, 47.3773587 ], [ 8.5330983, 47.3773553 ], [ 8.5330802, 47.3773549 ], [ 8.53307, 47.3773478 ], [ 8.5330765, 47.37734 ], [ 8.5330291, 47.3773068 ] ] ] } },
{ "type": "Feature", "properties": { "id": "e4bbbccd-f77b-4f08-ba6d-f71a83ca391b", "names": null, "sources": "[{'property': '', 'dataset': 'OpenStreetMap', 'license': 'ODbL-1.0', 'record_id': 'w1467645992@3', 'update_time': '2026-03-21T15:59:55.000Z', 'confidence': None, 'between': None, 'provider': 'osm', 'resource': 'planet', 'version': '2026-09-06T00:00:00.000Z'}]", "level": null, "height": null, "min_height": null, "is_underground": false, "num_floors": null, "num_floors_underground": null, "min_floor": null, "subtype": null, "class": null, "facade_color": null, "facade_material": null, "roof_material": null, "roof_shape": null, "roof_direction": null, "roof_orientation": null, "roof_color": null, "roof_height": null, "has_parts": false, "version": 1, "bbox": { "xmin": 8.5328369140625, "xmax": 8.533219337463379, "ymin": 47.37704086303711, "ymax": 47.3773078918457 } }, "geometry": { "type": "Polygon", "coordinates": [ [ [ 8.5330268, 47.3770473 ], [ 8.5332187, 47.3771817 ], [ 8.5330291, 47.3773068 ], [ 8.5328373, 47.3771725 ], [ 8.5330268, 47.3770473 ] ] ] } },
{ "type": "Feature", "properties": { "id": "1c039187-b292-4a5c-a2c9-97204d70b8c4", "names": null, "sources": "[{'property': '', 'dataset': 'OpenStreetMap', 'license': 'ODbL-1.0', 'record_id': 'w339025320@5', 'update_time': '2026-03-21T16:00:05.000Z', 'confidence': None, 'between': None, 'provider': 'osm', 'resource': 'planet', 'version': '2026-09-06T00:00:00.000Z'}]", "level": null, "height": null, "min_height": null, "is_underground": false, "num_floors": 5.0, "num_floors_underground": null, "min_floor": null, "subtype": "commercial", "class": "office", "facade_color": null, "facade_material": null, "roof_material": null, "roof_shape": null, "roof_direction": null, "roof_orientation": null, "roof_color": null, "roof_height": null, "has_parts": false, "version": 2, "bbox": { "xmin": 8.533407211303711, "xmax": 8.533707618713379, "ymin": 47.377037048339844, "ymax": 47.37723922729492 } }, "geometry": { "type": "Polygon", "coordinates": [ [ [ 8.5335464, 47.377239 ], [ 8.5334542, 47.3771755 ], [ 8.5334073, 47.3771427 ], [ 8.5335303, 47.377064 ], [ 8.5335682, 47.3770376 ], [ 8.5336142, 47.3770702 ], [ 8.5337076, 47.377135 ], [ 8.5335464, 47.377239 ] ] ] } },
{ "type": "Feature", "properties": { "id": "8899c73d-272e-44af-99be-8b047e2fce7b", "names": null, "sources": "[{'property': '', 'dataset': 'OpenStreetMap', 'license': 'ODbL-1.0', 'record_id': 'w409968051@8', 'update_time': '2026-03-21T16:00:41.000Z', 'confidence': None, 'between': None, 'provider': 'osm', 'resource': 'planet', 'version': '2026-09-06T00:00:00.000Z'}]", "level": null, "height": null, "min_height": null, "is_underground": false, "num_floors": 7.0, "num_floors_underground": null, "min_floor": null, "subtype": "commercial", "class": "commercial", "facade_color": null, "facade_material": null, "roof_material": null, "roof_shape": "gabled", "roof_direction": null, "roof_orientation": "along", "roof_color": null, "roof_height": null, "has_parts": false, "version": 2, "bbox": { "xmin": 8.532386779785156, "xmax": 8.532852172851562, "ymin": 47.37750244140625, "ymax": 47.37781524658203 } }, "geometry": { "type": "Polygon", "coordinates": [ [ [ 8.5325345, 47.3778084 ], [ 8.5323871, 47.3777049 ], [ 8.5324551, 47.3776613 ], [ 8.5324748, 47.3776487 ], [ 8.5324945, 47.3776361 ], [ 8.5327026, 47.3775036 ], [ 8.5328518, 47.3776059 ], [ 8.53264, 47.3777419 ], [ 8.5326203, 47.3777543 ], [ 8.5326007, 47.3777666 ], [ 8.5325345, 47.3778084 ] ] ] } },
{ "type": "Feature", "properties": { "id": "3ca98a51-55fe-411e-9492-65b20a12164d", "names": null, "sources": "[{'property': '', 'dataset': 'OpenStreetMap', 'license': 'ODbL-1.0', 'record_id': 'w409968050@8', 'update_time': '2026-03-21T16:00:10.000Z', 'confidence': None, 'between': None, 'provider': 'osm', 'resource': 'planet', 'version': '2026-09-06T00:00:00.000Z'}]", "level": null, "height": null, "min_height": null, "is_underground": false, "num_floors": 7.0, "num_floors_underground": null, "min_floor": null, "subtype": "commercial", "class": "commercial", "facade_color": null, "facade_material": null, "roof_material": null, "roof_shape": "gabled", "roof_direction": null, "roof_orientation": "along", "roof_color": null, "roof_height": null, "has_parts": false, "version": 2, "bbox": { "xmin": 8.532114028930664, "xmax": 8.5325345993042, "ymin": 47.37770462036133, "ymax": 47.377994537353516 } }, "geometry": { "type": "Polygon", "coordinates": [ [ [ 8.5323871, 47.3777049 ], [ 8.5325345, 47.3778084 ], [ 8.5322526, 47.3779884 ], [ 8.5321149, 47.3778895 ], [ 8.5322072, 47.3778307 ], [ 8.5321967, 47.3778231 ], [ 8.5322157, 47.3778111 ], [ 8.5322262, 47.3778186 ], [ 8.5323862, 47.3777167 ], [ 8.5323781, 47.3777097 ], [ 8.5323871, 47.3777049 ] ] ] } },
{ "type": "Feature", "properties": { "id": "259f3993-c0bb-40eb-883b-05b80e3b47d3", "names": null, "sources": "[{'property': '', 'dataset': 'OpenStreetMap', 'license': 'ODbL-1.0', 'record_id': 'w71504797@8', 'update_time': '2026-03-21T16:00:02.000Z', 'confidence': None, 'between': None, 'provider': 'osm', 'resource': 'planet', 'version': '2026-09-06T00:00:00.000Z'}\n {'property': '/properties/height', 'dataset': 'Microsoft ML Buildings', 'license': 'ODbL-1.0', 'record_id': None, 'update_time': None, 'confidence': None, 'between': None, 'provider': 'microsoft', 'resource': 'ml_buildings', 'version': '2026-08-11'}]", "level": null, "height": 16.189611434936523, "min_height": null, "is_underground": false, "num_floors": 3.0, "num_floors_underground": null, "min_floor": null, "subtype": "commercial", "class": "office", "facade_color": null, "facade_material": null, "roof_material": null, "roof_shape": null, "roof_direction": null, "roof_orientation": null, "roof_color": null, "roof_height": null, "has_parts": false, "version": 3, "bbox": { "xmin": 8.53150463104248, "xmax": 8.531793594360352, "ymin": 47.377681732177734, "ymax": 47.37788391113281 } }, "geometry": { "type": "Polygon", "coordinates": [ [ [ 8.5315054, 47.3777377 ], [ 8.5315898, 47.3776824 ], [ 8.5317928, 47.3778224 ], [ 8.531709, 47.3778781 ], [ 8.5315729, 47.3777842 ], [ 8.5315054, 47.3777377 ] ] ] } },
{ "type": "Feature", "properties": { "id": "f4c0d64a-1602-4f4c-9ad8-073eab567fe7", "names": null, "sources": "[{'property': '', 'dataset': 'OpenStreetMap', 'license': 'ODbL-1.0', 'record_id': 'w530042657@5', 'update_time': '2026-03-21T15:59:57.000Z', 'confidence': None, 'between': None, 'provider': 'osm', 'resource': 'planet', 'version': '2026-09-06T00:00:00.000Z'}]", "level": null, "height": null, "min_height": null, "is_underground": false, "num_floors": 4.0, "num_floors_underground": null, "min_floor": null, "subtype": null, "class": null, "facade_color": null, "facade_material": null, "roof_material": null, "roof_shape": "gabled", "roof_direction": null, "roof_orientation": null, "roof_color": null, "roof_height": null, "has_parts": false, "version": 1, "bbox": { "xmin": 8.53167724609375, "xmax": 8.531950950622559, "ymin": 47.37758255004883, "ymax": 47.377777099609375 } }, "geometry": { "type": "Polygon", "coordinates": [ [ [ 8.5318712, 47.3777702 ], [ 8.5316781, 47.3776358 ], [ 8.531758, 47.3775827 ], [ 8.5319506, 47.377718 ], [ 8.5318712, 47.3777702 ] ] ] } },
{ "type": "Feature", "properties": { "id": "7f2ed14d-670d-4c88-ab1c-d5f7630c01e5", "names": null, "sources": "[{'property': '', 'dataset': 'OpenStreetMap', 'license': 'ODbL-1.0', 'record_id': 'w530042656@5', 'update_time': '2026-03-21T16:00:13.000Z', 'confidence': None, 'between': None, 'provider': 'osm', 'resource': 'planet', 'version': '2026-09-06T00:00:00.000Z'}]", "level": null, "height": null, "min_height": null, "is_underground": false, "num_floors": 5.0, "num_floors_underground": null, "min_floor": null, "subtype": null, "class": null, "facade_color": null, "facade_material": null, "roof_material": null, "roof_shape": "gabled", "roof_direction": null, "roof_orientation": null, "roof_color": null, "roof_height": null, "has_parts": false, "version": 1, "bbox": { "xmin": 8.531551361083984, "xmax": 8.531758308410645, "ymin": 47.37749099731445, "ymax": 47.377647399902344 } }, "geometry": { "type": "Polygon", "coordinates": [ [ [ 8.5316781, 47.3776358 ], [ 8.5316707, 47.377641 ], [ 8.531552, 47.3775576 ], [ 8.5316374, 47.3774982 ], [ 8.531758, 47.3775827 ], [ 8.5316781, 47.3776358 ] ] ] } },
{ "type": "Feature", "properties": { "id": "4413211d-139b-4900-83bc-487854c418d5", "names": null, "sources": "[{'property': '', 'dataset': 'OpenStreetMap', 'license': 'ODbL-1.0', 'record_id': 'w71504820@8', 'update_time': '2026-03-21T16:00:04.000Z', 'confidence': None, 'between': None, 'provider': 'osm', 'resource': 'planet', 'version': '2026-09-06T00:00:00.000Z'}\n {'property': '/properties/height', 'dataset': 'Microsoft ML Buildings', 'license': 'ODbL-1.0', 'record_id': None, 'update_time': None, 'confidence': None, 'between': None, 'provider': 'microsoft', 'resource': 'ml_buildings', 'version': '2026-08-11'}]", "level": null, "height": 17.050251007080078, "min_height": null, "is_underground": false, "num_floors": 5.0, "num_floors_underground": null, "min_floor": null, "subtype": "commercial", "class": "office", "facade_color": null, "facade_material": null, "roof_material": null, "roof_shape": null, "roof_direction": null, "roof_orientation": null, "roof_color": null, "roof_height": null, "has_parts": true, "version": 3, "bbox": { "xmin": 8.53170394897461, "xmax": 8.532296180725098, "ymin": 47.37736129760742, "ymax": 47.37778091430664 } }, "geometry": { "type": "Polygon", "coordinates": [ [ [ 8.5321811, 47.3777624 ], [ 8.5321625, 47.3777747 ], [ 8.5318362, 47.3775461 ], [ 8.531704, 47.3774526 ], [ 8.5318345, 47.3773621 ], [ 8.5322961, 47.3776864 ], [ 8.5321811, 47.3777624 ] ] ] } },
{ "type": "Feature", "properties": { "id": "6f739f54-205a-40a4-8371-6d517d2a286a", "names": null, "sources": "[{'property': '', 'dataset': 'OpenStreetMap', 'license': 'ODbL-1.0', 'record_id': 'w71504834@10', 'update_time': '2026-03-21T16:00:18.000Z', 'confidence': None, 'between': None, 'provider': 'osm', 'resource': 'planet', 'version': '2026-09-06T00:00:00.000Z'}\n {'property': '/properties/height', 'dataset': 'Microsoft ML Buildings', 'license': 'ODbL-1.0', 'record_id': None, 'update_time': None, 'confidence': None, 'between': None, 'provider': 'microsoft', 'resource': 'ml_buildings', 'version': '2026-08-11'}]", "level": null, "height": 16.102447509765625, "min_height": null, "is_underground": false, "num_floors": null, "num_floors_underground": null, "min_floor": null, "subtype": null, "class": null, "facade_color": null, "facade_material": null, "roof_material": null, "roof_shape": null, "roof_direction": null, "roof_orientation": null, "roof_color": null, "roof_height": null, "has_parts": false, "version": 4, "bbox": { "xmin": 8.531939506530762, "xmax": 8.532419204711914, "ymin": 47.37705993652344, "ymax": 47.37749481201172 } }, "geometry": { "type": "Polygon", "coordinates": [ [ [ 8.5322514, 47.377072 ], [ 8.5322595, 47.3770664 ], [ 8.5324014, 47.3771605 ], [ 8.5323228, 47.3772151 ], [ 8.5322355, 47.3772764 ], [ 8.5323691, 47.3773648 ], [ 8.532394, 47.3773813 ], [ 8.5324185, 47.3773975 ], [ 8.5322771, 47.3774938 ], [ 8.5322532, 47.3774777 ], [ 8.5322292, 47.3774616 ], [ 8.5320975, 47.377373 ], [ 8.5320772, 47.3773865 ], [ 8.5319398, 47.3772885 ], [ 8.532132, 47.3771551 ], [ 8.5322015, 47.3771067 ], [ 8.5321942, 47.3771019 ], [ 8.5321947, 47.377092 ], [ 8.5322301, 47.3770674 ], [ 8.5322441, 47.3770672 ], [ 8.5322514, 47.377072 ] ] ] } },
{ "type": "Feature", "properties": { "id": "f55ab5bf-a1af-4f25-8821-4597186f7c25", "names": null, "sources": "[{'property': '', 'dataset': 'OpenStreetMap', 'license': 'ODbL-1.0', 'record_id': 'w493253455@2', 'update_time': '2024-05-21T05:39:07.000Z', 'confidence': None, 'between': None, 'provider': 'osm', 'resource': 'planet', 'version': '2026-09-06T00:00:00.000Z'}]", "level": null, "height": null, "min_height": null, "is_underground": false, "num_floors": 1.0, "num_floors_underground": null, "min_floor": null, "subtype": "service", "class": "service", "facade_color": null, "facade_material": null, "roof_material": null, "roof_shape": null, "roof_direction": null, "roof_orientation": null, "roof_color": null, "roof_height": null, "has_parts": false, "version": 1, "bbox": { "xmin": 8.531503677368164, "xmax": 8.531554222106934, "ymin": 47.377403259277344, "ymax": 47.37744903564453 } }, "geometry": { "type": "Polygon", "coordinates": [ [ [ 8.5315135, 47.3774355 ], [ 8.5315044, 47.3774295 ], [ 8.5315328, 47.3774098 ], [ 8.5315535, 47.3774234 ], [ 8.5315268, 47.3774419 ], [ 8.5315153, 47.3774342 ], [ 8.5315135, 47.3774355 ] ] ] } },
{ "type": "Feature", "properties": { "id": "e1a6ada2-a427-4ae2-80fa-751dd4b2df29", "names": "{'primary': 'Zeughaus 3', 'common': None, 'rules': None}", "sources": "[{'property': '', 'dataset': 'OpenStreetMap', 'license': 'ODbL-1.0', 'record_id': 'w28943763@15', 'update_time': '2026-03-21T16:00:34.000Z', 'confidence': None, 'between': None, 'provider': 'osm', 'resource': 'planet', 'version': '2026-09-06T00:00:00.000Z'}]", "level": null, "height": null, "min_height": null, "is_underground": false, "num_floors": null, "num_floors_underground": null, "min_floor": null, "subtype": null, "class": null, "facade_color": null, "facade_material": null, "roof_material": null, "roof_shape": null, "roof_direction": null, "roof_orientation": null, "roof_color": null, "roof_height": null, "has_parts": false, "version": 1, "bbox": { "xmin": 8.530373573303223, "xmax": 8.531529426574707, "ymin": 47.37677764892578, "ymax": 47.3775634765625 } }, "geometry": { "type": "Polygon", "coordinates": [ [ [ 8.5313758, 47.3775484 ], [ 8.5313644, 47.3775562 ], [ 8.5313518, 47.3775478 ], [ 8.5313546, 47.3775459 ], [ 8.5312241, 47.377459 ], [ 8.531222, 47.3774604 ], [ 8.5312112, 47.3774532 ], [ 8.5312192, 47.3774477 ], [ 8.5309328, 47.3772571 ], [ 8.5309271, 47.3772611 ], [ 8.5309165, 47.377254 ], [ 8.5309191, 47.3772522 ], [ 8.5308896, 47.3772326 ], [ 8.5308601, 47.377213 ], [ 8.5308577, 47.3772147 ], [ 8.5308469, 47.3772075 ], [ 8.5308522, 47.3772039 ], [ 8.5305654, 47.3770131 ], [ 8.5305506, 47.3770232 ], [ 8.5305392, 47.3770156 ], [ 8.5305414, 47.3770141 ], [ 8.5305364, 47.3770108 ], [ 8.5305385, 47.3770093 ], [ 8.5304668, 47.3769615 ], [ 8.5303938, 47.3769134 ], [ 8.530392, 47.3769147 ], [ 8.5303872, 47.3769115 ], [ 8.530385, 47.376913 ], [ 8.5303736, 47.3769054 ], [ 8.5303854, 47.3768972 ], [ 8.5303878, 47.3768989 ], [ 8.5303907, 47.3768969 ], [ 8.5304038, 47.3768879 ], [ 8.5305381, 47.3767956 ], [ 8.5305414, 47.3767934 ], [ 8.5305384, 47.3767913 ], [ 8.5305496, 47.3767836 ], [ 8.5305606, 47.376791 ], [ 8.5305586, 47.3767924 ], [ 8.5305633, 47.3767955 ], [ 8.5305618, 47.3767965 ], [ 8.5306343, 47.3768448 ], [ 8.5307072, 47.3768932 ], [ 8.5307088, 47.3768921 ], [ 8.5307143, 47.3768957 ], [ 8.5307162, 47.3768944 ], [ 8.5307265, 47.3769012 ], [ 8.5307119, 47.3769113 ], [ 8.5309985, 47.3771017 ], [ 8.5310037, 47.377098 ], [ 8.5310156, 47.3771059 ], [ 8.5310128, 47.3771078 ], [ 8.531071, 47.3771464 ], [ 8.5310741, 47.3771443 ], [ 8.5310856, 47.377152 ], [ 8.5310806, 47.3771554 ], [ 8.5313668, 47.3773455 ], [ 8.5313746, 47.3773402 ], [ 8.5313858, 47.3773476 ], [ 8.5313836, 47.3773492 ], [ 8.5315044, 47.3774295 ], [ 8.5315135, 47.3774355 ], [ 8.5315153, 47.3774342 ], [ 8.5315268, 47.3774419 ], [ 8.5315288, 47.3774432 ], [ 8.5315185, 47.3774503 ], [ 8.5315153, 47.3774482 ], [ 8.5313726, 47.3775462 ], [ 8.5313758, 47.3775484 ] ] ] } },
{ "type": "Feature", "properties": { "id": "951b7891-4000-495c-83c2-3bd9138d4adf", "names": null, "sources": "[{'property': '', 'dataset': 'OpenStreetMap', 'license': 'ODbL-1.0', 'record_id': 'w1467645990@3', 'update_time': '2026-03-21T15:59:59.000Z', 'confidence': None, 'between': None, 'provider': 'osm', 'resource': 'planet', 'version': '2026-09-06T00:00:00.000Z'}]", "level": null, "height": null, "min_height": null, "is_underground": false, "num_floors": 3.0, "num_floors_underground": null, "min_floor": null, "subtype": null, "class": null, "facade_color": null, "facade_material": null, "roof_material": null, "roof_shape": null, "roof_direction": null, "roof_orientation": null, "roof_color": null, "roof_height": null, "has_parts": false, "version": 1, "bbox": { "xmin": 8.531396865844727, "xmax": 8.531598091125488, "ymin": 47.377593994140625, "ymax": 47.37773895263672 } }, "geometry": { "type": "Polygon", "coordinates": [ [ [ 8.5315974, 47.3776773 ], [ 8.5315898, 47.3776824 ], [ 8.5315054, 47.3777377 ], [ 8.5313977, 47.3776634 ], [ 8.5314875, 47.3776015 ], [ 8.5315974, 47.3776773 ] ] ] } },
{ "type": "Feature", "properties": { "id": "d300d64a-95c0-4c2a-97d5-a3e830c857a5", "names": null, "sources": "[{'property': '', 'dataset': 'OpenStreetMap', 'license': 'ODbL-1.0', 'record_id': 'w530296451@5', 'update_time': '2026-03-21T16:00:23.000Z', 'confidence': None, 'between': None, 'provider': 'osm', 'resource': 'planet', 'version': '2026-09-06T00:00:00.000Z'}]", "level": 1.0, "height": null, "min_height": null, "is_underground": false, "num_floors": null, "num_floors_underground": null, "min_floor": null, "subtype": "outbuilding", "class": "roof", "facade_color": null, "facade_material": null, "roof_material": null, "roof_shape": null, "roof_direction": null, "roof_orientation": null, "roof_color": null, "roof_height": null, "has_parts": false, "version": 2, "bbox": { "xmin": 8.531115531921387, "xmax": 8.531335830688477, "ymin": 47.37775421142578, "ymax": 47.37790298461914 } }, "geometry": { "type": "Polygon", "coordinates": [ [ [ 8.5313349, 47.377771 ], [ 8.5311393, 47.3778961 ], [ 8.5311363, 47.3778939 ], [ 8.5311162, 47.3778795 ], [ 8.5313118, 47.3777544 ], [ 8.5313349, 47.377771 ] ] ] } },
{ "type": "Feature", "properties": { "id": "23a0dafc-7e49-4028-93aa-fce7550e2a5c", "names": null, "sources": "[{'property': '', 'dataset': 'OpenStreetMap', 'license': 'ODbL-1.0', 'record_id': 'w530296448@4', 'update_time': '2026-03-21T16:00:37.000Z', 'confidence': None, 'between': None, 'provider': 'osm', 'resource': 'planet', 'version': '2026-09-06T00:00:00.000Z'}]", "level": 1.0, "height": null, "min_height": null, "is_underground": false, "num_floors": null, "num_floors_underground": null, "min_floor": null, "subtype": "outbuilding", "class": "roof", "facade_color": null, "facade_material": null, "roof_material": null, "roof_shape": null, "roof_direction": null, "roof_orientation": null, "roof_color": null, "roof_height": null, "has_parts": false, "version": 2, "bbox": { "xmin": 8.53117847442627, "xmax": 8.53136920928955, "ymin": 47.37779998779297, "ymax": 47.377925872802734 } }, "geometry": { "type": "Polygon", "coordinates": [ [ [ 8.5312195, 47.3779256 ], [ 8.5311789, 47.3778963 ], [ 8.5313282, 47.3778012 ], [ 8.5313688, 47.3778305 ], [ 8.5312195, 47.3779256 ] ] ] } },
{ "type": "Feature", "properties": { "id": "09696373-f67d-49bf-9def-4cc75449967b", "names": null, "sources": "[{'property': '', 'dataset': 'OpenStreetMap', 'license': 'ODbL-1.0', 'record_id': 'w1467645978@3', 'update_time': '2026-03-21T16:00:05.000Z', 'confidence': None, 'between': None, 'provider': 'osm', 'resource': 'planet', 'version': '2026-09-06T00:00:00.000Z'}]", "level": 1.0, "height": null, "min_height": null, "is_underground": false, "num_floors": null, "num_floors_underground": null, "min_floor": null, "subtype": "outbuilding", "class": "roof", "facade_color": null, "facade_material": null, "roof_material": null, "roof_shape": null, "roof_direction": null, "roof_orientation": null, "roof_color": null, "roof_height": null, "has_parts": false, "version": 1, "bbox": { "xmin": 8.531113624572754, "xmax": 8.53128433227539, "ymin": 47.37788772583008, "ymax": 47.378021240234375 } }, "geometry": { "type": "Polygon", "coordinates": [ [ [ 8.5311393, 47.3778961 ], [ 8.531284, 47.3779999 ], [ 8.5312622, 47.3780138 ], [ 8.5311145, 47.3779079 ], [ 8.5311363, 47.3778939 ], [ 8.5311393, 47.3778961 ] ] ] } },
{ "type": "Feature", "properties": { "id": "34f665b4-eb52-4bd6-9d7e-484880ab84c3", "names": null, "sources": "[{'property': '', 'dataset': 'OpenStreetMap', 'license': 'ODbL-1.0', 'record_id': 'w530296450@4', 'update_time': '2026-03-21T16:00:04.000Z', 'confidence': None, 'between': None, 'provider': 'osm', 'resource': 'planet', 'version': '2026-09-06T00:00:00.000Z'}]", "level": 1.0, "height": null, "min_height": null, "is_underground": false, "num_floors": null, "num_floors_underground": null, "min_floor": null, "subtype": "outbuilding", "class": "roof", "facade_color": null, "facade_material": null, "roof_material": null, "roof_shape": null, "roof_direction": null, "roof_orientation": null, "roof_color": null, "roof_height": null, "has_parts": false, "version": 2, "bbox": { "xmin": 8.531298637390137, "xmax": 8.53149127960205, "ymin": 47.37786865234375, "ymax": 47.37799835205078 } }, "geometry": { "type": "Polygon", "coordinates": [ [ [ 8.5313207, 47.3779983 ], [ 8.531299, 47.3779825 ], [ 8.5314689, 47.3778748 ], [ 8.5314906, 47.3778905 ], [ 8.5313207, 47.3779983 ] ] ] } },
{ "type": "Feature", "properties": { "id": "72b56b03-148b-4069-b8a4-53d9ffeffde5", "names": null, "sources": "[{'property': '', 'dataset': 'OpenStreetMap', 'license': 'ODbL-1.0', 'record_id': 'w530296449@4', 'update_time': '2026-03-21T16:00:27.000Z', 'confidence': None, 'between': None, 'provider': 'osm', 'resource': 'planet', 'version': '2026-09-06T00:00:00.000Z'}]", "level": 1.0, "height": null, "min_height": null, "is_underground": false, "num_floors": null, "num_floors_underground": null, "min_floor": null, "subtype": "outbuilding", "class": "roof", "facade_color": null, "facade_material": null, "roof_material": null, "roof_shape": null, "roof_direction": null, "roof_orientation": null, "roof_color": null, "roof_height": null, "has_parts": false, "version": 2, "bbox": { "xmin": 8.531238555908203, "xmax": 8.531429290771484, "ymin": 47.377838134765625, "ymax": 47.37797546386719 } }, "geometry": { "type": "Polygon", "coordinates": [ [ [ 8.5312797, 47.3779684 ], [ 8.5312391, 47.3779389 ], [ 8.5313879, 47.377845 ], [ 8.5314285, 47.3778745 ], [ 8.5312797, 47.3779684 ] ] ] } },
{ "type": "Feature", "properties": { "id": "8ae8c21c-bd0c-4549-88fe-b398e4e2d91a", "names": null, "sources": "[{'property': '', 'dataset': 'OpenStreetMap', 'license': 'ODbL-1.0', 'record_id': 'w41018098@13', 'update_time': '2026-03-21T16:00:27.000Z', 'confidence': None, 'between': None, 'provider': 'osm', 'resource': 'planet', 'version': '2026-09-06T00:00:00.000Z'}\n {'property': '/properties/height', 'dataset': 'Microsoft ML Buildings', 'license': 'ODbL-1.0', 'record_id': None, 'update_time': None, 'confidence': None, 'between': None, 'provider': 'microsoft', 'resource': 'ml_buildings', 'version': '2026-08-11'}]", "level": null, "height": 20.059991836547852, "min_height": null, "is_underground": false, "num_floors": 5.0, "num_floors_underground": null, "min_floor": null, "subtype": "education", "class": "school", "facade_color": null, "facade_material": null, "roof_material": null, "roof_shape": "flat", "roof_direction": null, "roof_orientation": null, "roof_color": null, "roof_height": null, "has_parts": false, "version": 3, "bbox": { "xmin": 8.530623435974121, "xmax": 8.531950950622559, "ymin": 47.37803268432617, "ymax": 47.37864685058594 } }, "geometry": { "type": "Polygon", "coordinates": [ [ [ 8.5306308, 47.3782384 ], [ 8.5306241, 47.3782336 ], [ 8.5307696, 47.3781421 ], [ 8.530836, 47.3781908 ], [ 8.5308481, 47.3781833 ], [ 8.5308894, 47.3782134 ], [ 8.5308909, 47.3782183 ], [ 8.5308909, 47.3782226 ], [ 8.530889, 47.3782276 ], [ 8.5308812, 47.3782326 ], [ 8.5308762, 47.3782339 ], [ 8.5308691, 47.378235 ], [ 8.5308672, 47.3782362 ], [ 8.5309817, 47.3783191 ], [ 8.5314242, 47.3780387 ], [ 8.5314353, 47.3780472 ], [ 8.5316462, 47.378202 ], [ 8.5317247, 47.3781517 ], [ 8.5317222, 47.37815 ], [ 8.5317176, 47.3781494 ], [ 8.531713, 47.3781479 ], [ 8.5317107, 47.3781469 ], [ 8.5317036, 47.3781404 ], [ 8.5317031, 47.3781368 ], [ 8.5317032, 47.3781325 ], [ 8.5317036, 47.3781294 ], [ 8.5317507, 47.3780993 ], [ 8.5317607, 47.3781076 ], [ 8.5318154, 47.3780729 ], [ 8.5319509, 47.3781709 ], [ 8.5314533, 47.3784874 ], [ 8.5314249, 47.3784671 ], [ 8.5314127, 47.378476 ], [ 8.5314315, 47.3784902 ], [ 8.53133, 47.3785548 ], [ 8.5313105, 47.3785405 ], [ 8.5311524, 47.3786408 ], [ 8.5311467, 47.3786367 ], [ 8.5310192, 47.3785444 ], [ 8.5309587, 47.3784993 ], [ 8.5309744, 47.3784884 ], [ 8.5306308, 47.3782384 ] ] ] } },
{ "type": "Feature", "properties": { "id": "15cf9fec-9b86-4e7b-924d-1c744c235c83", "names": null, "sources": "[{'property': '', 'dataset': 'OpenStreetMap', 'license': 'ODbL-1.0', 'record_id': 'w357627447@5', 'update_time': '2026-03-21T16:00:10.000Z', 'confidence': None, 'between': None, 'provider': 'osm', 'resource': 'planet', 'version': '2026-09-06T00:00:00.000Z'}]", "level": null, "height": null, "min_height": null, "is_underground": false, "num_floors": null, "num_floors_underground": null, "min_floor": null, "subtype": null, "class": null, "facade_color": null, "facade_material": null, "roof_material": null, "roof_shape": null, "roof_direction": null, "roof_orientation": null, "roof_color": null, "roof_height": null, "has_parts": false, "version": 2, "bbox": { "xmin": 8.531558990478516, "xmax": 8.531694412231445, "ymin": 47.37797546386719, "ymax": 47.378074645996094 } }, "geometry": { "type": "Polygon", "coordinates": [ [ [ 8.5316346, 47.3780677 ], [ 8.5315593, 47.3780131 ], [ 8.5316182, 47.3779759 ], [ 8.5316935, 47.3780305 ], [ 8.5316346, 47.3780677 ] ] ] } },
{ "type": "Feature", "properties": { "id": "70856cc9-db67-4525-b6ad-3ae97659a367", "names": null, "sources": "[{'property': '', 'dataset': 'OpenStreetMap', 'license': 'ODbL-1.0', 'record_id': 'w71504798@12', 'update_time': '2026-03-21T15:59:59.000Z', 'confidence': None, 'between': None, 'provider': 'osm', 'resource': 'planet', 'version': '2026-09-06T00:00:00.000Z'}]", "level": null, "height": null, "min_height": null, "is_underground": false, "num_floors": 6.0, "num_floors_underground": null, "min_floor": null, "subtype": "commercial", "class": "office", "facade_color": null, "facade_material": null, "roof_material": null, "roof_shape": null, "roof_direction": null, "roof_orientation": null, "roof_color": null, "roof_height": null, "has_parts": true, "version": 2, "bbox": { "xmin": 8.531807899475098, "xmax": 8.53225326538086, "ymin": 47.377811431884766, "ymax": 47.37812423706055 } }, "geometry": { "type": "Polygon", "coordinates": [ [ [ 8.5321149, 47.3778895 ], [ 8.5322526, 47.3779884 ], [ 8.5320516, 47.3781172 ], [ 8.5319069, 47.3780174 ], [ 8.5319176, 47.3780102 ], [ 8.5319268, 47.378 ], [ 8.5319442, 47.3779932 ], [ 8.5318083, 47.3778954 ], [ 8.5318912, 47.3778426 ], [ 8.531903, 47.3778511 ], [ 8.5319557, 47.3778176 ], [ 8.5320798, 47.3779069 ], [ 8.5321116, 47.3778871 ], [ 8.5321149, 47.3778895 ] ] ] } },
{ "type": "Feature", "properties": { "id": "4e23234a-0ff7-4831-b083-2f634f446ddf", "names": "{'primary': 'Geschäftshaus Europaallee', 'common': None, 'rules': array([{'variant': 'alternate', 'language': None, 'perspectives': None, 'value': 'Geschäftshaus Europaallee', 'between': None, 'side': None}],\n      dtype=object)}", "sources": "[{'property': '', 'dataset': 'OpenStreetMap', 'license': 'ODbL-1.0', 'record_id': 'w894887989@6', 'update_time': '2026-03-21T16:00:37.000Z', 'confidence': None, 'between': None, 'provider': 'osm', 'resource': 'planet', 'version': '2026-09-06T00:00:00.000Z'}]", "level": null, "height": null, "min_height": null, "is_underground": false, "num_floors": 8.0, "num_floors_underground": null, "min_floor": null, "subtype": "commercial", "class": "office", "facade_color": null, "facade_material": null, "roof_material": null, "roof_shape": null, "roof_direction": null, "roof_orientation": null, "roof_color": null, "roof_height": null, "has_parts": false, "version": 1, "bbox": { "xmin": 8.532596588134766, "xmax": 8.533458709716797, "ymin": 47.37770462036133, "ymax": 47.378257751464844 } }, "geometry": { "type": "Polygon", "coordinates": [ [ [ 8.5326772, 47.3781757 ], [ 8.5326026, 47.3781091 ], [ 8.5325975, 47.3781036 ], [ 8.5326481, 47.3780761 ], [ 8.5326988, 47.3780487 ], [ 8.532881, 47.3779142 ], [ 8.5328996, 47.377921 ], [ 8.5332302, 47.377711 ], [ 8.5333868, 47.3778538 ], [ 8.5334578, 47.377908 ], [ 8.533445, 47.3779146 ], [ 8.5333503, 47.3779627 ], [ 8.5332784, 47.3779997 ], [ 8.5331834, 47.3780475 ], [ 8.5328194, 47.3782301 ], [ 8.5327664, 47.3782567 ], [ 8.5326968, 47.3781929 ], [ 8.5327477, 47.3781673 ], [ 8.5327986, 47.3781416 ], [ 8.5327679, 47.3781147 ], [ 8.5327226, 47.3781452 ], [ 8.5326772, 47.3781757 ] ] ] } },
{ "type": "Feature", "properties": { "id": "1a20f764-e1bf-4b18-a0e0-bd397b976a68", "names": "{'primary': 'Geschäftshaus Europaallee', 'common': None, 'rules': array([{'variant': 'alternate', 'language': None, 'perspectives': None, 'value': 'Geschäftshaus Europaallee', 'between': None, 'side': None}],\n      dtype=object)}", "sources": "[{'property': '', 'dataset': 'OpenStreetMap', 'license': 'ODbL-1.0', 'record_id': 'w192097235@7', 'update_time': '2026-03-21T16:00:09.000Z', 'confidence': None, 'between': None, 'provider': 'osm', 'resource': 'planet', 'version': '2026-09-06T00:00:00.000Z'}]", "level": null, "height": null, "min_height": null, "is_underground": false, "num_floors": 8.0, "num_floors_underground": null, "min_floor": null, "subtype": "commercial", "class": "office", "facade_color": null, "facade_material": null, "roof_material": null, "roof_shape": null, "roof_direction": null, "roof_orientation": null, "roof_color": null, "roof_height": null, "has_parts": false, "version": 1, "bbox": { "xmin": 8.533183097839355, "xmax": 8.534022331237793, "ymin": 47.37791442871094, "ymax": 47.378536224365234 } }, "geometry": { "type": "Polygon", "coordinates": [ [ [ 8.5336428, 47.3784655 ], [ 8.5334996, 47.3783353 ], [ 8.53343, 47.3782713 ], [ 8.5332382, 47.3780965 ], [ 8.5332108, 47.378072 ], [ 8.5331834, 47.3780475 ], [ 8.5332784, 47.3779997 ], [ 8.5333052, 47.3780245 ], [ 8.5333319, 47.3780492 ], [ 8.5334043, 47.3780117 ], [ 8.5333773, 47.3779872 ], [ 8.5333503, 47.3779627 ], [ 8.533445, 47.3779146 ], [ 8.5334715, 47.3779395 ], [ 8.5334979, 47.3779644 ], [ 8.5340209, 47.3784396 ], [ 8.5337191, 47.3785348 ], [ 8.5336428, 47.3784655 ] ] ] } },
{ "type": "Feature", "properties": { "id": "a67728bc-5e64-4cc8-90a2-8d845c31c958", "names": "{'primary': 'Geschäftshaus Europaallee', 'common': None, 'rules': array([{'variant': 'alternate', 'language': None, 'perspectives': None, 'value': 'Geschäftshaus Europaallee', 'between': None, 'side': None}],\n      dtype=object)}", "sources": "[{'property': '', 'dataset': 'OpenStreetMap', 'license': 'ODbL-1.0', 'record_id': 'w192097008@9', 'update_time': '2026-03-21T16:00:00.000Z', 'confidence': None, 'between': None, 'provider': 'osm', 'resource': 'planet', 'version': '2026-09-06T00:00:00.000Z'}]", "level": null, "height": null, "min_height": null, "is_underground": false, "num_floors": 8.0, "num_floors_underground": null, "min_floor": null, "subtype": "commercial", "class": "office", "facade_color": null, "facade_material": null, "roof_material": null, "roof_shape": null, "roof_direction": null, "roof_orientation": null, "roof_color": null, "roof_height": null, "has_parts": false, "version": 1, "bbox": { "xmin": 8.532772064208984, "xmax": 8.533720016479492, "ymin": 47.378265380859375, "ymax": 47.37870407104492 } }, "geometry": { "type": "Polygon", "coordinates": [ [ [ 8.5333786, 47.3782973 ], [ 8.53343, 47.3782713 ], [ 8.5334996, 47.3783353 ], [ 8.5334483, 47.3783607 ], [ 8.533397, 47.3783862 ], [ 8.533513, 47.3784927 ], [ 8.5335779, 47.3784791 ], [ 8.5336428, 47.3784655 ], [ 8.5337191, 47.3785348 ], [ 8.5336541, 47.3785484 ], [ 8.533589, 47.378562 ], [ 8.5329158, 47.3787023 ], [ 8.5327727, 47.3786045 ], [ 8.5328664, 47.3785572 ], [ 8.5329256, 47.3785269 ], [ 8.533014, 47.3784825 ], [ 8.5333272, 47.3783232 ], [ 8.5333786, 47.3782973 ] ] ] } },
{ "type": "Feature", "properties": { "id": "fded2f7d-d368-4416-a321-802642a80c1c", "names": "{'primary': 'Geschäftshaus Europaallee', 'common': None, 'rules': array([{'variant': 'alternate', 'language': None, 'perspectives': None, 'value': 'Geschäftshaus Europaallee', 'between': None, 'side': None}],\n      dtype=object)}", "sources": "[{'property': '', 'dataset': 'OpenStreetMap', 'license': 'ODbL-1.0', 'record_id': 'w192097009@11', 'update_time': '2026-03-21T16:00:10.000Z', 'confidence': None, 'between': None, 'provider': 'osm', 'resource': 'planet', 'version': '2026-09-06T00:00:00.000Z'}]", "level": null, "height": null, "min_height": null, "is_underground": false, "num_floors": 8.0, "num_floors_underground": null, "min_floor": null, "subtype": "commercial", "class": "office", "facade_color": null, "facade_material": null, "roof_material": null, "roof_shape": null, "roof_direction": null, "roof_orientation": null, "roof_color": null, "roof_height": null, "has_parts": false, "version": 1, "bbox": { "xmin": 8.532316207885742, "xmax": 8.533014297485352, "ymin": 47.378108978271484, "ymax": 47.378604888916016 } }, "geometry": { "type": "Polygon", "coordinates": [ [ [ 8.532317, 47.3782905 ], [ 8.5326026, 47.3781091 ], [ 8.5326772, 47.3781757 ], [ 8.5326968, 47.3781929 ], [ 8.5327664, 47.3782567 ], [ 8.5329707, 47.3784434 ], [ 8.5329924, 47.3784629 ], [ 8.533014, 47.3784825 ], [ 8.5329256, 47.3785269 ], [ 8.5329038, 47.3785078 ], [ 8.532882, 47.3784887 ], [ 8.53282, 47.3785212 ], [ 8.5328432, 47.3785392 ], [ 8.5328664, 47.3785572 ], [ 8.5327727, 47.3786045 ], [ 8.5327495, 47.3785862 ], [ 8.5327263, 47.3785678 ], [ 8.5325746, 47.3784503 ], [ 8.532317, 47.3782905 ] ] ] } },
{ "type": "Feature", "properties": { "id": "8857a7d1-0360-4a73-a69c-d6e70f4b4cf5", "names": "{'primary': 'Geschäftshaus D', 'common': None, 'rules': array([{'variant': 'alternate', 'language': None, 'perspectives': None, 'value': 'Geschäftshaus D', 'between': None, 'side': None}],\n      dtype=object)}", "sources": "[{'property': '', 'dataset': 'OpenStreetMap', 'license': 'ODbL-1.0', 'record_id': 'w494834306@10', 'update_time': '2026-05-16T19:57:32.000Z', 'confidence': None, 'between': None, 'provider': 'osm', 'resource': 'planet', 'version': '2026-09-06T00:00:00.000Z'}\n {'property': '/properties/height', 'dataset': 'Microsoft ML Buildings', 'license': 'ODbL-1.0', 'record_id': None, 'update_time': None, 'confidence': None, 'between': None, 'provider': 'microsoft', 'resource': 'ml_buildings', 'version': '2026-08-11'}]", "level": null, "height": 22.125177383422852, "min_height": null, "is_underground": false, "num_floors": 10.0, "num_floors_underground": null, "min_floor": null, "subtype": "commercial", "class": "commercial", "facade_color": null, "facade_material": null, "roof_material": null, "roof_shape": "flat", "roof_direction": null, "roof_orientation": null, "roof_color": null, "roof_height": null, "has_parts": false, "version": 3, "bbox": { "xmin": 8.533103942871094, "xmax": 8.53443717956543, "ymin": 47.378604888916016, "ymax": 47.37911605834961 } }, "geometry": { "type": "Polygon", "coordinates": [ [ [ 8.5331043, 47.3788326 ], [ 8.5342028, 47.3786058 ], [ 8.5343792, 47.3787785 ], [ 8.5344369, 47.3788351 ], [ 8.5337149, 47.3790494 ], [ 8.5335097, 47.3791103 ], [ 8.5334732, 47.3790853 ], [ 8.5331043, 47.3788326 ] ] ] } },
{ "type": "Feature", "properties": { "id": "556f3950-013e-4685-8a24-505cf920584f", "names": "{'primary': 'Geschäftshaus F', 'common': None, 'rules': array([{'variant': 'alternate', 'language': None, 'perspectives': None, 'value': 'Geschäftshaus F', 'between': None, 'side': None}],\n      dtype=object)}", "sources": "[{'property': '', 'dataset': 'OpenStreetMap', 'license': 'ODbL-1.0', 'record_id': 'r7262190@4', 'update_time': '2026-05-16T19:57:32.000Z', 'confidence': None, 'between': None, 'provider': 'osm', 'resource': 'planet', 'version': '2026-09-06T00:00:00.000Z'}\n {'property': '/properties/height', 'dataset': 'Microsoft ML Buildings', 'license': 'ODbL-1.0', 'record_id': None, 'update_time': None, 'confidence': None, 'between': None, 'provider': 'microsoft', 'resource': 'ml_buildings', 'version': '2026-08-11'}]", "level": null, "height": 23.538248062133789, "min_height": null, "is_underground": false, "num_floors": 13.0, "num_floors_underground": null, "min_floor": null, "subtype": "residential", "class": "apartments", "facade_color": null, "facade_material": null, "roof_material": null, "roof_shape": null, "roof_direction": null, "roof_orientation": null, "roof_color": null, "roof_height": null, "has_parts": false, "version": 4, "bbox": { "xmin": 8.532074928283691, "xmax": 8.53337574005127, "ymin": 47.37885665893555, "ymax": 47.3795051574707 } }, "geometry": { "type": "Polygon", "coordinates": [ [ [ 8.5330932, 47.3792921 ], [ 8.5330545, 47.379302 ], [ 8.5330157, 47.3793118 ], [ 8.5322851, 47.3794981 ], [ 8.5322023, 47.3793466 ], [ 8.5320758, 47.3792065 ], [ 8.5322635, 47.3791199 ], [ 8.532289, 47.3791081 ], [ 8.5323145, 47.3790964 ], [ 8.5326727, 47.3789307 ], [ 8.5329599, 47.3788626 ], [ 8.5333478, 47.3791289 ], [ 8.5333756, 47.379148 ], [ 8.5330999, 47.3792904 ], [ 8.5330932, 47.3792921 ] ], [ [ 8.5324399, 47.3792074 ], [ 8.5324022, 47.3792242 ], [ 8.5323645, 47.3792409 ], [ 8.5323777, 47.3792728 ], [ 8.5327477, 47.3792091 ], [ 8.5328275, 47.3791745 ], [ 8.5328623, 47.3791594 ], [ 8.5328971, 47.3791444 ], [ 8.5328421, 47.3790472 ], [ 8.5327196, 47.3790773 ], [ 8.5324399, 47.3792074 ] ] ] } },
{ "type": "Feature", "properties": { "id": "e997d7c0-4031-4cd2-8740-e2afedd80611", "names": null, "sources": "[{'property': '', 'dataset': 'OpenStreetMap', 'license': 'ODbL-1.0', 'record_id': 'w182058606@9', 'update_time': '2026-03-21T16:00:04.000Z', 'confidence': None, 'between': None, 'provider': 'osm', 'resource': 'planet', 'version': '2026-09-06T00:00:00.000Z'}\n {'property': '/properties/height', 'dataset': 'Microsoft ML Buildings', 'license': 'ODbL-1.0', 'record_id': None, 'update_time': None, 'confidence': None, 'between': None, 'provider': 'microsoft', 'resource': 'ml_buildings', 'version': '2026-08-11'}]", "level": null, "height": 19.254360198974609, "min_height": null, "is_underground": false, "num_floors": 16.0, "num_floors_underground": null, "min_floor": null, "subtype": "residential", "class": "apartments", "facade_color": null, "facade_material": null, "roof_material": null, "roof_shape": "flat", "roof_direction": null, "roof_orientation": null, "roof_color": null, "roof_height": null, "has_parts": false, "version": 3, "bbox": { "xmin": 8.53154182434082, "xmax": 8.532123565673828, "ymin": 47.3792610168457, "ymax": 47.37962341308594 } }, "geometry": { "type": "Polygon", "coordinates": [ [ [ 8.5317452, 47.3793589 ], [ 8.5319535, 47.3792628 ], [ 8.5321231, 47.3794322 ], [ 8.5319621, 47.37952 ], [ 8.5316408, 47.3796171 ], [ 8.5315423, 47.3794651 ], [ 8.5317014, 47.3793789 ], [ 8.5317452, 47.3793589 ] ] ] } },
{ "type": "Feature", "properties": { "id": "5ed545e7-0d1f-40be-a9d4-f45b4e2795fc", "names": null, "sources": "[{'property': '', 'dataset': 'OpenStreetMap', 'license': 'ODbL-1.0', 'record_id': 'w192097006@14', 'update_time': '2026-03-21T16:00:13.000Z', 'confidence': None, 'between': None, 'provider': 'osm', 'resource': 'planet', 'version': '2026-09-06T00:00:00.000Z'}\n {'property': '/properties/height', 'dataset': 'Microsoft ML Buildings', 'license': 'ODbL-1.0', 'record_id': None, 'update_time': None, 'confidence': None, 'between': None, 'provider': 'microsoft', 'resource': 'ml_buildings', 'version': '2026-08-11'}]", "level": null, "height": 15.151599884033203, "min_height": null, "is_underground": false, "num_floors": null, "num_floors_underground": null, "min_floor": null, "subtype": null, "class": null, "facade_color": null, "facade_material": null, "roof_material": null, "roof_shape": null, "roof_direction": null, "roof_orientation": null, "roof_color": null, "roof_height": null, "has_parts": true, "version": 2, "bbox": { "xmin": 8.531330108642578, "xmax": 8.532771110534668, "ymin": 47.378353118896484, "ymax": 47.379005432128906 } }, "geometry": { "type": "Polygon", "coordinates": [ [ [ 8.5316726, 47.3787027 ], [ 8.5322216, 47.3783533 ], [ 8.5327711, 47.3787324 ], [ 8.5326719, 47.3787531 ], [ 8.5326347, 47.3787608 ], [ 8.5325729, 47.3787737 ], [ 8.5324738, 47.3787943 ], [ 8.5323748, 47.3788149 ], [ 8.5322767, 47.3788354 ], [ 8.53221, 47.3787444 ], [ 8.5321787, 47.3787019 ], [ 8.5321645, 47.378711 ], [ 8.5321559, 47.3787065 ], [ 8.5321392, 47.3787169 ], [ 8.5321441, 47.3787241 ], [ 8.5321305, 47.3787328 ], [ 8.5321217, 47.3787284 ], [ 8.5321008, 47.3787417 ], [ 8.5321069, 47.3787479 ], [ 8.532094, 47.3787562 ], [ 8.5320851, 47.3787517 ], [ 8.5320671, 47.3787633 ], [ 8.5320733, 47.3787695 ], [ 8.5320595, 47.3787783 ], [ 8.5320805, 47.378794 ], [ 8.5320464, 47.378816 ], [ 8.5320156, 47.3788359 ], [ 8.531891, 47.3789153 ], [ 8.531791, 47.3789375 ], [ 8.5316824, 47.3789601 ], [ 8.5315737, 47.3789827 ], [ 8.5314651, 47.3790053 ], [ 8.5313303, 47.3788949 ], [ 8.5315072, 47.3787956 ], [ 8.5316726, 47.3787027 ] ] ] } },
{ "type": "Feature", "properties": { "id": "0ca5fadf-8c37-4941-a5f0-1285390ceebf", "names": null, "sources": "[{'property': '', 'dataset': 'OpenStreetMap', 'license': 'ODbL-1.0', 'record_id': 'w1271783271@3', 'update_time': '2026-03-21T15:59:55.000Z', 'confidence': None, 'between': None, 'provider': 'osm', 'resource': 'planet', 'version': '2026-09-06T00:00:00.000Z'}]", "level": 1.0, "height": null, "min_height": null, "is_underground": false, "num_floors": null, "num_floors_underground": null, "min_floor": null, "subtype": "outbuilding", "class": "roof", "facade_color": null, "facade_material": null, "roof_material": null, "roof_shape": null, "roof_direction": null, "roof_orientation": null, "roof_color": null, "roof_height": null, "has_parts": false, "version": 1, "bbox": { "xmin": 8.532014846801758, "xmax": 8.532210350036621, "ymin": 47.378700256347656, "ymax": 47.378849029541016 } }, "geometry": { "type": "Polygon", "coordinates": [ [ [ 8.5321787, 47.3787019 ], [ 8.53221, 47.3787444 ], [ 8.5321013, 47.3788126 ], [ 8.532089, 47.3788043 ], [ 8.5320259, 47.3788431 ], [ 8.5320156, 47.3788359 ], [ 8.5320805, 47.378794 ], [ 8.5320595, 47.3787783 ], [ 8.5320733, 47.3787695 ], [ 8.5320671, 47.3787633 ], [ 8.5320851, 47.3787517 ], [ 8.532094, 47.3787562 ], [ 8.5321069, 47.3787479 ], [ 8.5321008, 47.3787417 ], [ 8.5321217, 47.3787284 ], [ 8.5321305, 47.3787328 ], [ 8.5321441, 47.3787241 ], [ 8.5321392, 47.3787169 ], [ 8.5321559, 47.3787065 ], [ 8.5321645, 47.378711 ], [ 8.5321787, 47.3787019 ] ] ] } },
{ "type": "Feature", "properties": { "id": "40fa8c46-2acd-47ff-9d31-8be45c392e27", "names": null, "sources": "[{'property': '', 'dataset': 'Microsoft ML Buildings', 'license': 'ODbL-1.0', 'record_id': None, 'update_time': None, 'confidence': None, 'between': None, 'provider': 'microsoft', 'resource': 'ml_buildings', 'version': '2026-08-11'}]", "level": null, "height": 0.72218769788742065, "min_height": null, "is_underground": false, "num_floors": null, "num_floors_underground": null, "min_floor": null, "subtype": null, "class": null, "facade_color": null, "facade_material": null, "roof_material": null, "roof_shape": null, "roof_direction": null, "roof_orientation": null, "roof_color": null, "roof_height": null, "has_parts": false, "version": 4, "bbox": { "xmin": 8.531453132629395, "xmax": 8.531578063964844, "ymin": 47.37917709350586, "ymax": 47.379249572753906 } }, "geometry": { "type": "Polygon", "coordinates": [ [ [ 8.5315766, 47.3792494 ], [ 8.5314532, 47.3792481 ], [ 8.5314546, 47.3791846 ], [ 8.531578, 47.3791859 ], [ 8.5315766, 47.3792494 ] ] ] } },
{ "type": "Feature", "properties": { "id": "fe02c10b-c9c8-49ce-8090-27e705e0943b", "names": "{'primary': 'Geschäftshaus A', 'common': None, 'rules': array([{'variant': 'alternate', 'language': None, 'perspectives': None, 'value': 'Geschäftshaus A', 'between': None, 'side': None}],\n      dtype=object)}", "sources": "[{'property': '', 'dataset': 'OpenStreetMap', 'license': 'ODbL-1.0', 'record_id': 'w561998825@7', 'update_time': '2026-03-26T08:11:37.000Z', 'confidence': None, 'between': None, 'provider': 'osm', 'resource': 'planet', 'version': '2026-09-06T00:00:00.000Z'}]", "level": null, "height": null, "min_height": null, "is_underground": false, "num_floors": 16.0, "num_floors_underground": null, "min_floor": null, "subtype": "commercial", "class": "commercial", "facade_color": null, "facade_material": null, "roof_material": null, "roof_shape": "flat", "roof_direction": null, "roof_orientation": null, "roof_color": null, "roof_height": null, "has_parts": true, "version": 2, "bbox": { "xmin": 8.530712127685547, "xmax": 8.531325340270996, "ymin": 47.379207611083984, "ymax": 47.37963104248047 } }, "geometry": { "type": "Polygon", "coordinates": [ [ [ 8.5308486, 47.3795415 ], [ 8.5307769, 47.379444 ], [ 8.5307129, 47.3792995 ], [ 8.5307796, 47.3792857 ], [ 8.5309192, 47.3792558 ], [ 8.531148, 47.3792093 ], [ 8.5312832, 47.3793624 ], [ 8.5313248, 47.3794098 ], [ 8.5311786, 47.3794981 ], [ 8.5309603, 47.3796301 ], [ 8.5309102, 47.379586 ], [ 8.5308619, 47.3795435 ], [ 8.5308534, 47.3795473 ], [ 8.5308486, 47.3795415 ] ] ] } },
{ "type": "Feature", "properties": { "id": "23aaa242-078c-43f9-8468-5429ba3ba209", "names": null, "sources": "[{'property': '', 'dataset': 'OpenStreetMap', 'license': 'ODbL-1.0', 'record_id': 'w108012269@6', 'update_time': '2026-03-21T16:00:34.000Z', 'confidence': None, 'between': None, 'provider': 'osm', 'resource': 'planet', 'version': '2026-09-06T00:00:00.000Z'}]", "level": null, "height": null, "min_height": null, "is_underground": false, "num_floors": 6.0, "num_floors_underground": null, "min_floor": null, "subtype": "residential", "class": "apartments", "facade_color": null, "facade_material": null, "roof_material": null, "roof_shape": "gabled", "roof_direction": null, "roof_orientation": null, "roof_color": null, "roof_height": null, "has_parts": false, "version": 1, "bbox": { "xmin": 8.530097007751465, "xmax": 8.530383110046387, "ymin": 47.378990173339844, "ymax": 47.379173278808594 } }, "geometry": { "type": "Polygon", "coordinates": [ [ [ 8.530276, 47.3791188 ], [ 8.5301789, 47.379167 ], [ 8.5300976, 47.379092 ], [ 8.5303016, 47.3789906 ], [ 8.5303829, 47.3790657 ], [ 8.530276, 47.3791188 ] ] ] } },
{ "type": "Feature", "properties": { "id": "cd328b2d-b41f-4377-b938-e4f1c3dec4d8", "names": null, "sources": "[{'property': '', 'dataset': 'OpenStreetMap', 'license': 'ODbL-1.0', 'record_id': 'w108012270@6', 'update_time': '2026-03-21T16:00:23.000Z', 'confidence': None, 'between': None, 'provider': 'osm', 'resource': 'planet', 'version': '2026-09-06T00:00:00.000Z'}]", "level": null, "height": null, "min_height": null, "is_underground": false, "num_floors": 6.0, "num_floors_underground": null, "min_floor": null, "subtype": "residential", "class": "apartments", "facade_color": null, "facade_material": null, "roof_material": null, "roof_shape": "gabled", "roof_direction": null, "roof_orientation": null, "roof_color": null, "roof_height": null, "has_parts": false, "version": 1, "bbox": { "xmin": 8.529901504516602, "xmax": 8.530179023742676, "ymin": 47.379085540771484, "ymax": 47.37926483154297 } }, "geometry": { "type": "Polygon", "coordinates": [ [ [ 8.5300802, 47.379216 ], [ 8.5299837, 47.379264 ], [ 8.5299089, 47.379195 ], [ 8.5299024, 47.3791889 ], [ 8.5300976, 47.379092 ], [ 8.5301789, 47.379167 ], [ 8.5300802, 47.379216 ] ] ] } },
{ "type": "Feature", "properties": { "id": "894fc222-9d28-4c75-8f1f-6a261105eb7b", "names": null, "sources": "[{'property': '', 'dataset': 'OpenStreetMap', 'license': 'ODbL-1.0', 'record_id': 'w1055282114@4', 'update_time': '2026-03-29T07:00:47.000Z', 'confidence': None, 'between': None, 'provider': 'osm', 'resource': 'planet', 'version': '2026-09-06T00:00:00.000Z'}]", "level": null, "height": null, "min_height": null, "is_underground": false, "num_floors": null, "num_floors_underground": null, "min_floor": null, "subtype": "residential", "class": "apartments", "facade_color": null, "facade_material": null, "roof_material": null, "roof_shape": null, "roof_direction": null, "roof_orientation": null, "roof_color": null, "roof_height": null, "has_parts": false, "version": 1, "bbox": { "xmin": 8.529275894165039, "xmax": 8.53006362915039, "ymin": 47.378631591796875, "ymax": 47.37920379638672 } }, "geometry": { "type": "Polygon", "coordinates": [ [ [ 8.5296974, 47.378751 ], [ 8.529931, 47.3786379 ], [ 8.5300592, 47.3787535 ], [ 8.5300629, 47.3787571 ], [ 8.5295643, 47.3790008 ], [ 8.5296821, 47.3791095 ], [ 8.529691, 47.3791177 ], [ 8.5295328, 47.3791963 ], [ 8.5295197, 47.3791841 ], [ 8.5292768, 47.3789599 ], [ 8.5293628, 47.3789172 ], [ 8.5296974, 47.378751 ] ] ] } },
{ "type": "Feature", "properties": { "id": "791c9a0e-55bd-46ae-b80a-98e21cf177b0", "names": null, "sources": "[{'property': '', 'dataset': 'OpenStreetMap', 'license': 'ODbL-1.0', 'record_id': 'w108012272@6', 'update_time': '2026-03-21T16:00:32.000Z', 'confidence': None, 'between': None, 'provider': 'osm', 'resource': 'planet', 'version': '2026-09-06T00:00:00.000Z'}]", "level": null, "height": null, "min_height": null, "is_underground": false, "num_floors": 6.0, "num_floors_underground": null, "min_floor": null, "subtype": "residential", "class": "apartments", "facade_color": null, "facade_material": null, "roof_material": null, "roof_shape": "gabled", "roof_direction": null, "roof_orientation": null, "roof_color": null, "roof_height": null, "has_parts": false, "version": 1, "bbox": { "xmin": 8.53030014038086, "xmax": 8.530583381652832, "ymin": 47.37889099121094, "ymax": 47.379066467285156 } }, "geometry": { "type": "Polygon", "coordinates": [ [ [ 8.5303829, 47.3790657 ], [ 8.5303016, 47.3789906 ], [ 8.5305014, 47.3788913 ], [ 8.5305828, 47.3789664 ], [ 8.5304725, 47.3790212 ], [ 8.5303829, 47.3790657 ] ] ] } },
{ "type": "Feature", "properties": { "id": "d2f8be31-cc7b-4357-840e-9ed2406d6c11", "names": null, "sources": "[{'property': '', 'dataset': 'OpenStreetMap', 'license': 'ODbL-1.0', 'record_id': 'w108012264@5', 'update_time': '2026-03-21T16:00:24.000Z', 'confidence': None, 'between': None, 'provider': 'osm', 'resource': 'planet', 'version': '2026-09-06T00:00:00.000Z'}]", "level": null, "height": null, "min_height": null, "is_underground": false, "num_floors": 6.0, "num_floors_underground": null, "min_floor": null, "subtype": "residential", "class": "apartments", "facade_color": null, "facade_material": null, "roof_material": null, "roof_shape": null, "roof_direction": null, "roof_orientation": null, "roof_color": null, "roof_height": null, "has_parts": false, "version": 1, "bbox": { "xmin": 8.530501365661621, "xmax": 8.530721664428711, "ymin": 47.37881088256836, "ymax": 47.37896728515625 } }, "geometry": { "type": "Polygon", "coordinates": [ [ [ 8.5305351, 47.3788661 ], [ 8.5306335, 47.3788172 ], [ 8.5307208, 47.3788978 ], [ 8.5306792, 47.3789185 ], [ 8.5305828, 47.3789664 ], [ 8.5305014, 47.3788913 ], [ 8.5305411, 47.3788716 ], [ 8.5305351, 47.3788661 ] ] ] } },
{ "type": "Feature", "properties": { "id": "32ef7964-a79a-4aa5-b2a0-9b9852516db6", "names": null, "sources": "[{'property': '', 'dataset': 'OpenStreetMap', 'license': 'ODbL-1.0', 'record_id': 'w565092981@3', 'update_time': '2026-03-21T16:00:29.000Z', 'confidence': None, 'between': None, 'provider': 'osm', 'resource': 'planet', 'version': '2026-09-06T00:00:00.000Z'}]", "level": null, "height": null, "min_height": null, "is_underground": false, "num_floors": 6.0, "num_floors_underground": null, "min_floor": null, "subtype": "residential", "class": "apartments", "facade_color": null, "facade_material": null, "roof_material": null, "roof_shape": null, "roof_direction": null, "roof_orientation": null, "roof_color": null, "roof_height": null, "has_parts": false, "version": 1, "bbox": { "xmin": 8.53061294555664, "xmax": 8.530817031860352, "ymin": 47.37874984741211, "ymax": 47.37889862060547 } }, "geometry": { "type": "Polygon", "coordinates": [ [ [ 8.5307208, 47.3788978 ], [ 8.5306335, 47.3788172 ], [ 8.5306135, 47.3787987 ], [ 8.5307089, 47.3787513 ], [ 8.5307554, 47.3787942 ], [ 8.5308162, 47.3788504 ], [ 8.5307208, 47.3788978 ] ] ] } },
{ "type": "Feature", "properties": { "id": "b8d2dec3-f52c-4b23-b3aa-fcba20b954aa", "names": null, "sources": "[{'property': '', 'dataset': 'OpenStreetMap', 'license': 'ODbL-1.0', 'record_id': 'w108012260@5', 'update_time': '2026-03-21T16:00:41.000Z', 'confidence': None, 'between': None, 'provider': 'osm', 'resource': 'planet', 'version': '2026-09-06T00:00:00.000Z'}]", "level": null, "height": null, "min_height": null, "is_underground": false, "num_floors": 4.0, "num_floors_underground": null, "min_floor": null, "subtype": "residential", "class": "apartments", "facade_color": null, "facade_material": null, "roof_material": null, "roof_shape": null, "roof_direction": null, "roof_orientation": null, "roof_color": null, "roof_height": null, "has_parts": false, "version": 1, "bbox": { "xmin": 8.53044319152832, "xmax": 8.530709266662598, "ymin": 47.378631591796875, "ymax": 47.37880325317383 } }, "geometry": { "type": "Polygon", "coordinates": [ [ [ 8.5306135, 47.3787987 ], [ 8.5306057, 47.3788026 ], [ 8.5305411, 47.378743 ], [ 8.5304939, 47.3787664 ], [ 8.5304434, 47.3787087 ], [ 8.53059, 47.3786319 ], [ 8.5306726, 47.3787179 ], [ 8.5307089, 47.3787513 ], [ 8.5306135, 47.3787987 ] ] ] } },
{ "type": "Feature", "properties": { "id": "fa8e7c61-eb27-4105-934a-53c111ff0804", "names": null, "sources": "[{'property': '', 'dataset': 'OpenStreetMap', 'license': 'ODbL-1.0', 'record_id': 'w61637190@11', 'update_time': '2026-05-25T10:03:48.000Z', 'confidence': None, 'between': None, 'provider': 'osm', 'resource': 'planet', 'version': '2026-09-06T00:00:00.000Z'}]", "level": null, "height": null, "min_height": null, "is_underground": false, "num_floors": 6.0, "num_floors_underground": null, "min_floor": null, "subtype": "residential", "class": "apartments", "facade_color": null, "facade_material": null, "roof_material": null, "roof_shape": null, "roof_direction": null, "roof_orientation": null, "roof_color": null, "roof_height": null, "has_parts": false, "version": 2, "bbox": { "xmin": 8.529930114746094, "xmax": 8.530597686767578, "ymin": 47.37841033935547, "ymax": 47.378753662109375 } }, "geometry": { "type": "Polygon", "coordinates": [ [ [ 8.5302829, 47.3786399 ], [ 8.5300592, 47.3787535 ], [ 8.529931, 47.3786379 ], [ 8.5303739, 47.3784168 ], [ 8.530589, 47.3786213 ], [ 8.5305968, 47.3786284 ], [ 8.53059, 47.3786319 ], [ 8.5304434, 47.3787087 ], [ 8.5304314, 47.3786978 ], [ 8.5303319, 47.378608 ], [ 8.5302772, 47.3786335 ], [ 8.5302829, 47.3786399 ] ] ] } },
{ "type": "Feature", "properties": { "id": "12bddd38-ca28-4fc2-a9b7-963c42e40966", "names": null, "sources": "[{'property': '', 'dataset': 'OpenStreetMap', 'license': 'ODbL-1.0', 'record_id': 'w1308758496@5', 'update_time': '2026-05-25T10:08:10.000Z', 'confidence': None, 'between': None, 'provider': 'osm', 'resource': 'planet', 'version': '2026-09-06T00:00:00.000Z'}]", "level": null, "height": null, "min_height": null, "is_underground": false, "num_floors": 4.0, "num_floors_underground": null, "min_floor": null, "subtype": "residential", "class": "apartments", "facade_color": null, "facade_material": null, "roof_material": null, "roof_shape": null, "roof_direction": null, "roof_orientation": null, "roof_color": null, "roof_height": null, "has_parts": false, "version": 2, "bbox": { "xmin": 8.52999210357666, "xmax": 8.530267715454102, "ymin": 47.37819290161133, "ymax": 47.3784065246582 } }, "geometry": { "type": "Polygon", "coordinates": [ [ [ 8.5301713, 47.378351 ], [ 8.530071, 47.3784001 ], [ 8.5299924, 47.3783279 ], [ 8.5300937, 47.3782776 ], [ 8.5300697, 47.3782551 ], [ 8.5301811, 47.3781989 ], [ 8.5302264, 47.378241 ], [ 8.5302673, 47.3782791 ], [ 8.5302615, 47.3783064 ], [ 8.5301713, 47.378351 ] ] ] } },
{ "type": "Feature", "properties": { "id": "451f3424-e0f6-47c5-8025-85fd132baa35", "names": null, "sources": "[{'property': '', 'dataset': 'OpenStreetMap', 'license': 'ODbL-1.0', 'record_id': 'w1308758495@5', 'update_time': '2026-05-25T10:07:58.000Z', 'confidence': None, 'between': None, 'provider': 'osm', 'resource': 'planet', 'version': '2026-09-06T00:00:00.000Z'}]", "level": null, "height": null, "min_height": null, "is_underground": false, "num_floors": 4.0, "num_floors_underground": null, "min_floor": null, "subtype": "residential", "class": "apartments", "facade_color": null, "facade_material": null, "roof_material": null, "roof_shape": null, "roof_direction": null, "roof_orientation": null, "roof_color": null, "roof_height": null, "has_parts": false, "version": 2, "bbox": { "xmin": 8.529947280883789, "xmax": 8.530181884765625, "ymin": 47.378082275390625, "ymax": 47.37826156616211 } }, "geometry": { "type": "Polygon", "coordinates": [ [ [ 8.5301678, 47.3781868 ], [ 8.5301811, 47.3781989 ], [ 8.5300697, 47.3782551 ], [ 8.5300541, 47.3782409 ], [ 8.529948, 47.3781445 ], [ 8.5300594, 47.3780883 ], [ 8.5301047, 47.3781294 ], [ 8.5301678, 47.3781868 ] ] ] } },
{ "type": "Feature", "properties": { "id": "2c9c63a2-7741-44be-be50-f2ab93f4e234", "names": null, "sources": "[{'property': '', 'dataset': 'OpenStreetMap', 'license': 'ODbL-1.0', 'record_id': 'w1308758487@5', 'update_time': '2026-05-25T10:07:44.000Z', 'confidence': None, 'between': None, 'provider': 'osm', 'resource': 'planet', 'version': '2026-09-06T00:00:00.000Z'}]", "level": null, "height": null, "min_height": null, "is_underground": false, "num_floors": 5.0, "num_floors_underground": null, "min_floor": null, "subtype": "residential", "class": "apartments", "facade_color": null, "facade_material": null, "roof_material": null, "roof_shape": null, "roof_direction": null, "roof_orientation": null, "roof_color": null, "roof_height": null, "has_parts": false, "version": 2, "bbox": { "xmin": 8.529826164245605, "xmax": 8.530059814453125, "ymin": 47.37797164916992, "ymax": 47.378150939941406 } }, "geometry": { "type": "Polygon", "coordinates": [ [ [ 8.5299949, 47.3780288 ], [ 8.5300594, 47.3780883 ], [ 8.529948, 47.3781445 ], [ 8.5298399, 47.3780468 ], [ 8.5298268, 47.3780349 ], [ 8.5299393, 47.3779782 ], [ 8.5299534, 47.377991 ], [ 8.5299949, 47.3780288 ] ] ] } },
{ "type": "Feature", "properties": { "id": "f2f6d324-490b-433d-aa1f-418ed418b4d3", "names": null, "sources": "[{'property': '', 'dataset': 'OpenStreetMap', 'license': 'ODbL-1.0', 'record_id': 'w1308758481@3', 'update_time': '2026-03-21T16:00:30.000Z', 'confidence': None, 'between': None, 'provider': 'osm', 'resource': 'planet', 'version': '2026-09-06T00:00:00.000Z'}]", "level": null, "height": null, "min_height": null, "is_underground": false, "num_floors": null, "num_floors_underground": null, "min_floor": null, "subtype": null, "class": null, "facade_color": null, "facade_material": null, "roof_material": null, "roof_shape": null, "roof_direction": null, "roof_orientation": null, "roof_color": null, "roof_height": null, "has_parts": false, "version": 1, "bbox": { "xmin": 8.529829978942871, "xmax": 8.530071258544922, "ymin": 47.37832260131836, "ymax": 47.37847900390625 } }, "geometry": { "type": "Polygon", "coordinates": [ [ [ 8.5299875, 47.3783234 ], [ 8.5299924, 47.3783279 ], [ 8.530071, 47.3784001 ], [ 8.5299319, 47.3784695 ], [ 8.5299141, 47.3784783 ], [ 8.5298309, 47.3784017 ], [ 8.5298494, 47.3783923 ], [ 8.5299875, 47.3783234 ] ] ] } },
{ "type": "Feature", "properties": { "id": "1f8695c2-23be-4758-932c-15b7d494d2b8", "names": null, "sources": "[{'property': '', 'dataset': 'OpenStreetMap', 'license': 'ODbL-1.0', 'record_id': 'w371645913@7', 'update_time': '2026-03-21T15:59:59.000Z', 'confidence': None, 'between': None, 'provider': 'osm', 'resource': 'planet', 'version': '2026-09-06T00:00:00.000Z'}]", "level": null, "height": null, "min_height": null, "is_underground": false, "num_floors": 9.0, "num_floors_underground": null, "min_floor": null, "subtype": "commercial", "class": "commercial", "facade_color": null, "facade_material": null, "roof_material": null, "roof_shape": null, "roof_direction": null, "roof_orientation": null, "roof_color": null, "roof_height": null, "has_parts": false, "version": 3, "bbox": { "xmin": 8.529505729675293, "xmax": 8.530031204223633, "ymin": 47.37964630126953, "ymax": 47.380035400390625 } }, "geometry": { "type": "Polygon", "coordinates": [ [ [ 8.5299961, 47.3798718 ], [ 8.5300309, 47.3799118 ], [ 8.5297435, 47.3800352 ], [ 8.5296255, 47.3799069 ], [ 8.5295507, 47.3798264 ], [ 8.5295059, 47.3797782 ], [ 8.5295961, 47.3797392 ], [ 8.5297941, 47.3796537 ], [ 8.5299961, 47.3798718 ] ] ] } },
{ "type": "Feature", "properties": { "id": "dad660f0-e3b3-4675-b3f4-e0ebc3b0c3b5", "names": null, "sources": "[{'property': '', 'dataset': 'OpenStreetMap', 'license': 'ODbL-1.0', 'record_id': 'w371645912@8', 'update_time': '2026-03-21T16:00:36.000Z', 'confidence': None, 'between': None, 'provider': 'osm', 'resource': 'planet', 'version': '2026-09-06T00:00:00.000Z'}]", "level": null, "height": null, "min_height": null, "is_underground": false, "num_floors": 5.0, "num_floors_underground": null, "min_floor": null, "subtype": "commercial", "class": "commercial", "facade_color": null, "facade_material": null, "roof_material": null, "roof_shape": "flat", "roof_direction": null, "roof_orientation": null, "roof_color": null, "roof_height": null, "has_parts": false, "version": 3, "bbox": { "xmin": 8.529489517211914, "xmax": 8.530158996582031, "ymin": 47.379905700683594, "ymax": 47.38027572631836 } }, "geometry": { "type": "Polygon", "coordinates": [ [ [ 8.529732, 47.3800395 ], [ 8.5297435, 47.3800352 ], [ 8.5300309, 47.3799118 ], [ 8.5301584, 47.380047 ], [ 8.5299374, 47.3801408 ], [ 8.5298775, 47.3801672 ], [ 8.5298105, 47.3801914 ], [ 8.5296029, 47.3802687 ], [ 8.5294898, 47.3801291 ], [ 8.529684, 47.3800572 ], [ 8.529708, 47.3800483 ], [ 8.529732, 47.3800395 ] ] ] } },
{ "type": "Feature", "properties": { "id": "2c619bd0-bda6-4c02-98a9-ff53d22072a2", "names": "{'primary': 'Geschäftshaus C', 'common': None, 'rules': array([{'variant': 'alternate', 'language': None, 'perspectives': None, 'value': 'Geschäftshaus C', 'between': None, 'side': None}],\n      dtype=object)}", "sources": "[{'property': '', 'dataset': 'OpenStreetMap', 'license': 'ODbL-1.0', 'record_id': 'w316408223@7', 'update_time': '2026-03-26T08:11:37.000Z', 'confidence': None, 'between': None, 'provider': 'osm', 'resource': 'planet', 'version': '2026-09-06T00:00:00.000Z'}]", "level": null, "height": null, "min_height": null, "is_underground": false, "num_floors": 12.0, "num_floors_underground": null, "min_floor": null, "subtype": "residential", "class": "residential", "facade_color": null, "facade_material": null, "roof_material": null, "roof_shape": null, "roof_direction": null, "roof_orientation": null, "roof_color": null, "roof_height": null, "has_parts": true, "version": 1, "bbox": { "xmin": 8.530134201049805, "xmax": 8.530961036682129, "ymin": 47.37953567504883, "ymax": 47.379966735839844 } }, "geometry": { "type": "Polygon", "coordinates": [ [ [ 8.5309102, 47.379586 ], [ 8.5309603, 47.3796301 ], [ 8.5308695, 47.3796851 ], [ 8.5307512, 47.379748 ], [ 8.5306995, 47.3797752 ], [ 8.5305383, 47.3798597 ], [ 8.5303341, 47.3799666 ], [ 8.5301666, 47.3797955 ], [ 8.5301348, 47.3797629 ], [ 8.5303187, 47.3796795 ], [ 8.5306491, 47.3796098 ], [ 8.5307216, 47.3795847 ], [ 8.5308486, 47.3795415 ], [ 8.5308534, 47.3795473 ], [ 8.5308619, 47.3795435 ], [ 8.5309102, 47.379586 ] ] ] } },
{ "type": "Feature", "properties": { "id": "2a514e18-f885-4ab0-aaf6-19098695e2fc", "names": null, "sources": "[{'property': '', 'dataset': 'OpenStreetMap', 'license': 'ODbL-1.0', 'record_id': 'w561998821@5', 'update_time': '2026-03-21T16:00:13.000Z', 'confidence': None, 'between': None, 'provider': 'osm', 'resource': 'planet', 'version': '2026-09-06T00:00:00.000Z'}]", "level": null, "height": null, "min_height": null, "is_underground": false, "num_floors": 5.0, "num_floors_underground": null, "min_floor": null, "subtype": "commercial", "class": "commercial", "facade_color": null, "facade_material": null, "roof_material": null, "roof_shape": "flat", "roof_direction": null, "roof_orientation": null, "roof_color": null, "roof_height": null, "has_parts": true, "version": 1, "bbox": { "xmin": 8.529938697814941, "xmax": 8.530776977539062, "ymin": 47.37929916381836, "ymax": 47.379764556884766 } }, "geometry": { "type": "Polygon", "coordinates": [ [ [ 8.5306491, 47.3796098 ], [ 8.5303187, 47.3796795 ], [ 8.5301348, 47.3797629 ], [ 8.5299396, 47.3795934 ], [ 8.5299749, 47.3795775 ], [ 8.5300323, 47.3795516 ], [ 8.5300895, 47.3795258 ], [ 8.5301542, 47.3794966 ], [ 8.5302227, 47.3794657 ], [ 8.5303188, 47.3794223 ], [ 8.530376, 47.3793965 ], [ 8.5304876, 47.3793461 ], [ 8.5305003, 47.3793435 ], [ 8.5305263, 47.3793381 ], [ 8.5305608, 47.379331 ], [ 8.5305952, 47.3793239 ], [ 8.5306296, 47.3793167 ], [ 8.5306641, 47.3793096 ], [ 8.5307129, 47.3792995 ], [ 8.5307769, 47.379444 ], [ 8.5306592, 47.3794686 ], [ 8.5307216, 47.3795847 ], [ 8.5306491, 47.3796098 ] ] ] } },
{ "type": "Feature", "properties": { "id": "0880825c-0fda-442c-9c8d-39122a3b62f7", "names": null, "sources": "[{'property': '', 'dataset': 'OpenStreetMap', 'license': 'ODbL-1.0', 'record_id': 'w1271783292@5', 'update_time': '2026-03-21T16:00:36.000Z', 'confidence': None, 'between': None, 'provider': 'osm', 'resource': 'planet', 'version': '2026-09-06T00:00:00.000Z'}]", "level": 1.0, "height": null, "min_height": null, "is_underground": false, "num_floors": null, "num_floors_underground": null, "min_floor": null, "subtype": "outbuilding", "class": "roof", "facade_color": null, "facade_material": null, "roof_material": null, "roof_shape": null, "roof_direction": null, "roof_orientation": null, "roof_color": null, "roof_height": null, "has_parts": false, "version": 1, "bbox": { "xmin": 8.531314849853516, "xmax": 8.531498908996582, "ymin": 47.37966537475586, "ymax": 47.3797721862793 } }, "geometry": { "type": "Polygon", "coordinates": [ [ [ 8.5314572, 47.379666 ], [ 8.5314985, 47.3797194 ], [ 8.5313576, 47.3797715 ], [ 8.5313153, 47.3797165 ], [ 8.5314572, 47.379666 ] ] ] } },
{ "type": "Feature", "properties": { "id": "9d78a3b4-248c-4a86-91c1-b7bed2c69654", "names": "{'primary': 'Zentralstellwerk', 'common': None, 'rules': None}", "sources": "[{'property': '', 'dataset': 'OpenStreetMap', 'license': 'ODbL-1.0', 'record_id': 'w73306057@9', 'update_time': '2026-01-19T00:11:11.000Z', 'confidence': None, 'between': None, 'provider': 'osm', 'resource': 'planet', 'version': '2026-09-06T00:00:00.000Z'}]", "level": null, "height": null, "min_height": null, "is_underground": false, "num_floors": 8.0, "num_floors_underground": null, "min_floor": null, "subtype": "service", "class": "service", "facade_color": null, "facade_material": null, "roof_material": null, "roof_shape": null, "roof_direction": null, "roof_orientation": null, "roof_color": null, "roof_height": null, "has_parts": true, "version": 2, "bbox": { "xmin": 8.530806541442871, "xmax": 8.531357765197754, "ymin": 47.37971496582031, "ymax": 47.380001068115234 } }, "geometry": { "type": "Polygon", "coordinates": [ [ [ 8.5313576, 47.3797715 ], [ 8.5310311, 47.3798866 ], [ 8.5310621, 47.3799269 ], [ 8.530871, 47.3799942 ], [ 8.5308074, 47.3799116 ], [ 8.5308499, 47.3798966 ], [ 8.5308402, 47.3798839 ], [ 8.5313153, 47.3797165 ], [ 8.5313576, 47.3797715 ] ] ] } },
{ "type": "Feature", "properties": { "id": "3d5ac918-c954-46c7-844e-60ad5e5e55a4", "names": null, "sources": "[{'property': '', 'dataset': 'OpenStreetMap', 'license': 'ODbL-1.0', 'record_id': 'w1304352333@1', 'update_time': '2024-07-29T00:23:47.000Z', 'confidence': None, 'between': None, 'provider': 'osm', 'resource': 'planet', 'version': '2026-09-06T00:00:00.000Z'}]", "level": null, "height": null, "min_height": null, "is_underground": false, "num_floors": 2.0, "num_floors_underground": null, "min_floor": null, "subtype": "outbuilding", "class": "roof", "facade_color": null, "facade_material": null, "roof_material": null, "roof_shape": "gabled", "roof_direction": null, "roof_orientation": "along", "roof_color": null, "roof_height": null, "has_parts": false, "version": 1, "bbox": { "xmin": 8.53076171875, "xmax": 8.530823707580566, "ymin": 47.3798942565918, "ymax": 47.37996292114258 } }, "geometry": { "type": "Polygon", "coordinates": [ [ [ 8.5308035, 47.379962 ], [ 8.5307618, 47.3799088 ], [ 8.5307818, 47.3799016 ], [ 8.5308235, 47.3799548 ], [ 8.5308035, 47.379962 ] ] ] } },
{ "type": "Feature", "properties": { "id": "9d93faaa-88b3-478b-901f-9b53cd9dd733", "names": null, "sources": "[{'property': '', 'dataset': 'OpenStreetMap', 'license': 'ODbL-1.0', 'record_id': 'w1139292235@1', 'update_time': '2023-02-08T12:41:36.000Z', 'confidence': None, 'between': None, 'provider': 'osm', 'resource': 'planet', 'version': '2026-09-06T00:00:00.000Z'}]", "level": null, "height": null, "min_height": null, "is_underground": false, "num_floors": null, "num_floors_underground": null, "min_floor": null, "subtype": null, "class": null, "facade_color": null, "facade_material": null, "roof_material": null, "roof_shape": null, "roof_direction": null, "roof_orientation": null, "roof_color": null, "roof_height": null, "has_parts": false, "version": 1, "bbox": { "xmin": 8.53395938873291, "xmax": 8.53406810760498, "ymin": 47.37969207763672, "ymax": 47.37974548339844 } }, "geometry": { "type": "Polygon", "coordinates": [ [ [ 8.5340673, 47.3797201 ], [ 8.5339714, 47.3797443 ], [ 8.5339594, 47.3797226 ], [ 8.5340553, 47.3796984 ], [ 8.5340673, 47.3797201 ] ] ] } },
{ "type": "Feature", "properties": { "id": "a2888534-3f8f-4ee0-925d-099029c662b4", "names": null, "sources": "[{'property': '', 'dataset': 'OpenStreetMap', 'license': 'ODbL-1.0', 'record_id': 'w637954774@8', 'update_time': '2026-03-21T15:59:59.000Z', 'confidence': None, 'between': None, 'provider': 'osm', 'resource': 'planet', 'version': '2026-09-06T00:00:00.000Z'}]", "level": null, "height": null, "min_height": null, "is_underground": false, "num_floors": 7.0, "num_floors_underground": null, "min_floor": null, "subtype": "commercial", "class": "office", "facade_color": null, "facade_material": null, "roof_material": null, "roof_shape": null, "roof_direction": null, "roof_orientation": null, "roof_color": null, "roof_height": null, "has_parts": false, "version": 1, "bbox": { "xmin": 8.534793853759766, "xmax": 8.53604793548584, "ymin": 47.37966537475586, "ymax": 47.38016891479492 } }, "geometry": { "type": "Polygon", "coordinates": [ [ [ 8.5355338, 47.3797852 ], [ 8.5359436, 47.3796729 ], [ 8.5360479, 47.3798476 ], [ 8.5348991, 47.3801624 ], [ 8.5347947, 47.3799877 ], [ 8.5355338, 47.3797852 ] ] ] } },
{ "type": "Feature", "properties": { "id": "055bdce9-c340-4439-923e-6a16fcaa1f62", "names": null, "sources": "[{'property': '', 'dataset': 'OpenStreetMap', 'license': 'ODbL-1.0', 'record_id': 'w123229408@6', 'update_time': '2026-03-21T16:00:33.000Z', 'confidence': None, 'between': None, 'provider': 'osm', 'resource': 'planet', 'version': '2026-09-06T00:00:00.000Z'}]", "level": null, "height": null, "min_height": null, "is_underground": false, "num_floors": 5.0, "num_floors_underground": null, "min_floor": null, "subtype": "residential", "class": "apartments", "facade_color": null, "facade_material": null, "roof_material": null, "roof_shape": null, "roof_direction": null, "roof_orientation": null, "roof_color": null, "roof_height": null, "has_parts": false, "version": 1, "bbox": { "xmin": 8.537230491638184, "xmax": 8.537439346313477, "ymin": 47.37996292114258, "ymax": 47.38007736206055 } }, "geometry": { "type": "Polygon", "coordinates": [ [ [ 8.5373183, 47.3800633 ], [ 8.5372719, 47.380076 ], [ 8.5372309, 47.380007 ], [ 8.5373679, 47.3799699 ], [ 8.5374019, 47.37998 ], [ 8.5374392, 47.3800441 ], [ 8.537325, 47.3800749 ], [ 8.5373183, 47.3800633 ] ] ] } },
{ "type": "Feature", "properties": { "id": "85abc077-32c1-461a-9ff8-8aa58b0bdfa6", "names": null, "sources": "[{'property': '', 'dataset': 'OpenStreetMap', 'license': 'ODbL-1.0', 'record_id': 'w123229409@6', 'update_time': '2026-03-21T16:00:36.000Z', 'confidence': None, 'between': None, 'provider': 'osm', 'resource': 'planet', 'version': '2026-09-06T00:00:00.000Z'}]", "level": null, "height": null, "min_height": null, "is_underground": false, "num_floors": 6.0, "num_floors_underground": null, "min_floor": null, "subtype": "residential", "class": "apartments", "facade_color": null, "facade_material": null, "roof_material": null, "roof_shape": null, "roof_direction": null, "roof_orientation": null, "roof_color": null, "roof_height": null, "has_parts": false, "version": 1, "bbox": { "xmin": 8.536886215209961, "xmax": 8.537139892578125, "ymin": 47.379825592041016, "ymax": 47.37997055053711 } }, "geometry": { "type": "Polygon", "coordinates": [ [ [ 8.5368871, 47.3798753 ], [ 8.5370823, 47.3798274 ], [ 8.5370937, 47.3798449 ], [ 8.537096, 47.3798443 ], [ 8.5371396, 47.3799176 ], [ 8.5369432, 47.3799703 ], [ 8.5368871, 47.3798753 ] ] ] } },
{ "type": "Feature", "properties": { "id": "8f860faa-d4aa-4522-b2e0-42c32762adf4", "names": null, "sources": "[{'property': '', 'dataset': 'OpenStreetMap', 'license': 'ODbL-1.0', 'record_id': 'w123273720@5', 'update_time': '2026-03-21T16:00:37.000Z', 'confidence': None, 'between': None, 'provider': 'osm', 'resource': 'planet', 'version': '2026-09-06T00:00:00.000Z'}]", "level": null, "height": null, "min_height": null, "is_underground": false, "num_floors": 5.0, "num_floors_underground": null, "min_floor": null, "subtype": "residential", "class": "apartments", "facade_color": null, "facade_material": null, "roof_material": null, "roof_shape": null, "roof_direction": null, "roof_orientation": null, "roof_color": null, "roof_height": null, "has_parts": false, "version": 1, "bbox": { "xmin": 8.53647232055664, "xmax": 8.536705017089844, "ymin": 47.37979507446289, "ymax": 47.37994384765625 } }, "geometry": { "type": "Polygon", "coordinates": [ [ [ 8.5365219, 47.3799369 ], [ 8.5364726, 47.379854 ], [ 8.5366859, 47.3797963 ], [ 8.5367046, 47.3798281 ], [ 8.5365219, 47.3799369 ] ] ] } },
{ "type": "Feature", "properties": { "id": "05d31ca5-6eee-4ec3-b565-51540431355d", "names": null, "sources": "[{'property': '', 'dataset': 'OpenStreetMap', 'license': 'ODbL-1.0', 'record_id': 'w123229410@7', 'update_time': '2026-03-21T16:00:40.000Z', 'confidence': None, 'between': None, 'provider': 'osm', 'resource': 'planet', 'version': '2026-09-06T00:00:00.000Z'}]", "level": null, "height": null, "min_height": null, "is_underground": false, "num_floors": 4.0, "num_floors_underground": null, "min_floor": null, "subtype": "residential", "class": "apartments", "facade_color": null, "facade_material": null, "roof_material": null, "roof_shape": null, "roof_direction": null, "roof_orientation": null, "roof_color": null, "roof_height": null, "has_parts": false, "version": 1, "bbox": { "xmin": 8.536578178405762, "xmax": 8.536766052246094, "ymin": 47.37987518310547, "ymax": 47.380008697509766 } }, "geometry": { "type": "Polygon", "coordinates": [ [ [ 8.5366832, 47.3798754 ], [ 8.5367646, 47.3799365 ], [ 8.5366414, 47.3800085 ], [ 8.536639, 47.3800065 ], [ 8.5366419, 47.3800049 ], [ 8.5365975, 47.3799716 ], [ 8.5366113, 47.3799632 ], [ 8.5365783, 47.3799386 ], [ 8.5366832, 47.3798754 ] ] ] } },
{ "type": "Feature", "properties": { "id": "9914639c-7246-417b-afd4-080b7f8034d5", "names": null, "sources": "[{'property': '', 'dataset': 'OpenStreetMap', 'license': 'ODbL-1.0', 'record_id': 'w70730782@7', 'update_time': '2026-03-21T16:00:05.000Z', 'confidence': None, 'between': None, 'provider': 'osm', 'resource': 'planet', 'version': '2026-09-06T00:00:00.000Z'}]", "level": null, "height": null, "min_height": null, "is_underground": false, "num_floors": 4.0, "num_floors_underground": null, "min_floor": null, "subtype": "residential", "class": "apartments", "facade_color": null, "facade_material": null, "roof_material": null, "roof_shape": null, "roof_direction": null, "roof_orientation": null, "roof_color": null, "roof_height": null, "has_parts": false, "version": 1, "bbox": { "xmin": 8.536641120910645, "xmax": 8.536823272705078, "ymin": 47.37993621826172, "ymax": 47.38007354736328 } }, "geometry": { "type": "Polygon", "coordinates": [ [ [ 8.5366414, 47.3800085 ], [ 8.5367646, 47.3799365 ], [ 8.5367964, 47.3799604 ], [ 8.5368231, 47.3800057 ], [ 8.536714, 47.3800676 ], [ 8.5366414, 47.3800085 ] ] ] } },
{ "type": "Feature", "properties": { "id": "74dfc969-5c82-4fe9-934f-ce8d680d1ead", "names": null, "sources": "[{'property': '', 'dataset': 'OpenStreetMap', 'license': 'ODbL-1.0', 'record_id': 'w70730616@9', 'update_time': '2026-03-21T16:00:40.000Z', 'confidence': None, 'between': None, 'provider': 'osm', 'resource': 'planet', 'version': '2026-09-06T00:00:00.000Z'}\n {'property': '/properties/height', 'dataset': 'Microsoft ML Buildings', 'license': 'ODbL-1.0', 'record_id': None, 'update_time': None, 'confidence': None, 'between': None, 'provider': 'microsoft', 'resource': 'ml_buildings', 'version': '2026-08-11'}]", "level": null, "height": 14.418682098388672, "min_height": null, "is_underground": false, "num_floors": 3.0, "num_floors_underground": null, "min_floor": null, "subtype": "commercial", "class": "hotel", "facade_color": null, "facade_material": null, "roof_material": null, "roof_shape": null, "roof_direction": null, "roof_orientation": null, "roof_color": null, "roof_height": null, "has_parts": false, "version": 2, "bbox": { "xmin": 8.536402702331543, "xmax": 8.536660194396973, "ymin": 47.379981994628906, "ymax": 47.38016891479492 } }, "geometry": { "type": "Polygon", "coordinates": [ [ [ 8.53666, 47.3800979 ], [ 8.5365458, 47.3801628 ], [ 8.5365032, 47.3801283 ], [ 8.5365012, 47.3801295 ], [ 8.5364431, 47.3800824 ], [ 8.5364452, 47.3800812 ], [ 8.5364035, 47.3800475 ], [ 8.5365174, 47.3799827 ], [ 8.53666, 47.3800979 ] ] ] } },
{ "type": "Feature", "properties": { "id": "928db411-b935-4d1c-893d-544ac82f2d9a", "names": null, "sources": "[{'property': '', 'dataset': 'OpenStreetMap', 'license': 'ODbL-1.0', 'record_id': 'w70730612@9', 'update_time': '2026-03-21T16:00:24.000Z', 'confidence': None, 'between': None, 'provider': 'osm', 'resource': 'planet', 'version': '2026-09-06T00:00:00.000Z'}]", "level": null, "height": null, "min_height": null, "is_underground": false, "num_floors": 4.0, "num_floors_underground": null, "min_floor": null, "subtype": "residential", "class": "apartments", "facade_color": null, "facade_material": null, "roof_material": null, "roof_shape": "saltbox", "roof_direction": null, "roof_orientation": null, "roof_color": null, "roof_height": null, "has_parts": false, "version": 1, "bbox": { "xmin": 8.53618335723877, "xmax": 8.536521911621094, "ymin": 47.379852294921875, "ymax": 47.38005447387695 } }, "geometry": { "type": "Polygon", "coordinates": [ [ [ 8.5364726, 47.379854 ], [ 8.5365219, 47.3799369 ], [ 8.5364023, 47.3800082 ], [ 8.5362544, 47.3800485 ], [ 8.5361838, 47.3799319 ], [ 8.5364035, 47.3798727 ], [ 8.5364726, 47.379854 ] ] ] } },
{ "type": "Feature", "properties": { "id": "e76b5413-6c53-4cbf-a9f8-304ea9cc3945", "names": null, "sources": "[{'property': '', 'dataset': 'OpenStreetMap', 'license': 'ODbL-1.0', 'record_id': 'w637954773@9', 'update_time': '2026-03-21T16:00:23.000Z', 'confidence': None, 'between': None, 'provider': 'osm', 'resource': 'planet', 'version': '2026-09-06T00:00:00.000Z'}]", "level": null, "height": null, "min_height": null, "is_underground": false, "num_floors": 7.0, "num_floors_underground": null, "min_floor": null, "subtype": "commercial", "class": "office", "facade_color": null, "facade_material": null, "roof_material": null, "roof_shape": null, "roof_direction": null, "roof_orientation": null, "roof_color": null, "roof_height": null, "has_parts": false, "version": 1, "bbox": { "xmin": 8.536018371582031, "xmax": 8.5364351272583, "ymin": 47.37957000732422, "ymax": 47.379859924316406 } }, "geometry": { "type": "Polygon", "coordinates": [ [ [ 8.5364345, 47.3797633 ], [ 8.5361378, 47.3798541 ], [ 8.5360186, 47.3796533 ], [ 8.5363208, 47.3795706 ], [ 8.5364345, 47.3797633 ] ] ] } },
{ "type": "Feature", "properties": { "id": "2431ff6c-3d51-4cda-a147-41a12b79d6e7", "names": null, "sources": "[{'property': '', 'dataset': 'OpenStreetMap', 'license': 'ODbL-1.0', 'record_id': 'w1359843126@3', 'update_time': '2026-03-21T15:59:55.000Z', 'confidence': None, 'between': None, 'provider': 'osm', 'resource': 'planet', 'version': '2026-09-06T00:00:00.000Z'}]", "level": null, "height": null, "min_height": null, "is_underground": false, "num_floors": 1.0, "num_floors_underground": null, "min_floor": null, "subtype": null, "class": null, "facade_color": "#778899", "facade_material": null, "roof_material": null, "roof_shape": "flat", "roof_direction": null, "roof_orientation": null, "roof_color": null, "roof_height": null, "has_parts": false, "version": 1, "bbox": { "xmin": 8.53581714630127, "xmax": 8.535896301269531, "ymin": 47.37953567504883, "ymax": 47.37958526611328 } }, "geometry": { "type": "Polygon", "coordinates": [ [ [ 8.5358955, 47.3795665 ], [ 8.5358319, 47.3795835 ], [ 8.535818, 47.3795598 ], [ 8.5358816, 47.3795428 ], [ 8.5358955, 47.3795665 ] ] ] } },
{ "type": "Feature", "properties": { "id": "673a32fb-b287-44a8-a492-3671399c3d0a", "names": null, "sources": "[{'property': '', 'dataset': 'OpenStreetMap', 'license': 'ODbL-1.0', 'record_id': 'w123229411@6', 'update_time': '2026-03-21T16:00:10.000Z', 'confidence': None, 'between': None, 'provider': 'osm', 'resource': 'planet', 'version': '2026-09-06T00:00:00.000Z'}]", "level": null, "height": null, "min_height": null, "is_underground": false, "num_floors": 6.0, "num_floors_underground": null, "min_floor": null, "subtype": "residential", "class": "apartments", "facade_color": null, "facade_material": null, "roof_material": null, "roof_shape": null, "roof_direction": null, "roof_orientation": null, "roof_color": null, "roof_height": null, "has_parts": false, "version": 1, "bbox": { "xmin": 8.536852836608887, "xmax": 8.53708267211914, "ymin": 47.379730224609375, "ymax": 47.3798828125 } }, "geometry": { "type": "Polygon", "coordinates": [ [ [ 8.537029, 47.3797362 ], [ 8.5370823, 47.3798274 ], [ 8.5368871, 47.3798753 ], [ 8.5368532, 47.3798198 ], [ 8.5368793, 47.3797772 ], [ 8.537029, 47.3797362 ] ] ] } },
{ "type": "Feature", "properties": { "id": "3b813cd8-af3a-4ad4-a483-cc9b807924da", "names": null, "sources": "[{'property': '', 'dataset': 'OpenStreetMap', 'license': 'ODbL-1.0', 'record_id': 'w123229407@8', 'update_time': '2026-03-21T16:00:23.000Z', 'confidence': None, 'between': None, 'provider': 'osm', 'resource': 'planet', 'version': '2026-09-06T00:00:00.000Z'}]", "level": null, "height": null, "min_height": null, "is_underground": false, "num_floors": 6.0, "num_floors_underground": null, "min_floor": null, "subtype": "residential", "class": "apartments", "facade_color": null, "facade_material": null, "roof_material": null, "roof_shape": null, "roof_direction": null, "roof_orientation": null, "roof_color": null, "roof_height": null, "has_parts": false, "version": 1, "bbox": { "xmin": 8.537028312683105, "xmax": 8.537325859069824, "ymin": 47.37968826293945, "ymax": 47.37992477416992 } }, "geometry": { "type": "Polygon", "coordinates": [ [ [ 8.5373258, 47.3798516 ], [ 8.5373144, 47.3798699 ], [ 8.5372896, 47.3798767 ], [ 8.5371396, 47.3799176 ], [ 8.537096, 47.3798443 ], [ 8.5370937, 47.3798449 ], [ 8.5370823, 47.3798274 ], [ 8.537029, 47.3797362 ], [ 8.5372061, 47.3796895 ], [ 8.5372355, 47.3796979 ], [ 8.5373172, 47.3798369 ], [ 8.5373258, 47.3798516 ] ] ] } },
{ "type": "Feature", "properties": { "id": "fae2214f-4cac-4db7-9430-d73270ab5533", "names": "{'primary': 'Landesmuseum', 'common': [('ko', '스위스 국립 박물관')], 'rules': array([{'variant': 'alternate', 'language': None, 'perspectives': None, 'value': 'Schweizerisches Landesmuseum', 'between': None, 'side': None}],\n      dtype=object)}", "sources": "[{'property': '', 'dataset': 'OpenStreetMap', 'license': 'ODbL-1.0', 'record_id': 'r4281153@13', 'update_time': '2025-06-25T09:07:29.000Z', 'confidence': None, 'between': None, 'provider': 'osm', 'resource': 'planet', 'version': '2026-09-06T00:00:00.000Z'}]", "level": null, "height": 25.0, "min_height": null, "is_underground": false, "num_floors": null, "num_floors_underground": null, "min_floor": null, "subtype": "entertainment", "class": null, "facade_color": null, "facade_material": null, "roof_material": null, "roof_shape": null, "roof_direction": null, "roof_orientation": null, "roof_color": null, "roof_height": null, "has_parts": false, "version": 3, "bbox": { "xmin": 8.539106369018555, "xmax": 8.541193962097168, "ymin": 47.37871551513672, "ymax": 47.3797607421875 } }, "geometry": { "type": "Polygon", "coordinates": [ [ [ 8.5399569, 47.379704 ], [ 8.5398036, 47.3795616 ], [ 8.5397709, 47.3795312 ], [ 8.5397557, 47.3795346 ], [ 8.5397496, 47.3795298 ], [ 8.5395183, 47.3795897 ], [ 8.5395211, 47.3795946 ], [ 8.5394223, 47.3796202 ], [ 8.5393924, 47.3795675 ], [ 8.5393762, 47.3795717 ], [ 8.5393451, 47.379517 ], [ 8.5393612, 47.3795128 ], [ 8.5393022, 47.379409 ], [ 8.5391843, 47.3794418 ], [ 8.5391342, 47.3793574 ], [ 8.5392333, 47.3793302 ], [ 8.5391879, 47.379255 ], [ 8.539166, 47.3792562 ], [ 8.5391456, 47.3792521 ], [ 8.5391297, 47.3792458 ], [ 8.5391159, 47.3792278 ], [ 8.5391162, 47.3792112 ], [ 8.5391253, 47.3791992 ], [ 8.5391462, 47.37919 ], [ 8.5391754, 47.3791797 ], [ 8.5391065, 47.3790674 ], [ 8.5392677, 47.3790243 ], [ 8.5392922, 47.3790603 ], [ 8.5394477, 47.3790179 ], [ 8.5394341, 47.3789989 ], [ 8.539443, 47.3789879 ], [ 8.5394644, 47.3789833 ], [ 8.5394812, 47.3789878 ], [ 8.5394902, 47.3790004 ], [ 8.5396376, 47.3789635 ], [ 8.5396204, 47.3789392 ], [ 8.5398807, 47.3788671 ], [ 8.5398969, 47.3788929 ], [ 8.5400431, 47.3788515 ], [ 8.5400351, 47.3788385 ], [ 8.5400409, 47.3788243 ], [ 8.5400617, 47.3788208 ], [ 8.5400836, 47.3788279 ], [ 8.5400962, 47.3788434 ], [ 8.5402464, 47.378801 ], [ 8.5402214, 47.3787629 ], [ 8.5403841, 47.3787219 ], [ 8.5405333, 47.3789741 ], [ 8.5405434, 47.3789716 ], [ 8.5405749, 47.3790247 ], [ 8.5406027, 47.3790716 ], [ 8.5405886, 47.379076 ], [ 8.5406158, 47.379126 ], [ 8.5406768, 47.3791098 ], [ 8.5407013, 47.379107 ], [ 8.5407253, 47.3791059 ], [ 8.5407503, 47.379107 ], [ 8.540778, 47.3791091 ], [ 8.5408406, 47.3791228 ], [ 8.5408856, 47.3790267 ], [ 8.5409625, 47.3788627 ], [ 8.5409689, 47.3788491 ], [ 8.5411938, 47.3788982 ], [ 8.5410692, 47.379155 ], [ 8.5409921, 47.3793139 ], [ 8.5409803, 47.3793118 ], [ 8.5410894, 47.3794355 ], [ 8.5409742, 47.3794705 ], [ 8.5409898, 47.3797071 ], [ 8.5408302, 47.3797601 ], [ 8.5405968, 47.3796883 ], [ 8.5403226, 47.379604 ], [ 8.5399569, 47.379704 ] ], [ [ 8.5399385, 47.3795258 ], [ 8.5399824, 47.3795464 ], [ 8.5402026, 47.3794415 ], [ 8.5404776, 47.379493 ], [ 8.5407446, 47.3795429 ], [ 8.5409189, 47.3792988 ], [ 8.5407856, 47.3792677 ], [ 8.5407756, 47.3792767 ], [ 8.5407634, 47.3792838 ], [ 8.5407485, 47.3792892 ], [ 8.5407355, 47.3792901 ], [ 8.5407209, 47.3792885 ], [ 8.5407073, 47.3792861 ], [ 8.5406935, 47.3792792 ], [ 8.5406851, 47.3792709 ], [ 8.5404162, 47.3793447 ], [ 8.5404216, 47.3793538 ], [ 8.5402555, 47.3793994 ], [ 8.5402501, 47.3793903 ], [ 8.5401844, 47.379278 ], [ 8.5403506, 47.3792344 ], [ 8.5403568, 47.3792449 ], [ 8.5404866, 47.3792089 ], [ 8.5404329, 47.3791184 ], [ 8.5404274, 47.3791206 ], [ 8.5403984, 47.3790708 ], [ 8.5403803, 47.3790397 ], [ 8.5403669, 47.3790416 ], [ 8.5403554, 47.379042 ], [ 8.5403429, 47.3790359 ], [ 8.5403357, 47.3790258 ], [ 8.540321, 47.3790292 ], [ 8.540264, 47.3789346 ], [ 8.5401681, 47.3789604 ], [ 8.5401755, 47.378983 ], [ 8.5401697, 47.378995 ], [ 8.5401468, 47.3790017 ], [ 8.5401259, 47.3789957 ], [ 8.540116, 47.3789826 ], [ 8.5399772, 47.3790208 ], [ 8.5399918, 47.3790455 ], [ 8.5397268, 47.3791183 ], [ 8.5397091, 47.3790918 ], [ 8.5395674, 47.3791308 ], [ 8.539575, 47.3791444 ], [ 8.5395677, 47.3791568 ], [ 8.5395458, 47.3791638 ], [ 8.5395233, 47.3791557 ], [ 8.5395098, 47.3791387 ], [ 8.5393606, 47.3791794 ], [ 8.5394211, 47.3792779 ], [ 8.5394639, 47.3792695 ], [ 8.5395134, 47.3792839 ], [ 8.5395333, 47.3793189 ], [ 8.539514, 47.3793525 ], [ 8.5394717, 47.3793645 ], [ 8.5395286, 47.3794655 ], [ 8.5396899, 47.3794212 ], [ 8.5396856, 47.379414 ], [ 8.53982, 47.3793771 ], [ 8.5398244, 47.3793843 ], [ 8.5398937, 47.3795047 ], [ 8.5399385, 47.3795258 ] ] ] } },
{ "type": "Feature", "properties": { "id": "c3596bd1-56b7-4914-b5cd-3749efcf157a", "names": null, "sources": "[{'property': '', 'dataset': 'OpenStreetMap', 'license': 'ODbL-1.0', 'record_id': 'r5708936@8', 'update_time': '2025-05-13T16:10:49.000Z', 'confidence': None, 'between': None, 'provider': 'osm', 'resource': 'planet', 'version': '2026-09-06T00:00:00.000Z'}]", "level": null, "height": 20.0, "min_height": null, "is_underground": false, "num_floors": null, "num_floors_underground": null, "min_floor": null, "subtype": "transportation", "class": "train_station", "facade_color": null, "facade_material": null, "roof_material": null, "roof_shape": null, "roof_direction": null, "roof_orientation": null, "roof_color": null, "roof_height": null, "has_parts": true, "version": 2, "bbox": { "xmin": 8.538883209228516, "xmax": 8.54141902923584, "ymin": 47.37713623046875, "ymax": 47.378746032714844 } }, "geometry": { "type": "Polygon", "coordinates": [ [ [ 8.5411766, 47.3774302 ], [ 8.5411714, 47.3774315 ], [ 8.5411821, 47.3774497 ], [ 8.5411927, 47.3774678 ], [ 8.5411983, 47.3774663 ], [ 8.5412038, 47.3774758 ], [ 8.5412017, 47.3774763 ], [ 8.5412061, 47.3774839 ], [ 8.541204, 47.3774845 ], [ 8.5412586, 47.3775776 ], [ 8.541262, 47.3775767 ], [ 8.5412773, 47.3776028 ], [ 8.5412931, 47.3776297 ], [ 8.54129, 47.3776305 ], [ 8.5413444, 47.3777233 ], [ 8.5413462, 47.3777228 ], [ 8.5413509, 47.3777308 ], [ 8.541353, 47.3777302 ], [ 8.5413581, 47.377739 ], [ 8.5413526, 47.3777404 ], [ 8.5413636, 47.3777592 ], [ 8.5413746, 47.3777779 ], [ 8.5413798, 47.3777765 ], [ 8.541385, 47.3777853 ], [ 8.5413827, 47.3777859 ], [ 8.5413871, 47.3777935 ], [ 8.5413766, 47.3777963 ], [ 8.5414182, 47.3778673 ], [ 8.5413725, 47.3778796 ], [ 8.5413517, 47.3778852 ], [ 8.5413252, 47.3778923 ], [ 8.5413236, 47.3778896 ], [ 8.5411726, 47.3779302 ], [ 8.5412082, 47.3779908 ], [ 8.5412206, 47.3779875 ], [ 8.5412582, 47.3780516 ], [ 8.541287, 47.3781006 ], [ 8.5412213, 47.3781183 ], [ 8.541226, 47.3781262 ], [ 8.5412392, 47.3781487 ], [ 8.5412543, 47.3781744 ], [ 8.5412468, 47.3781765 ], [ 8.5412585, 47.3781965 ], [ 8.5412102, 47.3782095 ], [ 8.5412045, 47.3781997 ], [ 8.5410321, 47.3782462 ], [ 8.5410382, 47.3782566 ], [ 8.5409891, 47.3782698 ], [ 8.5409833, 47.3782599 ], [ 8.5408102, 47.3783065 ], [ 8.5408161, 47.3783166 ], [ 8.5407681, 47.3783295 ], [ 8.5407624, 47.3783199 ], [ 8.5406711, 47.3783444 ], [ 8.5405901, 47.3783663 ], [ 8.5405959, 47.3783763 ], [ 8.5405465, 47.3783896 ], [ 8.5405406, 47.3783797 ], [ 8.5403673, 47.3784264 ], [ 8.5403729, 47.3784358 ], [ 8.5403246, 47.3784488 ], [ 8.5403191, 47.3784396 ], [ 8.5401467, 47.3784861 ], [ 8.5401524, 47.3784958 ], [ 8.540104, 47.3785088 ], [ 8.5400985, 47.3784995 ], [ 8.5399248, 47.3785463 ], [ 8.5399305, 47.3785561 ], [ 8.5398823, 47.3785691 ], [ 8.5398766, 47.3785594 ], [ 8.5398478, 47.3785672 ], [ 8.5398965, 47.3786487 ], [ 8.5399028, 47.3786605 ], [ 8.5395912, 47.3787442 ], [ 8.5395861, 47.3787355 ], [ 8.5395542, 47.3786811 ], [ 8.5395137, 47.3786121 ], [ 8.5394702, 47.3785379 ], [ 8.5394329, 47.3784742 ], [ 8.5393857, 47.3783937 ], [ 8.5393484, 47.3783301 ], [ 8.5393012, 47.3782497 ], [ 8.539264, 47.3781863 ], [ 8.5392167, 47.3781056 ], [ 8.5391773, 47.3780384 ], [ 8.5391341, 47.3779647 ], [ 8.5390917, 47.3778924 ], [ 8.5390481, 47.377818 ], [ 8.5390112, 47.377755 ], [ 8.5389646, 47.3776755 ], [ 8.5389269, 47.3776112 ], [ 8.5388993, 47.3775643 ], [ 8.5388834, 47.377537 ], [ 8.5392122, 47.3774486 ], [ 8.5392678, 47.3775433 ], [ 8.5392608, 47.3775451 ], [ 8.5392963, 47.3776056 ], [ 8.5393413, 47.3776824 ], [ 8.539423, 47.3776603 ], [ 8.5394394, 47.3776883 ], [ 8.5394867, 47.3776755 ], [ 8.5394702, 47.3776476 ], [ 8.539469, 47.3776455 ], [ 8.5394573, 47.3776486 ], [ 8.5394015, 47.3775536 ], [ 8.5394135, 47.3775504 ], [ 8.5393889, 47.3775086 ], [ 8.5395569, 47.3774633 ], [ 8.5395741, 47.3774925 ], [ 8.53973, 47.3774505 ], [ 8.5397263, 47.3774442 ], [ 8.5397391, 47.3774408 ], [ 8.5397419, 47.3774456 ], [ 8.5397605, 47.3774405 ], [ 8.5397791, 47.3774355 ], [ 8.5397765, 47.377431 ], [ 8.5397894, 47.3774275 ], [ 8.5397929, 47.3774334 ], [ 8.5399487, 47.3773914 ], [ 8.5399309, 47.3773611 ], [ 8.5399437, 47.3773577 ], [ 8.5399448, 47.3773596 ], [ 8.5399504, 47.377358 ], [ 8.5399663, 47.3773538 ], [ 8.5399879, 47.377348 ], [ 8.5399857, 47.3773442 ], [ 8.5399905, 47.3773429 ], [ 8.5399864, 47.3773358 ], [ 8.5400243, 47.3773256 ], [ 8.5400284, 47.3773326 ], [ 8.5400745, 47.3773202 ], [ 8.540121, 47.3773077 ], [ 8.5401169, 47.3773007 ], [ 8.5401542, 47.3772906 ], [ 8.5401583, 47.3772976 ], [ 8.5401629, 47.3772964 ], [ 8.5401651, 47.3773001 ], [ 8.5401875, 47.3772941 ], [ 8.5402037, 47.3772897 ], [ 8.5402086, 47.3772884 ], [ 8.5402075, 47.3772865 ], [ 8.5402211, 47.3772828 ], [ 8.5402385, 47.3773123 ], [ 8.5403941, 47.3772704 ], [ 8.5403907, 47.3772646 ], [ 8.5404038, 47.377261 ], [ 8.5404065, 47.3772656 ], [ 8.5404248, 47.3772607 ], [ 8.5404431, 47.3772557 ], [ 8.5404402, 47.3772509 ], [ 8.5404539, 47.3772472 ], [ 8.5404573, 47.377253 ], [ 8.5406138, 47.3772108 ], [ 8.5405972, 47.3771824 ], [ 8.5406178, 47.3771768 ], [ 8.5406813, 47.3771597 ], [ 8.5407653, 47.3771371 ], [ 8.5407762, 47.3771556 ], [ 8.5407879, 47.3771756 ], [ 8.5407887, 47.3771768 ], [ 8.5407999, 47.3771738 ], [ 8.5408569, 47.3772708 ], [ 8.5408473, 47.3772734 ], [ 8.5408714, 47.3773143 ], [ 8.5407662, 47.3773427 ], [ 8.5407943, 47.3773904 ], [ 8.5408181, 47.3774309 ], [ 8.5409237, 47.3774024 ], [ 8.5410217, 47.377376 ], [ 8.5410198, 47.3773728 ], [ 8.5410464, 47.3773656 ], [ 8.5410669, 47.3773601 ], [ 8.5411145, 47.3773473 ], [ 8.541155, 47.3774164 ], [ 8.5411649, 47.3774138 ], [ 8.5411693, 47.3774213 ], [ 8.5411711, 47.3774208 ], [ 8.5411766, 47.3774302 ] ] ] } },
{ "type": "Feature", "properties": { "id": "b2514ae1-6129-423f-865f-86c0ea1aca37", "names": null, "sources": "[{'property': '', 'dataset': 'OpenStreetMap', 'license': 'ODbL-1.0', 'record_id': 'w383737815@7', 'update_time': '2025-11-24T01:03:59.000Z', 'confidence': None, 'between': None, 'provider': 'osm', 'resource': 'planet', 'version': '2026-09-06T00:00:00.000Z'}]", "level": null, "height": null, "min_height": null, "is_underground": false, "num_floors": null, "num_floors_underground": null, "min_floor": null, "subtype": "commercial", "class": "kiosk", "facade_color": null, "facade_material": "glass", "roof_material": null, "roof_shape": "flat", "roof_direction": null, "roof_orientation": null, "roof_color": null, "roof_height": null, "has_parts": false, "version": 4, "bbox": { "xmin": 8.53952407836914, "xmax": 8.539607048034668, "ymin": 47.378150939941406, "ymax": 47.378211975097656 } }, "geometry": { "type": "Polygon", "coordinates": [ [ [ 8.5395422, 47.3782045 ], [ 8.5395241, 47.3781758 ], [ 8.5395883, 47.3781573 ], [ 8.5396063, 47.378186 ], [ 8.5395422, 47.3782045 ] ] ] } },
{ "type": "Feature", "properties": { "id": "58cec6b2-82e5-4039-b16b-dcb8b06e4dcb", "names": null, "sources": "[{'property': '', 'dataset': 'OpenStreetMap', 'license': 'ODbL-1.0', 'record_id': 'w383737816@5', 'update_time': '2024-09-03T13:19:07.000Z', 'confidence': None, 'between': None, 'provider': 'osm', 'resource': 'planet', 'version': '2026-09-06T00:00:00.000Z'}]", "level": null, "height": null, "min_height": null, "is_underground": false, "num_floors": 1.0, "num_floors_underground": null, "min_floor": null, "subtype": "commercial", "class": "kiosk", "facade_color": null, "facade_material": null, "roof_material": null, "roof_shape": "flat", "roof_direction": null, "roof_orientation": null, "roof_color": null, "roof_height": null, "has_parts": false, "version": 1, "bbox": { "xmin": 8.539407730102539, "xmax": 8.5394926071167, "ymin": 47.37795639038086, "ymax": 47.37800979614258 } }, "geometry": { "type": "Polygon", "coordinates": [ [ [ 8.5394253, 47.3780096 ], [ 8.5394086, 47.3779813 ], [ 8.5394752, 47.3779632 ], [ 8.539492, 47.3779914 ], [ 8.5394253, 47.3780096 ] ] ] } },
{ "type": "Feature", "properties": { "id": "8a121097-57f9-4b2a-9bad-9108f40bc9aa", "names": null, "sources": "[{'property': '', 'dataset': 'OpenStreetMap', 'license': 'ODbL-1.0', 'record_id': 'w1274028449@1', 'update_time': '2024-04-19T08:37:24.000Z', 'confidence': None, 'between': None, 'provider': 'osm', 'resource': 'planet', 'version': '2026-09-06T00:00:00.000Z'}]", "level": null, "height": null, "min_height": null, "is_underground": false, "num_floors": 1.0, "num_floors_underground": null, "min_floor": null, "subtype": "commercial", "class": "kiosk", "facade_color": null, "facade_material": null, "roof_material": null, "roof_shape": null, "roof_direction": null, "roof_orientation": null, "roof_color": null, "roof_height": null, "has_parts": false, "version": 1, "bbox": { "xmin": 8.539571762084961, "xmax": 8.539644241333008, "ymin": 47.37838363647461, "ymax": 47.378440856933594 } }, "geometry": { "type": "Polygon", "coordinates": [ [ [ 8.5396442, 47.3784219 ], [ 8.5395939, 47.378435 ], [ 8.5395726, 47.3783975 ], [ 8.5396229, 47.3783844 ], [ 8.5396442, 47.3784219 ] ] ] } },
{ "type": "Feature", "properties": { "id": "0322a587-184f-4d5a-9298-50e1b0bde7d5", "names": null, "sources": "[{'property': '', 'dataset': 'OpenStreetMap', 'license': 'ODbL-1.0', 'record_id': 'w492505573@7', 'update_time': '2025-03-26T07:43:09.000Z', 'confidence': None, 'between': None, 'provider': 'osm', 'resource': 'planet', 'version': '2026-09-06T00:00:00.000Z'}]", "level": null, "height": null, "min_height": null, "is_underground": false, "num_floors": 1.0, "num_floors_underground": null, "min_floor": null, "subtype": "commercial", "class": "commercial", "facade_color": null, "facade_material": null, "roof_material": null, "roof_shape": null, "roof_direction": null, "roof_orientation": null, "roof_color": null, "roof_height": null, "has_parts": false, "version": 1, "bbox": { "xmin": 8.539673805236816, "xmax": 8.539807319641113, "ymin": 47.37843322753906, "ymax": 47.37852478027344 } }, "geometry": { "type": "Polygon", "coordinates": [ [ [ 8.53977, 47.3784347 ], [ 8.5398073, 47.3784982 ], [ 8.5397109, 47.3785244 ], [ 8.5396742, 47.3784601 ], [ 8.53977, 47.3784347 ] ] ] } },
{ "type": "Feature", "properties": { "id": "60327689-23a0-4dac-8ce1-fe41cadfe32b", "names": null, "sources": "[{'property': '', 'dataset': 'OpenStreetMap', 'license': 'ODbL-1.0', 'record_id': 'w492505574@4', 'update_time': '2026-03-21T16:00:15.000Z', 'confidence': None, 'between': None, 'provider': 'osm', 'resource': 'planet', 'version': '2026-09-06T00:00:00.000Z'}]", "level": null, "height": null, "min_height": null, "is_underground": false, "num_floors": 1.0, "num_floors_underground": null, "min_floor": null, "subtype": "commercial", "class": "kiosk", "facade_color": null, "facade_material": null, "roof_material": null, "roof_shape": "flat", "roof_direction": null, "roof_orientation": null, "roof_color": null, "roof_height": null, "has_parts": false, "version": 1, "bbox": { "xmin": 8.539726257324219, "xmax": 8.539849281311035, "ymin": 47.3785285949707, "ymax": 47.37860107421875 } }, "geometry": { "type": "Polygon", "coordinates": [ [ [ 8.539826, 47.3785301 ], [ 8.5398478, 47.3785672 ], [ 8.5397485, 47.378594 ], [ 8.5397272, 47.3785579 ], [ 8.539826, 47.3785301 ] ] ] } },
{ "type": "Feature", "properties": { "id": "939d046e-5a38-44ee-a3ae-af27d43b5001", "names": null, "sources": "[{'property': '', 'dataset': 'OpenStreetMap', 'license': 'ODbL-1.0', 'record_id': 'w107635528@28', 'update_time': '2026-03-21T16:00:37.000Z', 'confidence': None, 'between': None, 'provider': 'osm', 'resource': 'planet', 'version': '2026-09-06T00:00:00.000Z'}]", "level": 1.0, "height": 6.0, "min_height": null, "is_underground": false, "num_floors": null, "num_floors_underground": null, "min_floor": null, "subtype": "outbuilding", "class": "roof", "facade_color": null, "facade_material": null, "roof_material": null, "roof_shape": null, "roof_direction": null, "roof_orientation": null, "roof_color": null, "roof_height": null, "has_parts": true, "version": 1, "bbox": { "xmin": 8.535529136657715, "xmax": 8.53990364074707, "ymin": 47.37744140625, "ymax": 47.37967300415039 } }, "geometry": { "type": "Polygon", "coordinates": [ [ [ 8.5355294, 47.3786024 ], [ 8.5360049, 47.378472 ], [ 8.5358396, 47.3781897 ], [ 8.5364105, 47.3780355 ], [ 8.5364976, 47.3781836 ], [ 8.5388834, 47.377537 ], [ 8.5392122, 47.3774486 ], [ 8.5392678, 47.3775433 ], [ 8.5392608, 47.3775451 ], [ 8.5392963, 47.3776056 ], [ 8.5393413, 47.3776824 ], [ 8.5394121, 47.3778081 ], [ 8.5394367, 47.3778014 ], [ 8.539439, 47.3778053 ], [ 8.5394174, 47.3778111 ], [ 8.5394222, 47.3778192 ], [ 8.5394273, 47.3778179 ], [ 8.5394607, 47.3778747 ], [ 8.5394471, 47.3778783 ], [ 8.5394552, 47.3778921 ], [ 8.5397003, 47.3783091 ], [ 8.5396967, 47.37831 ], [ 8.5397166, 47.3783439 ], [ 8.53977, 47.3784347 ], [ 8.5398073, 47.3784982 ], [ 8.539813, 47.378508 ], [ 8.539826, 47.3785301 ], [ 8.5398478, 47.3785672 ], [ 8.5398965, 47.3786487 ], [ 8.5399028, 47.3786605 ], [ 8.5395912, 47.3787442 ], [ 8.5372691, 47.3793735 ], [ 8.5373244, 47.3794674 ], [ 8.5372026, 47.3795005 ], [ 8.5372107, 47.3795143 ], [ 8.5368721, 47.3796063 ], [ 8.5368639, 47.3795925 ], [ 8.5365951, 47.3796655 ], [ 8.5365036, 47.3795071 ], [ 8.5369441, 47.3793881 ], [ 8.5369102, 47.3793296 ], [ 8.5364105, 47.379465 ], [ 8.536408, 47.37946 ], [ 8.536376, 47.3794696 ], [ 8.5360744, 47.3795307 ], [ 8.5355294, 47.3786024 ] ] ] } },
{ "type": "Feature", "properties": { "id": "7d4df7fc-4c11-450a-9c2c-1039e15480d8", "names": null, "sources": "[{'property': '', 'dataset': 'OpenStreetMap', 'license': 'ODbL-1.0', 'record_id': 'w1359843125@1', 'update_time': '2025-02-14T12:36:44.000Z', 'confidence': None, 'between': None, 'provider': 'osm', 'resource': 'planet', 'version': '2026-09-06T00:00:00.000Z'}]", "level": null, "height": null, "min_height": null, "is_underground": false, "num_floors": 1.0, "num_floors_underground": null, "min_floor": null, "subtype": null, "class": null, "facade_color": "#778899", "facade_material": null, "roof_material": null, "roof_shape": "flat", "roof_direction": null, "roof_orientation": null, "roof_color": null, "roof_height": null, "has_parts": false, "version": 1, "bbox": { "xmin": 8.535733222961426, "xmax": 8.535812377929688, "ymin": 47.379398345947266, "ymax": 47.37944030761719 } }, "geometry": { "type": "Polygon", "coordinates": [ [ [ 8.5358115, 47.3794224 ], [ 8.5357479, 47.3794394 ], [ 8.535734, 47.3794157 ], [ 8.5357976, 47.3793987 ], [ 8.5358115, 47.3794224 ] ] ] } },
{ "type": "Feature", "properties": { "id": "c9079db3-67d6-4818-b242-957d603a6133", "names": null, "sources": "[{'property': '', 'dataset': 'OpenStreetMap', 'license': 'ODbL-1.0', 'record_id': 'w1253938325@3', 'update_time': '2026-03-21T16:00:33.000Z', 'confidence': None, 'between': None, 'provider': 'osm', 'resource': 'planet', 'version': '2026-09-06T00:00:00.000Z'}]", "level": null, "height": null, "min_height": null, "is_underground": false, "num_floors": 1.0, "num_floors_underground": null, "min_floor": null, "subtype": null, "class": null, "facade_color": "#778899", "facade_material": null, "roof_material": null, "roof_shape": "flat", "roof_direction": null, "roof_orientation": null, "roof_color": null, "roof_height": null, "has_parts": false, "version": 1, "bbox": { "xmin": 8.53564453125, "xmax": 8.535722732543945, "ymin": 47.37925338745117, "ymax": 47.379295349121094 } }, "geometry": { "type": "Polygon", "coordinates": [ [ [ 8.5357225, 47.3792775 ], [ 8.5356589, 47.3792945 ], [ 8.535645, 47.3792708 ], [ 8.5357086, 47.3792538 ], [ 8.5357225, 47.3792775 ] ] ] } },
{ "type": "Feature", "properties": { "id": "610d2eab-b760-4c4a-b0bd-a8df8f0370be", "names": null, "sources": "[{'property': '', 'dataset': 'OpenStreetMap', 'license': 'ODbL-1.0', 'record_id': 'w1253938326@1', 'update_time': '2024-02-23T12:27:11.000Z', 'confidence': None, 'between': None, 'provider': 'osm', 'resource': 'planet', 'version': '2026-09-06T00:00:00.000Z'}]", "level": null, "height": null, "min_height": null, "is_underground": false, "num_floors": 1.0, "num_floors_underground": null, "min_floor": null, "subtype": null, "class": null, "facade_color": "#778899", "facade_material": null, "roof_material": null, "roof_shape": "flat", "roof_direction": null, "roof_orientation": null, "roof_color": null, "roof_height": null, "has_parts": false, "version": 1, "bbox": { "xmin": 8.535563468933105, "xmax": 8.53564167022705, "ymin": 47.37910842895508, "ymax": 47.37915802001953 } }, "geometry": { "type": "Polygon", "coordinates": [ [ [ 8.5356411, 47.3791337 ], [ 8.5355775, 47.3791507 ], [ 8.5355636, 47.379127 ], [ 8.5356272, 47.37911 ], [ 8.5356411, 47.3791337 ] ] ] } },
{ "type": "Feature", "properties": { "id": "3e569768-e46e-4362-a4c4-8bedf1ad1314", "names": null, "sources": "[{'property': '', 'dataset': 'OpenStreetMap', 'license': 'ODbL-1.0', 'record_id': 'w465213058@11', 'update_time': '2026-04-17T15:34:45.000Z', 'confidence': None, 'between': None, 'provider': 'osm', 'resource': 'planet', 'version': '2026-09-06T00:00:00.000Z'}\n {'property': '/properties/height', 'dataset': 'Microsoft ML Buildings', 'license': 'ODbL-1.0', 'record_id': None, 'update_time': None, 'confidence': None, 'between': None, 'provider': 'microsoft', 'resource': 'ml_buildings', 'version': '2026-08-11'}]", "level": null, "height": 23.952388763427734, "min_height": null, "is_underground": false, "num_floors": 10.0, "num_floors_underground": null, "min_floor": null, "subtype": "commercial", "class": "commercial", "facade_color": "#778899", "facade_material": null, "roof_material": null, "roof_shape": "flat", "roof_direction": null, "roof_orientation": null, "roof_color": null, "roof_height": null, "has_parts": true, "version": 2, "bbox": { "xmin": 8.534337043762207, "xmax": 8.535837173461914, "ymin": 47.37826919555664, "ymax": 47.37879180908203 } }, "geometry": { "type": "Polygon", "coordinates": [ [ [ 8.5358305, 47.3783833 ], [ 8.535837, 47.3783944 ], [ 8.5350019, 47.3786589 ], [ 8.5349928, 47.3786498 ], [ 8.5345751, 47.3787918 ], [ 8.534515, 47.3787369 ], [ 8.5345063, 47.378729 ], [ 8.5343379, 47.3785749 ], [ 8.5346193, 47.3785153 ], [ 8.5348179, 47.3784748 ], [ 8.5350711, 47.3784196 ], [ 8.5354766, 47.3783336 ], [ 8.5357647, 47.3782702 ], [ 8.535824, 47.3783722 ], [ 8.5358305, 47.3783833 ] ] ] } },
{ "type": "Feature", "properties": { "id": "392a2ea8-4434-4fb8-a570-dcbaa478745a", "names": "{'primary': 'Pestalozzianum', 'common': None, 'rules': None}", "sources": "[{'property': '', 'dataset': 'OpenStreetMap', 'license': 'ODbL-1.0', 'record_id': 'w192097005@21', 'update_time': '2026-07-06T13:25:42.000Z', 'confidence': None, 'between': None, 'provider': 'osm', 'resource': 'planet', 'version': '2026-09-06T00:00:00.000Z'}]", "level": null, "height": null, "min_height": null, "is_underground": false, "num_floors": 8.0, "num_floors_underground": null, "min_floor": null, "subtype": "education", "class": "school", "facade_color": null, "facade_material": null, "roof_material": null, "roof_shape": null, "roof_direction": null, "roof_orientation": null, "roof_color": null, "roof_height": null, "has_parts": true, "version": 3, "bbox": { "xmin": 8.533327102661133, "xmax": 8.535528182983398, "ymin": 47.37690734863281, "ymax": 47.3784065246582 } }, "geometry": { "type": "Polygon", "coordinates": [ [ [ 8.5340543, 47.3771885 ], [ 8.534486, 47.3769148 ], [ 8.534543, 47.3769669 ], [ 8.5346755, 47.3770879 ], [ 8.5347264, 47.3770626 ], [ 8.5347785, 47.3770368 ], [ 8.5350473, 47.377281 ], [ 8.5350445, 47.3772824 ], [ 8.5350701, 47.3773056 ], [ 8.5350729, 47.3773043 ], [ 8.5351132, 47.3773408 ], [ 8.5351107, 47.3773421 ], [ 8.5351353, 47.3773644 ], [ 8.5351377, 47.3773632 ], [ 8.5355279, 47.3777177 ], [ 8.5354714, 47.377746 ], [ 8.5354699, 47.3777466 ], [ 8.5354232, 47.3777698 ], [ 8.5355235, 47.3778605 ], [ 8.5354524, 47.3778965 ], [ 8.5354053, 47.3779195 ], [ 8.5353382, 47.3779539 ], [ 8.5349885, 47.3780829 ], [ 8.5341429, 47.3784005 ], [ 8.5340475, 47.3783122 ], [ 8.5340111, 47.3782788 ], [ 8.5339747, 47.3782453 ], [ 8.5333274, 47.3776489 ], [ 8.5336681, 47.3774343 ], [ 8.5337841, 47.3775389 ], [ 8.5338188, 47.3775205 ], [ 8.5338479, 47.3775051 ], [ 8.5337283, 47.3773953 ], [ 8.5339765, 47.3772378 ], [ 8.5340543, 47.3771885 ] ] ] } },
{ "type": "Feature", "properties": { "id": "04d0743c-cd01-4fbe-852e-ea4f19646268", "names": "{'primary': 'PHZH LAA', 'common': None, 'rules': None}", "sources": "[{'property': '', 'dataset': 'OpenStreetMap', 'license': 'ODbL-1.0', 'record_id': 'w1534203889@29', 'update_time': '2026-07-11T03:13:40.000Z', 'confidence': None, 'between': None, 'provider': 'osm', 'resource': 'planet', 'version': '2026-09-06T00:00:00.000Z'}]", "level": null, "height": null, "min_height": null, "is_underground": false, "num_floors": 8.0, "num_floors_underground": 3.0, "min_floor": null, "subtype": null, "class": null, "facade_color": null, "facade_material": null, "roof_material": null, "roof_shape": null, "roof_direction": null, "roof_orientation": null, "roof_color": null, "roof_height": null, "has_parts": false, "version": 3, "bbox": { "xmin": 8.534385681152344, "xmax": 8.535243034362793, "ymin": 47.37726974487305, "ymax": 47.37784957885742 } }, "geometry": { "type": "Polygon", "coordinates": [ [ [ 8.5343868, 47.3775195 ], [ 8.5343866, 47.3775193 ], [ 8.5344573, 47.3774833 ], [ 8.5344578, 47.3774831 ], [ 8.5344646, 47.3774796 ], [ 8.5344676, 47.3774781 ], [ 8.534493, 47.3774651 ], [ 8.5344931, 47.3774651 ], [ 8.5345163, 47.3774533 ], [ 8.5345201, 47.3774514 ], [ 8.5345474, 47.3774374 ], [ 8.53455, 47.3774361 ], [ 8.53455, 47.377436 ], [ 8.5345768, 47.3774224 ], [ 8.5347146, 47.3773523 ], [ 8.5347396, 47.3773396 ], [ 8.5347425, 47.3773381 ], [ 8.5347986, 47.3773095 ], [ 8.5348749, 47.3772706 ], [ 8.5349762, 47.3773615 ], [ 8.5349767, 47.377362 ], [ 8.5349946, 47.377378 ], [ 8.5349948, 47.3773783 ], [ 8.5350181, 47.3773994 ], [ 8.5350583, 47.3774353 ], [ 8.5350583, 47.3774354 ], [ 8.5351007, 47.3774735 ], [ 8.5351232, 47.3774937 ], [ 8.5351239, 47.3774944 ], [ 8.5351408, 47.3775095 ], [ 8.5351449, 47.3775132 ], [ 8.5351849, 47.3775492 ], [ 8.5352427, 47.3776011 ], [ 8.5352424, 47.3776012 ], [ 8.53524, 47.3776024 ], [ 8.5351659, 47.37764 ], [ 8.5351088, 47.3776692 ], [ 8.5350815, 47.3776831 ], [ 8.534999, 47.3777252 ], [ 8.5349452, 47.3777526 ], [ 8.5349159, 47.3777675 ], [ 8.5349158, 47.3777675 ], [ 8.5348858, 47.3777828 ], [ 8.5348313, 47.3778105 ], [ 8.5347556, 47.3778491 ], [ 8.5347555, 47.3778492 ], [ 8.5346955, 47.3777955 ], [ 8.534656, 47.3777601 ], [ 8.5346546, 47.3777591 ], [ 8.534634, 47.3777406 ], [ 8.5346162, 47.3777246 ], [ 8.5345279, 47.3776457 ], [ 8.5345086, 47.3776284 ], [ 8.5344904, 47.3776121 ], [ 8.5344887, 47.3776108 ], [ 8.5344873, 47.3776094 ], [ 8.534445, 47.3775715 ], [ 8.5343868, 47.3775195 ] ] ] } },
{ "type": "Feature", "properties": { "id": "de7eb0e8-3f30-4088-9646-7a6bbae65761", "names": "{'primary': 'Sihlpost', 'common': None, 'rules': None}", "sources": "[{'property': '', 'dataset': 'OpenStreetMap', 'license': 'ODbL-1.0', 'record_id': 'w36927540@19', 'update_time': '2026-07-07T03:33:32.000Z', 'confidence': None, 'between': None, 'provider': 'osm', 'resource': 'planet', 'version': '2026-09-06T00:00:00.000Z'}\n {'property': '/properties/height', 'dataset': 'Microsoft ML Buildings', 'license': 'ODbL-1.0', 'record_id': None, 'update_time': None, 'confidence': None, 'between': None, 'provider': 'microsoft', 'resource': 'ml_buildings', 'version': '2026-08-11'}]", "level": null, "height": 17.257726669311523, "min_height": null, "is_underground": false, "num_floors": 6.0, "num_floors_underground": null, "min_floor": null, "subtype": "commercial", "class": "commercial", "facade_color": null, "facade_material": null, "roof_material": null, "roof_shape": "hipped", "roof_direction": null, "roof_orientation": null, "roof_color": null, "roof_height": null, "has_parts": false, "version": 4, "bbox": { "xmin": 8.534648895263672, "xmax": 8.535874366760254, "ymin": 47.37678909301758, "ymax": 47.37781524658203 } }, "geometry": { "type": "Polygon", "coordinates": [ [ [ 8.5357166, 47.3777642 ], [ 8.5356282, 47.3778088 ], [ 8.5355279, 47.3777177 ], [ 8.5351377, 47.3773632 ], [ 8.5351353, 47.3773644 ], [ 8.5351107, 47.3773421 ], [ 8.5351132, 47.3773408 ], [ 8.5350729, 47.3773043 ], [ 8.5350701, 47.3773056 ], [ 8.5350445, 47.3772824 ], [ 8.5350473, 47.377281 ], [ 8.5347785, 47.3770368 ], [ 8.5346496, 47.3769197 ], [ 8.5347421, 47.376873 ], [ 8.5347382, 47.3768695 ], [ 8.5347783, 47.3768493 ], [ 8.5347821, 47.3768528 ], [ 8.5348953, 47.3767957 ], [ 8.5350394, 47.3769266 ], [ 8.5350449, 47.3769239 ], [ 8.5350734, 47.3769498 ], [ 8.5351018, 47.3769756 ], [ 8.5350964, 47.3769784 ], [ 8.5351513, 47.3770283 ], [ 8.5351564, 47.3770257 ], [ 8.5351717, 47.3770395 ], [ 8.5351869, 47.3770533 ], [ 8.5351818, 47.3770559 ], [ 8.5353092, 47.3771717 ], [ 8.5353148, 47.377169 ], [ 8.5353301, 47.3771829 ], [ 8.5353455, 47.3771969 ], [ 8.5353399, 47.3771996 ], [ 8.5354673, 47.3773153 ], [ 8.535473, 47.3773124 ], [ 8.5354887, 47.3773266 ], [ 8.5355044, 47.3773409 ], [ 8.5354986, 47.3773438 ], [ 8.5355439, 47.3773849 ], [ 8.5355549, 47.3773793 ], [ 8.535618, 47.3774366 ], [ 8.5356065, 47.3774424 ], [ 8.5357307, 47.3775553 ], [ 8.5357366, 47.3775523 ], [ 8.5357519, 47.3775661 ], [ 8.5357671, 47.3775799 ], [ 8.5357611, 47.3775829 ], [ 8.5358239, 47.3776399 ], [ 8.5358737, 47.3776852 ], [ 8.5357616, 47.3777417 ], [ 8.5357655, 47.3777452 ], [ 8.5357206, 47.3777679 ], [ 8.5357166, 47.3777642 ] ] ] } },
{ "type": "Feature", "properties": { "id": "3a540b3a-e232-410f-b0d9-2e8d9f77b2aa", "names": null, "sources": "[{'property': '', 'dataset': 'OpenStreetMap', 'license': 'ODbL-1.0', 'record_id': 'w39675810@10', 'update_time': '2026-03-21T16:00:05.000Z', 'confidence': None, 'between': None, 'provider': 'osm', 'resource': 'planet', 'version': '2026-09-06T00:00:00.000Z'}]", "level": null, "height": null, "min_height": null, "is_underground": false, "num_floors": 5.0, "num_floors_underground": null, "min_floor": null, "subtype": "residential", "class": "apartments", "facade_color": null, "facade_material": null, "roof_material": null, "roof_shape": null, "roof_direction": null, "roof_orientation": null, "roof_color": null, "roof_height": null, "has_parts": false, "version": 2, "bbox": { "xmin": 8.534122467041016, "xmax": 8.534499168395996, "ymin": 47.37638473510742, "ymax": 47.37665939331055 } }, "geometry": { "type": "Polygon", "coordinates": [ [ [ 8.5341424, 47.3764746 ], [ 8.5342657, 47.3763855 ], [ 8.5344989, 47.3765349 ], [ 8.5344003, 47.3766188 ], [ 8.5344116, 47.3766273 ], [ 8.5343697, 47.3766579 ], [ 8.5343572, 47.3766494 ], [ 8.5343543, 47.3766512 ], [ 8.5342966, 47.3766086 ], [ 8.5342675, 47.3766273 ], [ 8.5342197, 47.3765927 ], [ 8.534201, 47.3765792 ], [ 8.5342313, 47.3765563 ], [ 8.5341239, 47.3764873 ], [ 8.5341424, 47.3764746 ] ] ] } },
{ "type": "Feature", "properties": { "id": "27e75073-718c-41f1-a87e-fcd5fcf17531", "names": "{'primary': 'Rio Bar', 'common': None, 'rules': None}", "sources": "[{'property': '', 'dataset': 'OpenStreetMap', 'license': 'ODbL-1.0', 'record_id': 'w107080965@14', 'update_time': '2026-03-21T16:00:02.000Z', 'confidence': None, 'between': None, 'provider': 'osm', 'resource': 'planet', 'version': '2026-09-06T00:00:00.000Z'}]", "level": null, "height": null, "min_height": null, "is_underground": false, "num_floors": 1.0, "num_floors_underground": null, "min_floor": null, "subtype": "service", "class": "service", "facade_color": null, "facade_material": null, "roof_material": null, "roof_shape": null, "roof_direction": null, "roof_orientation": null, "roof_color": null, "roof_height": null, "has_parts": false, "version": 1, "bbox": { "xmin": 8.535605430603027, "xmax": 8.535802841186523, "ymin": 47.37623977661133, "ymax": 47.37638473510742 } }, "geometry": { "type": "Polygon", "coordinates": [ [ [ 8.5356059, 47.3762741 ], [ 8.5356597, 47.3762402 ], [ 8.5357589, 47.3763124 ], [ 8.5357569, 47.3763137 ], [ 8.5358027, 47.376347 ], [ 8.5357534, 47.3763781 ], [ 8.5356932, 47.3763343 ], [ 8.5356908, 47.3763359 ], [ 8.5356059, 47.3762741 ] ] ] } },
{ "type": "Feature", "properties": { "id": "45d91b72-f48c-41a2-8f61-f79b6671588a", "names": null, "sources": "[{'property': '', 'dataset': 'OpenStreetMap', 'license': 'ODbL-1.0', 'record_id': 'w157957193@8', 'update_time': '2026-03-21T16:00:23.000Z', 'confidence': None, 'between': None, 'provider': 'osm', 'resource': 'planet', 'version': '2026-09-06T00:00:00.000Z'}]", "level": null, "height": null, "min_height": null, "is_underground": false, "num_floors": 4.0, "num_floors_underground": null, "min_floor": null, "subtype": "commercial", "class": "office", "facade_color": null, "facade_material": null, "roof_material": null, "roof_shape": null, "roof_direction": null, "roof_orientation": null, "roof_color": null, "roof_height": null, "has_parts": false, "version": 1, "bbox": { "xmin": 8.537147521972656, "xmax": 8.537637710571289, "ymin": 47.37678146362305, "ymax": 47.377044677734375 } }, "geometry": { "type": "Polygon", "coordinates": [ [ [ 8.5372816, 47.3767819 ], [ 8.537391, 47.3768792 ], [ 8.5375394, 47.3768126 ], [ 8.5376369, 47.3769122 ], [ 8.5375018, 47.3769729 ], [ 8.5373581, 47.3770374 ], [ 8.537254, 47.3769447 ], [ 8.5371705, 47.3768705 ], [ 8.5371482, 47.3768507 ], [ 8.5372816, 47.3767819 ] ] ] } },
{ "type": "Feature", "properties": { "id": "8d31463c-0551-4418-8436-fa29a74cffb9", "names": null, "sources": "[{'property': '', 'dataset': 'OpenStreetMap', 'license': 'ODbL-1.0', 'record_id': 'w157957195@7', 'update_time': '2026-03-21T16:00:37.000Z', 'confidence': None, 'between': None, 'provider': 'osm', 'resource': 'planet', 'version': '2026-09-06T00:00:00.000Z'}]", "level": null, "height": null, "min_height": null, "is_underground": false, "num_floors": 4.0, "num_floors_underground": null, "min_floor": null, "subtype": "commercial", "class": "office", "facade_color": null, "facade_material": null, "roof_material": null, "roof_shape": null, "roof_direction": null, "roof_orientation": null, "roof_color": null, "roof_height": null, "has_parts": false, "version": 1, "bbox": { "xmin": 8.537038803100586, "xmax": 8.53728199005127, "ymin": 47.376678466796875, "ymax": 47.37685775756836 } }, "geometry": { "type": "Polygon", "coordinates": [ [ [ 8.5371346, 47.3768386 ], [ 8.5370397, 47.3767542 ], [ 8.5371644, 47.3766899 ], [ 8.5371731, 47.3766854 ], [ 8.5372816, 47.3767819 ], [ 8.5371482, 47.3768507 ], [ 8.5371346, 47.3768386 ] ] ] } },
{ "type": "Feature", "properties": { "id": "cfd02e8b-aaf9-4df3-a54f-16f2b83e3418", "names": null, "sources": "[{'property': '', 'dataset': 'OpenStreetMap', 'license': 'ODbL-1.0', 'record_id': 'w324553637@3', 'update_time': '2026-03-21T15:59:53.000Z', 'confidence': None, 'between': None, 'provider': 'osm', 'resource': 'planet', 'version': '2026-09-06T00:00:00.000Z'}]", "level": null, "height": null, "min_height": null, "is_underground": false, "num_floors": null, "num_floors_underground": null, "min_floor": null, "subtype": null, "class": null, "facade_color": null, "facade_material": null, "roof_material": null, "roof_shape": null, "roof_direction": null, "roof_orientation": null, "roof_color": null, "roof_height": null, "has_parts": false, "version": 1, "bbox": { "xmin": 8.537246704101562, "xmax": 8.53742790222168, "ymin": 47.37660217285156, "ymax": 47.37674331665039 } }, "geometry": { "type": "Polygon", "coordinates": [ [ [ 8.5373322, 47.3766181 ], [ 8.5374278, 47.3767072 ], [ 8.5373571, 47.3767429 ], [ 8.5372476, 47.3766464 ], [ 8.5373222, 47.3766087 ], [ 8.5373322, 47.3766181 ] ] ] } },
{ "type": "Feature", "properties": { "id": "fbe5fb3f-16b5-4fc9-b0fe-953af6c582f0", "names": null, "sources": "[{'property': '', 'dataset': 'OpenStreetMap', 'license': 'ODbL-1.0', 'record_id': 'w324553638@5', 'update_time': '2026-03-21T16:00:04.000Z', 'confidence': None, 'between': None, 'provider': 'osm', 'resource': 'planet', 'version': '2026-09-06T00:00:00.000Z'}]", "level": null, "height": null, "min_height": null, "is_underground": false, "num_floors": null, "num_floors_underground": null, "min_floor": null, "subtype": null, "class": null, "facade_color": null, "facade_material": null, "roof_material": null, "roof_shape": null, "roof_direction": null, "roof_orientation": null, "roof_color": null, "roof_height": null, "has_parts": false, "version": 1, "bbox": { "xmin": 8.537196159362793, "xmax": 8.537398338317871, "ymin": 47.37654113769531, "ymax": 47.37664794921875 } }, "geometry": { "type": "Polygon", "coordinates": [ [ [ 8.5373222, 47.3766087 ], [ 8.5372476, 47.3766464 ], [ 8.5372074, 47.3766117 ], [ 8.5372111, 47.3766098 ], [ 8.5371976, 47.3765965 ], [ 8.5372845, 47.376555 ], [ 8.5372996, 47.3765683 ], [ 8.5373534, 47.3765426 ], [ 8.5373974, 47.3765888 ], [ 8.5373322, 47.3766181 ], [ 8.5373222, 47.3766087 ] ] ] } },
{ "type": "Feature", "properties": { "id": "c2d188e0-60bd-4c1e-9536-248dcf10459e", "names": null, "sources": "[{'property': '', 'dataset': 'OpenStreetMap', 'license': 'ODbL-1.0', 'record_id': 'w157957194@7', 'update_time': '2026-03-21T15:59:59.000Z', 'confidence': None, 'between': None, 'provider': 'osm', 'resource': 'planet', 'version': '2026-09-06T00:00:00.000Z'}]", "level": null, "height": null, "min_height": null, "is_underground": false, "num_floors": 4.0, "num_floors_underground": null, "min_floor": null, "subtype": "commercial", "class": "office", "facade_color": null, "facade_material": null, "roof_material": null, "roof_shape": null, "roof_direction": null, "roof_orientation": null, "roof_color": null, "roof_height": null, "has_parts": false, "version": 1, "bbox": { "xmin": 8.536949157714844, "xmax": 8.537164688110352, "ymin": 47.37660217285156, "ymax": 47.37675476074219 } }, "geometry": { "type": "Polygon", "coordinates": [ [ [ 8.5370284, 47.3767442 ], [ 8.5369494, 47.3766739 ], [ 8.5370741, 47.3766096 ], [ 8.5371644, 47.3766899 ], [ 8.5370397, 47.3767542 ], [ 8.5370284, 47.3767442 ] ] ] } },
{ "type": "Feature", "properties": { "id": "84bc24f4-283e-4367-adbc-931d83fa2133", "names": null, "sources": "[{'property': '', 'dataset': 'OpenStreetMap', 'license': 'ODbL-1.0', 'record_id': 'w157957192@8', 'update_time': '2026-03-21T16:00:07.000Z', 'confidence': None, 'between': None, 'provider': 'osm', 'resource': 'planet', 'version': '2026-09-06T00:00:00.000Z'}]", "level": null, "height": null, "min_height": null, "is_underground": false, "num_floors": 4.0, "num_floors_underground": null, "min_floor": null, "subtype": "commercial", "class": "office", "facade_color": null, "facade_material": null, "roof_material": null, "roof_shape": null, "roof_direction": null, "roof_orientation": null, "roof_color": null, "roof_height": null, "has_parts": false, "version": 1, "bbox": { "xmin": 8.536803245544434, "xmax": 8.537152290344238, "ymin": 47.37642288208008, "ymax": 47.37667465209961 } }, "geometry": { "type": "Polygon", "coordinates": [ [ [ 8.5371515, 47.3765275 ], [ 8.5370448, 47.3765835 ], [ 8.5370741, 47.3766096 ], [ 8.5369494, 47.3766739 ], [ 8.5368034, 47.3765441 ], [ 8.5369295, 47.3764871 ], [ 8.5370555, 47.37643 ], [ 8.5371515, 47.3765275 ] ] ] } },
{ "type": "Feature", "properties": { "id": "b6dcf821-2d8a-4279-ade3-dbef184099b8", "names": null, "sources": "[{'property': '', 'dataset': 'OpenStreetMap', 'license': 'ODbL-1.0', 'record_id': 'w157958209@6', 'update_time': '2026-03-21T15:59:53.000Z', 'confidence': None, 'between': None, 'provider': 'osm', 'resource': 'planet', 'version': '2026-09-06T00:00:00.000Z'}]", "level": null, "height": null, "min_height": null, "is_underground": false, "num_floors": null, "num_floors_underground": null, "min_floor": null, "subtype": "commercial", "class": "office", "facade_color": null, "facade_material": null, "roof_material": null, "roof_shape": null, "roof_direction": null, "roof_orientation": null, "roof_color": null, "roof_height": null, "has_parts": false, "version": 1, "bbox": { "xmin": 8.53661060333252, "xmax": 8.536876678466797, "ymin": 47.37626266479492, "ymax": 47.376468658447266 } }, "geometry": { "type": "Polygon", "coordinates": [ [ [ 8.5366957, 47.3764405 ], [ 8.5366115, 47.3763206 ], [ 8.5367259, 47.3762692 ], [ 8.5367643, 47.3763082 ], [ 8.5367903, 47.3762949 ], [ 8.5368764, 47.376383 ], [ 8.5367334, 47.376447 ], [ 8.5367259, 47.3764616 ], [ 8.5366903, 47.3764549 ], [ 8.5366957, 47.3764405 ] ] ] } },
{ "type": "Feature", "properties": { "id": "4454a06d-1f62-499d-b452-09f72770c9a3", "names": null, "sources": "[{'property': '', 'dataset': 'OpenStreetMap', 'license': 'ODbL-1.0', 'record_id': 'w157957191@7', 'update_time': '2026-03-21T16:00:33.000Z', 'confidence': None, 'between': None, 'provider': 'osm', 'resource': 'planet', 'version': '2026-09-06T00:00:00.000Z'}]", "level": null, "height": null, "min_height": null, "is_underground": false, "num_floors": 6.0, "num_floors_underground": null, "min_floor": null, "subtype": "commercial", "class": "commercial", "facade_color": null, "facade_material": null, "roof_material": null, "roof_shape": null, "roof_direction": null, "roof_orientation": null, "roof_color": null, "roof_height": null, "has_parts": false, "version": 1, "bbox": { "xmin": 8.537054061889648, "xmax": 8.537266731262207, "ymin": 47.37636947631836, "ymax": 47.37653350830078 } }, "geometry": { "type": "Polygon", "coordinates": [ [ [ 8.5371616, 47.3763821 ], [ 8.5371767, 47.3763753 ], [ 8.5372667, 47.3764667 ], [ 8.5372273, 47.3764845 ], [ 8.5372334, 47.3764906 ], [ 8.5371515, 47.3765275 ], [ 8.5370555, 47.37643 ], [ 8.5371161, 47.3764027 ], [ 8.5371616, 47.3763821 ] ] ] } },
{ "type": "Feature", "properties": { "id": "b004eae6-2a1a-4301-8351-383de8412da7", "names": null, "sources": "[{'property': '', 'dataset': 'OpenStreetMap', 'license': 'ODbL-1.0', 'record_id': 'w1277786164@1', 'update_time': '2024-04-28T09:58:11.000Z', 'confidence': None, 'between': None, 'provider': 'osm', 'resource': 'planet', 'version': '2026-09-06T00:00:00.000Z'}]", "level": null, "height": null, "min_height": null, "is_underground": false, "num_floors": null, "num_floors_underground": null, "min_floor": null, "subtype": null, "class": null, "facade_color": null, "facade_material": null, "roof_material": null, "roof_shape": null, "roof_direction": null, "roof_orientation": null, "roof_color": null, "roof_height": null, "has_parts": false, "version": 1, "bbox": { "xmin": 8.537296295166016, "xmax": 8.537402153015137, "ymin": 47.376441955566406, "ymax": 47.37650680541992 } }, "geometry": { "type": "Polygon", "coordinates": [ [ [ 8.5373118, 47.3765063 ], [ 8.5372965, 47.3764904 ], [ 8.5373924, 47.3764481 ], [ 8.5374017, 47.3764578 ], [ 8.5373695, 47.376472 ], [ 8.5373754, 47.3764782 ], [ 8.5373118, 47.3765063 ] ] ] } },
{ "type": "Feature", "properties": { "id": "3ab087bb-1e33-448c-b725-4eeedd4d908e", "names": null, "sources": "[{'property': '', 'dataset': 'OpenStreetMap', 'license': 'ODbL-1.0', 'record_id': 'w157957196@8', 'update_time': '2026-03-21T16:00:10.000Z', 'confidence': None, 'between': None, 'provider': 'osm', 'resource': 'planet', 'version': '2026-09-06T00:00:00.000Z'}]", "level": null, "height": null, "min_height": null, "is_underground": false, "num_floors": 5.0, "num_floors_underground": null, "min_floor": null, "subtype": "commercial", "class": "office", "facade_color": null, "facade_material": null, "roof_material": null, "roof_shape": null, "roof_direction": null, "roof_orientation": null, "roof_color": null, "roof_height": null, "has_parts": false, "version": 1, "bbox": { "xmin": 8.537176132202148, "xmax": 8.53752613067627, "ymin": 47.37626266479492, "ymax": 47.37647247314453 } }, "geometry": { "type": "Polygon", "coordinates": [ [ [ 8.5373696, 47.3764568 ], [ 8.5373628, 47.3764496 ], [ 8.5373876, 47.3764386 ], [ 8.5373764, 47.3764272 ], [ 8.53736, 47.3764345 ], [ 8.5373535, 47.3764278 ], [ 8.5372667, 47.3764667 ], [ 8.5371767, 47.3763753 ], [ 8.5374111, 47.3762696 ], [ 8.5375012, 47.3763616 ], [ 8.5375261, 47.3763873 ], [ 8.537392, 47.3764477 ], [ 8.5373915, 47.3764469 ], [ 8.5373696, 47.3764568 ] ] ] } },
{ "type": "Feature", "properties": { "id": "77cc2e46-9a80-452d-aeba-a615b5d9ef54", "names": null, "sources": "[{'property': '', 'dataset': 'OpenStreetMap', 'license': 'ODbL-1.0', 'record_id': 'w157957197@7', 'update_time': '2026-03-21T15:59:53.000Z', 'confidence': None, 'between': None, 'provider': 'osm', 'resource': 'planet', 'version': '2026-09-06T00:00:00.000Z'}]", "level": null, "height": null, "min_height": null, "is_underground": false, "num_floors": 5.0, "num_floors_underground": null, "min_floor": null, "subtype": "residential", "class": "apartments", "facade_color": null, "facade_material": null, "roof_material": null, "roof_shape": null, "roof_direction": null, "roof_orientation": null, "roof_color": null, "roof_height": null, "has_parts": false, "version": 2, "bbox": { "xmin": 8.537391662597656, "xmax": 8.537623405456543, "ymin": 47.376380920410156, "ymax": 47.376548767089844 } }, "geometry": { "type": "Polygon", "coordinates": [ [ [ 8.5375261, 47.3763873 ], [ 8.5376232, 47.3764861 ], [ 8.5374897, 47.3765471 ], [ 8.5374509, 47.3765077 ], [ 8.537439, 47.3765131 ], [ 8.5374241, 47.3764979 ], [ 8.537436, 47.3764925 ], [ 8.5373924, 47.3764481 ], [ 8.537392, 47.3764477 ], [ 8.5375261, 47.3763873 ] ] ] } },
{ "type": "Feature", "properties": { "id": "75652900-98f6-40a4-a41c-05135015a5c7", "names": null, "sources": "[{'property': '', 'dataset': 'OpenStreetMap', 'license': 'ODbL-1.0', 'record_id': 'w324553639@3', 'update_time': '2026-03-21T16:00:09.000Z', 'confidence': None, 'between': None, 'provider': 'osm', 'resource': 'planet', 'version': '2026-09-06T00:00:00.000Z'}]", "level": null, "height": null, "min_height": null, "is_underground": false, "num_floors": null, "num_floors_underground": null, "min_floor": null, "subtype": null, "class": null, "facade_color": null, "facade_material": null, "roof_material": null, "roof_shape": null, "roof_direction": null, "roof_orientation": null, "roof_color": null, "roof_height": null, "has_parts": false, "version": 1, "bbox": { "xmin": 8.537331581115723, "xmax": 8.5375394821167, "ymin": 47.3765869140625, "ymax": 47.37675857543945 } }, "geometry": { "type": "Polygon", "coordinates": [ [ [ 8.5374278, 47.3767072 ], [ 8.5373322, 47.3766181 ], [ 8.5373974, 47.3765888 ], [ 8.5375392, 47.3767331 ], [ 8.5374829, 47.3767584 ], [ 8.5374278, 47.3767072 ] ] ] } },
{ "type": "Feature", "properties": { "id": "11e2da3f-eeb7-4eae-98fb-d353c094881d", "names": null, "sources": "[{'property': '', 'dataset': 'OpenStreetMap', 'license': 'ODbL-1.0', 'record_id': 'w157957198@7', 'update_time': '2026-03-21T16:00:04.000Z', 'confidence': None, 'between': None, 'provider': 'osm', 'resource': 'planet', 'version': '2026-09-06T00:00:00.000Z'}]", "level": null, "height": null, "min_height": null, "is_underground": false, "num_floors": 5.0, "num_floors_underground": null, "min_floor": null, "subtype": "residential", "class": "apartments", "facade_color": null, "facade_material": null, "roof_material": null, "roof_shape": null, "roof_direction": null, "roof_orientation": null, "roof_color": null, "roof_height": null, "has_parts": false, "version": 2, "bbox": { "xmin": 8.53748893737793, "xmax": 8.53780746459961, "ymin": 47.37648391723633, "ymax": 47.37674331665039 } }, "geometry": { "type": "Polygon", "coordinates": [ [ [ 8.537624, 47.3764858 ], [ 8.5378073, 47.376673 ], [ 8.5378059, 47.3766736 ], [ 8.5376649, 47.3767369 ], [ 8.5376315, 47.3767028 ], [ 8.5376259, 47.3767053 ], [ 8.5376048, 47.3766837 ], [ 8.5376106, 47.3766811 ], [ 8.5375899, 47.3766599 ], [ 8.5375827, 47.3766632 ], [ 8.5374952, 47.3765738 ], [ 8.5375091, 47.3765676 ], [ 8.5374897, 47.3765471 ], [ 8.5376232, 47.3764861 ], [ 8.537624, 47.3764858 ] ] ] } },
{ "type": "Feature", "properties": { "id": "9e6d4523-2e8a-4534-b7f7-0a7836c1a041", "names": null, "sources": "[{'property': '', 'dataset': 'OpenStreetMap', 'license': 'ODbL-1.0', 'record_id': 'w316968020@8', 'update_time': '2026-06-19T12:44:00.000Z', 'confidence': None, 'between': None, 'provider': 'osm', 'resource': 'planet', 'version': '2026-09-06T00:00:00.000Z'}]", "level": null, "height": null, "min_height": null, "is_underground": false, "num_floors": 6.0, "num_floors_underground": null, "min_floor": null, "subtype": "commercial", "class": "commercial", "facade_color": null, "facade_material": null, "roof_material": null, "roof_shape": null, "roof_direction": null, "roof_orientation": null, "roof_color": null, "roof_height": null, "has_parts": false, "version": 2, "bbox": { "xmin": 8.538094520568848, "xmax": 8.538358688354492, "ymin": 47.37651824951172, "ymax": 47.376705169677734 } }, "geometry": { "type": "Polygon", "coordinates": [ [ [ 8.5382349, 47.3765185 ], [ 8.5382675, 47.3765519 ], [ 8.5383025, 47.3765438 ], [ 8.5383583, 47.376652 ], [ 8.53829, 47.3766682 ], [ 8.5382413, 47.3766797 ], [ 8.5382374, 47.3766936 ], [ 8.5381949, 47.3767035 ], [ 8.5381595, 47.3766675 ], [ 8.5381664, 47.3766537 ], [ 8.5381501, 47.3766371 ], [ 8.5380953, 47.3765809 ], [ 8.5382349, 47.3765185 ] ] ] } },
{ "type": "Feature", "properties": { "id": "0f112892-c5b2-45ac-b2e6-6561647ec141", "names": null, "sources": "[{'property': '', 'dataset': 'OpenStreetMap', 'license': 'ODbL-1.0', 'record_id': 'w316968025@6', 'update_time': '2026-03-21T16:00:09.000Z', 'confidence': None, 'between': None, 'provider': 'osm', 'resource': 'planet', 'version': '2026-09-06T00:00:00.000Z'}]", "level": null, "height": null, "min_height": null, "is_underground": false, "num_floors": null, "num_floors_underground": null, "min_floor": null, "subtype": "commercial", "class": "office", "facade_color": null, "facade_material": null, "roof_material": null, "roof_shape": null, "roof_direction": null, "roof_orientation": null, "roof_color": null, "roof_height": null, "has_parts": false, "version": 1, "bbox": { "xmin": 8.537925720214844, "xmax": 8.538235664367676, "ymin": 47.376338958740234, "ymax": 47.3765869140625 } }, "geometry": { "type": "Polygon", "coordinates": [ [ [ 8.5382349, 47.3765185 ], [ 8.5380953, 47.3765809 ], [ 8.5379568, 47.3764387 ], [ 8.5379417, 47.3764232 ], [ 8.5379266, 47.3764077 ], [ 8.5380661, 47.3763453 ], [ 8.5380806, 47.3763602 ], [ 8.5380953, 47.3763752 ], [ 8.5382349, 47.3765185 ] ] ] } },
{ "type": "Feature", "properties": { "id": "913f3313-c4e6-4b14-a5e3-56827852a138", "names": null, "sources": "[{'property': '', 'dataset': 'OpenStreetMap', 'license': 'ODbL-1.0', 'record_id': 'w316968024@7', 'update_time': '2026-03-21T16:00:23.000Z', 'confidence': None, 'between': None, 'provider': 'osm', 'resource': 'planet', 'version': '2026-09-06T00:00:00.000Z'}]", "level": null, "height": null, "min_height": null, "is_underground": false, "num_floors": null, "num_floors_underground": null, "min_floor": null, "subtype": "commercial", "class": "commercial", "facade_color": null, "facade_material": null, "roof_material": null, "roof_shape": null, "roof_direction": null, "roof_orientation": null, "roof_color": null, "roof_height": null, "has_parts": false, "version": 1, "bbox": { "xmin": 8.537842750549316, "xmax": 8.538066864013672, "ymin": 47.376258850097656, "ymax": 47.37641525268555 } }, "geometry": { "type": "Polygon", "coordinates": [ [ [ 8.5379111, 47.3763926 ], [ 8.5378436, 47.3763222 ], [ 8.5379809, 47.3762595 ], [ 8.5380661, 47.3763453 ], [ 8.5379266, 47.3764077 ], [ 8.5379111, 47.3763926 ] ] ] } },
{ "type": "Feature", "properties": { "id": "c9b6c289-dd7e-4daf-a70f-c5b57a5510f3", "names": null, "sources": "[{'property': '', 'dataset': 'OpenStreetMap', 'license': 'ODbL-1.0', 'record_id': 'w316968027@8', 'update_time': '2026-03-21T16:00:24.000Z', 'confidence': None, 'between': None, 'provider': 'osm', 'resource': 'planet', 'version': '2026-09-06T00:00:00.000Z'}]", "level": null, "height": null, "min_height": null, "is_underground": false, "num_floors": null, "num_floors_underground": null, "min_floor": null, "subtype": "commercial", "class": "commercial", "facade_color": null, "facade_material": null, "roof_material": null, "roof_shape": null, "roof_direction": null, "roof_orientation": null, "roof_color": null, "roof_height": null, "has_parts": false, "version": 1, "bbox": { "xmin": 8.53852367401123, "xmax": 8.538724899291992, "ymin": 47.376319885253906, "ymax": 47.376461029052734 } }, "geometry": { "type": "Polygon", "coordinates": [ [ [ 8.5385239, 47.3763576 ], [ 8.5386785, 47.376321 ], [ 8.5387187, 47.3763989 ], [ 8.5387149, 47.3763999 ], [ 8.5387193, 47.3764084 ], [ 8.5387248, 47.3764192 ], [ 8.5385741, 47.3764549 ], [ 8.5385239, 47.3763576 ] ] ] } },
{ "type": "Feature", "properties": { "id": "0111377d-660a-4508-bab3-d4dd03466ee1", "names": null, "sources": "[{'property': '', 'dataset': 'OpenStreetMap', 'license': 'ODbL-1.0', 'record_id': 'w316968034@5', 'update_time': '2026-03-21T16:00:23.000Z', 'confidence': None, 'between': None, 'provider': 'osm', 'resource': 'planet', 'version': '2026-09-06T00:00:00.000Z'}]", "level": null, "height": null, "min_height": null, "is_underground": false, "num_floors": null, "num_floors_underground": null, "min_floor": null, "subtype": "commercial", "class": "commercial", "facade_color": null, "facade_material": null, "roof_material": null, "roof_shape": null, "roof_direction": null, "roof_orientation": null, "roof_color": null, "roof_height": null, "has_parts": false, "version": 1, "bbox": { "xmin": 8.538573265075684, "xmax": 8.538797378540039, "ymin": 47.37641906738281, "ymax": 47.376583099365234 } }, "geometry": { "type": "Polygon", "coordinates": [ [ [ 8.5387104, 47.3765648 ], [ 8.538639, 47.3765816 ], [ 8.5385853, 47.376477 ], [ 8.5385741, 47.3764549 ], [ 8.5387248, 47.3764192 ], [ 8.5387545, 47.376477 ], [ 8.5387623, 47.3764923 ], [ 8.5387676, 47.376491 ], [ 8.5387972, 47.3765486 ], [ 8.5387124, 47.3765686 ], [ 8.5387104, 47.3765648 ] ] ] } },
{ "type": "Feature", "properties": { "id": "7deef203-8b40-418b-a3b1-de3803942c43", "names": null, "sources": "[{'property': '', 'dataset': 'OpenStreetMap', 'license': 'ODbL-1.0', 'record_id': 'w316968032@6', 'update_time': '2026-03-21T16:00:36.000Z', 'confidence': None, 'between': None, 'provider': 'osm', 'resource': 'planet', 'version': '2026-09-06T00:00:00.000Z'}]", "level": null, "height": null, "min_height": null, "is_underground": false, "num_floors": null, "num_floors_underground": null, "min_floor": null, "subtype": "commercial", "class": "commercial", "facade_color": null, "facade_material": null, "roof_material": null, "roof_shape": null, "roof_direction": null, "roof_orientation": null, "roof_color": null, "roof_height": null, "has_parts": false, "version": 1, "bbox": { "xmin": 8.538443565368652, "xmax": 8.538639068603516, "ymin": 47.3764762878418, "ymax": 47.37662124633789 } }, "geometry": { "type": "Polygon", "coordinates": [ [ [ 8.5385853, 47.376477 ], [ 8.538639, 47.3765816 ], [ 8.5385389, 47.3766052 ], [ 8.5384975, 47.376615 ], [ 8.5384436, 47.3765105 ], [ 8.5385853, 47.376477 ] ] ] } },
{ "type": "Feature", "properties": { "id": "3b119dc1-f02e-405c-b731-0bf2094282a6", "names": null, "sources": "[{'property': '', 'dataset': 'OpenStreetMap', 'license': 'ODbL-1.0', 'record_id': 'w316968035@7', 'update_time': '2026-03-21T16:00:09.000Z', 'confidence': None, 'between': None, 'provider': 'osm', 'resource': 'planet', 'version': '2026-09-06T00:00:00.000Z'}]", "level": null, "height": null, "min_height": null, "is_underground": false, "num_floors": null, "num_floors_underground": null, "min_floor": null, "subtype": "commercial", "class": "commercial", "facade_color": null, "facade_material": null, "roof_material": null, "roof_shape": null, "roof_direction": null, "roof_orientation": null, "roof_color": null, "roof_height": null, "has_parts": false, "version": 1, "bbox": { "xmin": 8.538302421569824, "xmax": 8.53849983215332, "ymin": 47.376502990722656, "ymax": 47.37666320800781 } }, "geometry": { "type": "Polygon", "coordinates": [ [ [ 8.5383736, 47.3766484 ], [ 8.5383583, 47.376652 ], [ 8.5383025, 47.3765438 ], [ 8.5384436, 47.3765105 ], [ 8.5384975, 47.376615 ], [ 8.5384992, 47.3766183 ], [ 8.5384513, 47.3766297 ], [ 8.5384038, 47.3766409 ], [ 8.5384081, 47.3766492 ], [ 8.5383777, 47.3766564 ], [ 8.5383736, 47.3766484 ] ] ] } },
{ "type": "Feature", "properties": { "id": "c3a88f4d-cf4b-4178-b8c9-990e8a46d64b", "names": null, "sources": "[{'property': '', 'dataset': 'OpenStreetMap', 'license': 'ODbL-1.0', 'record_id': 'w316940898@7', 'update_time': '2026-03-21T16:00:26.000Z', 'confidence': None, 'between': None, 'provider': 'osm', 'resource': 'planet', 'version': '2026-09-06T00:00:00.000Z'}]", "level": null, "height": null, "min_height": null, "is_underground": false, "num_floors": 5.0, "num_floors_underground": null, "min_floor": null, "subtype": "commercial", "class": "commercial", "facade_color": null, "facade_material": null, "roof_material": null, "roof_shape": null, "roof_direction": null, "roof_orientation": null, "roof_color": null, "roof_height": null, "has_parts": false, "version": 2, "bbox": { "xmin": 8.538297653198242, "xmax": 8.538515090942383, "ymin": 47.37673568725586, "ymax": 47.376861572265625 } }, "geometry": { "type": "Polygon", "coordinates": [ [ [ 8.5384785, 47.3768112 ], [ 8.5383696, 47.3768604 ], [ 8.5383456, 47.3768357 ], [ 8.5383293, 47.3768189 ], [ 8.5383013, 47.3767902 ], [ 8.5382985, 47.3767825 ], [ 8.5383009, 47.3767748 ], [ 8.538308, 47.3767685 ], [ 8.5383199, 47.3767647 ], [ 8.5383329, 47.3767652 ], [ 8.538344, 47.3767699 ], [ 8.5384131, 47.3767527 ], [ 8.5384779, 47.3767367 ], [ 8.5385143, 47.3768067 ], [ 8.5384949, 47.3768114 ], [ 8.5384785, 47.3768112 ] ] ] } },
{ "type": "Feature", "properties": { "id": "7f696dc2-ee1d-45ed-9ccd-a383257d908c", "names": null, "sources": "[{'property': '', 'dataset': 'OpenStreetMap', 'license': 'ODbL-1.0', 'record_id': 'w316940897@6', 'update_time': '2026-03-21T16:00:29.000Z', 'confidence': None, 'between': None, 'provider': 'osm', 'resource': 'planet', 'version': '2026-09-06T00:00:00.000Z'}]", "level": null, "height": null, "min_height": null, "is_underground": false, "num_floors": 5.0, "num_floors_underground": null, "min_floor": null, "subtype": "commercial", "class": "commercial", "facade_color": null, "facade_material": null, "roof_material": null, "roof_shape": null, "roof_direction": null, "roof_orientation": null, "roof_color": null, "roof_height": null, "has_parts": false, "version": 2, "bbox": { "xmin": 8.538363456726074, "xmax": 8.538572311401367, "ymin": 47.37680435180664, "ymax": 47.37692642211914 } }, "geometry": { "type": "Polygon", "coordinates": [ [ [ 8.5383696, 47.3768604 ], [ 8.5384785, 47.3768112 ], [ 8.5384949, 47.3768114 ], [ 8.5385046, 47.3768209 ], [ 8.5385153, 47.3768161 ], [ 8.5385286, 47.376812 ], [ 8.5385717, 47.3768558 ], [ 8.538428, 47.3769207 ], [ 8.538398, 47.3768898 ], [ 8.5383853, 47.3768954 ], [ 8.538364, 47.3768734 ], [ 8.5383767, 47.3768677 ], [ 8.5383696, 47.3768604 ] ] ] } },
{ "type": "Feature", "properties": { "id": "42fd2840-6927-40aa-ba4c-b9d136c239ea", "names": null, "sources": "[{'property': '', 'dataset': 'OpenStreetMap', 'license': 'ODbL-1.0', 'record_id': 'w316940901@7', 'update_time': '2026-03-21T16:00:15.000Z', 'confidence': None, 'between': None, 'provider': 'osm', 'resource': 'planet', 'version': '2026-09-06T00:00:00.000Z'}]", "level": null, "height": null, "min_height": null, "is_underground": false, "num_floors": null, "num_floors_underground": null, "min_floor": null, "subtype": "commercial", "class": "commercial", "facade_color": null, "facade_material": null, "roof_material": null, "roof_shape": null, "roof_direction": null, "roof_orientation": null, "roof_color": null, "roof_height": null, "has_parts": false, "version": 1, "bbox": { "xmin": 8.538477897644043, "xmax": 8.538650512695312, "ymin": 47.37670135498047, "ymax": 47.376834869384766 } }, "geometry": { "type": "Polygon", "coordinates": [ [ [ 8.5384779, 47.3767367 ], [ 8.5385967, 47.3767084 ], [ 8.5386501, 47.3768112 ], [ 8.538582, 47.3768274 ], [ 8.5385757, 47.3768258 ], [ 8.5385618, 47.3767991 ], [ 8.538554, 47.3767972 ], [ 8.5385143, 47.3768067 ], [ 8.5384779, 47.3767367 ] ] ] } },
{ "type": "Feature", "properties": { "id": "fce59c51-05b4-46cc-b854-541461158461", "names": null, "sources": "[{'property': '', 'dataset': 'OpenStreetMap', 'license': 'ODbL-1.0', 'record_id': 'w50003693@10', 'update_time': '2026-03-21T16:00:29.000Z', 'confidence': None, 'between': None, 'provider': 'osm', 'resource': 'planet', 'version': '2026-09-06T00:00:00.000Z'}]", "level": null, "height": null, "min_height": null, "is_underground": false, "num_floors": null, "num_floors_underground": null, "min_floor": null, "subtype": "commercial", "class": "commercial", "facade_color": null, "facade_material": null, "roof_material": null, "roof_shape": null, "roof_direction": null, "roof_orientation": null, "roof_color": null, "roof_height": null, "has_parts": false, "version": 1, "bbox": { "xmin": 8.538596153259277, "xmax": 8.538745880126953, "ymin": 47.37667465209961, "ymax": 47.3768196105957 } }, "geometry": { "type": "Polygon", "coordinates": [ [ [ 8.5386501, 47.3768112 ], [ 8.5385967, 47.3767084 ], [ 8.538709, 47.3766817 ], [ 8.5387444, 47.3767498 ], [ 8.538724, 47.3767547 ], [ 8.5387312, 47.3767685 ], [ 8.5387277, 47.3767693 ], [ 8.5387411, 47.3767951 ], [ 8.5387355, 47.3767997 ], [ 8.5386542, 47.376819 ], [ 8.5386501, 47.3768112 ] ] ] } },
{ "type": "Feature", "properties": { "id": "39bfd4ca-365b-4f4e-afcd-b99f75c2fe59", "names": null, "sources": "[{'property': '', 'dataset': 'OpenStreetMap', 'license': 'ODbL-1.0', 'record_id': 'w316940902@7', 'update_time': '2026-03-21T16:00:39.000Z', 'confidence': None, 'between': None, 'provider': 'osm', 'resource': 'planet', 'version': '2026-09-06T00:00:00.000Z'}]", "level": null, "height": null, "min_height": null, "is_underground": false, "num_floors": null, "num_floors_underground": null, "min_floor": null, "subtype": "commercial", "class": "hotel", "facade_color": null, "facade_material": null, "roof_material": null, "roof_shape": null, "roof_direction": null, "roof_orientation": null, "roof_color": null, "roof_height": null, "has_parts": false, "version": 1, "bbox": { "xmin": 8.538708686828613, "xmax": 8.538908958435059, "ymin": 47.376644134521484, "ymax": 47.37678909301758 } }, "geometry": { "type": "Polygon", "coordinates": [ [ [ 8.5388552, 47.3766619 ], [ 8.5389083, 47.376764 ], [ 8.5388097, 47.3767877 ], [ 8.5387917, 47.3767816 ], [ 8.5387871, 47.3767819 ], [ 8.5387748, 47.3767584 ], [ 8.5387312, 47.3767685 ], [ 8.538724, 47.3767547 ], [ 8.5387444, 47.3767498 ], [ 8.538709, 47.3766817 ], [ 8.5388294, 47.376653 ], [ 8.5388354, 47.3766447 ], [ 8.5388614, 47.3766533 ], [ 8.5388552, 47.3766619 ] ] ] } },
{ "type": "Feature", "properties": { "id": "8934479a-8f8d-45e2-805f-bbde98e0fcc9", "names": null, "sources": "[{'property': '', 'dataset': 'OpenStreetMap', 'license': 'ODbL-1.0', 'record_id': 'w316940896@7', 'update_time': '2026-03-21T16:00:40.000Z', 'confidence': None, 'between': None, 'provider': 'osm', 'resource': 'planet', 'version': '2026-09-06T00:00:00.000Z'}]", "level": null, "height": null, "min_height": null, "is_underground": false, "num_floors": null, "num_floors_underground": null, "min_floor": null, "subtype": "commercial", "class": "hotel", "facade_color": null, "facade_material": null, "roof_material": null, "roof_shape": null, "roof_direction": null, "roof_orientation": null, "roof_color": null, "roof_height": null, "has_parts": false, "version": 1, "bbox": { "xmin": 8.538738250732422, "xmax": 8.53895092010498, "ymin": 47.37676239013672, "ymax": 47.376888275146484 } }, "geometry": { "type": "Polygon", "coordinates": [ [ [ 8.5389171, 47.3767811 ], [ 8.5389505, 47.3768463 ], [ 8.5388006, 47.3768821 ], [ 8.5387951, 47.3768735 ], [ 8.5387752, 47.3768785 ], [ 8.5387388, 47.3768082 ], [ 8.5387472, 47.3767988 ], [ 8.5387804, 47.3767916 ], [ 8.5387871, 47.3767819 ], [ 8.5387917, 47.3767816 ], [ 8.5388097, 47.3767877 ], [ 8.5389083, 47.376764 ], [ 8.5389171, 47.3767811 ] ] ] } },
{ "type": "Feature", "properties": { "id": "b51c200b-f437-409b-8076-423c04df5308", "names": null, "sources": "[{'property': '', 'dataset': 'OpenStreetMap', 'license': 'ODbL-1.0', 'record_id': 'w316940903@11', 'update_time': '2026-03-21T16:00:02.000Z', 'confidence': None, 'between': None, 'provider': 'osm', 'resource': 'planet', 'version': '2026-09-06T00:00:00.000Z'}]", "level": null, "height": null, "min_height": null, "is_underground": false, "num_floors": 6.0, "num_floors_underground": null, "min_floor": null, "subtype": "commercial", "class": "commercial", "facade_color": null, "facade_material": null, "roof_material": null, "roof_shape": null, "roof_direction": null, "roof_orientation": null, "roof_color": null, "roof_height": null, "has_parts": false, "version": 1, "bbox": { "xmin": 8.538487434387207, "xmax": 8.539069175720215, "ymin": 47.3768424987793, "ymax": 47.37718200683594 } }, "geometry": { "type": "Polygon", "coordinates": [ [ [ 8.5386239, 47.3769194 ], [ 8.5386332, 47.3769179 ], [ 8.5386643, 47.3769501 ], [ 8.5386673, 47.3769488 ], [ 8.5386926, 47.376975 ], [ 8.5387439, 47.3769604 ], [ 8.5387768, 47.3770134 ], [ 8.5388484, 47.3769937 ], [ 8.5387926, 47.376884 ], [ 8.5388006, 47.3768821 ], [ 8.5389505, 47.3768463 ], [ 8.5390043, 47.3769509 ], [ 8.5390686, 47.3770761 ], [ 8.5388752, 47.3771288 ], [ 8.5386818, 47.3771815 ], [ 8.5385731, 47.3770695 ], [ 8.5385482, 47.3770438 ], [ 8.538488, 47.3769817 ], [ 8.5386239, 47.3769194 ] ] ] } },
{ "type": "Feature", "properties": { "id": "03e22aa8-03a4-4b63-abff-569439f1c5fc", "names": null, "sources": "[{'property': '', 'dataset': 'OpenStreetMap', 'license': 'ODbL-1.0', 'record_id': 'w316940900@6', 'update_time': '2026-03-21T16:00:37.000Z', 'confidence': None, 'between': None, 'provider': 'osm', 'resource': 'planet', 'version': '2026-09-06T00:00:00.000Z'}]", "level": null, "height": null, "min_height": null, "is_underground": false, "num_floors": 5.0, "num_floors_underground": null, "min_floor": null, "subtype": "commercial", "class": "commercial", "facade_color": null, "facade_material": null, "roof_material": null, "roof_shape": null, "roof_direction": null, "roof_orientation": null, "roof_color": null, "roof_height": null, "has_parts": false, "version": 2, "bbox": { "xmin": 8.538427352905273, "xmax": 8.538633346557617, "ymin": 47.376853942871094, "ymax": 47.37698745727539 } }, "geometry": { "type": "Polygon", "coordinates": [ [ [ 8.538488, 47.3769817 ], [ 8.538428, 47.3769207 ], [ 8.5385717, 47.3768558 ], [ 8.5386332, 47.3769179 ], [ 8.5386239, 47.3769194 ], [ 8.538488, 47.3769817 ] ] ] } },
{ "type": "Feature", "properties": { "id": "51cd5a50-83bf-4a6f-a43d-a9e642887972", "names": null, "sources": "[{'property': '', 'dataset': 'OpenStreetMap', 'license': 'ODbL-1.0', 'record_id': 'w157954137@7', 'update_time': '2026-03-21T16:00:10.000Z', 'confidence': None, 'between': None, 'provider': 'osm', 'resource': 'planet', 'version': '2026-09-06T00:00:00.000Z'}]", "level": null, "height": null, "min_height": null, "is_underground": false, "num_floors": 4.0, "num_floors_underground": null, "min_floor": null, "subtype": "commercial", "class": "commercial", "facade_color": null, "facade_material": null, "roof_material": null, "roof_shape": null, "roof_direction": null, "roof_orientation": null, "roof_color": null, "roof_height": null, "has_parts": false, "version": 2, "bbox": { "xmin": 8.537936210632324, "xmax": 8.53822135925293, "ymin": 47.37699508666992, "ymax": 47.377166748046875 } }, "geometry": { "type": "Polygon", "coordinates": [ [ [ 8.5381229, 47.3769964 ], [ 8.5382199, 47.3770954 ], [ 8.5380761, 47.37716 ], [ 8.5380558, 47.3771393 ], [ 8.5380155, 47.3771574 ], [ 8.537937, 47.3770774 ], [ 8.5379712, 47.3770621 ], [ 8.537973, 47.3770639 ], [ 8.5381229, 47.3769964 ] ] ] } },
{ "type": "Feature", "properties": { "id": "5445eaa1-b769-4924-8ccd-e7dce8a71469", "names": null, "sources": "[{'property': '', 'dataset': 'OpenStreetMap', 'license': 'ODbL-1.0', 'record_id': 'w157954134@8', 'update_time': '2026-03-21T16:00:10.000Z', 'confidence': None, 'between': None, 'provider': 'osm', 'resource': 'planet', 'version': '2026-09-06T00:00:00.000Z'}]", "level": null, "height": null, "min_height": null, "is_underground": false, "num_floors": 5.0, "num_floors_underground": null, "min_floor": null, "subtype": "commercial", "class": "commercial", "facade_color": null, "facade_material": null, "roof_material": null, "roof_shape": null, "roof_direction": null, "roof_orientation": null, "roof_color": null, "roof_height": null, "has_parts": false, "version": 2, "bbox": { "xmin": 8.537853240966797, "xmax": 8.53812313079834, "ymin": 47.37687301635742, "ymax": 47.377071380615234 } }, "geometry": { "type": "Polygon", "coordinates": [ [ [ 8.5380037, 47.3768748 ], [ 8.5381229, 47.3769964 ], [ 8.537973, 47.3770639 ], [ 8.5379712, 47.3770621 ], [ 8.5379456, 47.3770359 ], [ 8.5378537, 47.3769422 ], [ 8.5380037, 47.3768748 ] ] ] } },
{ "type": "Feature", "properties": { "id": "b6318244-9218-4a6c-9a3b-1d927c249bf3", "names": null, "sources": "[{'property': '', 'dataset': 'OpenStreetMap', 'license': 'ODbL-1.0', 'record_id': 'w37036945@9', 'update_time': '2026-03-21T16:00:09.000Z', 'confidence': None, 'between': None, 'provider': 'osm', 'resource': 'planet', 'version': '2026-09-06T00:00:00.000Z'}]", "level": null, "height": null, "min_height": null, "is_underground": false, "num_floors": 6.0, "num_floors_underground": null, "min_floor": null, "subtype": "commercial", "class": "office", "facade_color": null, "facade_material": null, "roof_material": null, "roof_shape": null, "roof_direction": null, "roof_orientation": null, "roof_color": null, "roof_height": null, "has_parts": false, "version": 1, "bbox": { "xmin": 8.53752613067627, "xmax": 8.537918090820312, "ymin": 47.37666702270508, "ymax": 47.37691879272461 } }, "geometry": { "type": "Polygon", "coordinates": [ [ [ 8.5379166, 47.3767867 ], [ 8.5376369, 47.3769122 ], [ 8.5375394, 47.3768126 ], [ 8.5375262, 47.3767991 ], [ 8.5376649, 47.3767369 ], [ 8.5378059, 47.3766736 ], [ 8.5379166, 47.3767867 ] ] ] } },
{ "type": "Feature", "properties": { "id": "c126a9cb-dd1b-46ba-b116-acd1d3980a4f", "names": null, "sources": "[{'property': '', 'dataset': 'OpenStreetMap', 'license': 'ODbL-1.0', 'record_id': 'w157954144@8', 'update_time': '2026-03-21T16:00:21.000Z', 'confidence': None, 'between': None, 'provider': 'osm', 'resource': 'planet', 'version': '2026-09-06T00:00:00.000Z'}]", "level": null, "height": null, "min_height": null, "is_underground": false, "num_floors": null, "num_floors_underground": null, "min_floor": null, "subtype": "commercial", "class": "commercial", "facade_color": null, "facade_material": null, "roof_material": null, "roof_shape": null, "roof_direction": null, "roof_orientation": null, "roof_color": null, "roof_height": null, "has_parts": false, "version": 1, "bbox": { "xmin": 8.537618637084961, "xmax": 8.537945747375488, "ymin": 47.3769416809082, "ymax": 47.377140045166016 } }, "geometry": { "type": "Polygon", "coordinates": [ [ [ 8.5378054, 47.3771211 ], [ 8.5377904, 47.3771061 ], [ 8.5377819, 47.37711 ], [ 8.5377755, 47.3771216 ], [ 8.5377629, 47.3771304 ], [ 8.5377454, 47.3771353 ], [ 8.5377265, 47.3771348 ], [ 8.5377164, 47.3771394 ], [ 8.53769, 47.3771159 ], [ 8.5376938, 47.3771142 ], [ 8.5376194, 47.3770476 ], [ 8.5378537, 47.3769422 ], [ 8.5379456, 47.3770359 ], [ 8.537866, 47.3770715 ], [ 8.5378811, 47.3770869 ], [ 8.5378054, 47.3771211 ] ] ] } },
{ "type": "Feature", "properties": { "id": "60b7a6f9-1248-4f72-83b8-95f6bc6e09ed", "names": null, "sources": "[{'property': '', 'dataset': 'OpenStreetMap', 'license': 'ODbL-1.0', 'record_id': 'w157954122@7', 'update_time': '2026-03-21T15:59:55.000Z', 'confidence': None, 'between': None, 'provider': 'osm', 'resource': 'planet', 'version': '2026-09-06T00:00:00.000Z'}]", "level": null, "height": null, "min_height": null, "is_underground": false, "num_floors": null, "num_floors_underground": null, "min_floor": null, "subtype": "residential", "class": "apartments", "facade_color": null, "facade_material": null, "roof_material": null, "roof_shape": null, "roof_direction": null, "roof_orientation": null, "roof_color": null, "roof_height": null, "has_parts": false, "version": 1, "bbox": { "xmin": 8.537452697753906, "xmax": 8.537693977355957, "ymin": 47.37704086303711, "ymax": 47.377193450927734 } }, "geometry": { "type": "Polygon", "coordinates": [ [ [ 8.5374528, 47.3771231 ], [ 8.5376194, 47.3770476 ], [ 8.5376938, 47.3771142 ], [ 8.53769, 47.3771159 ], [ 8.5376558, 47.3771311 ], [ 8.5376526, 47.3771288 ], [ 8.5375243, 47.3771876 ], [ 8.5374528, 47.3771231 ] ] ] } },
{ "type": "Feature", "properties": { "id": "5d1c7b1b-6385-4343-8203-28851ae2dcbd", "names": null, "sources": "[{'property': '', 'dataset': 'OpenStreetMap', 'license': 'ODbL-1.0', 'record_id': 'w157954123@8', 'update_time': '2026-03-21T16:00:33.000Z', 'confidence': None, 'between': None, 'provider': 'osm', 'resource': 'planet', 'version': '2026-09-06T00:00:00.000Z'}]", "level": null, "height": null, "min_height": null, "is_underground": false, "num_floors": null, "num_floors_underground": null, "min_floor": null, "subtype": "residential", "class": "apartments", "facade_color": null, "facade_material": null, "roof_material": null, "roof_shape": null, "roof_direction": null, "roof_orientation": null, "roof_color": null, "roof_height": null, "has_parts": false, "version": 1, "bbox": { "xmin": 8.537524223327637, "xmax": 8.53773021697998, "ymin": 47.37712860107422, "ymax": 47.377262115478516 } }, "geometry": { "type": "Polygon", "coordinates": [ [ [ 8.5375358, 47.3771981 ], [ 8.5375243, 47.3771876 ], [ 8.5376526, 47.3771288 ], [ 8.5376776, 47.377151 ], [ 8.537684, 47.3771476 ], [ 8.5377302, 47.3771883 ], [ 8.537601, 47.377255 ], [ 8.5376002, 47.3772555 ], [ 8.5375751, 47.3772334 ], [ 8.5375617, 47.3772329 ], [ 8.537546, 47.3772184 ], [ 8.5375472, 47.3772086 ], [ 8.5375358, 47.3771981 ] ] ] } },
{ "type": "Feature", "properties": { "id": "d57ab934-0d94-42b2-a35f-c70c3b2847ba", "names": null, "sources": "[{'property': '', 'dataset': 'OpenStreetMap', 'license': 'ODbL-1.0', 'record_id': 'w157954124@8', 'update_time': '2026-03-21T16:00:10.000Z', 'confidence': None, 'between': None, 'provider': 'osm', 'resource': 'planet', 'version': '2026-09-06T00:00:00.000Z'}]", "level": null, "height": null, "min_height": null, "is_underground": false, "num_floors": null, "num_floors_underground": null, "min_floor": null, "subtype": "residential", "class": "apartments", "facade_color": null, "facade_material": null, "roof_material": null, "roof_shape": null, "roof_direction": null, "roof_orientation": null, "roof_color": null, "roof_height": null, "has_parts": false, "version": 1, "bbox": { "xmin": 8.537599563598633, "xmax": 8.537890434265137, "ymin": 47.377166748046875, "ymax": 47.37732696533203 } }, "geometry": { "type": "Polygon", "coordinates": [ [ [ 8.5376192, 47.3772711 ], [ 8.537601, 47.377255 ], [ 8.5377302, 47.3771883 ], [ 8.5377516, 47.3771772 ], [ 8.5377797, 47.3772022 ], [ 8.5378453, 47.3771683 ], [ 8.5378898, 47.3772078 ], [ 8.537887, 47.3772093 ], [ 8.5376737, 47.3773195 ], [ 8.5376192, 47.3772711 ] ] ] } },
{ "type": "Feature", "properties": { "id": "70953071-1055-4e11-9b49-16847d172e6e", "names": null, "sources": "[{'property': '', 'dataset': 'OpenStreetMap', 'license': 'ODbL-1.0', 'record_id': 'w157954139@6', 'update_time': '2026-03-21T15:59:55.000Z', 'confidence': None, 'between': None, 'provider': 'osm', 'resource': 'planet', 'version': '2026-09-06T00:00:00.000Z'}]", "level": null, "height": null, "min_height": null, "is_underground": false, "num_floors": 4.0, "num_floors_underground": null, "min_floor": null, "subtype": "commercial", "class": "commercial", "facade_color": null, "facade_material": null, "roof_material": null, "roof_shape": null, "roof_direction": null, "roof_orientation": null, "roof_color": null, "roof_height": null, "has_parts": false, "version": 2, "bbox": { "xmin": 8.53805160522461, "xmax": 8.538301467895508, "ymin": 47.37709426879883, "ymax": 47.377254486083984 } }, "geometry": { "type": "Polygon", "coordinates": [ [ [ 8.5382199, 47.3770954 ], [ 8.5383014, 47.3771784 ], [ 8.5381337, 47.3772538 ], [ 8.5380523, 47.3771708 ], [ 8.5380761, 47.37716 ], [ 8.5382199, 47.3770954 ] ] ] } },
{ "type": "Feature", "properties": { "id": "6b7a57b8-0103-4794-8332-d0405f5fea5e", "names": null, "sources": "[{'property': '', 'dataset': 'OpenStreetMap', 'license': 'ODbL-1.0', 'record_id': 'w157954128@6', 'update_time': '2026-03-21T16:00:19.000Z', 'confidence': None, 'between': None, 'provider': 'osm', 'resource': 'planet', 'version': '2026-09-06T00:00:00.000Z'}]", "level": null, "height": null, "min_height": null, "is_underground": false, "num_floors": null, "num_floors_underground": null, "min_floor": null, "subtype": "residential", "class": "apartments", "facade_color": null, "facade_material": null, "roof_material": null, "roof_shape": null, "roof_direction": null, "roof_orientation": null, "roof_color": null, "roof_height": null, "has_parts": false, "version": 1, "bbox": { "xmin": 8.537672996520996, "xmax": 8.537960052490234, "ymin": 47.3772087097168, "ymax": 47.377384185791016 } }, "geometry": { "type": "Polygon", "coordinates": [ [ [ 8.5377279, 47.3773677 ], [ 8.5376737, 47.3773195 ], [ 8.537887, 47.3772093 ], [ 8.5379593, 47.3772735 ], [ 8.5379053, 47.3773014 ], [ 8.537746, 47.3773837 ], [ 8.5377279, 47.3773677 ] ] ] } },
{ "type": "Feature", "properties": { "id": "24b5a8ec-4288-4a6b-863a-de69692e2b02", "names": null, "sources": "[{'property': '', 'dataset': 'OpenStreetMap', 'license': 'ODbL-1.0', 'record_id': 'w157954131@7', 'update_time': '2026-03-21T16:00:23.000Z', 'confidence': None, 'between': None, 'provider': 'osm', 'resource': 'planet', 'version': '2026-09-06T00:00:00.000Z'}]", "level": null, "height": null, "min_height": null, "is_underground": false, "num_floors": null, "num_floors_underground": null, "min_floor": null, "subtype": "residential", "class": "apartments", "facade_color": null, "facade_material": null, "roof_material": null, "roof_shape": null, "roof_direction": null, "roof_orientation": null, "roof_color": null, "roof_height": null, "has_parts": false, "version": 1, "bbox": { "xmin": 8.537744522094727, "xmax": 8.537970542907715, "ymin": 47.37730026245117, "ymax": 47.37744140625 } }, "geometry": { "type": "Polygon", "coordinates": [ [ [ 8.5379053, 47.3773014 ], [ 8.5379698, 47.3773586 ], [ 8.5378105, 47.3774409 ], [ 8.5377621, 47.377398 ], [ 8.537746, 47.3773837 ], [ 8.5379053, 47.3773014 ] ] ] } },
{ "type": "Feature", "properties": { "id": "764b41bb-6790-4ece-b321-597be61447d9", "names": null, "sources": "[{'property': '', 'dataset': 'OpenStreetMap', 'license': 'ODbL-1.0', 'record_id': 'w157954132@6', 'update_time': '2026-03-21T15:59:55.000Z', 'confidence': None, 'between': None, 'provider': 'osm', 'resource': 'planet', 'version': '2026-09-06T00:00:00.000Z'}]", "level": null, "height": null, "min_height": null, "is_underground": false, "num_floors": null, "num_floors_underground": null, "min_floor": null, "subtype": "residential", "class": "apartments", "facade_color": null, "facade_material": null, "roof_material": null, "roof_shape": null, "roof_direction": null, "roof_orientation": null, "roof_color": null, "roof_height": null, "has_parts": false, "version": 1, "bbox": { "xmin": 8.537810325622559, "xmax": 8.538037300109863, "ymin": 47.377357482910156, "ymax": 47.377498626708984 } }, "geometry": { "type": "Polygon", "coordinates": [ [ [ 8.5378587, 47.3774837 ], [ 8.5378105, 47.3774409 ], [ 8.5379698, 47.3773586 ], [ 8.5380373, 47.3774185 ], [ 8.5379981, 47.3774388 ], [ 8.5379948, 47.3774359 ], [ 8.5378747, 47.3774979 ], [ 8.5378587, 47.3774837 ] ] ] } },
{ "type": "Feature", "properties": { "id": "45a95a49-f71d-45ff-a60c-ab99e5e69fa6", "names": null, "sources": "[{'property': '', 'dataset': 'OpenStreetMap', 'license': 'ODbL-1.0', 'record_id': 'w1274028462@1', 'update_time': '2024-04-19T08:37:24.000Z', 'confidence': None, 'between': None, 'provider': 'osm', 'resource': 'planet', 'version': '2026-09-06T00:00:00.000Z'}]", "level": null, "height": null, "min_height": null, "is_underground": false, "num_floors": null, "num_floors_underground": null, "min_floor": null, "subtype": "service", "class": "service", "facade_color": null, "facade_material": null, "roof_material": null, "roof_shape": null, "roof_direction": null, "roof_orientation": null, "roof_color": null, "roof_height": null, "has_parts": false, "version": 1, "bbox": { "xmin": 8.537829399108887, "xmax": 8.537882804870605, "ymin": 47.37783432006836, "ymax": 47.37787628173828 } }, "geometry": { "type": "Polygon", "coordinates": [ [ [ 8.5378819, 47.3778662 ], [ 8.537845, 47.3778762 ], [ 8.5378303, 47.3778516 ], [ 8.5378671, 47.3778415 ], [ 8.5378819, 47.3778662 ] ] ] } },
{ "type": "Feature", "properties": { "id": "d2ced2b0-7b90-4c95-b577-d14389031cbd", "names": "{'primary': 'Habis Royal', 'common': None, 'rules': None}", "sources": "[{'property': '', 'dataset': 'OpenStreetMap', 'license': 'ODbL-1.0', 'record_id': 'w157954117@10', 'update_time': '2026-03-21T16:00:39.000Z', 'confidence': None, 'between': None, 'provider': 'osm', 'resource': 'planet', 'version': '2026-09-06T00:00:00.000Z'}]", "level": null, "height": null, "min_height": null, "is_underground": false, "num_floors": 5.0, "num_floors_underground": null, "min_floor": null, "subtype": "commercial", "class": "office", "facade_color": null, "facade_material": null, "roof_material": null, "roof_shape": "saltbox", "roof_direction": null, "roof_orientation": null, "roof_color": null, "roof_height": null, "has_parts": false, "version": 1, "bbox": { "xmin": 8.537873268127441, "xmax": 8.538546562194824, "ymin": 47.37738037109375, "ymax": 47.3776741027832 } }, "geometry": { "type": "Polygon", "coordinates": [ [ [ 8.5380111, 47.3774501 ], [ 8.5380222, 47.3774597 ], [ 8.5380677, 47.3774358 ], [ 8.5380873, 47.3774305 ], [ 8.5381084, 47.3774313 ], [ 8.5381244, 47.3774367 ], [ 8.5381363, 47.3774457 ], [ 8.5381598, 47.3774674 ], [ 8.5382579, 47.3774403 ], [ 8.538457, 47.3773874 ], [ 8.5384714, 47.3774119 ], [ 8.538546, 47.3775391 ], [ 8.5383882, 47.377581 ], [ 8.5383847, 47.3775741 ], [ 8.5383563, 47.3775889 ], [ 8.5382413, 47.37762 ], [ 8.5381042, 47.3776564 ], [ 8.5381002, 47.3776495 ], [ 8.5380638, 47.3776678 ], [ 8.5380462, 47.3776395 ], [ 8.5380375, 47.3776439 ], [ 8.5379018, 47.3775222 ], [ 8.5378909, 47.3775124 ], [ 8.5378799, 47.3775026 ], [ 8.5378747, 47.3774979 ], [ 8.5379948, 47.3774359 ], [ 8.5379981, 47.3774388 ], [ 8.5380001, 47.3774405 ], [ 8.5380111, 47.3774501 ] ] ] } },
{ "type": "Feature", "properties": { "id": "562a38ab-856a-48f9-89e8-4ceafae1ef88", "names": null, "sources": "[{'property': '', 'dataset': 'OpenStreetMap', 'license': 'ODbL-1.0', 'record_id': 'w389882900@2', 'update_time': '2018-10-03T16:48:18.000Z', 'confidence': None, 'between': None, 'provider': 'osm', 'resource': 'planet', 'version': '2026-09-06T00:00:00.000Z'}]", "level": null, "height": null, "min_height": null, "is_underground": false, "num_floors": null, "num_floors_underground": null, "min_floor": null, "subtype": "service", "class": "service", "facade_color": null, "facade_material": null, "roof_material": null, "roof_shape": null, "roof_direction": null, "roof_orientation": null, "roof_color": null, "roof_height": null, "has_parts": true, "version": 1, "bbox": { "xmin": 8.538640975952148, "xmax": 8.53869342803955, "ymin": 47.37755584716797, "ymax": 47.37759780883789 } }, "geometry": { "type": "Polygon", "coordinates": [ [ [ 8.5386933, 47.3775872 ], [ 8.5386563, 47.3775971 ], [ 8.5386417, 47.377572 ], [ 8.5386788, 47.3775621 ], [ 8.5386933, 47.3775872 ] ] ] } },
{ "type": "Feature", "properties": { "id": "1d70cedd-08b5-4734-b73c-b7b77cda99ee", "names": null, "sources": "[{'property': '', 'dataset': 'OpenStreetMap', 'license': 'ODbL-1.0', 'record_id': 'w316823317@8', 'update_time': '2026-03-21T16:00:30.000Z', 'confidence': None, 'between': None, 'provider': 'osm', 'resource': 'planet', 'version': '2026-09-06T00:00:00.000Z'}]", "level": null, "height": null, "min_height": null, "is_underground": false, "num_floors": 5.0, "num_floors_underground": null, "min_floor": null, "subtype": "commercial", "class": "commercial", "facade_color": null, "facade_material": null, "roof_material": null, "roof_shape": null, "roof_direction": null, "roof_orientation": null, "roof_color": null, "roof_height": null, "has_parts": false, "version": 2, "bbox": { "xmin": 8.538190841674805, "xmax": 8.538457870483398, "ymin": 47.377262115478516, "ymax": 47.37744140625 } }, "geometry": { "type": "Polygon", "coordinates": [ [ [ 8.5383841, 47.3772646 ], [ 8.538457, 47.3773874 ], [ 8.5382579, 47.3774403 ], [ 8.5381915, 47.3773272 ], [ 8.5382017, 47.3773248 ], [ 8.5383809, 47.3772627 ], [ 8.5383841, 47.3772646 ] ] ] } },
{ "type": "Feature", "properties": { "id": "e2fbed54-c856-49f4-a261-f74d414afdb0", "names": null, "sources": "[{'property': '', 'dataset': 'OpenStreetMap', 'license': 'ODbL-1.0', 'record_id': 'w157954140@6', 'update_time': '2026-03-21T16:00:39.000Z', 'confidence': None, 'between': None, 'provider': 'osm', 'resource': 'planet', 'version': '2026-09-06T00:00:00.000Z'}]", "level": null, "height": null, "min_height": null, "is_underground": false, "num_floors": 5.0, "num_floors_underground": null, "min_floor": null, "subtype": "commercial", "class": "commercial", "facade_color": null, "facade_material": null, "roof_material": null, "roof_shape": null, "roof_direction": null, "roof_orientation": null, "roof_color": null, "roof_height": null, "has_parts": false, "version": 2, "bbox": { "xmin": 8.53813362121582, "xmax": 8.538381576538086, "ymin": 47.37717819213867, "ymax": 47.3773307800293 } }, "geometry": { "type": "Polygon", "coordinates": [ [ [ 8.5383014, 47.3771784 ], [ 8.5383809, 47.3772627 ], [ 8.5382017, 47.3773248 ], [ 8.5381337, 47.3772538 ], [ 8.5383014, 47.3771784 ] ] ] } },
{ "type": "Feature", "properties": { "id": "755c5b6e-b2fa-48fe-8cb8-8a3db239c76d", "names": null, "sources": "[{'property': '', 'dataset': 'OpenStreetMap', 'license': 'ODbL-1.0', 'record_id': 'w856356524@4', 'update_time': '2026-03-21T16:00:05.000Z', 'confidence': None, 'between': None, 'provider': 'osm', 'resource': 'planet', 'version': '2026-09-06T00:00:00.000Z'}\n {'property': '/properties/height', 'dataset': 'Microsoft ML Buildings', 'license': 'ODbL-1.0', 'record_id': None, 'update_time': None, 'confidence': None, 'between': None, 'provider': 'microsoft', 'resource': 'ml_buildings', 'version': '2026-08-11'}]", "level": 1.0, "height": 3.4958868026733398, "min_height": null, "is_underground": false, "num_floors": null, "num_floors_underground": null, "min_floor": null, "subtype": "outbuilding", "class": "roof", "facade_color": null, "facade_material": null, "roof_material": null, "roof_shape": null, "roof_direction": null, "roof_orientation": null, "roof_color": null, "roof_height": null, "has_parts": false, "version": 2, "bbox": { "xmin": 8.538942337036133, "xmax": 8.539831161499023, "ymin": 47.377132415771484, "ymax": 47.37742233276367 } }, "geometry": { "type": "Polygon", "coordinates": [ [ [ 8.5397988, 47.3771393 ], [ 8.5398311, 47.3771938 ], [ 8.5390476, 47.3774065 ], [ 8.5389686, 47.3774162 ], [ 8.5389438, 47.3773722 ], [ 8.5397988, 47.3771393 ] ] ] } },
{ "type": "Feature", "properties": { "id": "190cbdd5-c4b6-4df7-8b0f-47ac44b8a508", "names": null, "sources": "[{'property': '', 'dataset': 'OpenStreetMap', 'license': 'ODbL-1.0', 'record_id': 'w856356525@4', 'update_time': '2026-03-21T16:00:43.000Z', 'confidence': None, 'between': None, 'provider': 'osm', 'resource': 'planet', 'version': '2026-09-06T00:00:00.000Z'}\n {'property': '/properties/height', 'dataset': 'Microsoft ML Buildings', 'license': 'ODbL-1.0', 'record_id': None, 'update_time': None, 'confidence': None, 'between': None, 'provider': 'microsoft', 'resource': 'ml_buildings', 'version': '2026-08-11'}]", "level": 1.0, "height": 4.2958512306213379, "min_height": null, "is_underground": false, "num_floors": null, "num_floors_underground": null, "min_floor": null, "subtype": "outbuilding", "class": "roof", "facade_color": null, "facade_material": null, "roof_material": null, "roof_shape": null, "roof_direction": null, "roof_orientation": null, "roof_color": null, "roof_height": null, "has_parts": false, "version": 2, "bbox": { "xmin": 8.538883209228516, "xmax": 8.539769172668457, "ymin": 47.37704086303711, "ymax": 47.377323150634766 } }, "geometry": { "type": "Polygon", "coordinates": [ [ [ 8.5397411, 47.3770416 ], [ 8.5397685, 47.3770883 ], [ 8.5391029, 47.3772717 ], [ 8.5389093, 47.3773165 ], [ 8.5388847, 47.3772751 ], [ 8.5397411, 47.3770416 ] ] ] } },
{ "type": "Feature", "properties": { "id": "610a8acf-91c4-4114-af84-440d92f2feb4", "names": null, "sources": "[{'property': '', 'dataset': 'OpenStreetMap', 'license': 'ODbL-1.0', 'record_id': 'w383629853@7', 'update_time': '2026-03-21T16:00:41.000Z', 'confidence': None, 'between': None, 'provider': 'osm', 'resource': 'planet', 'version': '2026-09-06T00:00:00.000Z'}]", "level": null, "height": null, "min_height": null, "is_underground": false, "num_floors": 1.0, "num_floors_underground": null, "min_floor": null, "subtype": "service", "class": "service", "facade_color": null, "facade_material": null, "roof_material": null, "roof_shape": "flat", "roof_direction": null, "roof_orientation": null, "roof_color": null, "roof_height": null, "has_parts": false, "version": 1, "bbox": { "xmin": 8.539257049560547, "xmax": 8.539306640625, "ymin": 47.37747573852539, "ymax": 47.37751388549805 } }, "geometry": { "type": "Polygon", "coordinates": [ [ [ 8.5393064, 47.3774968 ], [ 8.5392694, 47.3775067 ], [ 8.5392636, 47.3774968 ], [ 8.5392579, 47.377487 ], [ 8.539295, 47.3774771 ], [ 8.5393064, 47.3774968 ] ] ] } },
{ "type": "Feature", "properties": { "id": "b2d09943-fadd-4061-9e9c-30d2d373e84d", "names": null, "sources": "[{'property': '', 'dataset': 'OpenStreetMap', 'license': 'ODbL-1.0', 'record_id': 'w1274802232@3', 'update_time': '2026-03-21T16:00:13.000Z', 'confidence': None, 'between': None, 'provider': 'osm', 'resource': 'planet', 'version': '2026-09-06T00:00:00.000Z'}]", "level": null, "height": null, "min_height": null, "is_underground": false, "num_floors": null, "num_floors_underground": null, "min_floor": null, "subtype": "outbuilding", "class": "roof", "facade_color": null, "facade_material": null, "roof_material": null, "roof_shape": null, "roof_direction": null, "roof_orientation": null, "roof_color": null, "roof_height": null, "has_parts": false, "version": 1, "bbox": { "xmin": 8.539422988891602, "xmax": 8.5394868850708, "ymin": 47.377647399902344, "ymax": 47.377689361572266 } }, "geometry": { "type": "Polygon", "coordinates": [ [ [ 8.5394394, 47.3776883 ], [ 8.539423, 47.3776603 ], [ 8.5394702, 47.3776476 ], [ 8.5394867, 47.3776755 ], [ 8.5394394, 47.3776883 ] ] ] } },
{ "type": "Feature", "properties": { "id": "96a1e79f-aa5f-4ed9-9985-ab201c6e3400", "names": null, "sources": "[{'property': '', 'dataset': 'OpenStreetMap', 'license': 'ODbL-1.0', 'record_id': 'w291957915@6', 'update_time': '2026-06-30T13:14:57.000Z', 'confidence': None, 'between': None, 'provider': 'osm', 'resource': 'planet', 'version': '2026-09-06T00:00:00.000Z'}]", "level": null, "height": null, "min_height": null, "is_underground": false, "num_floors": 5.0, "num_floors_underground": null, "min_floor": null, "subtype": "residential", "class": "apartments", "facade_color": null, "facade_material": null, "roof_material": null, "roof_shape": null, "roof_direction": null, "roof_orientation": null, "roof_color": null, "roof_height": null, "has_parts": false, "version": 3, "bbox": { "xmin": 8.539939880371094, "xmax": 8.540252685546875, "ymin": 47.37665557861328, "ymax": 47.37682342529297 } }, "geometry": { "type": "Polygon", "coordinates": [ [ [ 8.5399627, 47.3767729 ], [ 8.5399402, 47.3767286 ], [ 8.5400841, 47.376694 ], [ 8.5400857, 47.3766916 ], [ 8.5400985, 47.3766948 ], [ 8.5401074, 47.3766797 ], [ 8.5401949, 47.3766568 ], [ 8.5402526, 47.3767551 ], [ 8.5401423, 47.3767852 ], [ 8.5400048, 47.3768231 ], [ 8.5399975, 47.3768231 ], [ 8.5399923, 47.3768218 ], [ 8.5399878, 47.3768197 ], [ 8.5399837, 47.3768165 ], [ 8.5399714, 47.3767934 ], [ 8.5399619, 47.3767745 ], [ 8.5399627, 47.3767729 ] ] ] } },
{ "type": "Feature", "properties": { "id": "258b67a2-b906-4628-b7e0-84c66696405c", "names": "{'primary': 'Hotel Schweizerhof', 'common': None, 'rules': None}", "sources": "[{'property': '', 'dataset': 'OpenStreetMap', 'license': 'ODbL-1.0', 'record_id': 'w50003703@13', 'update_time': '2026-03-21T16:00:24.000Z', 'confidence': None, 'between': None, 'provider': 'osm', 'resource': 'planet', 'version': '2026-09-06T00:00:00.000Z'}\n {'property': '/properties/height', 'dataset': 'Microsoft ML Buildings', 'license': 'ODbL-1.0', 'record_id': None, 'update_time': None, 'confidence': None, 'between': None, 'provider': 'microsoft', 'resource': 'ml_buildings', 'version': '2026-08-11'}]", "level": null, "height": 17.872089385986328, "min_height": null, "is_underground": false, "num_floors": 5.0, "num_floors_underground": null, "min_floor": null, "subtype": "commercial", "class": "hotel", "facade_color": null, "facade_material": null, "roof_material": null, "roof_shape": null, "roof_direction": null, "roof_orientation": null, "roof_color": null, "roof_height": null, "has_parts": false, "version": 2, "bbox": { "xmin": 8.539107322692871, "xmax": 8.539690017700195, "ymin": 47.3765983581543, "ymax": 47.377044677734375 } }, "geometry": { "type": "Polygon", "coordinates": [ [ [ 8.5393523, 47.3769999 ], [ 8.5392135, 47.3770377 ], [ 8.5391075, 47.376833 ], [ 8.5391093, 47.3768326 ], [ 8.5392976, 47.3767879 ], [ 8.5393066, 47.3768053 ], [ 8.5394057, 47.3767818 ], [ 8.5393547, 47.3766834 ], [ 8.5393761, 47.3766783 ], [ 8.5393579, 47.3766432 ], [ 8.539537, 47.3766003 ], [ 8.5395394, 47.3765997 ], [ 8.5395812, 47.3766828 ], [ 8.5396511, 47.3768187 ], [ 8.5396731, 47.3768626 ], [ 8.5396843, 47.3768744 ], [ 8.5396899, 47.3768847 ], [ 8.5396891, 47.3768986 ], [ 8.5396837, 47.3769089 ], [ 8.5396733, 47.3769149 ], [ 8.5396596, 47.3769207 ], [ 8.5396444, 47.3769224 ], [ 8.5396301, 47.3769235 ], [ 8.5394205, 47.3769813 ], [ 8.5393523, 47.3769999 ] ] ] } },
{ "type": "Feature", "properties": { "id": "85d375b2-6d0d-47bc-9ae3-193f881d456c", "names": null, "sources": "[{'property': '', 'dataset': 'OpenStreetMap', 'license': 'ODbL-1.0', 'record_id': 'w50003695@8', 'update_time': '2026-03-21T16:00:36.000Z', 'confidence': None, 'between': None, 'provider': 'osm', 'resource': 'planet', 'version': '2026-09-06T00:00:00.000Z'}]", "level": null, "height": null, "min_height": null, "is_underground": false, "num_floors": null, "num_floors_underground": null, "min_floor": null, "subtype": "commercial", "class": "hotel", "facade_color": null, "facade_material": null, "roof_material": null, "roof_shape": null, "roof_direction": null, "roof_orientation": null, "roof_color": null, "roof_height": null, "has_parts": false, "version": 1, "bbox": { "xmin": 8.538995742797852, "xmax": 8.539298057556152, "ymin": 47.376548767089844, "ymax": 47.37683868408203 } }, "geometry": { "type": "Polygon", "coordinates": [ [ [ 8.5392937, 47.3766583 ], [ 8.5392524, 47.376668 ], [ 8.5392373, 47.3766868 ], [ 8.5392592, 47.3767296 ], [ 8.5392667, 47.3767278 ], [ 8.5392976, 47.3767879 ], [ 8.5391093, 47.3768326 ], [ 8.5390911, 47.3767973 ], [ 8.5389966, 47.3766134 ], [ 8.5390467, 47.3766016 ], [ 8.5391938, 47.3765669 ], [ 8.539241, 47.3765558 ], [ 8.5392937, 47.3766583 ] ] ] } },
{ "type": "Feature", "properties": { "id": "85c2e95f-91d3-48d2-b1dc-a9fb9777abe2", "names": null, "sources": "[{'property': '', 'dataset': 'OpenStreetMap', 'license': 'ODbL-1.0', 'record_id': 'w318809301@10', 'update_time': '2026-03-21T16:00:43.000Z', 'confidence': None, 'between': None, 'provider': 'osm', 'resource': 'planet', 'version': '2026-09-06T00:00:00.000Z'}]", "level": null, "height": null, "min_height": null, "is_underground": false, "num_floors": 4.0, "num_floors_underground": null, "min_floor": null, "subtype": "commercial", "class": "commercial", "facade_color": null, "facade_material": null, "roof_material": null, "roof_shape": null, "roof_direction": null, "roof_orientation": null, "roof_color": null, "roof_height": null, "has_parts": false, "version": 1, "bbox": { "xmin": 8.539240837097168, "xmax": 8.53953742980957, "ymin": 47.376495361328125, "ymax": 47.37665939331055 } }, "geometry": { "type": "Polygon", "coordinates": [ [ [ 8.5393579, 47.3766432 ], [ 8.5392937, 47.3766583 ], [ 8.539241, 47.3765558 ], [ 8.5393506, 47.3765301 ], [ 8.5394221, 47.3765128 ], [ 8.5394251, 47.3765146 ], [ 8.5394318, 47.3765093 ], [ 8.5394408, 47.3765059 ], [ 8.5394495, 47.3765035 ], [ 8.5394605, 47.3765027 ], [ 8.5394706, 47.3765034 ], [ 8.5394803, 47.3765058 ], [ 8.5394887, 47.3765097 ], [ 8.5394963, 47.3765147 ], [ 8.5395013, 47.3765211 ], [ 8.5395047, 47.3765277 ], [ 8.5395048, 47.3765341 ], [ 8.5395034, 47.3765418 ], [ 8.5395073, 47.3765416 ], [ 8.5395114, 47.3765508 ], [ 8.539537, 47.3766003 ], [ 8.5393579, 47.3766432 ] ] ] } },
{ "type": "Feature", "properties": { "id": "78e05403-4423-482b-8d30-645eb9b90e3e", "names": null, "sources": "[{'property': '', 'dataset': 'OpenStreetMap', 'license': 'ODbL-1.0', 'record_id': 'w325859839@7', 'update_time': '2026-03-21T16:00:05.000Z', 'confidence': None, 'between': None, 'provider': 'osm', 'resource': 'planet', 'version': '2026-09-06T00:00:00.000Z'}]", "level": null, "height": null, "min_height": null, "is_underground": false, "num_floors": 5.0, "num_floors_underground": null, "min_floor": null, "subtype": "commercial", "class": "hotel", "facade_color": null, "facade_material": null, "roof_material": null, "roof_shape": null, "roof_direction": null, "roof_orientation": null, "roof_color": null, "roof_height": null, "has_parts": false, "version": 1, "bbox": { "xmin": 8.538801193237305, "xmax": 8.539434432983398, "ymin": 47.37611389160156, "ymax": 47.37651824951172 } }, "geometry": { "type": "Polygon", "coordinates": [ [ [ 8.5388794, 47.3763839 ], [ 8.5388012, 47.3762309 ], [ 8.5390439, 47.3761738 ], [ 8.539289, 47.3761155 ], [ 8.5393278, 47.3761907 ], [ 8.5394342, 47.3763966 ], [ 8.53917, 47.3764592 ], [ 8.5389457, 47.3765123 ], [ 8.5388794, 47.3763839 ] ] ] } },
{ "type": "Feature", "properties": { "id": "4050d790-afc9-4a11-8dda-d7b503643a33", "names": null, "sources": "[{'property': '', 'dataset': 'OpenStreetMap', 'license': 'ODbL-1.0', 'record_id': 'w291957913@7', 'update_time': '2026-06-30T13:14:57.000Z', 'confidence': None, 'between': None, 'provider': 'osm', 'resource': 'planet', 'version': '2026-09-06T00:00:00.000Z'}]", "level": null, "height": null, "min_height": null, "is_underground": false, "num_floors": 5.0, "num_floors_underground": null, "min_floor": null, "subtype": "residential", "class": "apartments", "facade_color": null, "facade_material": null, "roof_material": null, "roof_shape": null, "roof_direction": null, "roof_orientation": null, "roof_color": null, "roof_height": null, "has_parts": false, "version": 2, "bbox": { "xmin": 8.539779663085938, "xmax": 8.54022216796875, "ymin": 47.37633514404297, "ymax": 47.37654495239258 } }, "geometry": { "type": "Polygon", "coordinates": [ [ [ 8.5399617, 47.3764876 ], [ 8.539832, 47.3765187 ], [ 8.5398078, 47.3764746 ], [ 8.5397901, 47.3764396 ], [ 8.5397805, 47.3764365 ], [ 8.539793, 47.3764187 ], [ 8.5398026, 47.3764217 ], [ 8.5399849, 47.3763778 ], [ 8.5401367, 47.376341 ], [ 8.5401377, 47.3763427 ], [ 8.5401428, 47.3763415 ], [ 8.5402083, 47.3764694 ], [ 8.5402028, 47.3764713 ], [ 8.5402214, 47.3765132 ], [ 8.5401343, 47.3765337 ], [ 8.5401316, 47.3765281 ], [ 8.5400915, 47.3765377 ], [ 8.5400659, 47.3764894 ], [ 8.5399825, 47.3765105 ], [ 8.539977, 47.3764999 ], [ 8.5399693, 47.3765018 ], [ 8.5399617, 47.3764876 ] ] ] } },
{ "type": "Feature", "properties": { "id": "1609ec81-a17a-4895-96bf-b5affeb48d6e", "names": null, "sources": "[{'property': '', 'dataset': 'OpenStreetMap', 'license': 'ODbL-1.0', 'record_id': 'w291957916@6', 'update_time': '2026-06-30T13:14:57.000Z', 'confidence': None, 'between': None, 'provider': 'osm', 'resource': 'planet', 'version': '2026-09-06T00:00:00.000Z'}]", "level": null, "height": null, "min_height": null, "is_underground": false, "num_floors": 5.0, "num_floors_underground": null, "min_floor": null, "subtype": "commercial", "class": "commercial", "facade_color": null, "facade_material": null, "roof_material": null, "roof_shape": null, "roof_direction": null, "roof_orientation": null, "roof_color": null, "roof_height": null, "has_parts": false, "version": 2, "bbox": { "xmin": 8.539831161499023, "xmax": 8.540091514587402, "ymin": 47.37648010253906, "ymax": 47.37663269042969 } }, "geometry": { "type": "Polygon", "coordinates": [ [ [ 8.539962, 47.3766082 ], [ 8.5398876, 47.3766256 ], [ 8.539832, 47.3765187 ], [ 8.5399617, 47.3764876 ], [ 8.5399693, 47.3765018 ], [ 8.539977, 47.3764999 ], [ 8.5399825, 47.3765105 ], [ 8.5400659, 47.3764894 ], [ 8.5400915, 47.3765377 ], [ 8.5400482, 47.3765481 ], [ 8.5400586, 47.3765692 ], [ 8.5400043, 47.3765818 ], [ 8.5399983, 47.3765701 ], [ 8.5399735, 47.3765759 ], [ 8.5399795, 47.3765876 ], [ 8.5399564, 47.3765947 ], [ 8.539962, 47.3766082 ] ] ] } },
{ "type": "Feature", "properties": { "id": "b2b392de-58b5-46ed-88ba-7cac9c38e7d4", "names": null, "sources": "[{'property': '', 'dataset': 'OpenStreetMap', 'license': 'ODbL-1.0', 'record_id': 'w291957917@7', 'update_time': '2026-06-30T13:14:57.000Z', 'confidence': None, 'between': None, 'provider': 'osm', 'resource': 'planet', 'version': '2026-09-06T00:00:00.000Z'}]", "level": null, "height": null, "min_height": null, "is_underground": false, "num_floors": 5.0, "num_floors_underground": null, "min_floor": null, "subtype": "commercial", "class": "commercial", "facade_color": null, "facade_material": null, "roof_material": null, "roof_shape": null, "roof_direction": null, "roof_orientation": null, "roof_color": null, "roof_height": null, "has_parts": false, "version": 2, "bbox": { "xmin": 8.539887428283691, "xmax": 8.540098190307617, "ymin": 47.376590728759766, "ymax": 47.37673568725586 } }, "geometry": { "type": "Polygon", "coordinates": [ [ [ 8.5400841, 47.376694 ], [ 8.5399402, 47.3767286 ], [ 8.5398876, 47.3766256 ], [ 8.539962, 47.3766082 ], [ 8.5399694, 47.3766206 ], [ 8.5399941, 47.376616 ], [ 8.54, 47.3766277 ], [ 8.5400257, 47.3766217 ], [ 8.5400198, 47.3766101 ], [ 8.540073, 47.3765975 ], [ 8.5400976, 47.3766411 ], [ 8.5400675, 47.3766483 ], [ 8.5400884, 47.3766876 ], [ 8.5400857, 47.3766916 ], [ 8.5400841, 47.376694 ] ] ] } },
{ "type": "Feature", "properties": { "id": "11f56fba-669d-4b9f-b47f-702c0dfa4475", "names": null, "sources": "[{'property': '', 'dataset': 'OpenStreetMap', 'license': 'ODbL-1.0', 'record_id': 'w1533927654@1', 'update_time': '2026-06-30T13:14:57.000Z', 'confidence': None, 'between': None, 'provider': 'osm', 'resource': 'planet', 'version': '2026-09-06T00:00:00.000Z'}]", "level": null, "height": null, "min_height": null, "is_underground": false, "num_floors": null, "num_floors_underground": null, "min_floor": null, "subtype": "commercial", "class": "commercial", "facade_color": null, "facade_material": null, "roof_material": null, "roof_shape": null, "roof_direction": null, "roof_orientation": null, "roof_color": null, "roof_height": null, "has_parts": false, "version": 1, "bbox": { "xmin": 8.539956092834473, "xmax": 8.540075302124023, "ymin": 47.37656784057617, "ymax": 47.37662887573242 } }, "geometry": { "type": "Polygon", "coordinates": [ [ [ 8.5399941, 47.376616 ], [ 8.5399694, 47.3766206 ], [ 8.539962, 47.3766082 ], [ 8.5399564, 47.3765947 ], [ 8.5399795, 47.3765876 ], [ 8.5399735, 47.3765759 ], [ 8.5399983, 47.3765701 ], [ 8.5400043, 47.3765818 ], [ 8.5400586, 47.3765692 ], [ 8.5400602, 47.3765688 ], [ 8.5400751, 47.376597 ], [ 8.540073, 47.3765975 ], [ 8.5400198, 47.3766101 ], [ 8.5400257, 47.3766217 ], [ 8.54, 47.3766277 ], [ 8.5399941, 47.376616 ] ] ] } },
{ "type": "Feature", "properties": { "id": "0fa0f255-5a90-49b4-a2f2-b3d595abd7ff", "names": null, "sources": "[{'property': '', 'dataset': 'OpenStreetMap', 'license': 'ODbL-1.0', 'record_id': 'w291657082@4', 'update_time': '2026-03-21T16:00:27.000Z', 'confidence': None, 'between': None, 'provider': 'osm', 'resource': 'planet', 'version': '2026-09-06T00:00:00.000Z'}]", "level": null, "height": null, "min_height": null, "is_underground": false, "num_floors": null, "num_floors_underground": null, "min_floor": null, "subtype": "residential", "class": "apartments", "facade_color": null, "facade_material": null, "roof_material": null, "roof_shape": null, "roof_direction": null, "roof_orientation": null, "roof_color": null, "roof_height": null, "has_parts": false, "version": 1, "bbox": { "xmin": 8.539887428283691, "xmax": 8.540152549743652, "ymin": 47.37609100341797, "ymax": 47.376277923583984 } }, "geometry": { "type": "Polygon", "coordinates": [ [ [ 8.5401147, 47.3761496 ], [ 8.5401525, 47.3762253 ], [ 8.5399559, 47.3762718 ], [ 8.5398912, 47.3761441 ], [ 8.5398878, 47.3761378 ], [ 8.5399074, 47.3761327 ], [ 8.5399104, 47.3761388 ], [ 8.539953, 47.3761276 ], [ 8.5399455, 47.376113 ], [ 8.5400076, 47.3760977 ], [ 8.5400161, 47.376114 ], [ 8.5400773, 47.3761001 ], [ 8.5401034, 47.3761527 ], [ 8.5401147, 47.3761496 ] ] ] } },
{ "type": "Feature", "properties": { "id": "b9012337-c867-46b8-8896-5bcb6dc69a40", "names": null, "sources": "[{'property': '', 'dataset': 'OpenStreetMap', 'license': 'ODbL-1.0', 'record_id': 'w291657077@6', 'update_time': '2026-03-21T16:00:37.000Z', 'confidence': None, 'between': None, 'provider': 'osm', 'resource': 'planet', 'version': '2026-09-06T00:00:00.000Z'}]", "level": null, "height": null, "min_height": null, "is_underground": false, "num_floors": 5.0, "num_floors_underground": null, "min_floor": null, "subtype": "residential", "class": "apartments", "facade_color": null, "facade_material": null, "roof_material": null, "roof_shape": null, "roof_direction": null, "roof_orientation": null, "roof_color": null, "roof_height": null, "has_parts": false, "version": 1, "bbox": { "xmin": 8.539687156677246, "xmax": 8.539956092834473, "ymin": 47.376136779785156, "ymax": 47.37632751464844 } }, "geometry": { "type": "Polygon", "coordinates": [ [ [ 8.5398851, 47.3762887 ], [ 8.5397316, 47.3763261 ], [ 8.5397098, 47.3762833 ], [ 8.5396872, 47.37624 ], [ 8.5398098, 47.3762101 ], [ 8.5398048, 47.3761996 ], [ 8.5398709, 47.3761833 ], [ 8.5398554, 47.3761521 ], [ 8.5398912, 47.3761441 ], [ 8.5399559, 47.3762718 ], [ 8.5398851, 47.3762887 ] ] ] } },
{ "type": "Feature", "properties": { "id": "be08fbe5-dabe-4e79-85e8-6946fed5cf25", "names": null, "sources": "[{'property': '', 'dataset': 'OpenStreetMap', 'license': 'ODbL-1.0', 'record_id': 'w291657079@6', 'update_time': '2026-03-21T16:00:26.000Z', 'confidence': None, 'between': None, 'provider': 'osm', 'resource': 'planet', 'version': '2026-09-06T00:00:00.000Z'}]", "level": null, "height": null, "min_height": null, "is_underground": false, "num_floors": 5.0, "num_floors_underground": null, "min_floor": null, "subtype": "residential", "class": "apartments", "facade_color": null, "facade_material": null, "roof_material": null, "roof_shape": null, "roof_direction": null, "roof_orientation": null, "roof_color": null, "roof_height": null, "has_parts": false, "version": 1, "bbox": { "xmin": 8.539637565612793, "xmax": 8.539871215820312, "ymin": 47.376102447509766, "ymax": 47.37624740600586 } }, "geometry": { "type": "Polygon", "coordinates": [ [ [ 8.5398098, 47.3762101 ], [ 8.5396872, 47.37624 ], [ 8.5396382, 47.3761449 ], [ 8.5397524, 47.3761187 ], [ 8.5397574, 47.3761271 ], [ 8.5398326, 47.3761085 ], [ 8.5398554, 47.3761521 ], [ 8.5398709, 47.3761833 ], [ 8.5398048, 47.3761996 ], [ 8.5398098, 47.3762101 ] ] ] } },
{ "type": "Feature", "properties": { "id": "93ed3c99-0913-4e47-a485-8db510c6531a", "names": null, "sources": "[{'property': '', 'dataset': 'OpenStreetMap', 'license': 'ODbL-1.0', 'record_id': 'w318818101@9', 'update_time': '2026-03-21T16:00:29.000Z', 'confidence': None, 'between': None, 'provider': 'osm', 'resource': 'planet', 'version': '2026-09-06T00:00:00.000Z'}]", "level": null, "height": null, "min_height": null, "is_underground": false, "num_floors": 5.0, "num_floors_underground": null, "min_floor": null, "subtype": "commercial", "class": "commercial", "facade_color": null, "facade_material": null, "roof_material": null, "roof_shape": null, "roof_direction": null, "roof_orientation": null, "roof_color": null, "roof_height": null, "has_parts": false, "version": 1, "bbox": { "xmin": 8.539009094238281, "xmax": 8.539289474487305, "ymin": 47.375980377197266, "ymax": 47.37617492675781 } }, "geometry": { "type": "Polygon", "coordinates": [ [ [ 8.5392558, 47.3760515 ], [ 8.539289, 47.3761155 ], [ 8.5390439, 47.3761738 ], [ 8.5390097, 47.3761073 ], [ 8.5390645, 47.3760944 ], [ 8.5390324, 47.3760324 ], [ 8.5390351, 47.3760318 ], [ 8.5392226, 47.3759873 ], [ 8.5392558, 47.3760515 ] ] ] } },
{ "type": "Feature", "properties": { "id": "2d2762a3-0df3-4f7d-9003-1c3f746d38da", "names": null, "sources": "[{'property': '', 'dataset': 'OpenStreetMap', 'license': 'ODbL-1.0', 'record_id': 'w291657084@5', 'update_time': '2026-03-21T16:00:43.000Z', 'confidence': None, 'between': None, 'provider': 'osm', 'resource': 'planet', 'version': '2026-09-06T00:00:00.000Z'}]", "level": null, "height": null, "min_height": null, "is_underground": false, "num_floors": 5.0, "num_floors_underground": null, "min_floor": null, "subtype": "commercial", "class": "office", "facade_color": null, "facade_material": null, "roof_material": null, "roof_shape": null, "roof_direction": null, "roof_orientation": null, "roof_color": null, "roof_height": null, "has_parts": false, "version": 1, "bbox": { "xmin": 8.539522171020508, "xmax": 8.539816856384277, "ymin": 47.37588119506836, "ymax": 47.37605285644531 } }, "geometry": { "type": "Polygon", "coordinates": [ [ [ 8.5397789, 47.3760075 ], [ 8.5395899, 47.3760511 ], [ 8.5395225, 47.3759204 ], [ 8.5396536, 47.3758887 ], [ 8.5396612, 47.3759033 ], [ 8.5396662, 47.3759114 ], [ 8.5396812, 47.3759189 ], [ 8.5398165, 47.3759576 ], [ 8.5397905, 47.3760044 ], [ 8.5397789, 47.3760075 ] ] ] } },
{ "type": "Feature", "properties": { "id": "1e606945-ec32-44d0-b513-c5e6ccff5098", "names": null, "sources": "[{'property': '', 'dataset': 'OpenStreetMap', 'license': 'ODbL-1.0', 'record_id': 'w291657085@6', 'update_time': '2026-03-21T16:00:05.000Z', 'confidence': None, 'between': None, 'provider': 'osm', 'resource': 'planet', 'version': '2026-09-06T00:00:00.000Z'}]", "level": null, "height": null, "min_height": null, "is_underground": false, "num_floors": 5.0, "num_floors_underground": null, "min_floor": null, "subtype": "residential", "class": "apartments", "facade_color": null, "facade_material": null, "roof_material": null, "roof_shape": null, "roof_direction": null, "roof_orientation": null, "roof_color": null, "roof_height": null, "has_parts": false, "version": 1, "bbox": { "xmin": 8.539589881896973, "xmax": 8.539823532104492, "ymin": 47.376007080078125, "ymax": 47.37615203857422 } }, "geometry": { "type": "Polygon", "coordinates": [ [ [ 8.5397524, 47.3761187 ], [ 8.5396382, 47.3761449 ], [ 8.5395899, 47.3760511 ], [ 8.5397789, 47.3760075 ], [ 8.5398231, 47.3760937 ], [ 8.5397489, 47.3761127 ], [ 8.5397524, 47.3761187 ] ] ] } },
{ "type": "Feature", "properties": { "id": "a8a2cd8d-f65e-4975-aba1-1ded6d89fbd8", "names": null, "sources": "[{'property': '', 'dataset': 'OpenStreetMap', 'license': 'ODbL-1.0', 'record_id': 'w291657083@8', 'update_time': '2026-03-21T16:00:16.000Z', 'confidence': None, 'between': None, 'provider': 'osm', 'resource': 'planet', 'version': '2026-09-06T00:00:00.000Z'}]", "level": null, "height": null, "min_height": null, "is_underground": false, "num_floors": 5.0, "num_floors_underground": null, "min_floor": null, "subtype": "commercial", "class": "retail", "facade_color": null, "facade_material": null, "roof_material": null, "roof_shape": null, "roof_direction": null, "roof_orientation": null, "roof_color": null, "roof_height": null, "has_parts": false, "version": 1, "bbox": { "xmin": 8.53944206237793, "xmax": 8.540265083312988, "ymin": 47.375728607177734, "ymax": 47.376060485839844 } }, "geometry": { "type": "Polygon", "coordinates": [ [ [ 8.5396536, 47.3758887 ], [ 8.5395225, 47.3759204 ], [ 8.5394427, 47.3757655 ], [ 8.5395652, 47.3757361 ], [ 8.5402643, 47.375931 ], [ 8.540214, 47.3760144 ], [ 8.5401863, 47.3760601 ], [ 8.5400595, 47.3760251 ], [ 8.5400446, 47.376051 ], [ 8.5399843, 47.3760467 ], [ 8.539929, 47.3760328 ], [ 8.5398844, 47.3760088 ], [ 8.5398716, 47.3759929 ], [ 8.5398822, 47.3759766 ], [ 8.5398165, 47.3759576 ], [ 8.5396812, 47.3759189 ], [ 8.5396662, 47.3759114 ], [ 8.5396612, 47.3759033 ], [ 8.5396536, 47.3758887 ] ] ] } },
{ "type": "Feature", "properties": { "id": "ee2aed94-c7f6-4d25-a6e0-e6a3fb33e89e", "names": "{'primary': 'Feldpausch-Haus', 'common': None, 'rules': None}", "sources": "[{'property': '', 'dataset': 'OpenStreetMap', 'license': 'ODbL-1.0', 'record_id': 'w291221099@27', 'update_time': '2026-07-28T22:13:25.000Z', 'confidence': None, 'between': None, 'provider': 'osm', 'resource': 'planet', 'version': '2026-09-06T00:00:00.000Z'}]", "level": null, "height": null, "min_height": null, "is_underground": false, "num_floors": 8.0, "num_floors_underground": null, "min_floor": null, "subtype": "commercial", "class": "retail", "facade_color": null, "facade_material": null, "roof_material": null, "roof_shape": "flat", "roof_direction": null, "roof_orientation": null, "roof_color": null, "roof_height": null, "has_parts": false, "version": 2, "bbox": { "xmin": 8.539295196533203, "xmax": 8.53998851776123, "ymin": 47.37542724609375, "ymax": 47.375728607177734 } }, "geometry": { "type": "Polygon", "coordinates": [ [ [ 8.5399881, 47.3756099 ], [ 8.5399217, 47.3757195 ], [ 8.5399012, 47.3757143 ], [ 8.5398942, 47.375727 ], [ 8.5396072, 47.3756459 ], [ 8.5396278, 47.3756132 ], [ 8.5396219, 47.3756092 ], [ 8.5396048, 47.3756204 ], [ 8.5395842, 47.3756288 ], [ 8.5395648, 47.3756307 ], [ 8.5395436, 47.375628 ], [ 8.5395254, 47.375622 ], [ 8.5395124, 47.3756152 ], [ 8.5395018, 47.3756064 ], [ 8.539493, 47.3756104 ], [ 8.5395042, 47.3756335 ], [ 8.5393891, 47.3756606 ], [ 8.5393394, 47.3755656 ], [ 8.5392961, 47.3754821 ], [ 8.5393161, 47.3754769 ], [ 8.5393096, 47.3754653 ], [ 8.5394527, 47.375431 ], [ 8.5394603, 47.3754422 ], [ 8.5394856, 47.3754366 ], [ 8.539493, 47.3754514 ], [ 8.5395042, 47.3754738 ], [ 8.5395127, 47.3754908 ], [ 8.5395316, 47.3754856 ], [ 8.5395522, 47.3754825 ], [ 8.5395751, 47.3754825 ], [ 8.5395879, 47.3754841 ], [ 8.5395963, 47.3754852 ], [ 8.5396193, 47.37549 ], [ 8.5396316, 47.3754713 ], [ 8.5399168, 47.3755502 ], [ 8.5399086, 47.3755666 ], [ 8.5399433, 47.3755749 ], [ 8.5399498, 47.3755646 ], [ 8.5399607, 47.3755677 ], [ 8.5399857, 47.3755749 ], [ 8.5399692, 47.3756056 ], [ 8.5399881, 47.3756099 ] ] ] } },
{ "type": "Feature", "properties": { "id": "14245be2-96ca-468a-b314-af2dd2b54cc0", "names": null, "sources": "[{'property': '', 'dataset': 'OpenStreetMap', 'license': 'ODbL-1.0', 'record_id': 'w291221100@5', 'update_time': '2026-03-21T16:00:00.000Z', 'confidence': None, 'between': None, 'provider': 'osm', 'resource': 'planet', 'version': '2026-09-06T00:00:00.000Z'}]", "level": null, "height": null, "min_height": null, "is_underground": false, "num_floors": null, "num_floors_underground": null, "min_floor": null, "subtype": "residential", "class": "apartments", "facade_color": null, "facade_material": null, "roof_material": null, "roof_shape": null, "roof_direction": null, "roof_orientation": null, "roof_color": null, "roof_height": null, "has_parts": false, "version": 1, "bbox": { "xmin": 8.53991413116455, "xmax": 8.540210723876953, "ymin": 47.37554168701172, "ymax": 47.37578582763672 } }, "geometry": { "type": "Polygon", "coordinates": [ [ [ 8.5401664, 47.3756907 ], [ 8.5401317, 47.3757474 ], [ 8.540107, 47.3757852 ], [ 8.5399142, 47.3757318 ], [ 8.5399217, 47.3757195 ], [ 8.5399881, 47.3756099 ], [ 8.5400249, 47.3755492 ], [ 8.5400465, 47.3755567 ], [ 8.5402103, 47.3756134 ], [ 8.5401947, 47.3756373 ], [ 8.5401641, 47.3756868 ], [ 8.5401664, 47.3756907 ] ] ] } },
{ "type": "Feature", "properties": { "id": "a4cea668-db63-4b18-b553-609f4bce7823", "names": "{'primary': 'Amtshaus V', 'common': None, 'rules': None}", "sources": "[{'property': '', 'dataset': 'OpenStreetMap', 'license': 'ODbL-1.0', 'record_id': 'w291221098@9', 'update_time': '2026-03-21T16:00:43.000Z', 'confidence': None, 'between': None, 'provider': 'osm', 'resource': 'planet', 'version': '2026-09-06T00:00:00.000Z'}]", "level": null, "height": null, "min_height": null, "is_underground": false, "num_floors": 8.0, "num_floors_underground": null, "min_floor": null, "subtype": "civic", "class": "public", "facade_color": null, "facade_material": null, "roof_material": null, "roof_shape": null, "roof_direction": null, "roof_orientation": null, "roof_color": null, "roof_height": null, "has_parts": false, "version": 1, "bbox": { "xmin": 8.539631843566895, "xmax": 8.540657043457031, "ymin": 47.37514877319336, "ymax": 47.375587463378906 } }, "geometry": { "type": "Polygon", "coordinates": [ [ [ 8.5396391, 47.3752653 ], [ 8.5396325, 47.3751694 ], [ 8.539861, 47.375162 ], [ 8.54007, 47.3751551 ], [ 8.5401452, 47.375193 ], [ 8.5403141, 47.3752778 ], [ 8.5404421, 47.3753421 ], [ 8.5405946, 47.3754191 ], [ 8.5406563, 47.3754501 ], [ 8.5405351, 47.375561 ], [ 8.5405245, 47.3755665 ], [ 8.5405045, 47.3755745 ], [ 8.5404821, 47.3755777 ], [ 8.5404585, 47.3755809 ], [ 8.5404362, 47.3755817 ], [ 8.5404079, 47.3755777 ], [ 8.540395, 47.3755737 ], [ 8.5403488, 47.3755578 ], [ 8.540303, 47.3755421 ], [ 8.5398651, 47.3753917 ], [ 8.5398487, 47.3753863 ], [ 8.5398011, 47.3753705 ], [ 8.5397433, 47.3753497 ], [ 8.5397216, 47.3753417 ], [ 8.5397023, 47.3753329 ], [ 8.5396875, 47.3753237 ], [ 8.5396756, 47.3753152 ], [ 8.5396646, 47.3753043 ], [ 8.5396547, 47.3753044 ], [ 8.5396468, 47.3752918 ], [ 8.5396416, 47.375278 ], [ 8.5396391, 47.3752653 ] ] ] } },
{ "type": "Feature", "properties": { "id": "297756bf-a1f8-42bc-b122-b61f9760ad9e", "names": "{'primary': 'Haus zur Werdmühle', 'common': None, 'rules': None}", "sources": "[{'property': '', 'dataset': 'OpenStreetMap', 'license': 'ODbL-1.0', 'record_id': 'w290914341@10', 'update_time': '2026-03-21T16:00:07.000Z', 'confidence': None, 'between': None, 'provider': 'osm', 'resource': 'planet', 'version': '2026-09-06T00:00:00.000Z'}]", "level": null, "height": null, "min_height": null, "is_underground": false, "num_floors": 5.0, "num_floors_underground": null, "min_floor": null, "subtype": "commercial", "class": "commercial", "facade_color": null, "facade_material": null, "roof_material": null, "roof_shape": "gambrel", "roof_direction": null, "roof_orientation": null, "roof_color": null, "roof_height": null, "has_parts": false, "version": 1, "bbox": { "xmin": 8.539196014404297, "xmax": 8.539596557617188, "ymin": 47.37458419799805, "ymax": 47.37500762939453 } }, "geometry": { "type": "Polygon", "coordinates": [ [ [ 8.5392032, 47.3747133 ], [ 8.5391969, 47.3746026 ], [ 8.5393819, 47.3745967 ], [ 8.5395693, 47.3745917 ], [ 8.5395962, 47.3749432 ], [ 8.5394629, 47.3749749 ], [ 8.5393602, 47.3749995 ], [ 8.5393295, 47.3750068 ], [ 8.5392793, 47.3749101 ], [ 8.539308, 47.3749041 ], [ 8.5393895, 47.374887 ], [ 8.5393823, 47.3747544 ], [ 8.5393384, 47.374754 ], [ 8.5393354, 47.3747501 ], [ 8.5393197, 47.3747542 ], [ 8.5393088, 47.3747369 ], [ 8.5393231, 47.374732 ], [ 8.5393218, 47.3747172 ], [ 8.5392039, 47.3747196 ], [ 8.5392032, 47.3747133 ] ] ] } },
{ "type": "Feature", "properties": { "id": "36b05d9e-aa31-4749-be17-cf2b33724aff", "names": null, "sources": "[{'property': '', 'dataset': 'OpenStreetMap', 'license': 'ODbL-1.0', 'record_id': 'w290914347@5', 'update_time': '2026-03-21T16:00:23.000Z', 'confidence': None, 'between': None, 'provider': 'osm', 'resource': 'planet', 'version': '2026-09-06T00:00:00.000Z'}]", "level": null, "height": null, "min_height": null, "is_underground": false, "num_floors": 5.0, "num_floors_underground": null, "min_floor": null, "subtype": "commercial", "class": "commercial", "facade_color": null, "facade_material": null, "roof_material": null, "roof_shape": null, "roof_direction": null, "roof_orientation": null, "roof_color": null, "roof_height": null, "has_parts": false, "version": 1, "bbox": { "xmin": 8.538984298706055, "xmax": 8.539224624633789, "ymin": 47.37482452392578, "ymax": 47.374977111816406 } }, "geometry": { "type": "Polygon", "coordinates": [ [ [ 8.5392237, 47.3749245 ], [ 8.5390333, 47.3749707 ], [ 8.5389845, 47.3748754 ], [ 8.5391744, 47.3748313 ], [ 8.5392237, 47.3749245 ] ] ] } },
{ "type": "Feature", "properties": { "id": "28a14edc-9950-4e4c-bf38-ece95db71b9f", "names": null, "sources": "[{'property': '', 'dataset': 'OpenStreetMap', 'license': 'ODbL-1.0', 'record_id': 'w290914348@7', 'update_time': '2026-03-21T16:00:30.000Z', 'confidence': None, 'between': None, 'provider': 'osm', 'resource': 'planet', 'version': '2026-09-06T00:00:00.000Z'}]", "level": null, "height": null, "min_height": null, "is_underground": false, "num_floors": 5.0, "num_floors_underground": null, "min_floor": null, "subtype": "commercial", "class": "office", "facade_color": null, "facade_material": null, "roof_material": null, "roof_shape": "saltbox", "roof_direction": null, "roof_orientation": null, "roof_color": null, "roof_height": null, "has_parts": false, "version": 1, "bbox": { "xmin": 8.539032936096191, "xmax": 8.539329528808594, "ymin": 47.374908447265625, "ymax": 47.37506866455078 } }, "geometry": { "type": "Polygon", "coordinates": [ [ [ 8.5392793, 47.3749101 ], [ 8.5393295, 47.3750068 ], [ 8.5390841, 47.3750674 ], [ 8.5390333, 47.3749707 ], [ 8.5392237, 47.3749245 ], [ 8.5392793, 47.3749101 ] ] ] } },
{ "type": "Feature", "properties": { "id": "d1c2a55b-d9ca-4fcb-ad98-7960952644a3", "names": null, "sources": "[{'property': '', 'dataset': 'OpenStreetMap', 'license': 'ODbL-1.0', 'record_id': 'w291221093@10', 'update_time': '2026-03-21T16:00:10.000Z', 'confidence': None, 'between': None, 'provider': 'osm', 'resource': 'planet', 'version': '2026-09-06T00:00:00.000Z'}]", "level": null, "height": null, "min_height": null, "is_underground": false, "num_floors": 5.0, "num_floors_underground": null, "min_floor": null, "subtype": "commercial", "class": "commercial", "facade_color": null, "facade_material": null, "roof_material": null, "roof_shape": "hipped", "roof_direction": null, "roof_orientation": null, "roof_color": null, "roof_height": null, "has_parts": false, "version": 1, "bbox": { "xmin": 8.539134979248047, "xmax": 8.539555549621582, "ymin": 47.37507247924805, "ymax": 47.375370025634766 } }, "geometry": { "type": "Polygon", "coordinates": [ [ [ 8.5393726, 47.3752813 ], [ 8.5392143, 47.3753184 ], [ 8.5392028, 47.3752973 ], [ 8.5391643, 47.3752222 ], [ 8.5391359, 47.3751655 ], [ 8.539383, 47.3751077 ], [ 8.539384, 47.3750926 ], [ 8.5394407, 47.3750792 ], [ 8.5394652, 47.3750885 ], [ 8.5394974, 47.3751503 ], [ 8.5394793, 47.3751607 ], [ 8.5394875, 47.3751744 ], [ 8.5394986, 47.375199 ], [ 8.5395551, 47.3753102 ], [ 8.539502, 47.375339 ], [ 8.5394692, 47.375357 ], [ 8.5394503, 47.3753674 ], [ 8.5394433, 47.375369 ], [ 8.5394185, 47.3753216 ], [ 8.5393962, 47.3753264 ], [ 8.5393726, 47.3752813 ] ] ] } },
{ "type": "Feature", "properties": { "id": "771646f6-6028-41e5-8577-a4e691960e9a", "names": null, "sources": "[{'property': '', 'dataset': 'OpenStreetMap', 'license': 'ODbL-1.0', 'record_id': 'w595955856@3', 'update_time': '2026-03-21T16:00:18.000Z', 'confidence': None, 'between': None, 'provider': 'osm', 'resource': 'planet', 'version': '2026-09-06T00:00:00.000Z'}]", "level": null, "height": null, "min_height": null, "is_underground": false, "num_floors": null, "num_floors_underground": null, "min_floor": null, "subtype": "outbuilding", "class": "roof", "facade_color": null, "facade_material": null, "roof_material": null, "roof_shape": null, "roof_direction": null, "roof_orientation": null, "roof_color": null, "roof_height": null, "has_parts": false, "version": 1, "bbox": { "xmin": 8.539778709411621, "xmax": 8.539865493774414, "ymin": 47.375370025634766, "ymax": 47.37542724609375 } }, "geometry": { "type": "Polygon", "coordinates": [ [ [ 8.5398651, 47.3753917 ], [ 8.5398442, 47.3754207 ], [ 8.5398283, 47.3754154 ], [ 8.5397802, 47.3753994 ], [ 8.5397839, 47.3753943 ], [ 8.5398011, 47.3753705 ], [ 8.5398487, 47.3753863 ], [ 8.5398651, 47.3753917 ] ] ] } },
{ "type": "Feature", "properties": { "id": "a8aed521-dae4-4d20-a63d-c29bcb520e0e", "names": null, "sources": "[{'property': '', 'dataset': 'OpenStreetMap', 'license': 'ODbL-1.0', 'record_id': 'w291221102@7', 'update_time': '2026-04-02T11:14:39.000Z', 'confidence': None, 'between': None, 'provider': 'osm', 'resource': 'planet', 'version': '2026-09-06T00:00:00.000Z'}]", "level": null, "height": null, "min_height": null, "is_underground": false, "num_floors": 5.0, "num_floors_underground": null, "min_floor": null, "subtype": "commercial", "class": "commercial", "facade_color": null, "facade_material": null, "roof_material": null, "roof_shape": null, "roof_direction": null, "roof_orientation": null, "roof_color": null, "roof_height": null, "has_parts": false, "version": 1, "bbox": { "xmin": 8.539214134216309, "xmax": 8.53947925567627, "ymin": 47.375274658203125, "ymax": 47.3754768371582 } }, "geometry": { "type": "Polygon", "coordinates": [ [ [ 8.5394527, 47.375431 ], [ 8.5393096, 47.3754653 ], [ 8.5392908, 47.3754703 ], [ 8.5392757, 47.3754402 ], [ 8.5392143, 47.3753184 ], [ 8.5393726, 47.3752813 ], [ 8.5393962, 47.3753264 ], [ 8.5394185, 47.3753216 ], [ 8.5394433, 47.375369 ], [ 8.5394503, 47.3753674 ], [ 8.539466, 47.3753986 ], [ 8.5394786, 47.3754237 ], [ 8.5394527, 47.375431 ] ] ] } },
{ "type": "Feature", "properties": { "id": "f6b7f725-20ea-484b-8e4d-b6dfacec80e3", "names": "{'primary': 'Näfenhaus', 'common': None, 'rules': None}", "sources": "[{'property': '', 'dataset': 'OpenStreetMap', 'license': 'ODbL-1.0', 'record_id': 'w325859832@13', 'update_time': '2026-03-21T16:00:05.000Z', 'confidence': None, 'between': None, 'provider': 'osm', 'resource': 'planet', 'version': '2026-09-06T00:00:00.000Z'}]", "level": null, "height": null, "min_height": null, "is_underground": false, "num_floors": 5.0, "num_floors_underground": null, "min_floor": null, "subtype": "commercial", "class": "commercial", "facade_color": null, "facade_material": null, "roof_material": null, "roof_shape": "gabled", "roof_direction": null, "roof_orientation": null, "roof_color": null, "roof_height": null, "has_parts": false, "version": 1, "bbox": { "xmin": 8.5382719039917, "xmax": 8.538835525512695, "ymin": 47.37508773803711, "ymax": 47.3753547668457 } }, "geometry": { "type": "Polygon", "coordinates": [ [ [ 8.538448, 47.3751624 ], [ 8.5387613, 47.3750883 ], [ 8.5387967, 47.375157 ], [ 8.5388352, 47.3752317 ], [ 8.5383462, 47.3753474 ], [ 8.5383089, 47.375275 ], [ 8.5382723, 47.375204 ], [ 8.538448, 47.3751624 ] ] ] } },
{ "type": "Feature", "properties": { "id": "61c33a49-d50c-4d7c-9ea5-ef611fbd76b0", "names": null, "sources": "[{'property': '', 'dataset': 'OpenStreetMap', 'license': 'ODbL-1.0', 'record_id': 'w290914345@5', 'update_time': '2026-03-21T16:00:12.000Z', 'confidence': None, 'between': None, 'provider': 'osm', 'resource': 'planet', 'version': '2026-09-06T00:00:00.000Z'}]", "level": null, "height": null, "min_height": null, "is_underground": false, "num_floors": 5.0, "num_floors_underground": null, "min_floor": null, "subtype": "residential", "class": "apartments", "facade_color": null, "facade_material": null, "roof_material": null, "roof_shape": null, "roof_direction": null, "roof_orientation": null, "roof_color": null, "roof_height": null, "has_parts": false, "version": 1, "bbox": { "xmin": 8.538931846618652, "xmax": 8.539175033569336, "ymin": 47.37472915649414, "ymax": 47.374881744384766 } }, "geometry": { "type": "Polygon", "coordinates": [ [ [ 8.5391744, 47.3748313 ], [ 8.5389845, 47.3748754 ], [ 8.5389328, 47.3747674 ], [ 8.5391251, 47.3747292 ], [ 8.5391744, 47.3748313 ] ] ] } },
{ "type": "Feature", "properties": { "id": "08912964-a3ce-42bc-bcc9-98ee44183393", "names": "{'primary': 'Brannhof', 'common': None, 'rules': array([{'variant': 'alternate', 'language': None, 'perspectives': None, 'value': 'Oskar Weber;Vilan;Manor', 'between': None, 'side': None}],\n      dtype=object)}", "sources": "[{'property': '', 'dataset': 'OpenStreetMap', 'license': 'ODbL-1.0', 'record_id': 'w37037133@22', 'update_time': '2026-03-21T16:00:34.000Z', 'confidence': None, 'between': None, 'provider': 'osm', 'resource': 'planet', 'version': '2026-09-06T00:00:00.000Z'}]", "level": null, "height": null, "min_height": null, "is_underground": false, "num_floors": 6.0, "num_floors_underground": null, "min_floor": null, "subtype": "commercial", "class": "retail", "facade_color": null, "facade_material": null, "roof_material": null, "roof_shape": null, "roof_direction": null, "roof_orientation": null, "roof_color": null, "roof_height": null, "has_parts": false, "version": 1, "bbox": { "xmin": 8.53807258605957, "xmax": 8.538698196411133, "ymin": 47.37467575073242, "ymax": 47.37520980834961 } }, "geometry": { "type": "Polygon", "coordinates": [ [ [ 8.5385539, 47.3746858 ], [ 8.5386975, 47.3749645 ], [ 8.5383841, 47.3750386 ], [ 8.538448, 47.3751624 ], [ 8.5382723, 47.375204 ], [ 8.538242, 47.3751435 ], [ 8.53814, 47.3749391 ], [ 8.5381373, 47.3749397 ], [ 8.5381241, 47.3749135 ], [ 8.538079, 47.3748242 ], [ 8.538073, 47.3748067 ], [ 8.5380741, 47.3747841 ], [ 8.5380846, 47.3747626 ], [ 8.5381057, 47.3747428 ], [ 8.5381348, 47.3747284 ], [ 8.5381636, 47.374722 ], [ 8.5385432, 47.3746818 ], [ 8.5385441, 47.3746836 ], [ 8.5385489, 47.3746831 ], [ 8.5385504, 47.3746862 ], [ 8.5385539, 47.3746858 ] ] ] } },
{ "type": "Feature", "properties": { "id": "0e7b05a5-723b-48c3-99cc-0d97b75d71ff", "names": null, "sources": "[{'property': '', 'dataset': 'OpenStreetMap', 'license': 'ODbL-1.0', 'record_id': 'w325862013@9', 'update_time': '2026-03-21T15:59:59.000Z', 'confidence': None, 'between': None, 'provider': 'osm', 'resource': 'planet', 'version': '2026-09-06T00:00:00.000Z'}]", "level": null, "height": null, "min_height": null, "is_underground": false, "num_floors": 5.0, "num_floors_underground": null, "min_floor": null, "subtype": "commercial", "class": "commercial", "facade_color": null, "facade_material": null, "roof_material": null, "roof_shape": null, "roof_direction": null, "roof_orientation": null, "roof_color": null, "roof_height": null, "has_parts": false, "version": 1, "bbox": { "xmin": 8.538383483886719, "xmax": 8.538762092590332, "ymin": 47.37495803833008, "ymax": 47.37516403198242 } }, "geometry": { "type": "Polygon", "coordinates": [ [ [ 8.5387613, 47.3750883 ], [ 8.538448, 47.3751624 ], [ 8.5383841, 47.3750386 ], [ 8.5386975, 47.3749645 ], [ 8.5387613, 47.3750883 ] ] ] } },
{ "type": "Feature", "properties": { "id": "6393cb43-fe2d-40c4-af12-4404d7f085d0", "names": null, "sources": "[{'property': '', 'dataset': 'OpenStreetMap', 'license': 'ODbL-1.0', 'record_id': 'w78630739@5', 'update_time': '2026-03-21T16:00:13.000Z', 'confidence': None, 'between': None, 'provider': 'osm', 'resource': 'planet', 'version': '2026-09-06T00:00:00.000Z'}]", "level": null, "height": null, "min_height": null, "is_underground": false, "num_floors": null, "num_floors_underground": null, "min_floor": null, "subtype": null, "class": null, "facade_color": null, "facade_material": null, "roof_material": null, "roof_shape": null, "roof_direction": null, "roof_orientation": null, "roof_color": null, "roof_height": null, "has_parts": false, "version": 1, "bbox": { "xmin": 8.53771686553955, "xmax": 8.538023948669434, "ymin": 47.37482833862305, "ymax": 47.375091552734375 } }, "geometry": { "type": "Polygon", "coordinates": [ [ [ 8.5379767, 47.3749537 ], [ 8.538023, 47.3750436 ], [ 8.5378595, 47.375082 ], [ 8.5378487, 47.3750851 ], [ 8.5378033, 47.37499 ], [ 8.537811, 47.3749797 ], [ 8.5378085, 47.3749746 ], [ 8.5378306, 47.3749468 ], [ 8.5377195, 47.3749072 ], [ 8.5377169, 47.374906 ], [ 8.537763, 47.374846 ], [ 8.5378241, 47.3748391 ], [ 8.5379143, 47.3748288 ], [ 8.5379767, 47.3749537 ] ] ] } },
{ "type": "Feature", "properties": { "id": "efe3c487-c772-48f7-97bb-d720f85cbb99", "names": null, "sources": "[{'property': '', 'dataset': 'OpenStreetMap', 'license': 'ODbL-1.0', 'record_id': 'w325859843@4', 'update_time': '2026-03-21T16:00:00.000Z', 'confidence': None, 'between': None, 'provider': 'osm', 'resource': 'planet', 'version': '2026-09-06T00:00:00.000Z'}]", "level": null, "height": null, "min_height": null, "is_underground": false, "num_floors": null, "num_floors_underground": null, "min_floor": null, "subtype": null, "class": null, "facade_color": null, "facade_material": null, "roof_material": null, "roof_shape": null, "roof_direction": null, "roof_orientation": null, "roof_color": null, "roof_height": null, "has_parts": false, "version": 1, "bbox": { "xmin": 8.537617683410645, "xmax": 8.537849426269531, "ymin": 47.374900817871094, "ymax": 47.375099182128906 } }, "geometry": { "type": "Polygon", "coordinates": [ [ [ 8.5376185, 47.3750345 ], [ 8.5377195, 47.3749072 ], [ 8.5378306, 47.3749468 ], [ 8.5378085, 47.3749746 ], [ 8.537811, 47.3749797 ], [ 8.5378033, 47.37499 ], [ 8.5378487, 47.3750851 ], [ 8.5377949, 47.3750975 ], [ 8.5376185, 47.3750345 ] ] ] } },
{ "type": "Feature", "properties": { "id": "605d7022-4b46-409d-989d-4fced5fe50c1", "names": null, "sources": "[{'property': '', 'dataset': 'OpenStreetMap', 'license': 'ODbL-1.0', 'record_id': 'w325859848@5', 'update_time': '2026-03-21T16:00:26.000Z', 'confidence': None, 'between': None, 'provider': 'osm', 'resource': 'planet', 'version': '2026-09-06T00:00:00.000Z'}]", "level": null, "height": null, "min_height": null, "is_underground": false, "num_floors": null, "num_floors_underground": null, "min_floor": null, "subtype": "commercial", "class": "office", "facade_color": null, "facade_material": null, "roof_material": null, "roof_shape": null, "roof_direction": null, "roof_orientation": null, "roof_color": null, "roof_height": null, "has_parts": false, "version": 2, "bbox": { "xmin": 8.53744888305664, "xmax": 8.537697792053223, "ymin": 47.375152587890625, "ymax": 47.37531661987305 } }, "geometry": { "type": "Polygon", "coordinates": [ [ [ 8.5374495, 47.3752515 ], [ 8.537521, 47.3751598 ], [ 8.5376977, 47.3752229 ], [ 8.5376955, 47.3752257 ], [ 8.5376933, 47.3752249 ], [ 8.5376685, 47.3752567 ], [ 8.5376567, 47.3752525 ], [ 8.5376123, 47.3753096 ], [ 8.5374495, 47.3752515 ] ] ] } },
{ "type": "Feature", "properties": { "id": "661163a3-0bd8-4084-a1e6-6081cc7caef0", "names": null, "sources": "[{'property': '', 'dataset': 'OpenStreetMap', 'license': 'ODbL-1.0', 'record_id': 'w325862010@6', 'update_time': '2026-03-21T16:00:40.000Z', 'confidence': None, 'between': None, 'provider': 'osm', 'resource': 'planet', 'version': '2026-09-06T00:00:00.000Z'}]", "level": null, "height": null, "min_height": null, "is_underground": false, "num_floors": null, "num_floors_underground": null, "min_floor": null, "subtype": "commercial", "class": "office", "facade_color": null, "facade_material": null, "roof_material": null, "roof_shape": null, "roof_direction": null, "roof_orientation": null, "roof_color": null, "roof_height": null, "has_parts": false, "version": 2, "bbox": { "xmin": 8.537520408630371, "xmax": 8.537795066833496, "ymin": 47.37503433227539, "ymax": 47.37522888183594 } }, "geometry": { "type": "Polygon", "coordinates": [ [ [ 8.5376102, 47.3750452 ], [ 8.5376185, 47.3750345 ], [ 8.5377949, 47.3750975 ], [ 8.537774, 47.3751244 ], [ 8.5377883, 47.3751295 ], [ 8.5377745, 47.3751472 ], [ 8.5377604, 47.3751422 ], [ 8.5376977, 47.3752229 ], [ 8.537521, 47.3751598 ], [ 8.5375275, 47.3751514 ], [ 8.5375326, 47.3751532 ], [ 8.5375477, 47.3751338 ], [ 8.5375426, 47.3751319 ], [ 8.5375518, 47.3751202 ], [ 8.5375569, 47.375122 ], [ 8.537571, 47.3751039 ], [ 8.5375659, 47.3751021 ], [ 8.5375749, 47.3750904 ], [ 8.53758, 47.3750923 ], [ 8.5375948, 47.3750733 ], [ 8.5375897, 47.3750715 ], [ 8.5375988, 47.3750598 ], [ 8.5376039, 47.3750616 ], [ 8.5376152, 47.375047 ], [ 8.5376102, 47.3750452 ] ] ] } },
{ "type": "Feature", "properties": { "id": "0b3337fd-0e7f-4e45-94c4-55b0d209f31f", "names": null, "sources": "[{'property': '', 'dataset': 'OpenStreetMap', 'license': 'ODbL-1.0', 'record_id': 'w141887990@5', 'update_time': '2026-03-21T16:00:26.000Z', 'confidence': None, 'between': None, 'provider': 'osm', 'resource': 'planet', 'version': '2026-09-06T00:00:00.000Z'}]", "level": null, "height": null, "min_height": null, "is_underground": false, "num_floors": null, "num_floors_underground": null, "min_floor": null, "subtype": null, "class": null, "facade_color": null, "facade_material": null, "roof_material": null, "roof_shape": null, "roof_direction": null, "roof_orientation": null, "roof_color": null, "roof_height": null, "has_parts": false, "version": 1, "bbox": { "xmin": 8.537858009338379, "xmax": 8.538090705871582, "ymin": 47.37504196166992, "ymax": 47.37521743774414 } }, "geometry": { "type": "Polygon", "coordinates": [ [ [ 8.5380905, 47.3751714 ], [ 8.5379251, 47.3752102 ], [ 8.537919, 47.3751984 ], [ 8.5378595, 47.375082 ], [ 8.538023, 47.3750436 ], [ 8.5380249, 47.3750432 ], [ 8.5380356, 47.3750641 ], [ 8.5380843, 47.3751594 ], [ 8.5380905, 47.3751714 ] ] ] } },
{ "type": "Feature", "properties": { "id": "c1b47a3e-f7bc-43f7-a684-63a7e466caca", "names": null, "sources": "[{'property': '', 'dataset': 'OpenStreetMap', 'license': 'ODbL-1.0', 'record_id': 'w78630744@8', 'update_time': '2026-03-21T16:00:30.000Z', 'confidence': None, 'between': None, 'provider': 'osm', 'resource': 'planet', 'version': '2026-09-06T00:00:00.000Z'}]", "level": null, "height": null, "min_height": null, "is_underground": false, "num_floors": 6.0, "num_floors_underground": null, "min_floor": null, "subtype": "commercial", "class": "commercial", "facade_color": null, "facade_material": null, "roof_material": null, "roof_shape": null, "roof_direction": null, "roof_orientation": null, "roof_color": null, "roof_height": null, "has_parts": false, "version": 2, "bbox": { "xmin": 8.53771686553955, "xmax": 8.538198471069336, "ymin": 47.37516403198242, "ymax": 47.375484466552734 } }, "geometry": { "type": "Polygon", "coordinates": [ [ [ 8.5378596, 47.3752245 ], [ 8.5379251, 47.3752102 ], [ 8.5380905, 47.3751714 ], [ 8.5381149, 47.3752195 ], [ 8.5381976, 47.3753851 ], [ 8.5377829, 47.3754836 ], [ 8.5377817, 47.3754813 ], [ 8.5377291, 47.375378 ], [ 8.5377171, 47.3753536 ], [ 8.5378598, 47.3753194 ], [ 8.5378444, 47.3752898 ], [ 8.5378875, 47.3752793 ], [ 8.5378664, 47.3752384 ], [ 8.5378596, 47.3752245 ] ] ] } },
{ "type": "Feature", "properties": { "id": "b5d8c607-813b-4800-8629-b372a8d0da1a", "names": "{'primary': 'Happy PopUp Coffee', 'common': None, 'rules': None}", "sources": "[{'property': '', 'dataset': 'OpenStreetMap', 'license': 'ODbL-1.0', 'record_id': 'w326378453@8', 'update_time': '2026-03-21T16:00:43.000Z', 'confidence': None, 'between': None, 'provider': 'osm', 'resource': 'planet', 'version': '2026-09-06T00:00:00.000Z'}]", "level": null, "height": null, "min_height": null, "is_underground": false, "num_floors": 1.0, "num_floors_underground": null, "min_floor": null, "subtype": "commercial", "class": "kiosk", "facade_color": null, "facade_material": null, "roof_material": null, "roof_shape": null, "roof_direction": null, "roof_orientation": null, "roof_color": null, "roof_height": null, "has_parts": false, "version": 1, "bbox": { "xmin": 8.53820514678955, "xmax": 8.538248062133789, "ymin": 47.37546157836914, "ymax": 47.37549591064453 } }, "geometry": { "type": "Polygon", "coordinates": [ [ [ 8.538248, 47.3754813 ], [ 8.5382152, 47.3754891 ], [ 8.5382052, 47.3754701 ], [ 8.538238, 47.3754622 ], [ 8.538248, 47.3754813 ] ] ] } },
{ "type": "Feature", "properties": { "id": "4fadd9c3-5ac6-4845-9cb3-7f953db62d4d", "names": null, "sources": "[{'property': '', 'dataset': 'OpenStreetMap', 'license': 'ODbL-1.0', 'record_id': 'w78630741@5', 'update_time': '2026-03-21T16:00:34.000Z', 'confidence': None, 'between': None, 'provider': 'osm', 'resource': 'planet', 'version': '2026-09-06T00:00:00.000Z'}]", "level": null, "height": null, "min_height": null, "is_underground": false, "num_floors": null, "num_floors_underground": null, "min_floor": null, "subtype": null, "class": null, "facade_color": null, "facade_material": null, "roof_material": null, "roof_shape": null, "roof_direction": null, "roof_orientation": null, "roof_color": null, "roof_height": null, "has_parts": false, "version": 1, "bbox": { "xmin": 8.537537574768066, "xmax": 8.537781715393066, "ymin": 47.3753776550293, "ymax": 47.375526428222656 } }, "geometry": { "type": "Polygon", "coordinates": [ [ [ 8.5377817, 47.3754813 ], [ 8.5375946, 47.3755256 ], [ 8.5375505, 47.3754413 ], [ 8.5375459, 47.3754424 ], [ 8.537538, 47.3754252 ], [ 8.5375402, 47.3754224 ], [ 8.537566, 47.3753892 ], [ 8.537611, 47.3754049 ], [ 8.5377291, 47.375378 ], [ 8.5377817, 47.3754813 ] ] ] } },
{ "type": "Feature", "properties": { "id": "c2ff01be-84ea-4ab1-b1e1-53f9c262048d", "names": null, "sources": "[{'property': '', 'dataset': 'OpenStreetMap', 'license': 'ODbL-1.0', 'record_id': 'w325859849@5', 'update_time': '2026-03-21T16:00:40.000Z', 'confidence': None, 'between': None, 'provider': 'osm', 'resource': 'planet', 'version': '2026-09-06T00:00:00.000Z'}]", "level": null, "height": null, "min_height": null, "is_underground": false, "num_floors": null, "num_floors_underground": null, "min_floor": null, "subtype": "commercial", "class": "commercial", "facade_color": null, "facade_material": null, "roof_material": null, "roof_shape": null, "roof_direction": null, "roof_orientation": null, "roof_color": null, "roof_height": null, "has_parts": false, "version": 1, "bbox": { "xmin": 8.537364959716797, "xmax": 8.537612915039062, "ymin": 47.375244140625, "ymax": 47.375431060791016 } }, "geometry": { "type": "Polygon", "coordinates": [ [ [ 8.5374822, 47.3754015 ], [ 8.5373653, 47.3753598 ], [ 8.5374495, 47.3752515 ], [ 8.5376123, 47.3753096 ], [ 8.5376004, 47.3753249 ], [ 8.5375819, 47.3753182 ], [ 8.5375726, 47.3753301 ], [ 8.5375705, 47.3753294 ], [ 8.5375334, 47.375377 ], [ 8.5375452, 47.3753813 ], [ 8.5375502, 47.3753748 ], [ 8.5375675, 47.375381 ], [ 8.5375622, 47.3753878 ], [ 8.537566, 47.3753892 ], [ 8.5375402, 47.3754224 ], [ 8.537538, 47.3754252 ], [ 8.5374799, 47.3754045 ], [ 8.5374822, 47.3754015 ] ] ] } },
{ "type": "Feature", "properties": { "id": "b5f1fdc5-3343-4ddf-bb73-d5a4613245f4", "names": null, "sources": "[{'property': '', 'dataset': 'OpenStreetMap', 'license': 'ODbL-1.0', 'record_id': 'w325862009@4', 'update_time': '2024-04-02T14:43:53.000Z', 'confidence': None, 'between': None, 'provider': 'osm', 'resource': 'planet', 'version': '2026-09-06T00:00:00.000Z'}]", "level": null, "height": null, "min_height": null, "is_underground": false, "num_floors": null, "num_floors_underground": null, "min_floor": null, "subtype": "commercial", "class": "office", "facade_color": null, "facade_material": null, "roof_material": null, "roof_shape": null, "roof_direction": null, "roof_orientation": null, "roof_color": null, "roof_height": null, "has_parts": false, "version": 1, "bbox": { "xmin": 8.537425994873047, "xmax": 8.53759479522705, "ymin": 47.37543487548828, "ymax": 47.37555694580078 } }, "geometry": { "type": "Polygon", "coordinates": [ [ [ 8.5374696, 47.3755555 ], [ 8.5374273, 47.3754747 ], [ 8.5374264, 47.3754731 ], [ 8.537443, 47.3754691 ], [ 8.5374421, 47.3754674 ], [ 8.5375459, 47.3754424 ], [ 8.5375505, 47.3754413 ], [ 8.5375946, 47.3755256 ], [ 8.5374696, 47.3755555 ] ] ] } },
{ "type": "Feature", "properties": { "id": "d42001bc-dc8a-4708-b6fc-08f18d170a78", "names": null, "sources": "[{'property': '', 'dataset': 'OpenStreetMap', 'license': 'ODbL-1.0', 'record_id': 'w37024471@21', 'update_time': '2026-03-21T16:00:05.000Z', 'confidence': None, 'between': None, 'provider': 'osm', 'resource': 'planet', 'version': '2026-09-06T00:00:00.000Z'}\n {'property': '/properties/height', 'dataset': 'Microsoft ML Buildings', 'license': 'ODbL-1.0', 'record_id': None, 'update_time': None, 'confidence': None, 'between': None, 'provider': 'microsoft', 'resource': 'ml_buildings', 'version': '2026-08-11'}]", "level": null, "height": 22.211599349975586, "min_height": null, "is_underground": false, "num_floors": 6.0, "num_floors_underground": null, "min_floor": null, "subtype": "commercial", "class": "retail", "facade_color": null, "facade_material": null, "roof_material": null, "roof_shape": "flat", "roof_direction": null, "roof_orientation": null, "roof_color": null, "roof_height": null, "has_parts": false, "version": 2, "bbox": { "xmin": 8.537540435791016, "xmax": 8.538435935974121, "ymin": 47.37555694580078, "ymax": 47.376014709472656 } }, "geometry": { "type": "Polygon", "coordinates": [ [ [ 8.5383643, 47.3756774 ], [ 8.538435, 47.3758035 ], [ 8.538427, 47.3758055 ], [ 8.5383915, 47.3758139 ], [ 8.53841, 47.3758496 ], [ 8.5383063, 47.3758742 ], [ 8.5378317, 47.3759874 ], [ 8.5377192, 47.3760142 ], [ 8.5377004, 47.3759781 ], [ 8.5376641, 47.3759867 ], [ 8.5376565, 47.3759885 ], [ 8.5376046, 47.3758776 ], [ 8.5375406, 47.3757409 ], [ 8.5377257, 47.3756901 ], [ 8.5381099, 47.3755988 ], [ 8.5382988, 47.3755607 ], [ 8.5383643, 47.3756774 ] ] ] } },
{ "type": "Feature", "properties": { "id": "ed85696c-b216-4b9a-a0a0-7e7a7c7a0301", "names": "{'primary': 'Pestalozziwiese', 'common': None, 'rules': None}", "sources": "[{'property': '', 'dataset': 'OpenStreetMap', 'license': 'ODbL-1.0', 'record_id': 'w325859830@5', 'update_time': '2023-03-08T16:27:06.000Z', 'confidence': None, 'between': None, 'provider': 'osm', 'resource': 'planet', 'version': '2026-09-06T00:00:00.000Z'}]", "level": null, "height": null, "min_height": null, "is_underground": false, "num_floors": 1.0, "num_floors_underground": null, "min_floor": null, "subtype": "service", "class": "toilets", "facade_color": null, "facade_material": null, "roof_material": null, "roof_shape": null, "roof_direction": null, "roof_orientation": null, "roof_color": null, "roof_height": null, "has_parts": false, "version": 1, "bbox": { "xmin": 8.538102149963379, "xmax": 8.538145065307617, "ymin": 47.3754997253418, "ymax": 47.37554168701172 } }, "geometry": { "type": "Polygon", "coordinates": [ [ [ 8.5381446, 47.3755312 ], [ 8.538115, 47.3755379 ], [ 8.5381031, 47.3755139 ], [ 8.5381327, 47.3755071 ], [ 8.5381446, 47.3755312 ] ] ] } },
{ "type": "Feature", "properties": { "id": "efa5138d-9ccb-4bec-b1ee-8c6d3ba1d5c9", "names": null, "sources": "[{'property': '', 'dataset': 'Microsoft ML Buildings', 'license': 'ODbL-1.0', 'record_id': None, 'update_time': None, 'confidence': None, 'between': None, 'provider': 'microsoft', 'resource': 'ml_buildings', 'version': '2026-08-11'}]", "level": null, "height": 1.8337129354476929, "min_height": null, "is_underground": false, "num_floors": null, "num_floors_underground": null, "min_floor": null, "subtype": null, "class": null, "facade_color": null, "facade_material": null, "roof_material": null, "roof_shape": null, "roof_direction": null, "roof_orientation": null, "roof_color": null, "roof_height": null, "has_parts": false, "version": 4, "bbox": { "xmin": 8.538141250610352, "xmax": 8.538198471069336, "ymin": 47.375484466552734, "ymax": 47.37555694580078 } }, "geometry": { "type": "Polygon", "coordinates": [ [ [ 8.538164, 47.3755505 ], [ 8.5381422, 47.3754905 ], [ 8.5381761, 47.3754849 ], [ 8.5381978, 47.3755448 ], [ 8.538164, 47.3755505 ] ] ] } },
{ "type": "Feature", "properties": { "id": "85b163e8-d3dc-4565-9e22-bb5b3aded1e8", "names": null, "sources": "[{'property': '', 'dataset': 'OpenStreetMap', 'license': 'ODbL-1.0', 'record_id': 'w1152718221@1', 'update_time': '2023-03-08T16:27:06.000Z', 'confidence': None, 'between': None, 'provider': 'osm', 'resource': 'planet', 'version': '2026-09-06T00:00:00.000Z'}]", "level": null, "height": null, "min_height": null, "is_underground": false, "num_floors": null, "num_floors_underground": null, "min_floor": null, "subtype": "commercial", "class": "kiosk", "facade_color": null, "facade_material": null, "roof_material": null, "roof_shape": null, "roof_direction": null, "roof_orientation": null, "roof_color": null, "roof_height": null, "has_parts": false, "version": 1, "bbox": { "xmin": 8.53839111328125, "xmax": 8.538446426391602, "ymin": 47.37580490112305, "ymax": 47.375850677490234 } }, "geometry": { "type": "Polygon", "coordinates": [ [ [ 8.53841, 47.3758496 ], [ 8.5383915, 47.3758139 ], [ 8.538427, 47.3758055 ], [ 8.5384455, 47.3758411 ], [ 8.53841, 47.3758496 ] ] ] } },
{ "type": "Feature", "properties": { "id": "18139eac-23ad-480c-8070-5ab317d12885", "names": null, "sources": "[{'property': '', 'dataset': 'OpenStreetMap', 'license': 'ODbL-1.0', 'record_id': 'w316968029@7', 'update_time': '2026-03-21T16:00:36.000Z', 'confidence': None, 'between': None, 'provider': 'osm', 'resource': 'planet', 'version': '2026-09-06T00:00:00.000Z'}]", "level": null, "height": null, "min_height": null, "is_underground": false, "num_floors": 4.0, "num_floors_underground": null, "min_floor": null, "subtype": "commercial", "class": "commercial", "facade_color": null, "facade_material": null, "roof_material": null, "roof_shape": "gabled", "roof_direction": null, "roof_orientation": null, "roof_color": null, "roof_height": null, "has_parts": false, "version": 2, "bbox": { "xmin": 8.538214683532715, "xmax": 8.538406372070312, "ymin": 47.376014709472656, "ymax": 47.37616729736328 } }, "geometry": { "type": "Polygon", "coordinates": [ [ [ 8.5382706, 47.3761599 ], [ 8.5382154, 47.376053 ], [ 8.538252, 47.3760443 ], [ 8.5383499, 47.3760211 ], [ 8.5384049, 47.3761282 ], [ 8.5382706, 47.3761599 ] ] ] } },
{ "type": "Feature", "properties": { "id": "1a4d22d9-0a8a-442a-a681-2840f835f19b", "names": null, "sources": "[{'property': '', 'dataset': 'OpenStreetMap', 'license': 'ODbL-1.0', 'record_id': 'w316968026@8', 'update_time': '2026-03-21T16:00:39.000Z', 'confidence': None, 'between': None, 'provider': 'osm', 'resource': 'planet', 'version': '2026-09-06T00:00:00.000Z'}]", "level": null, "height": null, "min_height": null, "is_underground": false, "num_floors": 5.0, "num_floors_underground": null, "min_floor": null, "subtype": "commercial", "class": "commercial", "facade_color": null, "facade_material": null, "roof_material": null, "roof_shape": null, "roof_direction": null, "roof_orientation": null, "roof_color": null, "roof_height": null, "has_parts": false, "version": 2, "bbox": { "xmin": 8.538349151611328, "xmax": 8.538568496704102, "ymin": 47.37598419189453, "ymax": 47.376155853271484 } }, "geometry": { "type": "Polygon", "coordinates": [ [ [ 8.5385309, 47.3760419 ], [ 8.5385676, 47.3761134 ], [ 8.5384157, 47.3761493 ], [ 8.5384049, 47.3761282 ], [ 8.5383499, 47.3760211 ], [ 8.5383762, 47.376015 ], [ 8.5385068, 47.3759842 ], [ 8.5385358, 47.3760407 ], [ 8.5385309, 47.3760419 ] ] ] } },
{ "type": "Feature", "properties": { "id": "877c58c8-072a-4eb4-87c2-0d1b0f758655", "names": null, "sources": "[{'property': '', 'dataset': 'OpenStreetMap', 'license': 'ODbL-1.0', 'record_id': 'w318818106@6', 'update_time': '2026-03-21T16:00:00.000Z', 'confidence': None, 'between': None, 'provider': 'osm', 'resource': 'planet', 'version': '2026-09-06T00:00:00.000Z'}]", "level": null, "height": null, "min_height": null, "is_underground": false, "num_floors": 5.0, "num_floors_underground": null, "min_floor": null, "subtype": "commercial", "class": "commercial", "facade_color": null, "facade_material": null, "roof_material": null, "roof_shape": null, "roof_direction": null, "roof_orientation": null, "roof_color": null, "roof_height": null, "has_parts": false, "version": 1, "bbox": { "xmin": 8.538755416870117, "xmax": 8.539222717285156, "ymin": 47.375831604003906, "ymax": 47.37603759765625 } }, "geometry": { "type": "Polygon", "coordinates": [ [ [ 8.539182, 47.3759089 ], [ 8.5392226, 47.3759873 ], [ 8.5390351, 47.3760318 ], [ 8.5390153, 47.3759934 ], [ 8.5389527, 47.3760082 ], [ 8.5389506, 47.376004 ], [ 8.5389016, 47.3760157 ], [ 8.5388959, 47.376017 ], [ 8.5388934, 47.3760122 ], [ 8.5388116, 47.3760316 ], [ 8.5387561, 47.3759244 ], [ 8.5388061, 47.3759126 ], [ 8.5391426, 47.3758327 ], [ 8.539182, 47.3759089 ] ] ] } },
{ "type": "Feature", "properties": { "id": "d86cab0f-6f9f-4417-acfe-2cf0b283e3a0", "names": null, "sources": "[{'property': '', 'dataset': 'OpenStreetMap', 'license': 'ODbL-1.0', 'record_id': 'w318818100@7', 'update_time': '2026-03-21T15:59:57.000Z', 'confidence': None, 'between': None, 'provider': 'osm', 'resource': 'planet', 'version': '2026-09-06T00:00:00.000Z'}]", "level": null, "height": null, "min_height": null, "is_underground": false, "num_floors": 5.0, "num_floors_underground": null, "min_floor": null, "subtype": "commercial", "class": "office", "facade_color": null, "facade_material": null, "roof_material": null, "roof_shape": null, "roof_direction": null, "roof_orientation": null, "roof_color": null, "roof_height": null, "has_parts": false, "version": 2, "bbox": { "xmin": 8.538652420043945, "xmax": 8.538923263549805, "ymin": 47.37592315673828, "ymax": 47.376102447509766 } }, "geometry": { "type": "Polygon", "coordinates": [ [ [ 8.5386533, 47.3759478 ], [ 8.5387561, 47.3759244 ], [ 8.5388116, 47.3760316 ], [ 8.5388934, 47.3760122 ], [ 8.5388959, 47.376017 ], [ 8.5389016, 47.3760157 ], [ 8.5389227, 47.3760577 ], [ 8.5388879, 47.376066 ], [ 8.538735, 47.376102 ], [ 8.5387332, 47.3761024 ], [ 8.5386533, 47.3759478 ] ] ] } },
{ "type": "Feature", "properties": { "id": "3955b063-d0d7-4780-b3a5-0f915d5b927e", "names": null, "sources": "[{'property': '', 'dataset': 'OpenStreetMap', 'license': 'ODbL-1.0', 'record_id': 'w318818103@6', 'update_time': '2026-03-21T16:00:39.000Z', 'confidence': None, 'between': None, 'provider': 'osm', 'resource': 'planet', 'version': '2026-09-06T00:00:00.000Z'}]", "level": null, "height": null, "min_height": null, "is_underground": false, "num_floors": null, "num_floors_underground": null, "min_floor": null, "subtype": "commercial", "class": "office", "facade_color": null, "facade_material": null, "roof_material": null, "roof_shape": null, "roof_direction": null, "roof_orientation": null, "roof_color": null, "roof_height": null, "has_parts": false, "version": 1, "bbox": { "xmin": 8.538734436035156, "xmax": 8.539045333862305, "ymin": 47.37606430053711, "ymax": 47.3762321472168 } }, "geometry": { "type": "Polygon", "coordinates": [ [ [ 8.5387499, 47.3761309 ], [ 8.538735, 47.376102 ], [ 8.5388879, 47.376066 ], [ 8.5389199, 47.3761284 ], [ 8.5390097, 47.3761073 ], [ 8.5390439, 47.3761738 ], [ 8.5388012, 47.3762309 ], [ 8.5387499, 47.3761309 ] ] ] } },
{ "type": "Feature", "properties": { "id": "d3ecec7e-3b7c-49e9-a213-8c9adb392481", "names": null, "sources": "[{'property': '', 'dataset': 'OpenStreetMap', 'license': 'ODbL-1.0', 'record_id': 'w316968031@8', 'update_time': '2026-03-21T16:00:10.000Z', 'confidence': None, 'between': None, 'provider': 'osm', 'resource': 'planet', 'version': '2026-09-06T00:00:00.000Z'}]", "level": null, "height": null, "min_height": null, "is_underground": false, "num_floors": null, "num_floors_underground": null, "min_floor": null, "subtype": "commercial", "class": "commercial", "facade_color": null, "facade_material": null, "roof_material": null, "roof_shape": null, "roof_direction": null, "roof_orientation": null, "roof_color": null, "roof_height": null, "has_parts": false, "version": 1, "bbox": { "xmin": 8.538460731506348, "xmax": 8.538679122924805, "ymin": 47.3762092590332, "ymax": 47.376365661621094 } }, "geometry": { "type": "Polygon", "coordinates": [ [ [ 8.5386677, 47.3763 ], [ 8.5386785, 47.376321 ], [ 8.5385239, 47.3763576 ], [ 8.5385179, 47.376359 ], [ 8.5385033, 47.3763308 ], [ 8.5385012, 47.3763313 ], [ 8.5384731, 47.3762767 ], [ 8.5384752, 47.3762762 ], [ 8.5384679, 47.376262 ], [ 8.538461, 47.3762487 ], [ 8.5384663, 47.3762475 ], [ 8.5386182, 47.3762115 ], [ 8.5386216, 47.3762107 ], [ 8.5386287, 47.3762246 ], [ 8.5386363, 47.3762392 ], [ 8.5386406, 47.3762475 ], [ 8.5386436, 47.3762468 ], [ 8.5386631, 47.3762846 ], [ 8.5386601, 47.3762853 ], [ 8.5386677, 47.3763 ] ] ] } },
{ "type": "Feature", "properties": { "id": "97301786-9d7c-4207-ac37-680344ba58ec", "names": null, "sources": "[{'property': '', 'dataset': 'OpenStreetMap', 'license': 'ODbL-1.0', 'record_id': 'w316968028@5', 'update_time': '2026-03-21T16:00:27.000Z', 'confidence': None, 'between': None, 'provider': 'osm', 'resource': 'planet', 'version': '2026-09-06T00:00:00.000Z'}]", "level": null, "height": null, "min_height": null, "is_underground": false, "num_floors": null, "num_floors_underground": null, "min_floor": null, "subtype": "commercial", "class": "commercial", "facade_color": null, "facade_material": null, "roof_material": null, "roof_shape": null, "roof_direction": null, "roof_orientation": null, "roof_color": null, "roof_height": null, "has_parts": false, "version": 1, "bbox": { "xmin": 8.53841495513916, "xmax": 8.538619041442871, "ymin": 47.37610626220703, "ymax": 47.37625503540039 } }, "geometry": { "type": "Polygon", "coordinates": [ [ [ 8.5385876, 47.3761522 ], [ 8.5386182, 47.3762115 ], [ 8.5384663, 47.3762475 ], [ 8.5384157, 47.3761493 ], [ 8.5385676, 47.3761134 ], [ 8.5385876, 47.3761522 ] ] ] } },
{ "type": "Feature", "properties": { "id": "760a7e13-f0b6-4a7d-b7b2-f3bba5db5ec6", "names": null, "sources": "[{'property': '', 'dataset': 'OpenStreetMap', 'license': 'ODbL-1.0', 'record_id': 'w316968033@7', 'update_time': '2026-03-21T15:59:59.000Z', 'confidence': None, 'between': None, 'provider': 'osm', 'resource': 'planet', 'version': '2026-09-06T00:00:00.000Z'}]", "level": null, "height": null, "min_height": null, "is_underground": false, "num_floors": 6.0, "num_floors_underground": null, "min_floor": null, "subtype": "commercial", "class": "office", "facade_color": null, "facade_material": null, "roof_material": null, "roof_shape": null, "roof_direction": null, "roof_orientation": null, "roof_color": null, "roof_height": null, "has_parts": false, "version": 2, "bbox": { "xmin": 8.537715911865234, "xmax": 8.537981033325195, "ymin": 47.37617874145508, "ymax": 47.37632369995117 } }, "geometry": { "type": "Polygon", "coordinates": [ [ [ 8.5377161, 47.3761918 ], [ 8.5377242, 47.3761795 ], [ 8.5379564, 47.3762349 ], [ 8.5379809, 47.3762595 ], [ 8.5378436, 47.3763222 ], [ 8.5377161, 47.3761918 ] ] ] } },
{ "type": "Feature", "properties": { "id": "1c7ac77e-5e33-48f4-a75b-dd04ca51a5ea", "names": null, "sources": "[{'property': '', 'dataset': 'OpenStreetMap', 'license': 'ODbL-1.0', 'record_id': 'w1034113762@7', 'update_time': '2026-03-21T16:00:04.000Z', 'confidence': None, 'between': None, 'provider': 'osm', 'resource': 'planet', 'version': '2026-09-06T00:00:00.000Z'}]", "level": null, "height": null, "min_height": null, "is_underground": false, "num_floors": 6.0, "num_floors_underground": null, "min_floor": null, "subtype": "commercial", "class": "office", "facade_color": null, "facade_material": null, "roof_material": null, "roof_shape": "gabled", "roof_direction": null, "roof_orientation": null, "roof_color": null, "roof_height": null, "has_parts": false, "version": 2, "bbox": { "xmin": 8.537723541259766, "xmax": 8.53798770904541, "ymin": 47.37611389160156, "ymax": 47.37623596191406 } }, "geometry": { "type": "Polygon", "coordinates": [ [ [ 8.5379873, 47.3762269 ], [ 8.5379564, 47.3762349 ], [ 8.5377242, 47.3761795 ], [ 8.5377317, 47.3761682 ], [ 8.5379014, 47.3761274 ], [ 8.5379322, 47.37612 ], [ 8.5379873, 47.3762269 ] ] ] } },
{ "type": "Feature", "properties": { "id": "0bd8a1a8-0b7d-4741-bd48-b9f51c06e31e", "names": null, "sources": "[{'property': '', 'dataset': 'OpenStreetMap', 'license': 'ODbL-1.0', 'record_id': 'w316968021@8', 'update_time': '2026-03-21T16:00:10.000Z', 'confidence': None, 'between': None, 'provider': 'osm', 'resource': 'planet', 'version': '2026-09-06T00:00:00.000Z'}]", "level": null, "height": null, "min_height": null, "is_underground": false, "num_floors": 5.0, "num_floors_underground": null, "min_floor": null, "subtype": "commercial", "class": "office", "facade_color": null, "facade_material": null, "roof_material": null, "roof_shape": "gabled", "roof_direction": null, "roof_orientation": null, "roof_color": null, "roof_height": null, "has_parts": false, "version": 2, "bbox": { "xmin": 8.537931442260742, "xmax": 8.538130760192871, "ymin": 47.37607955932617, "ymax": 47.37622833251953 } }, "geometry": { "type": "Polygon", "coordinates": [ [ [ 8.5379873, 47.3762269 ], [ 8.5379322, 47.37612 ], [ 8.5380752, 47.3760862 ], [ 8.5381304, 47.3761931 ], [ 8.5379873, 47.3762269 ] ] ] } },
{ "type": "Feature", "properties": { "id": "2f929722-c962-4620-80e0-5dc902850918", "names": null, "sources": "[{'property': '', 'dataset': 'OpenStreetMap', 'license': 'ODbL-1.0', 'record_id': 'w30480230@16', 'update_time': '2026-03-21T16:00:30.000Z', 'confidence': None, 'between': None, 'provider': 'osm', 'resource': 'planet', 'version': '2026-09-06T00:00:00.000Z'}]", "level": null, "height": null, "min_height": null, "is_underground": false, "num_floors": 5.0, "num_floors_underground": null, "min_floor": null, "subtype": "commercial", "class": "commercial", "facade_color": null, "facade_material": null, "roof_material": null, "roof_shape": "gabled", "roof_direction": null, "roof_orientation": null, "roof_color": null, "roof_height": null, "has_parts": false, "version": 2, "bbox": { "xmin": 8.538074493408203, "xmax": 8.538270950317383, "ymin": 47.37605285644531, "ymax": 47.37619400024414 } }, "geometry": { "type": "Polygon", "coordinates": [ [ [ 8.5382706, 47.3761599 ], [ 8.5381304, 47.3761931 ], [ 8.5380752, 47.3760862 ], [ 8.5380988, 47.3760806 ], [ 8.5382154, 47.376053 ], [ 8.5382706, 47.3761599 ] ] ] } },
{ "type": "Feature", "properties": { "id": "721ed5ff-b663-487b-b6ff-84ecee0e6b74", "names": null, "sources": "[{'property': '', 'dataset': 'OpenStreetMap', 'license': 'ODbL-1.0', 'record_id': 'w1152718222@1', 'update_time': '2023-03-08T16:27:06.000Z', 'confidence': None, 'between': None, 'provider': 'osm', 'resource': 'planet', 'version': '2026-09-06T00:00:00.000Z'}]", "level": null, "height": null, "min_height": null, "is_underground": false, "num_floors": null, "num_floors_underground": null, "min_floor": null, "subtype": "commercial", "class": "kiosk", "facade_color": null, "facade_material": null, "roof_material": null, "roof_shape": null, "roof_direction": null, "roof_orientation": null, "roof_color": null, "roof_height": null, "has_parts": false, "version": 1, "bbox": { "xmin": 8.537663459777832, "xmax": 8.537720680236816, "ymin": 47.3759765625, "ymax": 47.37602996826172 } }, "geometry": { "type": "Polygon", "coordinates": [ [ [ 8.5376641, 47.3759867 ], [ 8.5377004, 47.3759781 ], [ 8.5377192, 47.3760142 ], [ 8.5376829, 47.3760228 ], [ 8.5376641, 47.3759867 ] ] ] } },
{ "type": "Feature", "properties": { "id": "bb7f7577-bbae-4707-b278-7391cd810b72", "names": null, "sources": "[{'property': '', 'dataset': 'OpenStreetMap', 'license': 'ODbL-1.0', 'record_id': 'w37036979@14', 'update_time': '2026-03-21T16:00:04.000Z', 'confidence': None, 'between': None, 'provider': 'osm', 'resource': 'planet', 'version': '2026-09-06T00:00:00.000Z'}]", "level": null, "height": null, "min_height": null, "is_underground": false, "num_floors": 5.0, "num_floors_underground": null, "min_floor": null, "subtype": "commercial", "class": "office", "facade_color": null, "facade_material": null, "roof_material": null, "roof_shape": null, "roof_direction": null, "roof_orientation": null, "roof_color": null, "roof_height": null, "has_parts": false, "version": 2, "bbox": { "xmin": 8.53698444366455, "xmax": 8.537325859069824, "ymin": 47.375999450683594, "ymax": 47.37626647949219 } }, "geometry": { "type": "Polygon", "coordinates": [ [ [ 8.5373103, 47.3761665 ], [ 8.5373251, 47.3761817 ], [ 8.5373031, 47.3761915 ], [ 8.5371362, 47.3762658 ], [ 8.5370398, 47.3761673 ], [ 8.5370631, 47.3761578 ], [ 8.5369846, 47.3760758 ], [ 8.5369975, 47.37607 ], [ 8.5371499, 47.3760008 ], [ 8.5371974, 47.3760497 ], [ 8.5372445, 47.3760984 ], [ 8.5372836, 47.3761392 ], [ 8.5373103, 47.3761665 ] ] ] } },
{ "type": "Feature", "properties": { "id": "b85d9c59-31a5-4864-8599-66583aaea48b", "names": null, "sources": "[{'property': '', 'dataset': 'OpenStreetMap', 'license': 'ODbL-1.0', 'record_id': 'w157958207@7', 'update_time': '2026-03-21T16:00:09.000Z', 'confidence': None, 'between': None, 'provider': 'osm', 'resource': 'planet', 'version': '2026-09-06T00:00:00.000Z'}]", "level": null, "height": null, "min_height": null, "is_underground": false, "num_floors": null, "num_floors_underground": null, "min_floor": null, "subtype": "residential", "class": "apartments", "facade_color": null, "facade_material": null, "roof_material": null, "roof_shape": null, "roof_direction": null, "roof_orientation": null, "roof_color": null, "roof_height": null, "has_parts": false, "version": 1, "bbox": { "xmin": 8.536779403686523, "xmax": 8.537137031555176, "ymin": 47.37616729736328, "ymax": 47.37638473510742 } }, "geometry": { "type": "Polygon", "coordinates": [ [ [ 8.5370063, 47.3763244 ], [ 8.5368764, 47.376383 ], [ 8.5367903, 47.3762949 ], [ 8.5367796, 47.376284 ], [ 8.5368896, 47.3762341 ], [ 8.5368794, 47.3762236 ], [ 8.5369187, 47.376206 ], [ 8.5369288, 47.3762163 ], [ 8.5369995, 47.3761853 ], [ 8.5370199, 47.3761762 ], [ 8.5370398, 47.3761673 ], [ 8.5371362, 47.3762658 ], [ 8.5371164, 47.3762747 ], [ 8.5370971, 47.3762834 ], [ 8.5370063, 47.3763244 ] ] ] } },
{ "type": "Feature", "properties": { "id": "d0bfedc7-c845-489b-9307-073ab5a7c7e6", "names": null, "sources": "[{'property': '', 'dataset': 'OpenStreetMap', 'license': 'ODbL-1.0', 'record_id': 'w157958208@7', 'update_time': '2026-03-21T16:00:18.000Z', 'confidence': None, 'between': None, 'provider': 'osm', 'resource': 'planet', 'version': '2026-09-06T00:00:00.000Z'}]", "level": null, "height": null, "min_height": null, "is_underground": false, "num_floors": null, "num_floors_underground": null, "min_floor": null, "subtype": "commercial", "class": "office", "facade_color": null, "facade_material": null, "roof_material": null, "roof_shape": null, "roof_direction": null, "roof_orientation": null, "roof_color": null, "roof_height": null, "has_parts": false, "version": 1, "bbox": { "xmin": 8.53645133972168, "xmax": 8.536738395690918, "ymin": 47.37606430053711, "ymax": 47.37632369995117 } }, "geometry": { "type": "Polygon", "coordinates": [ [ [ 8.5366115, 47.3763206 ], [ 8.5366089, 47.3763218 ], [ 8.5365874, 47.3762915 ], [ 8.5365843, 47.3762925 ], [ 8.5365358, 47.376224 ], [ 8.5365251, 47.3762275 ], [ 8.5365076, 47.3762028 ], [ 8.536518, 47.3761994 ], [ 8.5364692, 47.3761306 ], [ 8.5364719, 47.3761297 ], [ 8.5364514, 47.3761007 ], [ 8.5364545, 47.3760999 ], [ 8.5365959, 47.3760654 ], [ 8.536618, 47.3760952 ], [ 8.5366268, 47.3760928 ], [ 8.5366649, 47.3761473 ], [ 8.5366772, 47.3761426 ], [ 8.5366994, 47.3761748 ], [ 8.5366886, 47.3761797 ], [ 8.5367243, 47.3762305 ], [ 8.5367157, 47.3762343 ], [ 8.5367375, 47.3762647 ], [ 8.5367259, 47.3762692 ], [ 8.5366115, 47.3763206 ] ] ] } },
{ "type": "Feature", "properties": { "id": "4aceb6c1-5301-492d-92c6-e51c172a99a5", "names": null, "sources": "[{'property': '', 'dataset': 'OpenStreetMap', 'license': 'ODbL-1.0', 'record_id': 'w157958205@8', 'update_time': '2026-03-21T16:00:26.000Z', 'confidence': None, 'between': None, 'provider': 'osm', 'resource': 'planet', 'version': '2026-09-06T00:00:00.000Z'}]", "level": null, "height": null, "min_height": null, "is_underground": false, "num_floors": null, "num_floors_underground": null, "min_floor": null, "subtype": "residential", "class": "apartments", "facade_color": null, "facade_material": null, "roof_material": null, "roof_shape": null, "roof_direction": null, "roof_orientation": null, "roof_color": null, "roof_height": null, "has_parts": false, "version": 1, "bbox": { "xmin": 8.536521911621094, "xmax": 8.53672981262207, "ymin": 47.37588119506836, "ymax": 47.376041412353516 } }, "geometry": { "type": "Polygon", "coordinates": [ [ [ 8.5366336, 47.3758946 ], [ 8.5366615, 47.3758881 ], [ 8.5366628, 47.3758905 ], [ 8.5367225, 47.376005 ], [ 8.5367296, 47.3760184 ], [ 8.5366353, 47.3760398 ], [ 8.5366254, 47.3760212 ], [ 8.5365784, 47.3760324 ], [ 8.5365237, 47.3759238 ], [ 8.5365221, 47.3759206 ], [ 8.53655, 47.3759141 ], [ 8.5366336, 47.3758946 ] ] ] } },
{ "type": "Feature", "properties": { "id": "3de301be-1720-4f66-8a9c-5e5bd10a7da5", "names": null, "sources": "[{'property': '', 'dataset': 'OpenStreetMap', 'license': 'ODbL-1.0', 'record_id': 'w157958204@8', 'update_time': '2026-03-21T16:00:12.000Z', 'confidence': None, 'between': None, 'provider': 'osm', 'resource': 'planet', 'version': '2026-09-06T00:00:00.000Z'}]", "level": null, "height": null, "min_height": null, "is_underground": false, "num_floors": 5.0, "num_floors_underground": null, "min_floor": null, "subtype": "residential", "class": "apartments", "facade_color": null, "facade_material": null, "roof_material": null, "roof_shape": null, "roof_direction": null, "roof_orientation": null, "roof_color": null, "roof_height": null, "has_parts": false, "version": 2, "bbox": { "xmin": 8.536662101745605, "xmax": 8.536850929260254, "ymin": 47.3758659362793, "ymax": 47.37601089477539 } }, "geometry": { "type": "Polygon", "coordinates": [ [ [ 8.5367564, 47.3758663 ], [ 8.5368506, 47.3758879 ], [ 8.5367936, 47.3760046 ], [ 8.5367225, 47.376005 ], [ 8.5366628, 47.3758905 ], [ 8.53668, 47.3758865 ], [ 8.5367146, 47.3758786 ], [ 8.5367134, 47.3758762 ], [ 8.5367564, 47.3758663 ] ] ] } },
{ "type": "Feature", "properties": { "id": "ca111df4-9314-4bc7-8282-36377f3fb685", "names": null, "sources": "[{'property': '', 'dataset': 'OpenStreetMap', 'license': 'ODbL-1.0', 'record_id': 'w157958210@11', 'update_time': '2026-03-21T16:00:02.000Z', 'confidence': None, 'between': None, 'provider': 'osm', 'resource': 'planet', 'version': '2026-09-06T00:00:00.000Z'}]", "level": null, "height": null, "min_height": null, "is_underground": false, "num_floors": 5.0, "num_floors_underground": null, "min_floor": null, "subtype": "residential", "class": "apartments", "facade_color": null, "facade_material": null, "roof_material": null, "roof_shape": null, "roof_direction": null, "roof_orientation": null, "roof_color": null, "roof_height": null, "has_parts": false, "version": 2, "bbox": { "xmin": 8.536787033081055, "xmax": 8.536995887756348, "ymin": 47.37588119506836, "ymax": 47.37606430053711 } }, "geometry": { "type": "Polygon", "coordinates": [ [ [ 8.5369471, 47.3759095 ], [ 8.5369953, 47.3759203 ], [ 8.5369389, 47.3760377 ], [ 8.5369324, 47.3760511 ], [ 8.5368803, 47.3760388 ], [ 8.536875, 47.3760499 ], [ 8.5368783, 47.3760506 ], [ 8.5368751, 47.3760573 ], [ 8.5368265, 47.3760465 ], [ 8.5368298, 47.3760397 ], [ 8.5368322, 47.3760403 ], [ 8.5368374, 47.3760294 ], [ 8.5367875, 47.3760185 ], [ 8.5367936, 47.3760046 ], [ 8.5368506, 47.3758879 ], [ 8.5368988, 47.3758987 ], [ 8.5369229, 47.3759041 ], [ 8.5369471, 47.3759095 ] ] ] } },
{ "type": "Feature", "properties": { "id": "2368e25b-3b49-4c25-b7c6-bc58314ef23c", "names": null, "sources": "[{'property': '', 'dataset': 'OpenStreetMap', 'license': 'ODbL-1.0', 'record_id': 'w157958211@7', 'update_time': '2026-03-21T16:00:26.000Z', 'confidence': None, 'between': None, 'provider': 'osm', 'resource': 'planet', 'version': '2026-09-06T00:00:00.000Z'}]", "level": null, "height": null, "min_height": null, "is_underground": false, "num_floors": null, "num_floors_underground": null, "min_floor": null, "subtype": null, "class": null, "facade_color": null, "facade_material": null, "roof_material": null, "roof_shape": null, "roof_direction": null, "roof_orientation": null, "roof_color": null, "roof_height": null, "has_parts": false, "version": 1, "bbox": { "xmin": 8.536938667297363, "xmax": 8.537151336669922, "ymin": 47.375919342041016, "ymax": 47.376075744628906 } }, "geometry": { "type": "Polygon", "coordinates": [ [ [ 8.5371314, 47.3759825 ], [ 8.5371499, 47.3760008 ], [ 8.5369975, 47.37607 ], [ 8.5369389, 47.3760377 ], [ 8.5369953, 47.3759203 ], [ 8.5370914, 47.3759411 ], [ 8.5371314, 47.3759825 ] ] ] } },
{ "type": "Feature", "properties": { "id": "712b11ec-04ac-4982-9e89-bff727aa10e0", "names": null, "sources": "[{'property': '', 'dataset': 'OpenStreetMap', 'license': 'ODbL-1.0', 'record_id': 'w78630740@7', 'update_time': '2026-03-21T16:00:36.000Z', 'confidence': None, 'between': None, 'provider': 'osm', 'resource': 'planet', 'version': '2026-09-06T00:00:00.000Z'}]", "level": null, "height": null, "min_height": null, "is_underground": false, "num_floors": null, "num_floors_underground": null, "min_floor": null, "subtype": "commercial", "class": "office", "facade_color": null, "facade_material": null, "roof_material": null, "roof_shape": null, "roof_direction": null, "roof_orientation": null, "roof_color": null, "roof_height": null, "has_parts": false, "version": 2, "bbox": { "xmin": 8.53721809387207, "xmax": 8.537469863891602, "ymin": 47.37543869018555, "ymax": 47.37557601928711 } }, "geometry": { "type": "Polygon", "coordinates": [ [ [ 8.5372188, 47.3755469 ], [ 8.537303, 47.3754399 ], [ 8.5373994, 47.3754755 ], [ 8.5374016, 47.3754802 ], [ 8.5374273, 47.3754747 ], [ 8.5374696, 47.3755555 ], [ 8.5374347, 47.3755633 ], [ 8.537391, 47.3755683 ], [ 8.5373533, 47.3755685 ], [ 8.5373207, 47.3755669 ], [ 8.5372939, 47.3755639 ], [ 8.5372188, 47.3755469 ] ] ] } },
{ "type": "Feature", "properties": { "id": "7fd9f395-8140-421b-9e05-f2a866c036ea", "names": null, "sources": "[{'property': '', 'dataset': 'OpenStreetMap', 'license': 'ODbL-1.0', 'record_id': 'w78631728@7', 'update_time': '2026-03-21T16:00:30.000Z', 'confidence': None, 'between': None, 'provider': 'osm', 'resource': 'planet', 'version': '2026-09-06T00:00:00.000Z'}]", "level": null, "height": null, "min_height": null, "is_underground": false, "num_floors": null, "num_floors_underground": null, "min_floor": null, "subtype": "commercial", "class": "commercial", "facade_color": null, "facade_material": null, "roof_material": null, "roof_shape": null, "roof_direction": null, "roof_orientation": null, "roof_color": null, "roof_height": null, "has_parts": false, "version": 1, "bbox": { "xmin": 8.536375045776367, "xmax": 8.536848068237305, "ymin": 47.375396728515625, "ymax": 47.37575912475586 } }, "geometry": { "type": "Polygon", "coordinates": [ [ [ 8.5366466, 47.3757511 ], [ 8.5366424, 47.3757521 ], [ 8.5365934, 47.3756578 ], [ 8.5366359, 47.3756481 ], [ 8.536617, 47.3756119 ], [ 8.5365725, 47.3755658 ], [ 8.5364389, 47.375627 ], [ 8.5363793, 47.3755669 ], [ 8.5364014, 47.3755562 ], [ 8.5363756, 47.3755297 ], [ 8.5366023, 47.3754275 ], [ 8.5366207, 47.3754192 ], [ 8.536657, 47.3754028 ], [ 8.5367668, 47.3755144 ], [ 8.5367944, 47.3755425 ], [ 8.5368199, 47.3755686 ], [ 8.5368375, 47.3755659 ], [ 8.5368479, 47.3755972 ], [ 8.5368303, 47.3755999 ], [ 8.5367862, 47.3757033 ], [ 8.5368001, 47.3757121 ], [ 8.5367689, 47.3757348 ], [ 8.536755, 47.375726 ], [ 8.5366644, 47.375747 ], [ 8.5366466, 47.3757511 ] ] ] } },
{ "type": "Feature", "properties": { "id": "9ae423bc-f672-40fd-a45f-9cd74a002a57", "names": null, "sources": "[{'property': '', 'dataset': 'OpenStreetMap', 'license': 'ODbL-1.0', 'record_id': 'w326116409@5', 'update_time': '2026-03-21T16:00:40.000Z', 'confidence': None, 'between': None, 'provider': 'osm', 'resource': 'planet', 'version': '2026-09-06T00:00:00.000Z'}]", "level": null, "height": null, "min_height": null, "is_underground": false, "num_floors": null, "num_floors_underground": null, "min_floor": null, "subtype": "residential", "class": "residential", "facade_color": null, "facade_material": null, "roof_material": null, "roof_shape": null, "roof_direction": null, "roof_orientation": null, "roof_color": null, "roof_height": null, "has_parts": false, "version": 1, "bbox": { "xmin": 8.536111831665039, "xmax": 8.536285400390625, "ymin": 47.37574005126953, "ymax": 47.37587356567383 } }, "geometry": { "type": "Polygon", "coordinates": [ [ [ 8.5361688, 47.3758634 ], [ 8.5361523, 47.3758672 ], [ 8.5361126, 47.3757892 ], [ 8.5361186, 47.3757836 ], [ 8.5361494, 47.3757761 ], [ 8.5361436, 47.3757635 ], [ 8.5362357, 47.3757419 ], [ 8.5362845, 47.3758364 ], [ 8.5362349, 47.375848 ], [ 8.5361688, 47.3758634 ] ] ] } },
{ "type": "Feature", "properties": { "id": "0c25951d-5bc8-4f27-afc1-5cd5ec697f57", "names": null, "sources": "[{'property': '', 'dataset': 'OpenStreetMap', 'license': 'ODbL-1.0', 'record_id': 'w326116407@5', 'update_time': '2026-03-21T16:00:29.000Z', 'confidence': None, 'between': None, 'provider': 'osm', 'resource': 'planet', 'version': '2026-09-06T00:00:00.000Z'}]", "level": null, "height": null, "min_height": null, "is_underground": false, "num_floors": null, "num_floors_underground": null, "min_floor": null, "subtype": "residential", "class": "residential", "facade_color": null, "facade_material": null, "roof_material": null, "roof_shape": null, "roof_direction": null, "roof_orientation": null, "roof_color": null, "roof_height": null, "has_parts": false, "version": 1, "bbox": { "xmin": 8.536234855651855, "xmax": 8.53647518157959, "ymin": 47.375694274902344, "ymax": 47.3758430480957 } }, "geometry": { "type": "Polygon", "coordinates": [ [ [ 8.5363083, 47.3758307 ], [ 8.5362845, 47.3758364 ], [ 8.5362357, 47.3757419 ], [ 8.536284, 47.3757299 ], [ 8.5364265, 47.3756961 ], [ 8.5364748, 47.3757909 ], [ 8.5364034, 47.375808 ], [ 8.5363083, 47.3758307 ] ] ] } },
{ "type": "Feature", "properties": { "id": "fc3f8390-b306-443c-9565-cd78876c6e7a", "names": null, "sources": "[{'property': '', 'dataset': 'OpenStreetMap', 'license': 'ODbL-1.0', 'record_id': 'w326116405@4', 'update_time': '2026-03-21T16:00:18.000Z', 'confidence': None, 'between': None, 'provider': 'osm', 'resource': 'planet', 'version': '2026-09-06T00:00:00.000Z'}]", "level": null, "height": null, "min_height": null, "is_underground": false, "num_floors": null, "num_floors_underground": null, "min_floor": null, "subtype": "residential", "class": "residential", "facade_color": null, "facade_material": null, "roof_material": null, "roof_shape": null, "roof_direction": null, "roof_orientation": null, "roof_color": null, "roof_height": null, "has_parts": false, "version": 1, "bbox": { "xmin": 8.536425590515137, "xmax": 8.536643028259277, "ymin": 47.37565612792969, "ymax": 47.375797271728516 } }, "geometry": { "type": "Polygon", "coordinates": [ [ [ 8.5365586, 47.3757715 ], [ 8.5364748, 47.3757909 ], [ 8.5364265, 47.3756961 ], [ 8.5365934, 47.3756578 ], [ 8.5366424, 47.3757521 ], [ 8.5365586, 47.3757715 ] ] ] } },
{ "type": "Feature", "properties": { "id": "9af94988-03e0-4406-a68d-2c2633440ba2", "names": null, "sources": "[{'property': '', 'dataset': 'OpenStreetMap', 'license': 'ODbL-1.0', 'record_id': 'w326116408@5', 'update_time': '2026-03-21T16:00:26.000Z', 'confidence': None, 'between': None, 'provider': 'osm', 'resource': 'planet', 'version': '2026-09-06T00:00:00.000Z'}]", "level": null, "height": null, "min_height": null, "is_underground": false, "num_floors": null, "num_floors_underground": null, "min_floor": null, "subtype": "commercial", "class": "commercial", "facade_color": null, "facade_material": null, "roof_material": null, "roof_shape": null, "roof_direction": null, "roof_orientation": null, "roof_color": null, "roof_height": null, "has_parts": false, "version": 1, "bbox": { "xmin": 8.536084175109863, "xmax": 8.536426544189453, "ymin": 47.37555694580078, "ymax": 47.375736236572266 } }, "geometry": { "type": "Polygon", "coordinates": [ [ [ 8.5364057, 47.3756581 ], [ 8.5364265, 47.3756961 ], [ 8.536284, 47.3757299 ], [ 8.5362713, 47.3757057 ], [ 8.5362284, 47.3756615 ], [ 8.5361882, 47.375679 ], [ 8.5361957, 47.3756871 ], [ 8.5361353, 47.3757138 ], [ 8.5360842, 47.3756608 ], [ 8.5361122, 47.3756493 ], [ 8.5363132, 47.3755572 ], [ 8.5363734, 47.3756189 ], [ 8.5363699, 47.375621 ], [ 8.5364057, 47.3756581 ] ] ] } },
{ "type": "Feature", "properties": { "id": "ae96d431-2e61-4ff9-a01c-b325b70e9529", "names": null, "sources": "[{'property': '', 'dataset': 'OpenStreetMap', 'license': 'ODbL-1.0', 'record_id': 'w78631741@9', 'update_time': '2026-03-21T16:00:04.000Z', 'confidence': None, 'between': None, 'provider': 'osm', 'resource': 'planet', 'version': '2026-09-06T00:00:00.000Z'}]", "level": null, "height": null, "min_height": null, "is_underground": false, "num_floors": null, "num_floors_underground": null, "min_floor": null, "subtype": "residential", "class": "residential", "facade_color": null, "facade_material": null, "roof_material": null, "roof_shape": null, "roof_direction": null, "roof_orientation": null, "roof_color": null, "roof_height": null, "has_parts": false, "version": 1, "bbox": { "xmin": 8.535956382751465, "xmax": 8.536153793334961, "ymin": 47.375709533691406, "ymax": 47.37590408325195 } }, "geometry": { "type": "Polygon", "coordinates": [ [ [ 8.535957, 47.3757462 ], [ 8.5360803, 47.3757168 ], [ 8.536111, 47.3757772 ], [ 8.5361063, 47.3757828 ], [ 8.5360942, 47.3757855 ], [ 8.5360987, 47.3757926 ], [ 8.5361126, 47.3757892 ], [ 8.5361523, 47.3758672 ], [ 8.5361366, 47.375871 ], [ 8.5360739, 47.375886 ], [ 8.5360268, 47.3758972 ], [ 8.535957, 47.3757462 ] ] ] } },
{ "type": "Feature", "properties": { "id": "59e89c55-f4bd-4d40-9be2-48c91077851f", "names": null, "sources": "[{'property': '', 'dataset': 'OpenStreetMap', 'license': 'ODbL-1.0', 'record_id': 'w157958206@7', 'update_time': '2026-03-21T15:59:55.000Z', 'confidence': None, 'between': None, 'provider': 'osm', 'resource': 'planet', 'version': '2026-09-06T00:00:00.000Z'}]", "level": null, "height": null, "min_height": null, "is_underground": false, "num_floors": null, "num_floors_underground": null, "min_floor": null, "subtype": "commercial", "class": "commercial", "facade_color": null, "facade_material": null, "roof_material": null, "roof_shape": null, "roof_direction": null, "roof_orientation": null, "roof_color": null, "roof_height": null, "has_parts": false, "version": 1, "bbox": { "xmin": 8.53635025024414, "xmax": 8.536596298217773, "ymin": 47.37592315673828, "ymax": 47.37610626220703 } }, "geometry": { "type": "Polygon", "coordinates": [ [ [ 8.5365062, 47.3759281 ], [ 8.5365237, 47.3759238 ], [ 8.5365784, 47.3760324 ], [ 8.5365959, 47.3760654 ], [ 8.5364545, 47.3760999 ], [ 8.5364244, 47.3760564 ], [ 8.5364012, 47.3760635 ], [ 8.536363, 47.3760103 ], [ 8.5363839, 47.3760024 ], [ 8.5363672, 47.3759776 ], [ 8.5363503, 47.3759718 ], [ 8.5363626, 47.3759504 ], [ 8.5363825, 47.3759555 ], [ 8.5364351, 47.3759431 ], [ 8.5364877, 47.3759306 ], [ 8.5364887, 47.3759323 ], [ 8.5365062, 47.3759281 ] ] ] } },
{ "type": "Feature", "properties": { "id": "71c8f5c7-ce9b-4f67-9d73-505b34e277e2", "names": null, "sources": "[{'property': '', 'dataset': 'OpenStreetMap', 'license': 'ODbL-1.0', 'record_id': 'w1287639358@1', 'update_time': '2024-05-29T10:32:56.000Z', 'confidence': None, 'between': None, 'provider': 'osm', 'resource': 'planet', 'version': '2026-09-06T00:00:00.000Z'}]", "level": 1.0, "height": null, "min_height": null, "is_underground": false, "num_floors": null, "num_floors_underground": null, "min_floor": null, "subtype": "outbuilding", "class": "roof", "facade_color": null, "facade_material": null, "roof_material": null, "roof_shape": null, "roof_direction": null, "roof_orientation": null, "roof_color": null, "roof_height": null, "has_parts": false, "version": 1, "bbox": { "xmin": 8.535415649414062, "xmax": 8.535520553588867, "ymin": 47.37570571899414, "ymax": 47.37579345703125 } }, "geometry": { "type": "Polygon", "coordinates": [ [ [ 8.5354171, 47.375722 ], [ 8.5354333, 47.3757129 ], [ 8.5355199, 47.3757833 ], [ 8.5355037, 47.3757924 ], [ 8.5354792, 47.3757725 ], [ 8.5354186, 47.3757232 ], [ 8.5354171, 47.375722 ] ] ] } },
{ "type": "Feature", "properties": { "id": "f3584ace-83b6-46c2-8912-8f2b4ad18a7d", "names": null, "sources": "[{'property': '', 'dataset': 'OpenStreetMap', 'license': 'ODbL-1.0', 'record_id': 'w1287639359@1', 'update_time': '2024-05-29T10:32:56.000Z', 'confidence': None, 'between': None, 'provider': 'osm', 'resource': 'planet', 'version': '2026-09-06T00:00:00.000Z'}]", "level": null, "height": null, "min_height": null, "is_underground": false, "num_floors": 1.0, "num_floors_underground": null, "min_floor": null, "subtype": "service", "class": "service", "facade_color": null, "facade_material": null, "roof_material": null, "roof_shape": null, "roof_direction": null, "roof_orientation": null, "roof_color": null, "roof_height": null, "has_parts": false, "version": 1, "bbox": { "xmin": 8.53539752960205, "xmax": 8.535479545593262, "ymin": 47.37571716308594, "ymax": 47.37578582763672 } }, "geometry": { "type": "Polygon", "coordinates": [ [ [ 8.5354792, 47.3757725 ], [ 8.5354586, 47.3757841 ], [ 8.5353981, 47.3757348 ], [ 8.5354186, 47.3757232 ], [ 8.5354792, 47.3757725 ] ] ] } },
{ "type": "Feature", "properties": { "id": "267bd26e-1ab4-4d2b-bc83-e06bab6b15de", "names": null, "sources": "[{'property': '', 'dataset': 'OpenStreetMap', 'license': 'ODbL-1.0', 'record_id': 'w1285078627@3', 'update_time': '2026-03-21T16:00:32.000Z', 'confidence': None, 'between': None, 'provider': 'osm', 'resource': 'planet', 'version': '2026-09-06T00:00:00.000Z'}]", "level": 1.0, "height": null, "min_height": null, "is_underground": false, "num_floors": null, "num_floors_underground": null, "min_floor": null, "subtype": "outbuilding", "class": "roof", "facade_color": null, "facade_material": null, "roof_material": null, "roof_shape": null, "roof_direction": null, "roof_orientation": null, "roof_color": null, "roof_height": null, "has_parts": false, "version": 1, "bbox": { "xmin": 8.535135269165039, "xmax": 8.535350799560547, "ymin": 47.37507629394531, "ymax": 47.375274658203125 } }, "geometry": { "type": "Polygon", "coordinates": [ [ [ 8.5353505, 47.3752549 ], [ 8.5353083, 47.3752738 ], [ 8.5351356, 47.3750971 ], [ 8.5351779, 47.3750782 ], [ 8.5353505, 47.3752549 ] ] ] } },
{ "type": "Feature", "properties": { "id": "e876b0c8-3468-4fda-9221-513309cb0870", "names": null, "sources": "[{'property': '', 'dataset': 'OpenStreetMap', 'license': 'ODbL-1.0', 'record_id': 'w31969365@9', 'update_time': '2026-03-21T16:00:27.000Z', 'confidence': None, 'between': None, 'provider': 'osm', 'resource': 'planet', 'version': '2026-09-06T00:00:00.000Z'}\n {'property': '/properties/height', 'dataset': 'Microsoft ML Buildings', 'license': 'ODbL-1.0', 'record_id': None, 'update_time': None, 'confidence': None, 'between': None, 'provider': 'microsoft', 'resource': 'ml_buildings', 'version': '2026-08-11'}]", "level": null, "height": 6.1238117218017578, "min_height": null, "is_underground": false, "num_floors": null, "num_floors_underground": null, "min_floor": null, "subtype": null, "class": null, "facade_color": null, "facade_material": null, "roof_material": null, "roof_shape": null, "roof_direction": null, "roof_orientation": null, "roof_color": null, "roof_height": null, "has_parts": false, "version": 2, "bbox": { "xmin": 8.534174919128418, "xmax": 8.534912109375, "ymin": 47.37498092651367, "ymax": 47.37563705444336 } }, "geometry": { "type": "Polygon", "coordinates": [ [ [ 8.534731, 47.375631 ], [ 8.5341752, 47.3750639 ], [ 8.5342654, 47.3750234 ], [ 8.5343556, 47.3749828 ], [ 8.5346335, 47.3752664 ], [ 8.5349114, 47.3755499 ], [ 8.5348212, 47.3755905 ], [ 8.534731, 47.375631 ] ] ] } },
{ "type": "Feature", "properties": { "id": "30e0cf55-b2ee-4bdf-bb03-459498834937", "names": null, "sources": "[{'property': '', 'dataset': 'OpenStreetMap', 'license': 'ODbL-1.0', 'record_id': 'w1287639328@1', 'update_time': '2024-05-29T10:32:55.000Z', 'confidence': None, 'between': None, 'provider': 'osm', 'resource': 'planet', 'version': '2026-09-06T00:00:00.000Z'}]", "level": null, "height": null, "min_height": null, "is_underground": false, "num_floors": null, "num_floors_underground": null, "min_floor": null, "subtype": "outbuilding", "class": "roof", "facade_color": null, "facade_material": null, "roof_material": null, "roof_shape": "flat", "roof_direction": null, "roof_orientation": null, "roof_color": null, "roof_height": null, "has_parts": false, "version": 1, "bbox": { "xmin": 8.534841537475586, "xmax": 8.534893989562988, "ymin": 47.375205993652344, "ymax": 47.37525939941406 } }, "geometry": { "type": "Polygon", "coordinates": [ [ [ 8.5348937, 47.3752518 ], [ 8.5348853, 47.3752556 ], [ 8.5348421, 47.3752111 ], [ 8.5348505, 47.3752073 ], [ 8.5348537, 47.3752106 ], [ 8.5348937, 47.3752518 ] ] ] } },
{ "type": "Feature", "properties": { "id": "3fb2dee3-7251-4669-b011-ff277bc3056b", "names": null, "sources": "[{'property': '', 'dataset': 'OpenStreetMap', 'license': 'ODbL-1.0', 'record_id': 'w24423592@13', 'update_time': '2026-03-21T16:00:33.000Z', 'confidence': None, 'between': None, 'provider': 'osm', 'resource': 'planet', 'version': '2026-09-06T00:00:00.000Z'}\n {'property': '/properties/height', 'dataset': 'Microsoft ML Buildings', 'license': 'ODbL-1.0', 'record_id': None, 'update_time': None, 'confidence': None, 'between': None, 'provider': 'microsoft', 'resource': 'ml_buildings', 'version': '2026-08-11'}]", "level": null, "height": 9.5298185348510742, "min_height": null, "is_underground": false, "num_floors": null, "num_floors_underground": null, "min_floor": null, "subtype": null, "class": null, "facade_color": null, "facade_material": null, "roof_material": null, "roof_shape": null, "roof_direction": null, "roof_orientation": null, "roof_color": null, "roof_height": null, "has_parts": false, "version": 2, "bbox": { "xmin": 8.533987998962402, "xmax": 8.535356521606445, "ymin": 47.374114990234375, "ymax": 47.37540817260742 } }, "geometry": { "type": "Polygon", "coordinates": [ [ [ 8.5342479, 47.3744675 ], [ 8.5339882, 47.3742017 ], [ 8.5340835, 47.3741591 ], [ 8.5341787, 47.3741164 ], [ 8.5344137, 47.374357 ], [ 8.5344489, 47.374393 ], [ 8.5344845, 47.3743771 ], [ 8.5346169, 47.3745126 ], [ 8.5345812, 47.3745286 ], [ 8.5346154, 47.3745636 ], [ 8.5346227, 47.3745709 ], [ 8.5346506, 47.3745584 ], [ 8.5346848, 47.3745934 ], [ 8.5347091, 47.3745825 ], [ 8.5349036, 47.3744954 ], [ 8.5349376, 47.3745303 ], [ 8.5349408, 47.3745289 ], [ 8.5349387, 47.3745266 ], [ 8.5349537, 47.3745199 ], [ 8.5349634, 47.3745299 ], [ 8.5349599, 47.3745315 ], [ 8.5350957, 47.3746705 ], [ 8.5350987, 47.3746692 ], [ 8.5351086, 47.3746793 ], [ 8.5350939, 47.3746859 ], [ 8.5350917, 47.3746836 ], [ 8.5350861, 47.3746861 ], [ 8.5351217, 47.3747226 ], [ 8.5349747, 47.3747884 ], [ 8.5349398, 47.3747527 ], [ 8.5349251, 47.3747592 ], [ 8.5349436, 47.3747781 ], [ 8.5348753, 47.3748087 ], [ 8.5348568, 47.3747899 ], [ 8.5348419, 47.3747965 ], [ 8.5348881, 47.3748438 ], [ 8.5350609, 47.3750207 ], [ 8.5351356, 47.3750971 ], [ 8.5353083, 47.3752738 ], [ 8.5353556, 47.3753223 ], [ 8.5352608, 47.3753648 ], [ 8.535166, 47.3754072 ], [ 8.5349065, 47.3751415 ], [ 8.5346527, 47.3748817 ], [ 8.5346472, 47.3748842 ], [ 8.5346498, 47.3748869 ], [ 8.5346345, 47.3748938 ], [ 8.5346245, 47.3748835 ], [ 8.5346287, 47.3748816 ], [ 8.5345815, 47.3748333 ], [ 8.5345768, 47.3748354 ], [ 8.5345564, 47.3748145 ], [ 8.5345359, 47.3747936 ], [ 8.5345407, 47.3747915 ], [ 8.5344933, 47.374743 ], [ 8.53449, 47.3747444 ], [ 8.5344799, 47.3747341 ], [ 8.5344948, 47.3747274 ], [ 8.534497, 47.3747297 ], [ 8.5345019, 47.3747275 ], [ 8.5344822, 47.3747073 ], [ 8.5342479, 47.3744675 ] ] ] } },
{ "type": "Feature", "properties": { "id": "00f666f1-2c7c-4c22-a94b-9a64ac29829b", "names": null, "sources": "[{'property': '', 'dataset': 'OpenStreetMap', 'license': 'ODbL-1.0', 'record_id': 'r17617717@1', 'update_time': '2026-03-21T16:00:12.000Z', 'confidence': None, 'between': None, 'provider': 'osm', 'resource': 'planet', 'version': '2026-09-06T00:00:00.000Z'}]", "level": 1.0, "height": null, "min_height": null, "is_underground": false, "num_floors": null, "num_floors_underground": null, "min_floor": null, "subtype": "outbuilding", "class": "roof", "facade_color": null, "facade_material": null, "roof_material": null, "roof_shape": null, "roof_direction": null, "roof_orientation": null, "roof_color": null, "roof_height": null, "has_parts": false, "version": 2, "bbox": { "xmin": 8.535069465637207, "xmax": 8.535300254821777, "ymin": 47.3747673034668, "ymax": 47.37504577636719 } }, "geometry": { "type": "Polygon", "coordinates": [ [ [ 8.5352998, 47.3750151 ], [ 8.5351675, 47.3750388 ], [ 8.5350709, 47.3747919 ], [ 8.5352033, 47.3747681 ], [ 8.5352998, 47.3750151 ] ], [ [ 8.5351979, 47.3747853 ], [ 8.5350954, 47.3748038 ], [ 8.5351675, 47.3749875 ], [ 8.53527, 47.374969 ], [ 8.5351979, 47.3747853 ] ] ] } },
{ "type": "Feature", "properties": { "id": "67ac3488-89dc-4dcd-a212-7d03adf169b8", "names": null, "sources": "[{'property': '', 'dataset': 'OpenStreetMap', 'license': 'ODbL-1.0', 'record_id': 'w124904612@4', 'update_time': '2026-03-21T16:00:12.000Z', 'confidence': None, 'between': None, 'provider': 'osm', 'resource': 'planet', 'version': '2026-09-06T00:00:00.000Z'}\n {'property': '/properties/height', 'dataset': 'Microsoft ML Buildings', 'license': 'ODbL-1.0', 'record_id': None, 'update_time': None, 'confidence': None, 'between': None, 'provider': 'microsoft', 'resource': 'ml_buildings', 'version': '2026-08-11'}]", "level": null, "height": 5.7806305885314941, "min_height": null, "is_underground": false, "num_floors": null, "num_floors_underground": null, "min_floor": null, "subtype": null, "class": null, "facade_color": null, "facade_material": null, "roof_material": null, "roof_shape": null, "roof_direction": null, "roof_orientation": null, "roof_color": null, "roof_height": null, "has_parts": false, "version": 2, "bbox": { "xmin": 8.53509521484375, "xmax": 8.535270690917969, "ymin": 47.374778747558594, "ymax": 47.3749885559082 } }, "geometry": { "type": "Polygon", "coordinates": [ [ [ 8.53527, 47.374969 ], [ 8.5351675, 47.3749875 ], [ 8.5350954, 47.3748038 ], [ 8.5351979, 47.3747853 ], [ 8.53527, 47.374969 ] ] ] } },
{ "type": "Feature", "properties": { "id": "6539dad6-8286-43c2-95ca-8ff306ca5f62", "names": null, "sources": "[{'property': '', 'dataset': 'OpenStreetMap', 'license': 'ODbL-1.0', 'record_id': 'w1285078626@3', 'update_time': '2026-03-21T16:00:18.000Z', 'confidence': None, 'between': None, 'provider': 'osm', 'resource': 'planet', 'version': '2026-09-06T00:00:00.000Z'}]", "level": 1.0, "height": null, "min_height": null, "is_underground": false, "num_floors": null, "num_floors_underground": null, "min_floor": null, "subtype": "outbuilding", "class": "roof", "facade_color": null, "facade_material": null, "roof_material": null, "roof_shape": null, "roof_direction": null, "roof_orientation": null, "roof_color": null, "roof_height": null, "has_parts": false, "version": 1, "bbox": { "xmin": 8.534887313842773, "xmax": 8.535104751586914, "ymin": 47.37481689453125, "ymax": 47.37502670288086 } }, "geometry": { "type": "Polygon", "coordinates": [ [ [ 8.5351041, 47.3750013 ], [ 8.5350609, 47.3750207 ], [ 8.5348881, 47.3748438 ], [ 8.5349313, 47.3748244 ], [ 8.5351041, 47.3750013 ] ] ] } },
{ "type": "Feature", "properties": { "id": "35c2badc-1290-4a1d-a04b-ef88bd7a8e40", "names": null, "sources": "[{'property': '', 'dataset': 'OpenStreetMap', 'license': 'ODbL-1.0', 'record_id': 'w326116411@5', 'update_time': '2023-05-21T14:01:46.000Z', 'confidence': None, 'between': None, 'provider': 'osm', 'resource': 'planet', 'version': '2026-09-06T00:00:00.000Z'}]", "level": null, "height": 25.0, "min_height": null, "is_underground": false, "num_floors": null, "num_floors_underground": null, "min_floor": null, "subtype": "residential", "class": "apartments", "facade_color": null, "facade_material": null, "roof_material": null, "roof_shape": null, "roof_direction": null, "roof_orientation": null, "roof_color": null, "roof_height": null, "has_parts": false, "version": 1, "bbox": { "xmin": 8.535521507263184, "xmax": 8.536063194274902, "ymin": 47.374568939208984, "ymax": 47.374996185302734 } }, "geometry": { "type": "Polygon", "coordinates": [ [ [ 8.5357438, 47.3745691 ], [ 8.5360625, 47.374895 ], [ 8.5358413, 47.3749946 ], [ 8.5355219, 47.3746685 ], [ 8.5355474, 47.3746576 ], [ 8.5357438, 47.3745691 ] ] ] } },
{ "type": "Feature", "properties": { "id": "05b27f8d-55a4-46e3-9d39-d1f5cd470dae", "names": null, "sources": "[{'property': '', 'dataset': 'OpenStreetMap', 'license': 'ODbL-1.0', 'record_id': 'w80338511@9', 'update_time': '2026-03-21T16:00:36.000Z', 'confidence': None, 'between': None, 'provider': 'osm', 'resource': 'planet', 'version': '2026-09-06T00:00:00.000Z'}]", "level": null, "height": null, "min_height": null, "is_underground": false, "num_floors": null, "num_floors_underground": null, "min_floor": null, "subtype": "residential", "class": "apartments", "facade_color": null, "facade_material": null, "roof_material": null, "roof_shape": null, "roof_direction": null, "roof_orientation": null, "roof_color": null, "roof_height": null, "has_parts": false, "version": 1, "bbox": { "xmin": 8.53614616394043, "xmax": 8.536474227905273, "ymin": 47.37460708618164, "ymax": 47.374855041503906 } }, "geometry": { "type": "Polygon", "coordinates": [ [ [ 8.5364733, 47.3747765 ], [ 8.5364724, 47.3747797 ], [ 8.5363084, 47.3748536 ], [ 8.5362544, 47.3747986 ], [ 8.5362274, 47.3747712 ], [ 8.5362004, 47.3747437 ], [ 8.5361464, 47.3746887 ], [ 8.5363131, 47.3746136 ], [ 8.5364733, 47.3747765 ] ] ] } },
{ "type": "Feature", "properties": { "id": "12408277-4f86-48b2-ab08-4221e7d7c961", "names": null, "sources": "[{'property': '', 'dataset': 'OpenStreetMap', 'license': 'ODbL-1.0', 'record_id': 'w80338520@6', 'update_time': '2026-03-21T16:00:36.000Z', 'confidence': None, 'between': None, 'provider': 'osm', 'resource': 'planet', 'version': '2026-09-06T00:00:00.000Z'}]", "level": null, "height": null, "min_height": null, "is_underground": false, "num_floors": null, "num_floors_underground": null, "min_floor": null, "subtype": "commercial", "class": "hotel", "facade_color": null, "facade_material": null, "roof_material": null, "roof_shape": null, "roof_direction": null, "roof_orientation": null, "roof_color": null, "roof_height": null, "has_parts": false, "version": 1, "bbox": { "xmin": 8.536308288574219, "xmax": 8.536772727966309, "ymin": 47.374778747558594, "ymax": 47.374969482421875 } }, "geometry": { "type": "Polygon", "coordinates": [ [ [ 8.5365679, 47.3748153 ], [ 8.5367598, 47.3748422 ], [ 8.5367727, 47.3749435 ], [ 8.5366802, 47.37495 ], [ 8.5365854, 47.3749567 ], [ 8.5365673, 47.374958 ], [ 8.5365492, 47.3749593 ], [ 8.5365406, 47.3749599 ], [ 8.5364198, 47.3749685 ], [ 8.536352, 47.3748985 ], [ 8.5363084, 47.3748536 ], [ 8.5364724, 47.3747797 ], [ 8.5364969, 47.3748054 ], [ 8.5365323, 47.3748104 ], [ 8.5365501, 47.3748128 ], [ 8.5365679, 47.3748153 ] ] ] } },
{ "type": "Feature", "properties": { "id": "9ab00ff7-a8d7-4349-9d88-33a99c571023", "names": null, "sources": "[{'property': '', 'dataset': 'OpenStreetMap', 'license': 'ODbL-1.0', 'record_id': 'w326116412@9', 'update_time': '2024-04-30T13:44:07.000Z', 'confidence': None, 'between': None, 'provider': 'osm', 'resource': 'planet', 'version': '2026-09-06T00:00:00.000Z'}]", "level": null, "height": 25.0, "min_height": null, "is_underground": false, "num_floors": null, "num_floors_underground": null, "min_floor": null, "subtype": "commercial", "class": "retail", "facade_color": null, "facade_material": null, "roof_material": null, "roof_shape": null, "roof_direction": null, "roof_orientation": null, "roof_color": null, "roof_height": null, "has_parts": false, "version": 1, "bbox": { "xmin": 8.535714149475098, "xmax": 8.536282539367676, "ymin": 47.37489318847656, "ymax": 47.375335693359375 } }, "geometry": { "type": "Polygon", "coordinates": [ [ [ 8.5362781, 47.3751149 ], [ 8.5362822, 47.3751191 ], [ 8.5361751, 47.3751677 ], [ 8.5358085, 47.3753338 ], [ 8.5357151, 47.3751331 ], [ 8.5358977, 47.3750516 ], [ 8.5358413, 47.3749946 ], [ 8.5360625, 47.374895 ], [ 8.5360755, 47.3749083 ], [ 8.5361016, 47.3749348 ], [ 8.5361797, 47.3750145 ], [ 8.5362447, 47.3750809 ], [ 8.5362781, 47.3751149 ] ] ] } },
{ "type": "Feature", "properties": { "id": "df056e03-54e2-4d78-9711-fe96c1a70282", "names": "{'primary': 'Migros City', 'common': None, 'rules': None}", "sources": "[{'property': '', 'dataset': 'OpenStreetMap', 'license': 'ODbL-1.0', 'record_id': 'w78631727@15', 'update_time': '2026-03-21T16:00:23.000Z', 'confidence': None, 'between': None, 'provider': 'osm', 'resource': 'planet', 'version': '2026-09-06T00:00:00.000Z'}]", "level": null, "height": null, "min_height": null, "is_underground": false, "num_floors": null, "num_floors_underground": null, "min_floor": null, "subtype": "commercial", "class": "retail", "facade_color": null, "facade_material": null, "roof_material": null, "roof_shape": null, "roof_direction": null, "roof_orientation": null, "roof_color": null, "roof_height": null, "has_parts": false, "version": 3, "bbox": { "xmin": 8.535807609558105, "xmax": 8.536657333374023, "ymin": 47.375118255615234, "ymax": 47.37565612792969 } }, "geometry": { "type": "Polygon", "coordinates": [ [ [ 8.5366023, 47.3754275 ], [ 8.5363756, 47.3755297 ], [ 8.5363132, 47.3755572 ], [ 8.5361122, 47.3756493 ], [ 8.5360186, 47.3755542 ], [ 8.5360099, 47.375556 ], [ 8.535998, 47.3755549 ], [ 8.5359857, 47.375551 ], [ 8.5359797, 47.3755466 ], [ 8.5359745, 47.3755386 ], [ 8.5359734, 47.375531 ], [ 8.5359759, 47.3755241 ], [ 8.5359831, 47.3755178 ], [ 8.5358129, 47.3753431 ], [ 8.5358085, 47.3753338 ], [ 8.5361751, 47.3751677 ], [ 8.5362822, 47.3751191 ], [ 8.536329, 47.3751665 ], [ 8.5363432, 47.375181 ], [ 8.5363857, 47.3752244 ], [ 8.5364282, 47.3752679 ], [ 8.5364424, 47.3752824 ], [ 8.5364722, 47.3752684 ], [ 8.536509, 47.375251 ], [ 8.536583, 47.3753269 ], [ 8.5365917, 47.3753358 ], [ 8.536657, 47.3754028 ], [ 8.5366207, 47.3754192 ], [ 8.5366023, 47.3754275 ] ] ] } },
{ "type": "Feature", "properties": { "id": "95843c47-468c-4c26-97da-ef36006d851a", "names": null, "sources": "[{'property': '', 'dataset': 'OpenStreetMap', 'license': 'ODbL-1.0', 'record_id': 'w78631742@7', 'update_time': '2026-03-21T16:00:21.000Z', 'confidence': None, 'between': None, 'provider': 'osm', 'resource': 'planet', 'version': '2026-09-06T00:00:00.000Z'}]", "level": null, "height": null, "min_height": null, "is_underground": false, "num_floors": null, "num_floors_underground": null, "min_floor": null, "subtype": "commercial", "class": "commercial", "facade_color": null, "facade_material": null, "roof_material": null, "roof_shape": null, "roof_direction": null, "roof_orientation": null, "roof_color": null, "roof_height": null, "has_parts": false, "version": 1, "bbox": { "xmin": 8.536555290222168, "xmax": 8.536895751953125, "ymin": 47.37504577636719, "ymax": 47.37528991699219 } }, "geometry": { "type": "Polygon", "coordinates": [ [ [ 8.5368949, 47.3752083 ], [ 8.5367285, 47.3752825 ], [ 8.536556, 47.3751059 ], [ 8.536606, 47.3750829 ], [ 8.5366419, 47.3750694 ], [ 8.5366755, 47.3750612 ], [ 8.5367177, 47.3750556 ], [ 8.5368374, 47.3750469 ], [ 8.5368549, 47.3751668 ], [ 8.536886, 47.3751984 ], [ 8.5368949, 47.3752083 ] ] ] } },
{ "type": "Feature", "properties": { "id": "978d64b6-2eac-4965-9610-d96f6bc3f9d7", "names": null, "sources": "[{'property': '', 'dataset': 'OpenStreetMap', 'license': 'ODbL-1.0', 'record_id': 'w78631734@5', 'update_time': '2026-03-21T16:00:16.000Z', 'confidence': None, 'between': None, 'provider': 'osm', 'resource': 'planet', 'version': '2026-09-06T00:00:00.000Z'}]", "level": null, "height": null, "min_height": null, "is_underground": false, "num_floors": null, "num_floors_underground": null, "min_floor": null, "subtype": "commercial", "class": "commercial", "facade_color": null, "facade_material": null, "roof_material": null, "roof_shape": null, "roof_direction": null, "roof_orientation": null, "roof_color": null, "roof_height": null, "has_parts": false, "version": 1, "bbox": { "xmin": 8.536836624145508, "xmax": 8.536978721618652, "ymin": 47.375038146972656, "ymax": 47.37520217895508 } }, "geometry": { "type": "Polygon", "coordinates": [ [ [ 8.5369785, 47.3751914 ], [ 8.536886, 47.3751984 ], [ 8.5368549, 47.3751668 ], [ 8.5368374, 47.3750469 ], [ 8.5369557, 47.3750387 ], [ 8.5369714, 47.3751483 ], [ 8.5369785, 47.3751914 ] ] ] } },
{ "type": "Feature", "properties": { "id": "732e12d4-96a0-41f5-8e60-f533deff7d76", "names": null, "sources": "[{'property': '', 'dataset': 'OpenStreetMap', 'license': 'ODbL-1.0', 'record_id': 'w78631737@6', 'update_time': '2026-03-21T16:00:30.000Z', 'confidence': None, 'between': None, 'provider': 'osm', 'resource': 'planet', 'version': '2026-09-06T00:00:00.000Z'}]", "level": null, "height": null, "min_height": null, "is_underground": false, "num_floors": null, "num_floors_underground": null, "min_floor": null, "subtype": "commercial", "class": "commercial", "facade_color": null, "facade_material": null, "roof_material": null, "roof_shape": null, "roof_direction": null, "roof_orientation": null, "roof_color": null, "roof_height": null, "has_parts": false, "version": 1, "bbox": { "xmin": 8.536727905273438, "xmax": 8.537002563476562, "ymin": 47.375205993652344, "ymax": 47.375389099121094 } }, "geometry": { "type": "Polygon", "coordinates": [ [ [ 8.5369967, 47.3753127 ], [ 8.5368322, 47.3753886 ], [ 8.5367285, 47.3752825 ], [ 8.5368949, 47.3752083 ], [ 8.5369066, 47.3752076 ], [ 8.5370017, 47.3753044 ], [ 8.5369967, 47.3753127 ] ] ] } },
{ "type": "Feature", "properties": { "id": "ef1539e4-19ec-4788-88c2-64526989aac6", "names": null, "sources": "[{'property': '', 'dataset': 'OpenStreetMap', 'license': 'ODbL-1.0', 'record_id': 'w28528223@11', 'update_time': '2026-03-21T16:00:15.000Z', 'confidence': None, 'between': None, 'provider': 'osm', 'resource': 'planet', 'version': '2026-09-06T00:00:00.000Z'}]", "level": null, "height": null, "min_height": null, "is_underground": false, "num_floors": null, "num_floors_underground": null, "min_floor": null, "subtype": "commercial", "class": "commercial", "facade_color": null, "facade_material": null, "roof_material": null, "roof_shape": null, "roof_direction": null, "roof_orientation": null, "roof_color": null, "roof_height": null, "has_parts": false, "version": 1, "bbox": { "xmin": 8.536831855773926, "xmax": 8.5371732711792, "ymin": 47.37530517578125, "ymax": 47.375518798828125 } }, "geometry": { "type": "Polygon", "coordinates": [ [ [ 8.5371727, 47.3753763 ], [ 8.5370673, 47.3755117 ], [ 8.5369197, 47.3754781 ], [ 8.5368322, 47.3753886 ], [ 8.5369967, 47.3753127 ], [ 8.5371727, 47.3753763 ] ] ] } },
{ "type": "Feature", "properties": { "id": "04f00aaf-6330-4a79-95bc-1da827404735", "names": null, "sources": "[{'property': '', 'dataset': 'OpenStreetMap', 'license': 'ODbL-1.0', 'record_id': 'w325859850@5', 'update_time': '2026-03-21T16:00:19.000Z', 'confidence': None, 'between': None, 'provider': 'osm', 'resource': 'planet', 'version': '2026-09-06T00:00:00.000Z'}]", "level": null, "height": null, "min_height": null, "is_underground": false, "num_floors": null, "num_floors_underground": null, "min_floor": null, "subtype": "commercial", "class": "office", "facade_color": null, "facade_material": null, "roof_material": null, "roof_shape": null, "roof_direction": null, "roof_orientation": null, "roof_color": null, "roof_height": null, "has_parts": false, "version": 2, "bbox": { "xmin": 8.53730297088623, "xmax": 8.537482261657715, "ymin": 47.37535858154297, "ymax": 47.37548065185547 } }, "geometry": { "type": "Polygon", "coordinates": [ [ [ 8.5373994, 47.3754755 ], [ 8.537303, 47.3754399 ], [ 8.5373653, 47.3753598 ], [ 8.5374822, 47.3754015 ], [ 8.5374799, 47.3754045 ], [ 8.5374382, 47.3754589 ], [ 8.5374421, 47.3754674 ], [ 8.537443, 47.3754691 ], [ 8.5374264, 47.3754731 ], [ 8.5374273, 47.3754747 ], [ 8.5374016, 47.3754802 ], [ 8.5373994, 47.3754755 ] ] ] } },
{ "type": "Feature", "properties": { "id": "86ce0308-68cb-4eda-8496-f52e6ecd56b4", "names": null, "sources": "[{'property': '', 'dataset': 'OpenStreetMap', 'license': 'ODbL-1.0', 'record_id': 'w78631736@7', 'update_time': '2026-03-21T16:00:33.000Z', 'confidence': None, 'between': None, 'provider': 'osm', 'resource': 'planet', 'version': '2026-09-06T00:00:00.000Z'}]", "level": null, "height": null, "min_height": null, "is_underground": false, "num_floors": null, "num_floors_underground": null, "min_floor": null, "subtype": "commercial", "class": "commercial", "facade_color": null, "facade_material": null, "roof_material": null, "roof_shape": null, "roof_direction": null, "roof_orientation": null, "roof_color": null, "roof_height": null, "has_parts": false, "version": 1, "bbox": { "xmin": 8.536885261535645, "xmax": 8.537283897399902, "ymin": 47.3751335144043, "ymax": 47.3753776550293 } }, "geometry": { "type": "Polygon", "coordinates": [ [ [ 8.5370223, 47.3751398 ], [ 8.5372835, 47.3752339 ], [ 8.5372277, 47.3753055 ], [ 8.5372398, 47.3753098 ], [ 8.5372218, 47.3753329 ], [ 8.5372098, 47.3753286 ], [ 8.5371727, 47.3753763 ], [ 8.5369967, 47.3753127 ], [ 8.5370017, 47.3753044 ], [ 8.5369066, 47.3752076 ], [ 8.5368949, 47.3752083 ], [ 8.536886, 47.3751984 ], [ 8.5369785, 47.3751914 ], [ 8.5369714, 47.3751483 ], [ 8.5370223, 47.3751398 ] ] ] } },
{ "type": "Feature", "properties": { "id": "bfca8bfa-9039-48f0-987d-40a9dc8aa5c9", "names": null, "sources": "[{'property': '', 'dataset': 'OpenStreetMap', 'license': 'ODbL-1.0', 'record_id': 'w78631735@7', 'update_time': '2026-03-21T16:00:33.000Z', 'confidence': None, 'between': None, 'provider': 'osm', 'resource': 'planet', 'version': '2026-09-06T00:00:00.000Z'}]", "level": null, "height": null, "min_height": null, "is_underground": false, "num_floors": null, "num_floors_underground": null, "min_floor": null, "subtype": "commercial", "class": "commercial", "facade_color": null, "facade_material": null, "roof_material": null, "roof_shape": null, "roof_direction": null, "roof_orientation": null, "roof_color": null, "roof_height": null, "has_parts": false, "version": 1, "bbox": { "xmin": 8.536954879760742, "xmax": 8.537376403808594, "ymin": 47.37502670288086, "ymax": 47.375240325927734 } }, "geometry": { "type": "Polygon", "coordinates": [ [ [ 8.5370223, 47.3751398 ], [ 8.5369714, 47.3751483 ], [ 8.5369557, 47.3750387 ], [ 8.5370593, 47.3750316 ], [ 8.5371197, 47.3750274 ], [ 8.5372411, 47.3750718 ], [ 8.5373568, 47.3751142 ], [ 8.5373674, 47.3751117 ], [ 8.5373758, 47.3751284 ], [ 8.5373641, 47.3751304 ], [ 8.5373281, 47.3751766 ], [ 8.5372835, 47.3752339 ], [ 8.5370223, 47.3751398 ] ] ] } },
{ "type": "Feature", "properties": { "id": "6a822c2a-704e-4614-9ed0-f31761173b5b", "names": null, "sources": "[{'property': '', 'dataset': 'OpenStreetMap', 'license': 'ODbL-1.0', 'record_id': 'w78631733@6', 'update_time': '2026-03-21T16:00:32.000Z', 'confidence': None, 'between': None, 'provider': 'osm', 'resource': 'planet', 'version': '2026-09-06T00:00:00.000Z'}\n {'property': '/properties/height', 'dataset': 'Microsoft ML Buildings', 'license': 'ODbL-1.0', 'record_id': None, 'update_time': None, 'confidence': None, 'between': None, 'provider': 'microsoft', 'resource': 'ml_buildings', 'version': '2026-08-11'}]", "level": null, "height": 21.977603912353516, "min_height": null, "is_underground": false, "num_floors": null, "num_floors_underground": null, "min_floor": null, "subtype": "commercial", "class": "commercial", "facade_color": null, "facade_material": null, "roof_material": null, "roof_shape": null, "roof_direction": null, "roof_orientation": null, "roof_color": null, "roof_height": null, "has_parts": false, "version": 2, "bbox": { "xmin": 8.537175178527832, "xmax": 8.537598609924316, "ymin": 47.37477111816406, "ymax": 47.375064849853516 } }, "geometry": { "type": "Polygon", "coordinates": [ [ [ 8.5375983, 47.3748371 ], [ 8.5374202, 47.375063 ], [ 8.5371752, 47.3749743 ], [ 8.5373134, 47.3747954 ], [ 8.5375317, 47.3747723 ], [ 8.5375983, 47.3748371 ] ] ] } },
{ "type": "Feature", "properties": { "id": "81953cd8-db11-43a9-8a07-4a577b6decb6", "names": null, "sources": "[{'property': '', 'dataset': 'OpenStreetMap', 'license': 'ODbL-1.0', 'record_id': 'w80338504@8', 'update_time': '2026-03-21T16:00:26.000Z', 'confidence': None, 'between': None, 'provider': 'osm', 'resource': 'planet', 'version': '2026-09-06T00:00:00.000Z'}]", "level": null, "height": null, "min_height": null, "is_underground": false, "num_floors": 5.0, "num_floors_underground": null, "min_floor": null, "subtype": "commercial", "class": "commercial", "facade_color": null, "facade_material": null, "roof_material": null, "roof_shape": null, "roof_direction": null, "roof_orientation": null, "roof_color": null, "roof_height": null, "has_parts": false, "version": 1, "bbox": { "xmin": 8.536759376525879, "xmax": 8.537165641784668, "ymin": 47.37466049194336, "ymax": 47.37495040893555 } }, "geometry": { "type": "Polygon", "coordinates": [ [ [ 8.5368712, 47.3747496 ], [ 8.5369395, 47.3746614 ], [ 8.5370623, 47.3747058 ], [ 8.5370932, 47.3747181 ], [ 8.5371011, 47.3747155 ], [ 8.5371497, 47.3747335 ], [ 8.5371652, 47.3747689 ], [ 8.5371388, 47.3748012 ], [ 8.5371327, 47.3748015 ], [ 8.5370383, 47.3749243 ], [ 8.5369062, 47.3749346 ], [ 8.5367727, 47.3749435 ], [ 8.5367598, 47.3748422 ], [ 8.5367594, 47.3748395 ], [ 8.5368342, 47.3748348 ], [ 8.5368398, 47.3748294 ], [ 8.5368712, 47.3748407 ], [ 8.5369257, 47.3747681 ], [ 8.5368712, 47.3747496 ] ] ] } },
{ "type": "Feature", "properties": { "id": "d9a08844-ef14-4e87-96d9-7382388d0dec", "names": null, "sources": "[{'property': '', 'dataset': 'OpenStreetMap', 'license': 'ODbL-1.0', 'record_id': 'w80338522@7', 'update_time': '2026-03-21T16:00:19.000Z', 'confidence': None, 'between': None, 'provider': 'osm', 'resource': 'planet', 'version': '2026-09-06T00:00:00.000Z'}]", "level": null, "height": null, "min_height": null, "is_underground": false, "num_floors": 5.0, "num_floors_underground": null, "min_floor": null, "subtype": "commercial", "class": "office", "facade_color": null, "facade_material": null, "roof_material": null, "roof_shape": null, "roof_direction": null, "roof_orientation": null, "roof_color": null, "roof_height": null, "has_parts": false, "version": 1, "bbox": { "xmin": 8.536535263061523, "xmax": 8.53693962097168, "ymin": 47.37456512451172, "ymax": 47.37476348876953 } }, "geometry": { "type": "Polygon", "coordinates": [ [ [ 8.5365356, 47.3747036 ], [ 8.5367206, 47.3745666 ], [ 8.536769, 47.374596 ], [ 8.5367885, 47.3745939 ], [ 8.5368144, 47.3746058 ], [ 8.5368168, 47.3746194 ], [ 8.5368707, 47.3746394 ], [ 8.5368726, 47.3746374 ], [ 8.5369395, 47.3746614 ], [ 8.5368712, 47.3747496 ], [ 8.5368613, 47.3747539 ], [ 8.5368497, 47.3747548 ], [ 8.5368365, 47.3747513 ], [ 8.536828, 47.3747437 ], [ 8.5368183, 47.3747553 ], [ 8.5368034, 47.3747508 ], [ 8.5367984, 47.3747562 ], [ 8.5367854, 47.3747574 ], [ 8.5367266, 47.3747365 ], [ 8.5367139, 47.374754 ], [ 8.5365867, 47.3747355 ], [ 8.5365356, 47.3747036 ] ] ] } },
{ "type": "Feature", "properties": { "id": "adf65e98-c849-4b0b-acab-bbc8163675df", "names": "{'primary': 'Jelmoli', 'common': None, 'rules': None}", "sources": "[{'property': '', 'dataset': 'OpenStreetMap', 'license': 'ODbL-1.0', 'record_id': 'w37037045@15', 'update_time': '2026-03-21T16:00:24.000Z', 'confidence': None, 'between': None, 'provider': 'osm', 'resource': 'planet', 'version': '2026-09-06T00:00:00.000Z'}\n {'property': '/properties/height', 'dataset': 'Microsoft ML Buildings', 'license': 'ODbL-1.0', 'record_id': None, 'update_time': None, 'confidence': None, 'between': None, 'provider': 'microsoft', 'resource': 'ml_buildings', 'version': '2026-08-11'}]", "level": null, "height": 15.463884353637695, "min_height": null, "is_underground": false, "num_floors": 4.0, "num_floors_underground": null, "min_floor": null, "subtype": "commercial", "class": "retail", "facade_color": null, "facade_material": null, "roof_material": null, "roof_shape": null, "roof_direction": null, "roof_orientation": null, "roof_color": null, "roof_height": null, "has_parts": false, "version": 3, "bbox": { "xmin": 8.53652286529541, "xmax": 8.537923812866211, "ymin": 47.37385177612305, "ymax": 47.374629974365234 } }, "geometry": { "type": "Polygon", "coordinates": [ [ [ 8.5371579, 47.3738548 ], [ 8.5372129, 47.3738599 ], [ 8.5378591, 47.3739102 ], [ 8.537895, 47.3739427 ], [ 8.5379237, 47.3739698 ], [ 8.5378106, 47.3743193 ], [ 8.5377138, 47.3746228 ], [ 8.5375204, 47.3746135 ], [ 8.5373374, 47.3746047 ], [ 8.5373383, 47.3745911 ], [ 8.5373229, 47.3745884 ], [ 8.5373211, 47.374593 ], [ 8.5372585, 47.3745821 ], [ 8.5372602, 47.3745775 ], [ 8.5371702, 47.3745566 ], [ 8.5370556, 47.3745207 ], [ 8.5369617, 47.3744845 ], [ 8.536849, 47.3744283 ], [ 8.5367575, 47.3743692 ], [ 8.5366672, 47.3742963 ], [ 8.5365235, 47.3741496 ], [ 8.5365504, 47.3741368 ], [ 8.5365349, 47.3741145 ], [ 8.5365365, 47.37409 ], [ 8.5365456, 47.3740753 ], [ 8.5365624, 47.3740605 ], [ 8.536893, 47.3738949 ], [ 8.53694, 47.3738773 ], [ 8.5369761, 47.373868 ], [ 8.5370217, 47.3738592 ], [ 8.5370669, 47.373855 ], [ 8.5371088, 47.3738531 ], [ 8.5371579, 47.3738548 ] ] ] } },
{ "type": "Feature", "properties": { "id": "2926dd59-53d0-4a28-accb-e8162fb8c5c9", "names": null, "sources": "[{'property': '', 'dataset': 'OpenStreetMap', 'license': 'ODbL-1.0', 'record_id': 'w80338513@8', 'update_time': '2026-03-21T16:00:15.000Z', 'confidence': None, 'between': None, 'provider': 'osm', 'resource': 'planet', 'version': '2026-09-06T00:00:00.000Z'}]", "level": null, "height": null, "min_height": null, "is_underground": false, "num_floors": 5.0, "num_floors_underground": null, "min_floor": null, "subtype": null, "class": null, "facade_color": null, "facade_material": null, "roof_material": null, "roof_shape": null, "roof_direction": null, "roof_orientation": null, "roof_color": null, "roof_height": null, "has_parts": false, "version": 1, "bbox": { "xmin": 8.536089897155762, "xmax": 8.536415100097656, "ymin": 47.37419128417969, "ymax": 47.37440490722656 } }, "geometry": { "type": "Polygon", "coordinates": [ [ [ 8.5362317, 47.3743764 ], [ 8.5361948, 47.3743936 ], [ 8.5361427, 47.3743454 ], [ 8.5360906, 47.3742972 ], [ 8.5361496, 47.3742687 ], [ 8.5362199, 47.3742337 ], [ 8.5362188, 47.3742325 ], [ 8.5362879, 47.3741982 ], [ 8.5363346, 47.3742468 ], [ 8.5363321, 47.3742481 ], [ 8.536353, 47.3742692 ], [ 8.5364142, 47.3743315 ], [ 8.5362511, 47.3744041 ], [ 8.5362358, 47.3743882 ], [ 8.5362585, 47.3743782 ], [ 8.5362515, 47.3743709 ], [ 8.5362504, 47.3743671 ], [ 8.5362538, 47.3743628 ], [ 8.5362515, 47.3743599 ], [ 8.5362435, 47.3743617 ], [ 8.5362339, 47.3743613 ], [ 8.5362233, 47.3743574 ], [ 8.536219, 47.3743588 ], [ 8.5362317, 47.3743705 ], [ 8.5362331, 47.3743738 ], [ 8.5362317, 47.3743764 ] ] ] } },
{ "type": "Feature", "properties": { "id": "5da74333-a12e-42d3-9206-334921655cad", "names": null, "sources": "[{'property': '', 'dataset': 'OpenStreetMap', 'license': 'ODbL-1.0', 'record_id': 'w326422837@4', 'update_time': '2026-03-21T16:00:10.000Z', 'confidence': None, 'between': None, 'provider': 'osm', 'resource': 'planet', 'version': '2026-09-06T00:00:00.000Z'}]", "level": null, "height": null, "min_height": null, "is_underground": false, "num_floors": 4.0, "num_floors_underground": null, "min_floor": null, "subtype": null, "class": null, "facade_color": null, "facade_material": null, "roof_material": null, "roof_shape": null, "roof_direction": null, "roof_orientation": null, "roof_color": null, "roof_height": null, "has_parts": false, "version": 1, "bbox": { "xmin": 8.535968780517578, "xmax": 8.536212921142578, "ymin": 47.37401580810547, "ymax": 47.37421798706055 } }, "geometry": { "type": "Polygon", "coordinates": [ [ [ 8.5360014, 47.3740733 ], [ 8.5361179, 47.3740218 ], [ 8.5362064, 47.3741133 ], [ 8.5362126, 47.3741205 ], [ 8.5361814, 47.3741346 ], [ 8.5361926, 47.3741459 ], [ 8.5361216, 47.3741817 ], [ 8.5360611, 47.3742109 ], [ 8.5359695, 47.3741272 ], [ 8.5360164, 47.3741044 ], [ 8.5360195, 47.3740905 ], [ 8.5360014, 47.3740733 ] ] ] } },
{ "type": "Feature", "properties": { "id": "0de5f6a1-f2be-464d-88f9-0f196170f879", "names": null, "sources": "[{'property': '', 'dataset': 'OpenStreetMap', 'license': 'ODbL-1.0', 'record_id': 'w80338512@5', 'update_time': '2026-03-21T16:00:15.000Z', 'confidence': None, 'between': None, 'provider': 'osm', 'resource': 'planet', 'version': '2026-09-06T00:00:00.000Z'}]", "level": null, "height": null, "min_height": null, "is_underground": false, "num_floors": 4.0, "num_floors_underground": null, "min_floor": null, "subtype": null, "class": null, "facade_color": null, "facade_material": null, "roof_material": null, "roof_shape": null, "roof_direction": null, "roof_orientation": null, "roof_color": null, "roof_height": null, "has_parts": false, "version": 1, "bbox": { "xmin": 8.535886764526367, "xmax": 8.536118507385254, "ymin": 47.37390899658203, "ymax": 47.374088287353516 } }, "geometry": { "type": "Polygon", "coordinates": [ [ [ 8.5361179, 47.3740218 ], [ 8.5360014, 47.3740733 ], [ 8.5359809, 47.3740824 ], [ 8.5358875, 47.3739856 ], [ 8.5359339, 47.373965 ], [ 8.5359245, 47.3739553 ], [ 8.5360151, 47.3739153 ], [ 8.5361179, 47.3740218 ] ] ] } },
{ "type": "Feature", "properties": { "id": "53d54e14-9b1f-46b1-9070-d973bc9dbe6d", "names": null, "sources": "[{'property': '', 'dataset': 'OpenStreetMap', 'license': 'ODbL-1.0', 'record_id': 'w326422841@9', 'update_time': '2026-03-21T16:00:13.000Z', 'confidence': None, 'between': None, 'provider': 'osm', 'resource': 'planet', 'version': '2026-09-06T00:00:00.000Z'}]", "level": null, "height": null, "min_height": null, "is_underground": false, "num_floors": 5.0, "num_floors_underground": null, "min_floor": null, "subtype": "residential", "class": "apartments", "facade_color": null, "facade_material": null, "roof_material": null, "roof_shape": "gabled", "roof_direction": null, "roof_orientation": null, "roof_color": null, "roof_height": null, "has_parts": false, "version": 1, "bbox": { "xmin": 8.535857200622559, "xmax": 8.53606128692627, "ymin": 47.37411880493164, "ymax": 47.374271392822266 } }, "geometry": { "type": "Polygon", "coordinates": [ [ [ 8.5358846, 47.3742015 ], [ 8.5358761, 47.3741932 ], [ 8.5358574, 47.3741748 ], [ 8.5359671, 47.374125 ], [ 8.5359695, 47.3741272 ], [ 8.5360611, 47.3742109 ], [ 8.5359519, 47.3742654 ], [ 8.5358884, 47.3741997 ], [ 8.5358846, 47.3742015 ] ] ] } },
{ "type": "Feature", "properties": { "id": "ce9fb1c7-bf03-4921-9bf3-ebff53a453a0", "names": null, "sources": "[{'property': '', 'dataset': 'OpenStreetMap', 'license': 'ODbL-1.0', 'record_id': 'w326422840@4', 'update_time': '2026-03-21T16:00:39.000Z', 'confidence': None, 'between': None, 'provider': 'osm', 'resource': 'planet', 'version': '2026-09-06T00:00:00.000Z'}]", "level": null, "height": null, "min_height": null, "is_underground": false, "num_floors": null, "num_floors_underground": null, "min_floor": null, "subtype": null, "class": null, "facade_color": null, "facade_material": null, "roof_material": null, "roof_shape": null, "roof_direction": null, "roof_orientation": null, "roof_color": null, "roof_height": null, "has_parts": false, "version": 1, "bbox": { "xmin": 8.535713195800781, "xmax": 8.5359525680542, "ymin": 47.374183654785156, "ymax": 47.37434005737305 } }, "geometry": { "type": "Polygon", "coordinates": [ [ [ 8.535714, 47.3742464 ], [ 8.5358391, 47.3741897 ], [ 8.5358534, 47.3742037 ], [ 8.5358761, 47.3741932 ], [ 8.5358846, 47.3742015 ], [ 8.5358884, 47.3741997 ], [ 8.5359519, 47.3742654 ], [ 8.5358811, 47.3743013 ], [ 8.5358274, 47.3743285 ], [ 8.5358212, 47.374328 ], [ 8.5358189, 47.374339 ], [ 8.5357901, 47.3743362 ], [ 8.5357924, 47.3743252 ], [ 8.5357892, 47.3743249 ], [ 8.5357728, 47.3743079 ], [ 8.535714, 47.3742464 ] ] ] } },
{ "type": "Feature", "properties": { "id": "3f70dfe8-b0f1-4bb0-8846-a13fa8f36d5a", "names": "{'primary': 'Ehemalige Warenhauskette ABM', 'common': None, 'rules': array([{'variant': 'alternate', 'language': None, 'perspectives': None, 'value': 'Ehemalige Warenhauskette ABM', 'between': None, 'side': None}],\n      dtype=object)}", "sources": "[{'property': '', 'dataset': 'OpenStreetMap', 'license': 'ODbL-1.0', 'record_id': 'w80338507@8', 'update_time': '2026-03-21T16:00:09.000Z', 'confidence': None, 'between': None, 'provider': 'osm', 'resource': 'planet', 'version': '2026-09-06T00:00:00.000Z'}]", "level": null, "height": null, "min_height": null, "is_underground": false, "num_floors": null, "num_floors_underground": null, "min_floor": null, "subtype": null, "class": null, "facade_color": null, "facade_material": null, "roof_material": null, "roof_shape": null, "roof_direction": null, "roof_orientation": null, "roof_color": null, "roof_height": null, "has_parts": false, "version": 1, "bbox": { "xmin": 8.535882949829102, "xmax": 8.536194801330566, "ymin": 47.374290466308594, "ymax": 47.37453079223633 } }, "geometry": { "type": "Polygon", "coordinates": [ [ [ 8.5361287, 47.3744276 ], [ 8.5361517, 47.3744493 ], [ 8.5359849, 47.3745244 ], [ 8.5359176, 47.3744552 ], [ 8.5359004, 47.3744377 ], [ 8.5358832, 47.3744201 ], [ 8.5358876, 47.374398 ], [ 8.5359335, 47.3743752 ], [ 8.536047, 47.3743188 ], [ 8.5360658, 47.3743095 ], [ 8.5360906, 47.3742972 ], [ 8.5361427, 47.3743454 ], [ 8.5361948, 47.3743936 ], [ 8.5361703, 47.3744062 ], [ 8.5361518, 47.3744157 ], [ 8.5361287, 47.3744276 ] ] ] } },
{ "type": "Feature", "properties": { "id": "cd948137-2a31-4440-ace2-7281a084cd61", "names": null, "sources": "[{'property': '', 'dataset': 'OpenStreetMap', 'license': 'ODbL-1.0', 'record_id': 'w80338510@6', 'update_time': '2026-03-21T16:00:36.000Z', 'confidence': None, 'between': None, 'provider': 'osm', 'resource': 'planet', 'version': '2026-09-06T00:00:00.000Z'}]", "level": null, "height": null, "min_height": null, "is_underground": false, "num_floors": null, "num_floors_underground": null, "min_floor": null, "subtype": "commercial", "class": "office", "facade_color": null, "facade_material": null, "roof_material": null, "roof_shape": null, "roof_direction": null, "roof_orientation": null, "roof_color": null, "roof_height": null, "has_parts": false, "version": 2, "bbox": { "xmin": 8.536251068115234, "xmax": 8.536543846130371, "ymin": 47.374324798583984, "ymax": 47.37453842163086 } }, "geometry": { "type": "Polygon", "coordinates": [ [ [ 8.5364142, 47.3743315 ], [ 8.5365438, 47.3744575 ], [ 8.5363766, 47.3745315 ], [ 8.5363724, 47.3745306 ], [ 8.5362511, 47.3744041 ], [ 8.5364142, 47.3743315 ] ] ] } },
{ "type": "Feature", "properties": { "id": "042bdce7-2aa8-4988-aadb-bc43c4c04c25", "names": null, "sources": "[{'property': '', 'dataset': 'OpenStreetMap', 'license': 'ODbL-1.0', 'record_id': 'w80338519@5', 'update_time': '2026-03-21T16:00:15.000Z', 'confidence': None, 'between': None, 'provider': 'osm', 'resource': 'planet', 'version': '2026-09-06T00:00:00.000Z'}]", "level": null, "height": null, "min_height": null, "is_underground": false, "num_floors": null, "num_floors_underground": null, "min_floor": null, "subtype": null, "class": null, "facade_color": null, "facade_material": null, "roof_material": null, "roof_shape": null, "roof_direction": null, "roof_orientation": null, "roof_color": null, "roof_height": null, "has_parts": false, "version": 1, "bbox": { "xmin": 8.536375999450684, "xmax": 8.536721229553223, "ymin": 47.37445068359375, "ymax": 47.37471008300781 } }, "geometry": { "type": "Polygon", "coordinates": [ [ [ 8.5363766, 47.3745315 ], [ 8.5365438, 47.3744575 ], [ 8.5366098, 47.3744982 ], [ 8.5366203, 47.3744904 ], [ 8.5366555, 47.3745122 ], [ 8.5366451, 47.37452 ], [ 8.5367206, 47.3745666 ], [ 8.5365356, 47.3747036 ], [ 8.5365328, 47.3747022 ], [ 8.536539, 47.3746966 ], [ 8.5363766, 47.3745315 ] ] ] } },
{ "type": "Feature", "properties": { "id": "e81a4d6d-9cde-4283-ad80-15ed45bda95b", "names": null, "sources": "[{'property': '', 'dataset': 'OpenStreetMap', 'license': 'ODbL-1.0', 'record_id': 'w80338516@7', 'update_time': '2026-03-21T15:59:59.000Z', 'confidence': None, 'between': None, 'provider': 'osm', 'resource': 'planet', 'version': '2026-09-06T00:00:00.000Z'}]", "level": null, "height": null, "min_height": null, "is_underground": false, "num_floors": null, "num_floors_underground": null, "min_floor": null, "subtype": "residential", "class": "apartments", "facade_color": null, "facade_material": null, "roof_material": null, "roof_shape": null, "roof_direction": null, "roof_orientation": null, "roof_color": null, "roof_height": null, "has_parts": false, "version": 1, "bbox": { "xmin": 8.53598403930664, "xmax": 8.536314010620117, "ymin": 47.37444305419922, "ymax": 47.37469482421875 } }, "geometry": { "type": "Polygon", "coordinates": [ [ [ 8.5361517, 47.3744493 ], [ 8.5363131, 47.3746136 ], [ 8.5361464, 47.3746887 ], [ 8.5360926, 47.3746339 ], [ 8.5360657, 47.3746066 ], [ 8.5360387, 47.3745792 ], [ 8.5359849, 47.3745244 ], [ 8.5361517, 47.3744493 ] ] ] } },
{ "type": "Feature", "properties": { "id": "878021d7-daa2-474f-912c-febcc8374077", "names": null, "sources": "[{'property': '', 'dataset': 'OpenStreetMap', 'license': 'ODbL-1.0', 'record_id': 'w326116410@4', 'update_time': '2024-04-30T15:49:59.000Z', 'confidence': None, 'between': None, 'provider': 'osm', 'resource': 'planet', 'version': '2026-09-06T00:00:00.000Z'}]", "level": null, "height": 25.0, "min_height": null, "is_underground": false, "num_floors": null, "num_floors_underground": null, "min_floor": null, "subtype": "commercial", "class": "commercial", "facade_color": null, "facade_material": null, "roof_material": null, "roof_shape": null, "roof_direction": null, "roof_orientation": null, "roof_color": null, "roof_height": null, "has_parts": false, "version": 1, "bbox": { "xmin": 8.535234451293945, "xmax": 8.535746574401855, "ymin": 47.374237060546875, "ymax": 47.374664306640625 } }, "geometry": { "type": "Polygon", "coordinates": [ [ [ 8.5357462, 47.374568 ], [ 8.5357438, 47.3745691 ], [ 8.5355474, 47.3746576 ], [ 8.5355233, 47.3746331 ], [ 8.5354448, 47.3745531 ], [ 8.5354306, 47.3745596 ], [ 8.5352507, 47.3743764 ], [ 8.5352351, 47.3743606 ], [ 8.5352502, 47.3743537 ], [ 8.5352369, 47.3743402 ], [ 8.5354338, 47.3742515 ], [ 8.5354495, 47.3742444 ], [ 8.5354756, 47.374271 ], [ 8.5357093, 47.374509 ], [ 8.5356947, 47.3745155 ], [ 8.5357205, 47.3745418 ], [ 8.5357462, 47.374568 ] ] ] } },
{ "type": "Feature", "properties": { "id": "78b98c33-0de8-4589-9bfa-21aa1ceac845", "names": null, "sources": "[{'property': '', 'dataset': 'OpenStreetMap', 'license': 'ODbL-1.0', 'record_id': 'w1287639344@3', 'update_time': '2026-03-21T16:00:07.000Z', 'confidence': None, 'between': None, 'provider': 'osm', 'resource': 'planet', 'version': '2026-09-06T00:00:00.000Z'}]", "level": null, "height": null, "min_height": null, "is_underground": false, "num_floors": null, "num_floors_underground": null, "min_floor": null, "subtype": "outbuilding", "class": "roof", "facade_color": null, "facade_material": null, "roof_material": null, "roof_shape": "flat", "roof_direction": null, "roof_orientation": null, "roof_color": null, "roof_height": null, "has_parts": false, "version": 1, "bbox": { "xmin": 8.534306526184082, "xmax": 8.534360885620117, "ymin": 47.37466812133789, "ymax": 47.374717712402344 } }, "geometry": { "type": "Polygon", "coordinates": [ [ [ 8.5343494, 47.3747127 ], [ 8.5343401, 47.374717 ], [ 8.5343072, 47.3746839 ], [ 8.5343271, 47.3746747 ], [ 8.5343601, 47.3747078 ], [ 8.5343494, 47.3747127 ] ] ] } },
{ "type": "Feature", "properties": { "id": "367773fa-a51c-4554-adc5-5a76a49eabea", "names": null, "sources": "[{'property': '', 'dataset': 'OpenStreetMap', 'license': 'ODbL-1.0', 'record_id': 'w1287639353@1', 'update_time': '2024-05-29T10:32:56.000Z', 'confidence': None, 'between': None, 'provider': 'osm', 'resource': 'planet', 'version': '2026-09-06T00:00:00.000Z'}]", "level": null, "height": null, "min_height": null, "is_underground": false, "num_floors": 1.0, "num_floors_underground": null, "min_floor": null, "subtype": "service", "class": "service", "facade_color": null, "facade_material": null, "roof_material": null, "roof_shape": null, "roof_direction": null, "roof_orientation": null, "roof_color": null, "roof_height": null, "has_parts": false, "version": 1, "bbox": { "xmin": 8.534249305725098, "xmax": 8.534305572509766, "ymin": 47.37461471557617, "ymax": 47.37466049194336 } }, "geometry": { "type": "Polygon", "coordinates": [ [ [ 8.5342722, 47.3746156 ], [ 8.5343049, 47.3746496 ], [ 8.5342828, 47.3746593 ], [ 8.5342502, 47.3746253 ], [ 8.5342722, 47.3746156 ] ] ] } },
{ "type": "Feature", "properties": { "id": "fe75b8cd-63a9-448a-aaa7-adeb6fa45771", "names": null, "sources": "[{'property': '', 'dataset': 'OpenStreetMap', 'license': 'ODbL-1.0', 'record_id': 'w1287639354@3', 'update_time': '2026-03-21T16:00:21.000Z', 'confidence': None, 'between': None, 'provider': 'osm', 'resource': 'planet', 'version': '2026-09-06T00:00:00.000Z'}]", "level": 1.0, "height": null, "min_height": null, "is_underground": false, "num_floors": null, "num_floors_underground": null, "min_floor": null, "subtype": "outbuilding", "class": "roof", "facade_color": null, "facade_material": null, "roof_material": null, "roof_shape": null, "roof_direction": null, "roof_orientation": null, "roof_color": null, "roof_height": null, "has_parts": false, "version": 1, "bbox": { "xmin": 8.534250259399414, "xmax": 8.534324645996094, "ymin": 47.37458419799805, "ymax": 47.37465286254883 } }, "geometry": { "type": "Polygon", "coordinates": [ [ [ 8.5342684, 47.3745852 ], [ 8.5343244, 47.3746435 ], [ 8.5343066, 47.3746514 ], [ 8.5343049, 47.3746496 ], [ 8.5342722, 47.3746156 ], [ 8.5342506, 47.374593 ], [ 8.5342684, 47.3745852 ] ] ] } },
{ "type": "Feature", "properties": { "id": "e1034b4a-bdbb-417d-bda4-0817e7937937", "names": null, "sources": "[{'property': '', 'dataset': 'OpenStreetMap', 'license': 'ODbL-1.0', 'record_id': 'w1285078625@3', 'update_time': '2026-03-21T16:00:23.000Z', 'confidence': None, 'between': None, 'provider': 'osm', 'resource': 'planet', 'version': '2026-09-06T00:00:00.000Z'}]", "level": 1.0, "height": null, "min_height": null, "is_underground": false, "num_floors": null, "num_floors_underground": null, "min_floor": null, "subtype": "outbuilding", "class": "roof", "facade_color": null, "facade_material": null, "roof_material": null, "roof_shape": null, "roof_direction": null, "roof_orientation": null, "roof_color": null, "roof_height": null, "has_parts": false, "version": 1, "bbox": { "xmin": 8.53441333770752, "xmax": 8.534668922424316, "ymin": 47.374332427978516, "ymax": 47.37456512451172 } }, "geometry": { "type": "Polygon", "coordinates": [ [ [ 8.5346686, 47.3745397 ], [ 8.5346154, 47.3745636 ], [ 8.5345812, 47.3745286 ], [ 8.5346169, 47.3745126 ], [ 8.5344845, 47.3743771 ], [ 8.5344489, 47.374393 ], [ 8.5344137, 47.374357 ], [ 8.5344668, 47.3743332 ], [ 8.5346686, 47.3745397 ] ] ] } },
{ "type": "Feature", "properties": { "id": "f8f07317-4088-472d-8bd2-5070496a33d5", "names": null, "sources": "[{'property': '', 'dataset': 'OpenStreetMap', 'license': 'ODbL-1.0', 'record_id': 'w326116404@8', 'update_time': '2026-03-21T16:00:30.000Z', 'confidence': None, 'between': None, 'provider': 'osm', 'resource': 'planet', 'version': '2026-09-06T00:00:00.000Z'}]", "level": null, "height": null, "min_height": null, "is_underground": false, "num_floors": 5.0, "num_floors_underground": null, "min_floor": null, "subtype": "commercial", "class": "commercial", "facade_color": null, "facade_material": null, "roof_material": null, "roof_shape": "gabled", "roof_direction": null, "roof_orientation": null, "roof_color": null, "roof_height": null, "has_parts": false, "version": 1, "bbox": { "xmin": 8.534624099731445, "xmax": 8.535172462463379, "ymin": 47.373775482177734, "ymax": 47.374122619628906 } }, "geometry": { "type": "Polygon", "coordinates": [ [ [ 8.5351584, 47.3739391 ], [ 8.5351723, 47.3739534 ], [ 8.5350643, 47.374002 ], [ 8.5350663, 47.3740041 ], [ 8.5349543, 47.3740549 ], [ 8.5349514, 47.3740533 ], [ 8.5348732, 47.3741211 ], [ 8.5347901, 47.37408 ], [ 8.5346241, 47.3740121 ], [ 8.5347129, 47.3739118 ], [ 8.5347631, 47.3739326 ], [ 8.5348801, 47.3738801 ], [ 8.5348527, 47.3738506 ], [ 8.5350051, 47.3737817 ], [ 8.5350748, 47.3738532 ], [ 8.5351584, 47.3739391 ] ] ] } },
{ "type": "Feature", "properties": { "id": "3230f467-4bc6-400c-9125-a829ea93c1db", "names": null, "sources": "[{'property': '', 'dataset': 'OpenStreetMap', 'license': 'ODbL-1.0', 'record_id': 'w326116406@7', 'update_time': '2026-03-21T16:00:40.000Z', 'confidence': None, 'between': None, 'provider': 'osm', 'resource': 'planet', 'version': '2026-09-06T00:00:00.000Z'}]", "level": null, "height": null, "min_height": null, "is_underground": false, "num_floors": null, "num_floors_underground": null, "min_floor": null, "subtype": "commercial", "class": "commercial", "facade_color": null, "facade_material": null, "roof_material": null, "roof_shape": null, "roof_direction": null, "roof_orientation": null, "roof_color": null, "roof_height": null, "has_parts": false, "version": 1, "bbox": { "xmin": 8.534873008728027, "xmax": 8.535500526428223, "ymin": 47.37394714355469, "ymax": 47.37434387207031 } }, "geometry": { "type": "Polygon", "coordinates": [ [ [ 8.5355001, 47.3742235 ], [ 8.5354495, 47.3742444 ], [ 8.5354338, 47.3742515 ], [ 8.5352369, 47.3743402 ], [ 8.5352321, 47.3743421 ], [ 8.5351645, 47.3742935 ], [ 8.5350877, 47.3742447 ], [ 8.5349823, 47.3741786 ], [ 8.5348732, 47.3741211 ], [ 8.5349514, 47.3740533 ], [ 8.5349543, 47.3740549 ], [ 8.5350652, 47.3741154 ], [ 8.5351172, 47.3741469 ], [ 8.5351424, 47.3741295 ], [ 8.5351581, 47.37412 ], [ 8.5351749, 47.3741124 ], [ 8.5351179, 47.3740556 ], [ 8.5351058, 47.3740435 ], [ 8.5350936, 47.3740313 ], [ 8.5350663, 47.3740041 ], [ 8.5350643, 47.374002 ], [ 8.5351723, 47.3739534 ], [ 8.5351867, 47.3739682 ], [ 8.5352011, 47.373983 ], [ 8.535213, 47.3739952 ], [ 8.535225, 47.3740074 ], [ 8.5352669, 47.3740501 ], [ 8.5353227, 47.3741071 ], [ 8.5353716, 47.3741569 ], [ 8.5353925, 47.3741783 ], [ 8.5354373, 47.3741579 ], [ 8.5354844, 47.3742071 ], [ 8.5355001, 47.3742235 ] ] ] } },
{ "type": "Feature", "properties": { "id": "8ac34728-48b9-40b6-9db9-fbb7d8feaf9b", "names": null, "sources": "[{'property': '', 'dataset': 'OpenStreetMap', 'license': 'ODbL-1.0', 'record_id': 'w326422847@5', 'update_time': '2026-03-21T16:00:26.000Z', 'confidence': None, 'between': None, 'provider': 'osm', 'resource': 'planet', 'version': '2026-09-06T00:00:00.000Z'}]", "level": null, "height": null, "min_height": null, "is_underground": false, "num_floors": null, "num_floors_underground": null, "min_floor": null, "subtype": "residential", "class": "apartments", "facade_color": null, "facade_material": null, "roof_material": null, "roof_shape": null, "roof_direction": null, "roof_orientation": null, "roof_color": null, "roof_height": null, "has_parts": false, "version": 1, "bbox": { "xmin": 8.535629272460938, "xmax": 8.535844802856445, "ymin": 47.37409210205078, "ymax": 47.37424850463867 } }, "geometry": { "type": "Polygon", "coordinates": [ [ [ 8.5356302, 47.3741632 ], [ 8.5357855, 47.374093 ], [ 8.5358442, 47.3741525 ], [ 8.5358152, 47.3741655 ], [ 8.5358391, 47.3741897 ], [ 8.535714, 47.3742464 ], [ 8.5357128, 47.3742469 ], [ 8.5356302, 47.3741632 ] ] ] } },
{ "type": "Feature", "properties": { "id": "ce88dea1-dcb6-478f-ad83-b608e195ea27", "names": null, "sources": "[{'property': '', 'dataset': 'OpenStreetMap', 'license': 'ODbL-1.0', 'record_id': 'w326422845@5', 'update_time': '2026-03-21T16:00:09.000Z', 'confidence': None, 'between': None, 'provider': 'osm', 'resource': 'planet', 'version': '2026-09-06T00:00:00.000Z'}]", "level": null, "height": null, "min_height": null, "is_underground": false, "num_floors": null, "num_floors_underground": null, "min_floor": null, "subtype": "commercial", "class": "commercial", "facade_color": null, "facade_material": null, "roof_material": null, "roof_shape": null, "roof_direction": null, "roof_orientation": null, "roof_color": null, "roof_height": null, "has_parts": false, "version": 1, "bbox": { "xmin": 8.535547256469727, "xmax": 8.535788536071777, "ymin": 47.37400817871094, "ymax": 47.37416458129883 } }, "geometry": { "type": "Polygon", "coordinates": [ [ [ 8.5355523, 47.3740805 ], [ 8.535706, 47.3740109 ], [ 8.535708, 47.37401 ], [ 8.5357885, 47.3740916 ], [ 8.5357855, 47.374093 ], [ 8.5356302, 47.3741632 ], [ 8.5356292, 47.3741637 ], [ 8.5355487, 47.3740821 ], [ 8.5355523, 47.3740805 ] ] ] } },
{ "type": "Feature", "properties": { "id": "8460bd51-3ee1-4fb0-83ec-5e79d48fd1ae", "names": null, "sources": "[{'property': '', 'dataset': 'OpenStreetMap', 'license': 'ODbL-1.0', 'record_id': 'w80338521@8', 'update_time': '2026-03-21T16:00:36.000Z', 'confidence': None, 'between': None, 'provider': 'osm', 'resource': 'planet', 'version': '2026-09-06T00:00:00.000Z'}]", "level": null, "height": null, "min_height": null, "is_underground": false, "num_floors": null, "num_floors_underground": null, "min_floor": null, "subtype": null, "class": null, "facade_color": null, "facade_material": null, "roof_material": null, "roof_shape": null, "roof_direction": null, "roof_orientation": null, "roof_color": null, "roof_height": null, "has_parts": false, "version": 1, "bbox": { "xmin": 8.53541374206543, "xmax": 8.53575325012207, "ymin": 47.37382888793945, "ymax": 47.374080657958984 } }, "geometry": { "type": "Polygon", "coordinates": [ [ [ 8.535706, 47.3740109 ], [ 8.5355523, 47.3740805 ], [ 8.5354146, 47.3739415 ], [ 8.5356569, 47.3738298 ], [ 8.5357518, 47.3739176 ], [ 8.5356579, 47.3739611 ], [ 8.535706, 47.3740109 ] ] ] } },
{ "type": "Feature", "properties": { "id": "ad64a4ae-a70e-42f5-8964-333143c210a3", "names": null, "sources": "[{'property': '', 'dataset': 'OpenStreetMap', 'license': 'ODbL-1.0', 'record_id': 'w80338506@7', 'update_time': '2026-03-21T16:00:04.000Z', 'confidence': None, 'between': None, 'provider': 'osm', 'resource': 'planet', 'version': '2026-09-06T00:00:00.000Z'}]", "level": null, "height": null, "min_height": null, "is_underground": false, "num_floors": 4.0, "num_floors_underground": null, "min_floor": null, "subtype": "commercial", "class": "commercial", "facade_color": null, "facade_material": null, "roof_material": null, "roof_shape": null, "roof_direction": null, "roof_orientation": null, "roof_color": null, "roof_height": null, "has_parts": false, "version": 1, "bbox": { "xmin": 8.535242080688477, "xmax": 8.535517692565918, "ymin": 47.37369918823242, "ymax": 47.37386703491211 } }, "geometry": { "type": "Polygon", "coordinates": [ [ [ 8.5355168, 47.3737847 ], [ 8.5353416, 47.3738655 ], [ 8.5352423, 47.373765 ], [ 8.5353842, 47.3737007 ], [ 8.5354088, 47.3737256 ], [ 8.5354392, 47.3737119 ], [ 8.5354431, 47.3737101 ], [ 8.5355168, 47.3737847 ] ] ] } },
{ "type": "Feature", "properties": { "id": "45bdeda2-6724-4fc5-a946-abad61651991", "names": null, "sources": "[{'property': '', 'dataset': 'OpenStreetMap', 'license': 'ODbL-1.0', 'record_id': 'w80338514@7', 'update_time': '2026-03-21T16:00:30.000Z', 'confidence': None, 'between': None, 'provider': 'osm', 'resource': 'planet', 'version': '2026-09-06T00:00:00.000Z'}]", "level": null, "height": null, "min_height": null, "is_underground": false, "num_floors": 6.0, "num_floors_underground": null, "min_floor": null, "subtype": "commercial", "class": "commercial", "facade_color": null, "facade_material": null, "roof_material": null, "roof_shape": null, "roof_direction": null, "roof_orientation": null, "roof_color": null, "roof_height": null, "has_parts": false, "version": 1, "bbox": { "xmin": 8.535426139831543, "xmax": 8.535775184631348, "ymin": 47.373497009277344, "ymax": 47.3737907409668 } }, "geometry": { "type": "Polygon", "coordinates": [ [ [ 8.535775, 47.3736661 ], [ 8.5355168, 47.3737847 ], [ 8.5354431, 47.3737101 ], [ 8.5354392, 47.3737119 ], [ 8.5354262, 47.3736976 ], [ 8.5355549, 47.3736383 ], [ 8.5354768, 47.373559 ], [ 8.5356145, 47.3734978 ], [ 8.535775, 47.3736661 ] ] ] } },
{ "type": "Feature", "properties": { "id": "0a9eff8d-e82d-4906-add9-a42e0df0ea56", "names": null, "sources": "[{'property': '', 'dataset': 'OpenStreetMap', 'license': 'ODbL-1.0', 'record_id': 'w326259133@3', 'update_time': '2026-03-21T16:00:16.000Z', 'confidence': None, 'between': None, 'provider': 'osm', 'resource': 'planet', 'version': '2026-09-06T00:00:00.000Z'}]", "level": null, "height": null, "min_height": null, "is_underground": false, "num_floors": null, "num_floors_underground": null, "min_floor": null, "subtype": null, "class": null, "facade_color": null, "facade_material": null, "roof_material": null, "roof_shape": null, "roof_direction": null, "roof_orientation": null, "roof_color": null, "roof_height": null, "has_parts": false, "version": 1, "bbox": { "xmin": 8.535140991210938, "xmax": 8.535385131835938, "ymin": 47.373592376708984, "ymax": 47.37377166748047 } }, "geometry": { "type": "Polygon", "coordinates": [ [ [ 8.5352423, 47.373765 ], [ 8.535141, 47.3736625 ], [ 8.5352956, 47.3735925 ], [ 8.5353783, 47.3736762 ], [ 8.5353656, 47.3736819 ], [ 8.5353842, 47.3737007 ], [ 8.5352423, 47.373765 ] ] ] } },
{ "type": "Feature", "properties": { "id": "1d6c9f78-d452-4d70-95cd-dfb32767e816", "names": null, "sources": "[{'property': '', 'dataset': 'OpenStreetMap', 'license': 'ODbL-1.0', 'record_id': 'w80338517@7', 'update_time': '2026-03-21T16:00:15.000Z', 'confidence': None, 'between': None, 'provider': 'osm', 'resource': 'planet', 'version': '2026-09-06T00:00:00.000Z'}]", "level": null, "height": null, "min_height": null, "is_underground": false, "num_floors": null, "num_floors_underground": null, "min_floor": null, "subtype": null, "class": null, "facade_color": null, "facade_material": null, "roof_material": null, "roof_shape": null, "roof_direction": null, "roof_orientation": null, "roof_color": null, "roof_height": null, "has_parts": false, "version": 1, "bbox": { "xmin": 8.535038948059082, "xmax": 8.535296440124512, "ymin": 47.373512268066406, "ymax": 47.3736686706543 } }, "geometry": { "type": "Polygon", "coordinates": [ [ [ 8.5352956, 47.3735925 ], [ 8.535141, 47.3736625 ], [ 8.5350395, 47.3735597 ], [ 8.535144, 47.3735123 ], [ 8.5351463, 47.3735146 ], [ 8.535172, 47.3735406 ], [ 8.5351779, 47.373538 ], [ 8.5351814, 47.3735415 ], [ 8.5352255, 47.3735216 ], [ 8.5352956, 47.3735925 ] ] ] } },
{ "type": "Feature", "properties": { "id": "a7ce1396-fc1c-4b78-9a3f-6b303b5b6fbb", "names": null, "sources": "[{'property': '', 'dataset': 'OpenStreetMap', 'license': 'ODbL-1.0', 'record_id': 'w326116413@7', 'update_time': '2026-03-21T16:00:07.000Z', 'confidence': None, 'between': None, 'provider': 'osm', 'resource': 'planet', 'version': '2026-09-06T00:00:00.000Z'}]", "level": null, "height": null, "min_height": null, "is_underground": false, "num_floors": 6.0, "num_floors_underground": null, "min_floor": null, "subtype": "commercial", "class": "commercial", "facade_color": null, "facade_material": null, "roof_material": null, "roof_shape": null, "roof_direction": null, "roof_orientation": null, "roof_color": null, "roof_height": null, "has_parts": false, "version": 1, "bbox": { "xmin": 8.534207344055176, "xmax": 8.534713745117188, "ymin": 47.373680114746094, "ymax": 47.374019622802734 } }, "geometry": { "type": "Polygon", "coordinates": [ [ [ 8.5344196, 47.3736993 ], [ 8.5344586, 47.3736816 ], [ 8.5344825, 47.3737059 ], [ 8.5345621, 47.3737867 ], [ 8.5346033, 47.3737681 ], [ 8.5346347, 47.3738005 ], [ 8.5345521, 47.3738381 ], [ 8.5345646, 47.3738505 ], [ 8.5347129, 47.3739118 ], [ 8.5346241, 47.3740121 ], [ 8.534237, 47.3738514 ], [ 8.5342217, 47.3738426 ], [ 8.5342127, 47.3738312 ], [ 8.5342074, 47.3738202 ], [ 8.5342092, 47.3738085 ], [ 8.5342164, 47.3737976 ], [ 8.5342317, 47.3737844 ], [ 8.5344196, 47.3736993 ] ] ] } },
{ "type": "Feature", "properties": { "id": "f29c3911-d9c1-4ecb-930d-68296344a44d", "names": null, "sources": "[{'property': '', 'dataset': 'OpenStreetMap', 'license': 'ODbL-1.0', 'record_id': 'w326116403@7', 'update_time': '2026-03-21T16:00:00.000Z', 'confidence': None, 'between': None, 'provider': 'osm', 'resource': 'planet', 'version': '2026-09-06T00:00:00.000Z'}]", "level": null, "height": null, "min_height": null, "is_underground": false, "num_floors": 6.0, "num_floors_underground": null, "min_floor": null, "subtype": "commercial", "class": "commercial", "facade_color": null, "facade_material": null, "roof_material": null, "roof_shape": null, "roof_direction": null, "roof_orientation": null, "roof_color": null, "roof_height": null, "has_parts": false, "version": 1, "bbox": { "xmin": 8.53445816040039, "xmax": 8.535005569458008, "ymin": 47.37353515625, "ymax": 47.373863220214844 } }, "geometry": { "type": "Polygon", "coordinates": [ [ [ 8.5349312, 47.3737067 ], [ 8.5350051, 47.3737817 ], [ 8.5348527, 47.3738506 ], [ 8.5348375, 47.3738574 ], [ 8.5348107, 47.3738302 ], [ 8.5348227, 47.3738247 ], [ 8.5347165, 47.373717 ], [ 8.534643, 47.3737502 ], [ 8.5346255, 47.3737581 ], [ 8.5346079, 47.373766 ], [ 8.5346033, 47.3737681 ], [ 8.5345621, 47.3737867 ], [ 8.5344825, 47.3737059 ], [ 8.5344586, 47.3736816 ], [ 8.534522, 47.373653 ], [ 8.5345395, 47.3736451 ], [ 8.5347686, 47.3735416 ], [ 8.5348425, 47.3736166 ], [ 8.5349312, 47.3737067 ] ] ] } },
{ "type": "Feature", "properties": { "id": "c9b56383-8076-45d9-a76e-5039e65c733a", "names": null, "sources": "[{'property': '', 'dataset': 'OpenStreetMap', 'license': 'ODbL-1.0', 'record_id': 'w32234168@10', 'update_time': '2026-03-21T16:00:09.000Z', 'confidence': None, 'between': None, 'provider': 'osm', 'resource': 'planet', 'version': '2026-09-06T00:00:00.000Z'}\n {'property': '/properties/height', 'dataset': 'Microsoft ML Buildings', 'license': 'ODbL-1.0', 'record_id': None, 'update_time': None, 'confidence': None, 'between': None, 'provider': 'microsoft', 'resource': 'ml_buildings', 'version': '2026-08-11'}]", "level": null, "height": 16.91905403137207, "min_height": null, "is_underground": false, "num_floors": 5.0, "num_floors_underground": null, "min_floor": null, "subtype": "commercial", "class": "office", "facade_color": null, "facade_material": null, "roof_material": null, "roof_shape": "gabled", "roof_direction": null, "roof_orientation": null, "roof_color": null, "roof_height": null, "has_parts": false, "version": 2, "bbox": { "xmin": 8.534015655517578, "xmax": 8.53459644317627, "ymin": 47.37329864501953, "ymax": 47.3736457824707 } }, "geometry": { "type": "Polygon", "coordinates": [ [ [ 8.534556, 47.3733661 ], [ 8.5345958, 47.3734254 ], [ 8.5343561, 47.3735341 ], [ 8.5343589, 47.3735369 ], [ 8.5343421, 47.3735445 ], [ 8.5343253, 47.3735521 ], [ 8.5343223, 47.3735491 ], [ 8.5341234, 47.3736394 ], [ 8.5340161, 47.3735309 ], [ 8.5345147, 47.3733048 ], [ 8.534556, 47.3733661 ] ] ] } },
{ "type": "Feature", "properties": { "id": "9d6d4b26-5458-4b6a-99c5-2f8b6f341ef7", "names": "{'primary': 'Synagoge ICZ Löwenstrasse', 'common': None, 'rules': None}", "sources": "[{'property': '', 'dataset': 'OpenStreetMap', 'license': 'ODbL-1.0', 'record_id': 'w80338523@10', 'update_time': '2026-03-21T16:00:19.000Z', 'confidence': None, 'between': None, 'provider': 'osm', 'resource': 'planet', 'version': '2026-09-06T00:00:00.000Z'}]", "level": null, "height": null, "min_height": null, "is_underground": false, "num_floors": null, "num_floors_underground": null, "min_floor": null, "subtype": "religious", "class": null, "facade_color": null, "facade_material": null, "roof_material": null, "roof_shape": null, "roof_direction": null, "roof_orientation": null, "roof_color": null, "roof_height": null, "has_parts": false, "version": 1, "bbox": { "xmin": 8.534936904907227, "xmax": 8.535323143005371, "ymin": 47.37333297729492, "ymax": 47.373565673828125 } }, "geometry": { "type": "Polygon", "coordinates": [ [ [ 8.5349949, 47.3734287 ], [ 8.5352067, 47.3733337 ], [ 8.5352357, 47.3733651 ], [ 8.535258, 47.3733549 ], [ 8.5352717, 47.3733544 ], [ 8.5352844, 47.3733603 ], [ 8.5352949, 47.3733679 ], [ 8.5353023, 47.3733768 ], [ 8.5353065, 47.373386 ], [ 8.5353065, 47.3733981 ], [ 8.5353231, 47.3734146 ], [ 8.5352967, 47.3734261 ], [ 8.5353093, 47.3734382 ], [ 8.5353105, 47.3734394 ], [ 8.5352634, 47.3734601 ], [ 8.535265, 47.3734618 ], [ 8.5352496, 47.3734686 ], [ 8.5352479, 47.3734669 ], [ 8.5351585, 47.3735063 ], [ 8.5351605, 47.3735084 ], [ 8.5351463, 47.3735146 ], [ 8.535144, 47.3735123 ], [ 8.5350395, 47.3735597 ], [ 8.5349375, 47.3734544 ], [ 8.5349794, 47.3734356 ], [ 8.5349805, 47.3734368 ], [ 8.5349961, 47.3734299 ], [ 8.5349949, 47.3734287 ] ] ] } },
{ "type": "Feature", "properties": { "id": "5a431ccb-a07c-4445-9af3-cf7773568685", "names": null, "sources": "[{'property': '', 'dataset': 'OpenStreetMap', 'license': 'ODbL-1.0', 'record_id': 'w318684689@5', 'update_time': '2026-03-21T16:00:33.000Z', 'confidence': None, 'between': None, 'provider': 'osm', 'resource': 'planet', 'version': '2026-09-06T00:00:00.000Z'}]", "level": null, "height": null, "min_height": null, "is_underground": false, "num_floors": null, "num_floors_underground": null, "min_floor": null, "subtype": null, "class": null, "facade_color": null, "facade_material": null, "roof_material": null, "roof_shape": null, "roof_direction": null, "roof_orientation": null, "roof_color": null, "roof_height": null, "has_parts": false, "version": 1, "bbox": { "xmin": 8.535205841064453, "xmax": 8.535482406616211, "ymin": 47.373252868652344, "ymax": 47.37343978881836 } }, "geometry": { "type": "Polygon", "coordinates": [ [ [ 8.5353807, 47.3732542 ], [ 8.5354823, 47.3733612 ], [ 8.535344, 47.3734231 ], [ 8.5353093, 47.3734382 ], [ 8.5352967, 47.3734261 ], [ 8.5353231, 47.3734146 ], [ 8.5353065, 47.3733981 ], [ 8.5353065, 47.373386 ], [ 8.5353023, 47.3733768 ], [ 8.5352949, 47.3733679 ], [ 8.5352844, 47.3733603 ], [ 8.5352717, 47.3733544 ], [ 8.535258, 47.3733549 ], [ 8.5352357, 47.3733651 ], [ 8.5352067, 47.3733337 ], [ 8.5352268, 47.3733254 ], [ 8.5352258, 47.3733243 ], [ 8.5353807, 47.3732542 ] ] ] } },
{ "type": "Feature", "properties": { "id": "74881773-0be1-4eb8-902b-a542b40d12ec", "names": null, "sources": "[{'property': '', 'dataset': 'OpenStreetMap', 'license': 'ODbL-1.0', 'record_id': 'w326259135@3', 'update_time': '2026-03-21T16:00:07.000Z', 'confidence': None, 'between': None, 'provider': 'osm', 'resource': 'planet', 'version': '2026-09-06T00:00:00.000Z'}]", "level": null, "height": null, "min_height": null, "is_underground": false, "num_floors": null, "num_floors_underground": null, "min_floor": null, "subtype": null, "class": null, "facade_color": null, "facade_material": null, "roof_material": null, "roof_shape": null, "roof_direction": null, "roof_orientation": null, "roof_color": null, "roof_height": null, "has_parts": false, "version": 1, "bbox": { "xmin": 8.53541088104248, "xmax": 8.535614967346191, "ymin": 47.37342834472656, "ymax": 47.373565673828125 } }, "geometry": { "type": "Polygon", "coordinates": [ [ [ 8.5356145, 47.3734978 ], [ 8.5354768, 47.373559 ], [ 8.5354113, 47.3734908 ], [ 8.5355488, 47.3734293 ], [ 8.5356145, 47.3734978 ] ] ] } },
{ "type": "Feature", "properties": { "id": "68cdb38d-98df-4d83-b5d2-7648ae4fd360", "names": null, "sources": "[{'property': '', 'dataset': 'OpenStreetMap', 'license': 'ODbL-1.0', 'record_id': 'w80338508@6', 'update_time': '2026-03-21T16:00:19.000Z', 'confidence': None, 'between': None, 'provider': 'osm', 'resource': 'planet', 'version': '2026-09-06T00:00:00.000Z'}]", "level": null, "height": null, "min_height": null, "is_underground": false, "num_floors": null, "num_floors_underground": null, "min_floor": null, "subtype": null, "class": null, "facade_color": null, "facade_material": null, "roof_material": null, "roof_shape": null, "roof_direction": null, "roof_orientation": null, "roof_color": null, "roof_height": null, "has_parts": false, "version": 1, "bbox": { "xmin": 8.535343170166016, "xmax": 8.53554916381836, "ymin": 47.37335968017578, "ymax": 47.373497009277344 } }, "geometry": { "type": "Polygon", "coordinates": [ [ [ 8.535344, 47.3734231 ], [ 8.5354823, 47.3733612 ], [ 8.5354892, 47.3733682 ], [ 8.5354979, 47.3733684 ], [ 8.5355094, 47.3733801 ], [ 8.535507, 47.3733864 ], [ 8.535515, 47.3733865 ], [ 8.5355272, 47.373399 ], [ 8.5355244, 47.3734043 ], [ 8.5355326, 47.3734051 ], [ 8.5355452, 47.3734177 ], [ 8.5355417, 47.3734221 ], [ 8.5355488, 47.3734293 ], [ 8.5354113, 47.3734908 ], [ 8.535344, 47.3734231 ] ] ] } },
{ "type": "Feature", "properties": { "id": "434fbf35-c46c-4317-8aaf-dd838bb0a7cb", "names": null, "sources": "[{'property': '', 'dataset': 'OpenStreetMap', 'license': 'ODbL-1.0', 'record_id': 'w80340627@6', 'update_time': '2026-03-21T16:00:09.000Z', 'confidence': None, 'between': None, 'provider': 'osm', 'resource': 'planet', 'version': '2026-09-06T00:00:00.000Z'}]", "level": null, "height": null, "min_height": null, "is_underground": false, "num_floors": null, "num_floors_underground": null, "min_floor": null, "subtype": null, "class": null, "facade_color": null, "facade_material": null, "roof_material": null, "roof_shape": null, "roof_direction": null, "roof_orientation": null, "roof_color": null, "roof_height": null, "has_parts": false, "version": 1, "bbox": { "xmin": 8.535619735717773, "xmax": 8.536001205444336, "ymin": 47.37316131591797, "ymax": 47.373443603515625 } }, "geometry": { "type": "Polygon", "coordinates": [ [ [ 8.5359546, 47.3733393 ], [ 8.5360012, 47.3733517 ], [ 8.5359916, 47.3733561 ], [ 8.535995, 47.3733626 ], [ 8.5359969, 47.3733703 ], [ 8.5359962, 47.3733785 ], [ 8.5359911, 47.3733858 ], [ 8.5359824, 47.373393 ], [ 8.535989, 47.3733997 ], [ 8.535984, 47.3734065 ], [ 8.5359422, 47.3734252 ], [ 8.5359253, 47.3734084 ], [ 8.5358458, 47.3734436 ], [ 8.5356203, 47.3732088 ], [ 8.5357001, 47.3731733 ], [ 8.5357212, 47.373196 ], [ 8.5357982, 47.3731618 ], [ 8.5359272, 47.3732954 ], [ 8.5359278, 47.3733027 ], [ 8.5359222, 47.3733093 ], [ 8.5359473, 47.3733358 ], [ 8.535956, 47.3733368 ], [ 8.5359546, 47.3733393 ] ] ] } },
{ "type": "Feature", "properties": { "id": "22c9c320-9f6c-4c40-8ba9-9f90b8f10e2b", "names": null, "sources": "[{'property': '', 'dataset': 'OpenStreetMap', 'license': 'ODbL-1.0', 'record_id': 'w326422843@5', 'update_time': '2026-03-21T15:59:57.000Z', 'confidence': None, 'between': None, 'provider': 'osm', 'resource': 'planet', 'version': '2026-09-06T00:00:00.000Z'}]", "level": null, "height": null, "min_height": null, "is_underground": false, "num_floors": null, "num_floors_underground": null, "min_floor": null, "subtype": null, "class": null, "facade_color": null, "facade_material": null, "roof_material": null, "roof_shape": null, "roof_direction": null, "roof_orientation": null, "roof_color": null, "roof_height": null, "has_parts": false, "version": 1, "bbox": { "xmin": 8.5364408493042, "xmax": 8.53668212890625, "ymin": 47.37314224243164, "ymax": 47.37337112426758 } }, "geometry": { "type": "Polygon", "coordinates": [ [ [ 8.5365825, 47.373149 ], [ 8.5366815, 47.373201 ], [ 8.5366053, 47.3732676 ], [ 8.5365887, 47.3732741 ], [ 8.5365765, 47.3732964 ], [ 8.5365985, 47.3733019 ], [ 8.5365646, 47.373364 ], [ 8.5364414, 47.3733319 ], [ 8.536542, 47.3731552 ], [ 8.5365825, 47.373149 ] ] ] } },
{ "type": "Feature", "properties": { "id": "2a45afaa-3d5b-4a7f-9f80-8ad5ef2c0ba4", "names": "{'primary': 'Spengler-Haus', 'common': None, 'rules': array([{'variant': 'alternate', 'language': None, 'perspectives': None, 'value': 'Spengler-Haus', 'between': None, 'side': None}],\n      dtype=object)}", "sources": "[{'property': '', 'dataset': 'OpenStreetMap', 'license': 'ODbL-1.0', 'record_id': 'w80340630@12', 'update_time': '2026-03-21T16:00:34.000Z', 'confidence': None, 'between': None, 'provider': 'osm', 'resource': 'planet', 'version': '2026-09-06T00:00:00.000Z'}]", "level": null, "height": null, "min_height": null, "is_underground": false, "num_floors": 6.0, "num_floors_underground": null, "min_floor": null, "subtype": "commercial", "class": "commercial", "facade_color": null, "facade_material": null, "roof_material": null, "roof_shape": null, "roof_direction": null, "roof_orientation": null, "roof_color": null, "roof_height": null, "has_parts": false, "version": 2, "bbox": { "xmin": 8.535954475402832, "xmax": 8.53640079498291, "ymin": 47.37303161621094, "ymax": 47.373443603515625 } }, "geometry": { "type": "Polygon", "coordinates": [ [ [ 8.5362087, 47.3734368 ], [ 8.5361871, 47.3734311 ], [ 8.5361572, 47.3734053 ], [ 8.5361633, 47.3733948 ], [ 8.5360012, 47.3733517 ], [ 8.5359546, 47.3733393 ], [ 8.535956, 47.3733368 ], [ 8.5360611, 47.3731555 ], [ 8.5360649, 47.3731566 ], [ 8.5361002, 47.3730962 ], [ 8.5361373, 47.3730327 ], [ 8.5364001, 47.3731026 ], [ 8.5362185, 47.3734172 ], [ 8.5362167, 47.3734167 ], [ 8.5362072, 47.3734332 ], [ 8.5362102, 47.373434 ], [ 8.5362087, 47.3734368 ] ] ] } },
{ "type": "Feature", "properties": { "id": "b7622aab-483c-4595-a820-f8607f64a1ae", "names": null, "sources": "[{'property': '', 'dataset': 'OpenStreetMap', 'license': 'ODbL-1.0', 'record_id': 'w80340626@10', 'update_time': '2026-03-21T16:00:04.000Z', 'confidence': None, 'between': None, 'provider': 'osm', 'resource': 'planet', 'version': '2026-09-06T00:00:00.000Z'}]", "level": null, "height": null, "min_height": null, "is_underground": false, "num_floors": null, "num_floors_underground": null, "min_floor": null, "subtype": "commercial", "class": "commercial", "facade_color": null, "facade_material": null, "roof_material": null, "roof_shape": null, "roof_direction": null, "roof_orientation": null, "roof_color": null, "roof_height": null, "has_parts": false, "version": 1, "bbox": { "xmin": 8.536273956298828, "xmax": 8.536564826965332, "ymin": 47.37332534790039, "ymax": 47.373695373535156 } }, "geometry": { "type": "Polygon", "coordinates": [ [ [ 8.5364075, 47.3733904 ], [ 8.5364414, 47.3733319 ], [ 8.5365646, 47.373364 ], [ 8.5365642, 47.3734193 ], [ 8.5365517, 47.3734403 ], [ 8.5365314, 47.3734746 ], [ 8.536507, 47.3735156 ], [ 8.5365035, 47.3735152 ], [ 8.5364999, 47.3735461 ], [ 8.5365326, 47.3735472 ], [ 8.5365322, 47.3735542 ], [ 8.536528, 47.373554 ], [ 8.5365093, 47.3736882 ], [ 8.5363835, 47.3736805 ], [ 8.5362744, 47.3736733 ], [ 8.5362772, 47.37364 ], [ 8.5362841, 47.3736104 ], [ 8.5362913, 47.3735903 ], [ 8.5363061, 47.3735597 ], [ 8.5363304, 47.3735234 ], [ 8.5364075, 47.3733904 ] ] ] } },
{ "type": "Feature", "properties": { "id": "2723d1f8-d16f-4779-83d6-5c3640396bcd", "names": null, "sources": "[{'property': '', 'dataset': 'OpenStreetMap', 'license': 'ODbL-1.0', 'record_id': 'w32234157@7', 'update_time': '2026-03-21T16:00:43.000Z', 'confidence': None, 'between': None, 'provider': 'osm', 'resource': 'planet', 'version': '2026-09-06T00:00:00.000Z'}]", "level": null, "height": null, "min_height": null, "is_underground": false, "num_floors": null, "num_floors_underground": null, "min_floor": null, "subtype": null, "class": null, "facade_color": null, "facade_material": null, "roof_material": null, "roof_shape": null, "roof_direction": null, "roof_orientation": null, "roof_color": null, "roof_height": null, "has_parts": false, "version": 1, "bbox": { "xmin": 8.535845756530762, "xmax": 8.536209106445312, "ymin": 47.37334442138672, "ymax": 47.37360382080078 } }, "geometry": { "type": "Polygon", "coordinates": [ [ [ 8.536026, 47.3736005 ], [ 8.5360052, 47.3735951 ], [ 8.5359869, 47.3735864 ], [ 8.5359738, 47.3735766 ], [ 8.5358458, 47.3734436 ], [ 8.5359253, 47.3734084 ], [ 8.5359422, 47.3734252 ], [ 8.535984, 47.3734065 ], [ 8.535989, 47.3733997 ], [ 8.5359824, 47.373393 ], [ 8.5359911, 47.3733858 ], [ 8.5359962, 47.3733785 ], [ 8.5359969, 47.3733703 ], [ 8.535995, 47.3733626 ], [ 8.5359916, 47.3733561 ], [ 8.5360012, 47.3733517 ], [ 8.5361633, 47.3733948 ], [ 8.5361572, 47.3734053 ], [ 8.5361871, 47.3734311 ], [ 8.5362087, 47.3734368 ], [ 8.5361351, 47.373564 ], [ 8.5361267, 47.3735744 ], [ 8.5361115, 47.3735863 ], [ 8.5360923, 47.3735953 ], [ 8.5360703, 47.3736008 ], [ 8.5360482, 47.3736025 ], [ 8.536026, 47.3736005 ] ] ] } },
{ "type": "Feature", "properties": { "id": "641334f6-aff5-4a32-b87b-684ad81a3a6c", "names": null, "sources": "[{'property': '', 'dataset': 'OpenStreetMap', 'license': 'ODbL-1.0', 'record_id': 'w80338515@7', 'update_time': '2026-03-21T15:59:59.000Z', 'confidence': None, 'between': None, 'provider': 'osm', 'resource': 'planet', 'version': '2026-09-06T00:00:00.000Z'}]", "level": null, "height": null, "min_height": null, "is_underground": false, "num_floors": 6.0, "num_floors_underground": null, "min_floor": null, "subtype": null, "class": null, "facade_color": null, "facade_material": null, "roof_material": null, "roof_shape": null, "roof_direction": null, "roof_orientation": null, "roof_color": null, "roof_height": null, "has_parts": false, "version": 1, "bbox": { "xmin": 8.535655975341797, "xmax": 8.536015510559082, "ymin": 47.37373352050781, "ymax": 47.37397766113281 } }, "geometry": { "type": "Polygon", "coordinates": [ [ [ 8.5357685, 47.3739102 ], [ 8.5357518, 47.3739176 ], [ 8.5356569, 47.3738298 ], [ 8.5356749, 47.3738208 ], [ 8.5357496, 47.373787 ], [ 8.5358484, 47.3737409 ], [ 8.5358971, 47.3737914 ], [ 8.5359687, 47.3738667 ], [ 8.5360151, 47.3739153 ], [ 8.5359245, 47.3739553 ], [ 8.5359157, 47.373946 ], [ 8.5358594, 47.3739708 ], [ 8.5358102, 47.3739197 ], [ 8.5358174, 47.3739165 ], [ 8.5357985, 47.373897 ], [ 8.5357685, 47.3739102 ] ] ] } },
{ "type": "Feature", "properties": { "id": "edb8a0ad-e557-4aa7-b2ea-6c9b09c9fba5", "names": null, "sources": "[{'property': '', 'dataset': 'OpenStreetMap', 'license': 'ODbL-1.0', 'record_id': 'w340549181@5', 'update_time': '2026-03-21T15:59:53.000Z', 'confidence': None, 'between': None, 'provider': 'osm', 'resource': 'planet', 'version': '2026-09-06T00:00:00.000Z'}]", "level": 1.0, "height": null, "min_height": null, "is_underground": false, "num_floors": null, "num_floors_underground": null, "min_floor": null, "subtype": "outbuilding", "class": "roof", "facade_color": null, "facade_material": null, "roof_material": null, "roof_shape": null, "roof_direction": null, "roof_orientation": null, "roof_color": null, "roof_height": null, "has_parts": false, "version": 1, "bbox": { "xmin": 8.536283493041992, "xmax": 8.536701202392578, "ymin": 47.37373352050781, "ymax": 47.37392807006836 } }, "geometry": { "type": "Polygon", "coordinates": [ [ [ 8.5365303, 47.3738443 ], [ 8.5365398, 47.373844 ], [ 8.5365392, 47.3738531 ], [ 8.5365416, 47.3738621 ], [ 8.5365471, 47.3738704 ], [ 8.5365553, 47.3738777 ], [ 8.5365657, 47.3738835 ], [ 8.5365779, 47.3738875 ], [ 8.536591, 47.3738894 ], [ 8.5366045, 47.3738893 ], [ 8.5366176, 47.3738871 ], [ 8.5366295, 47.3738829 ], [ 8.5366397, 47.3738769 ], [ 8.5366476, 47.3738695 ], [ 8.5366527, 47.373861 ], [ 8.5366548, 47.373852 ], [ 8.5366538, 47.3738429 ], [ 8.5366497, 47.3738342 ], [ 8.5366427, 47.3738264 ], [ 8.5366333, 47.3738199 ], [ 8.5366219, 47.373815 ], [ 8.5366274, 47.3738006 ], [ 8.536645, 47.3737873 ], [ 8.5366627, 47.3737951 ], [ 8.5366794, 47.3738062 ], [ 8.5366942, 47.3738243 ], [ 8.5366988, 47.3738368 ], [ 8.5367012, 47.3738529 ], [ 8.5366983, 47.3738681 ], [ 8.5366888, 47.3738843 ], [ 8.5366727, 47.3738991 ], [ 8.53665, 47.373912 ], [ 8.5366234, 47.3739189 ], [ 8.5365909, 47.3739207 ], [ 8.5365575, 47.3739155 ], [ 8.5365307, 47.3739048 ], [ 8.536509, 47.3738878 ], [ 8.5364728, 47.3738438 ], [ 8.5364645, 47.3738435 ], [ 8.5364635, 47.3738294 ], [ 8.5364385, 47.373775 ], [ 8.5364364, 47.3737707 ], [ 8.5364332, 47.3737666 ], [ 8.5364275, 47.3737639 ], [ 8.5364208, 47.3737629 ], [ 8.5363526, 47.3737591 ], [ 8.5363071, 47.373805 ], [ 8.5363031, 47.3738102 ], [ 8.5363005, 47.3738155 ], [ 8.5362996, 47.3738219 ], [ 8.5362993, 47.3738311 ], [ 8.5363026, 47.3738402 ], [ 8.5363111, 47.3738499 ], [ 8.5363234, 47.3738576 ], [ 8.5363324, 47.3738612 ], [ 8.5363412, 47.373863 ], [ 8.5363533, 47.3738641 ], [ 8.536365, 47.3738638 ], [ 8.5363758, 47.3738708 ], [ 8.5363865, 47.3738745 ], [ 8.5364011, 47.3738767 ], [ 8.5364163, 47.373876 ], [ 8.5364341, 47.373872 ], [ 8.5364491, 47.3738643 ], [ 8.5364554, 47.3738688 ], [ 8.536442, 47.3738749 ], [ 8.5364264, 47.3738803 ], [ 8.5364069, 47.373884 ], [ 8.5363815, 47.373885 ], [ 8.5363567, 47.3738818 ], [ 8.5363415, 47.3738781 ], [ 8.536322, 47.3738696 ], [ 8.5363095, 47.3738607 ], [ 8.5362981, 47.3738506 ], [ 8.5362899, 47.3738386 ], [ 8.5362858, 47.3738259 ], [ 8.5362842, 47.3738147 ], [ 8.5362861, 47.3737991 ], [ 8.5362946, 47.3737827 ], [ 8.5363302, 47.3737398 ], [ 8.5364203, 47.3737444 ], [ 8.5364351, 47.373747 ], [ 8.5364474, 47.3737515 ], [ 8.536456, 47.3737561 ], [ 8.5364659, 47.3737647 ], [ 8.5364778, 47.3737783 ], [ 8.5365303, 47.3738443 ] ] ] } },
{ "type": "Feature", "properties": { "id": "9484c3b9-7acf-4098-b9f6-572529bee058", "names": null, "sources": "[{'property': '', 'dataset': 'OpenStreetMap', 'license': 'ODbL-1.0', 'record_id': 'w1268378463@3', 'update_time': '2026-03-21T15:59:53.000Z', 'confidence': None, 'between': None, 'provider': 'osm', 'resource': 'planet', 'version': '2026-09-06T00:00:00.000Z'}]", "level": null, "height": null, "min_height": null, "is_underground": false, "num_floors": 1.0, "num_floors_underground": null, "min_floor": null, "subtype": "service", "class": "service", "facade_color": null, "facade_material": null, "roof_material": null, "roof_shape": null, "roof_direction": null, "roof_orientation": null, "roof_color": null, "roof_height": null, "has_parts": false, "version": 1, "bbox": { "xmin": 8.536298751831055, "xmax": 8.53646469116211, "ymin": 47.37375259399414, "ymax": 47.373878479003906 } }, "geometry": { "type": "Polygon", "coordinates": [ [ [ 8.5364385, 47.373775 ], [ 8.5364635, 47.3738294 ], [ 8.5364645, 47.3738435 ], [ 8.5364591, 47.3738547 ], [ 8.5364491, 47.3738643 ], [ 8.5364341, 47.373872 ], [ 8.5364163, 47.373876 ], [ 8.5364011, 47.3738767 ], [ 8.5363865, 47.3738745 ], [ 8.5363758, 47.3738708 ], [ 8.536365, 47.3738638 ], [ 8.5363533, 47.3738641 ], [ 8.5363412, 47.373863 ], [ 8.5363324, 47.3738612 ], [ 8.5363234, 47.3738576 ], [ 8.5363111, 47.3738499 ], [ 8.5363026, 47.3738402 ], [ 8.5362993, 47.3738311 ], [ 8.5362996, 47.3738219 ], [ 8.5363005, 47.3738155 ], [ 8.5363031, 47.3738102 ], [ 8.5363071, 47.373805 ], [ 8.5363526, 47.3737591 ], [ 8.5364208, 47.3737629 ], [ 8.5364275, 47.3737639 ], [ 8.5364332, 47.3737666 ], [ 8.5364364, 47.3737707 ], [ 8.5364385, 47.373775 ] ] ] } },
{ "type": "Feature", "properties": { "id": "58820915-52ee-4514-8979-3b0ae022341f", "names": null, "sources": "[{'property': '', 'dataset': 'OpenStreetMap', 'license': 'ODbL-1.0', 'record_id': 'w80340629@9', 'update_time': '2026-03-21T16:00:10.000Z', 'confidence': None, 'between': None, 'provider': 'osm', 'resource': 'planet', 'version': '2026-09-06T00:00:00.000Z'}]", "level": null, "height": null, "min_height": null, "is_underground": false, "num_floors": 5.0, "num_floors_underground": null, "min_floor": null, "subtype": "commercial", "class": "commercial", "facade_color": null, "facade_material": null, "roof_material": null, "roof_shape": null, "roof_direction": null, "roof_orientation": null, "roof_color": null, "roof_height": null, "has_parts": false, "version": 2, "bbox": { "xmin": 8.536508560180664, "xmax": 8.536964416503906, "ymin": 47.373443603515625, "ymax": 47.373722076416016 } }, "geometry": { "type": "Polygon", "coordinates": [ [ [ 8.5366928, 47.3735585 ], [ 8.5367276, 47.3735607 ], [ 8.536742, 47.373458 ], [ 8.5369492, 47.3734438 ], [ 8.5369613, 47.3735821 ], [ 8.5369638, 47.3735821 ], [ 8.5369412, 47.373716 ], [ 8.5365093, 47.3736882 ], [ 8.536528, 47.373554 ], [ 8.5365322, 47.3735542 ], [ 8.536692, 47.3735645 ], [ 8.5366928, 47.3735585 ] ] ] } },
{ "type": "Feature", "properties": { "id": "907c17da-1b6c-4487-98e1-4e134cf2a5c3", "names": null, "sources": "[{'property': '', 'dataset': 'OpenStreetMap', 'license': 'ODbL-1.0', 'record_id': 'w1268378462@3', 'update_time': '2026-03-21T16:00:07.000Z', 'confidence': None, 'between': None, 'provider': 'osm', 'resource': 'planet', 'version': '2026-09-06T00:00:00.000Z'}]", "level": null, "height": null, "min_height": null, "is_underground": false, "num_floors": 1.0, "num_floors_underground": null, "min_floor": null, "subtype": "service", "class": "service", "facade_color": null, "facade_material": null, "roof_material": null, "roof_shape": null, "roof_direction": null, "roof_orientation": null, "roof_color": null, "roof_height": null, "has_parts": false, "version": 1, "bbox": { "xmin": 8.536539077758789, "xmax": 8.53665542602539, "ymin": 47.37377166748047, "ymax": 47.3738899230957 } }, "geometry": { "type": "Polygon", "coordinates": [ [ [ 8.5365514, 47.3738262 ], [ 8.5365612, 47.3738196 ], [ 8.5365556, 47.3738159 ], [ 8.5365466, 47.3738068 ], [ 8.5365444, 47.3738019 ], [ 8.5365441, 47.373797 ], [ 8.5365464, 47.3737914 ], [ 8.5365514, 47.3737862 ], [ 8.5365609, 47.3737821 ], [ 8.5365769, 47.3737787 ], [ 8.5365896, 47.373779 ], [ 8.5366277, 47.3737818 ], [ 8.5366163, 47.3738135 ], [ 8.5366219, 47.373815 ], [ 8.5366333, 47.3738199 ], [ 8.5366427, 47.3738264 ], [ 8.5366497, 47.3738342 ], [ 8.5366538, 47.3738429 ], [ 8.5366548, 47.373852 ], [ 8.5366527, 47.373861 ], [ 8.5366476, 47.3738695 ], [ 8.5366397, 47.3738769 ], [ 8.5366295, 47.3738829 ], [ 8.5366176, 47.3738871 ], [ 8.5366045, 47.3738893 ], [ 8.536591, 47.3738894 ], [ 8.5365779, 47.3738875 ], [ 8.5365657, 47.3738835 ], [ 8.5365553, 47.3738777 ], [ 8.5365471, 47.3738704 ], [ 8.5365416, 47.3738621 ], [ 8.5365392, 47.3738531 ], [ 8.5365398, 47.373844 ], [ 8.536545, 47.3738331 ], [ 8.5365514, 47.3738262 ] ] ] } },
{ "type": "Feature", "properties": { "id": "24f0b94b-0cc8-4b5b-9a61-d1acfd69af5a", "names": null, "sources": "[{'property': '', 'dataset': 'OpenStreetMap', 'license': 'ODbL-1.0', 'record_id': 'w80359846@10', 'update_time': '2026-03-21T16:00:34.000Z', 'confidence': None, 'between': None, 'provider': 'osm', 'resource': 'planet', 'version': '2026-09-06T00:00:00.000Z'}]", "level": null, "height": null, "min_height": null, "is_underground": false, "num_floors": 4.0, "num_floors_underground": null, "min_floor": null, "subtype": "commercial", "class": "commercial", "facade_color": null, "facade_material": null, "roof_material": null, "roof_shape": null, "roof_direction": null, "roof_orientation": null, "roof_color": null, "roof_height": null, "has_parts": false, "version": 2, "bbox": { "xmin": 8.537148475646973, "xmax": 8.537553787231445, "ymin": 47.37340545654297, "ymax": 47.37376022338867 } }, "geometry": { "type": "Polygon", "coordinates": [ [ [ 8.5375477, 47.373525 ], [ 8.5375324, 47.3737588 ], [ 8.5372295, 47.3737346 ], [ 8.537226, 47.3737321 ], [ 8.5372114, 47.3737346 ], [ 8.5371954, 47.3737229 ], [ 8.5371978, 47.373711 ], [ 8.5371943, 47.3737085 ], [ 8.5371783, 47.3737105 ], [ 8.5371618, 47.3736985 ], [ 8.5371664, 47.3736887 ], [ 8.5371619, 47.3736854 ], [ 8.5371518, 47.373587 ], [ 8.5371493, 47.3735748 ], [ 8.5373111, 47.3735672 ], [ 8.5373125, 47.37358 ], [ 8.5373139, 47.3735928 ], [ 8.5373337, 47.3735929 ], [ 8.5374183, 47.3735995 ], [ 8.5374237, 47.3734814 ], [ 8.537414, 47.3734819 ], [ 8.5374058, 47.3734122 ], [ 8.5375497, 47.3734158 ], [ 8.5375508, 47.373494 ], [ 8.5375535, 47.3734941 ], [ 8.5375516, 47.3735251 ], [ 8.5375477, 47.373525 ] ] ] } },
{ "type": "Feature", "properties": { "id": "53e18cff-aa77-4d07-8884-a68f0514ecd9", "names": null, "sources": "[{'property': '', 'dataset': 'OpenStreetMap', 'license': 'ODbL-1.0', 'record_id': 'w80359840@5', 'update_time': '2026-03-21T15:59:55.000Z', 'confidence': None, 'between': None, 'provider': 'osm', 'resource': 'planet', 'version': '2026-09-06T00:00:00.000Z'}]", "level": null, "height": null, "min_height": null, "is_underground": false, "num_floors": null, "num_floors_underground": null, "min_floor": null, "subtype": null, "class": null, "facade_color": null, "facade_material": null, "roof_material": null, "roof_shape": null, "roof_direction": null, "roof_orientation": null, "roof_color": null, "roof_height": null, "has_parts": false, "version": 1, "bbox": { "xmin": 8.537130355834961, "xmax": 8.537311553955078, "ymin": 47.37340545654297, "ymax": 47.37358093261719 } }, "geometry": { "type": "Polygon", "coordinates": [ [ [ 8.5373111, 47.3735672 ], [ 8.5371493, 47.3735748 ], [ 8.5371312, 47.373414 ], [ 8.5372902, 47.3734062 ], [ 8.5373083, 47.3735639 ], [ 8.5373107, 47.3735637 ], [ 8.5373111, 47.3735672 ] ] ] } },
{ "type": "Feature", "properties": { "id": "98141ce5-188d-4499-bf51-89c9f6d4a832", "names": null, "sources": "[{'property': '', 'dataset': 'OpenStreetMap', 'license': 'ODbL-1.0', 'record_id': 'w80340619@10', 'update_time': '2026-03-21T16:00:12.000Z', 'confidence': None, 'between': None, 'provider': 'osm', 'resource': 'planet', 'version': '2026-09-06T00:00:00.000Z'}]", "level": null, "height": null, "min_height": null, "is_underground": false, "num_floors": 5.0, "num_floors_underground": null, "min_floor": null, "subtype": "residential", "class": "apartments", "facade_color": null, "facade_material": null, "roof_material": null, "roof_shape": null, "roof_direction": null, "roof_orientation": null, "roof_color": null, "roof_height": null, "has_parts": false, "version": 2, "bbox": { "xmin": 8.536654472351074, "xmax": 8.53695011138916, "ymin": 47.37334442138672, "ymax": 47.37345886230469 } }, "geometry": { "type": "Polygon", "coordinates": [ [ [ 8.5369492, 47.3734438 ], [ 8.536742, 47.373458 ], [ 8.5366554, 47.3734392 ], [ 8.5366716, 47.3734298 ], [ 8.5367586, 47.3733834 ], [ 8.5368895, 47.3733462 ], [ 8.5369492, 47.3734438 ] ] ] } },
{ "type": "Feature", "properties": { "id": "01ccade1-1982-49b5-8ec3-31232848dafb", "names": null, "sources": "[{'property': '', 'dataset': 'OpenStreetMap', 'license': 'ODbL-1.0', 'record_id': 'w326422839@7', 'update_time': '2026-03-21T15:59:55.000Z', 'confidence': None, 'between': None, 'provider': 'osm', 'resource': 'planet', 'version': '2026-09-06T00:00:00.000Z'}]", "level": null, "height": null, "min_height": null, "is_underground": false, "num_floors": 5.0, "num_floors_underground": null, "min_floor": null, "subtype": "residential", "class": "apartments", "facade_color": null, "facade_material": null, "roof_material": null, "roof_shape": null, "roof_direction": null, "roof_orientation": null, "roof_color": null, "roof_height": null, "has_parts": false, "version": 2, "bbox": { "xmin": 8.536563873291016, "xmax": 8.536890983581543, "ymin": 47.373199462890625, "ymax": 47.37343978881836 } }, "geometry": { "type": "Polygon", "coordinates": [ [ [ 8.5368765, 47.3733227 ], [ 8.5368895, 47.3733462 ], [ 8.5367586, 47.3733834 ], [ 8.5366716, 47.3734298 ], [ 8.5366554, 47.3734392 ], [ 8.5365642, 47.3734193 ], [ 8.5365646, 47.373364 ], [ 8.5365985, 47.3733019 ], [ 8.5365765, 47.3732964 ], [ 8.5365887, 47.3732741 ], [ 8.5366053, 47.3732676 ], [ 8.5366815, 47.373201 ], [ 8.5367696, 47.3732485 ], [ 8.536861, 47.3732971 ], [ 8.5368765, 47.3733227 ] ] ] } },
{ "type": "Feature", "properties": { "id": "f50a3765-fa70-42ee-9d88-df5cc5d40383", "names": null, "sources": "[{'property': '', 'dataset': 'OpenStreetMap', 'license': 'ODbL-1.0', 'record_id': 'w80359860@13', 'update_time': '2026-03-21T16:00:18.000Z', 'confidence': None, 'between': None, 'provider': 'osm', 'resource': 'planet', 'version': '2026-09-06T00:00:00.000Z'}]", "level": null, "height": null, "min_height": null, "is_underground": false, "num_floors": 4.0, "num_floors_underground": null, "min_floor": null, "subtype": "commercial", "class": "commercial", "facade_color": null, "facade_material": null, "roof_material": null, "roof_shape": "gabled", "roof_direction": null, "roof_orientation": null, "roof_color": null, "roof_height": null, "has_parts": false, "version": 1, "bbox": { "xmin": 8.537046432495117, "xmax": 8.537557601928711, "ymin": 47.3731575012207, "ymax": 47.37342071533203 } }, "geometry": { "type": "Polygon", "coordinates": [ [ [ 8.5370466, 47.3732084 ], [ 8.5370571, 47.3731639 ], [ 8.5372964, 47.3731675 ], [ 8.5375573, 47.3731719 ], [ 8.5375512, 47.3733213 ], [ 8.5374102, 47.3733188 ], [ 8.5372803, 47.3733165 ], [ 8.5372818, 47.3733299 ], [ 8.5372902, 47.3734062 ], [ 8.5371312, 47.373414 ], [ 8.5370815, 47.3733298 ], [ 8.5370744, 47.3733188 ], [ 8.5370652, 47.3733168 ], [ 8.5370593, 47.3733117 ], [ 8.5370585, 47.3733056 ], [ 8.5370625, 47.3733002 ], [ 8.5370471, 47.3732552 ], [ 8.5370466, 47.3732084 ] ] ] } },
{ "type": "Feature", "properties": { "id": "e1207f91-4b73-4298-9744-4f042a339178", "names": null, "sources": "[{'property': '', 'dataset': 'OpenStreetMap', 'license': 'ODbL-1.0', 'record_id': 'w80359851@9', 'update_time': '2026-03-21T16:00:40.000Z', 'confidence': None, 'between': None, 'provider': 'osm', 'resource': 'planet', 'version': '2026-09-06T00:00:00.000Z'}]", "level": null, "height": null, "min_height": null, "is_underground": false, "num_floors": 5.0, "num_floors_underground": null, "min_floor": null, "subtype": "commercial", "class": "retail", "facade_color": null, "facade_material": null, "roof_material": null, "roof_shape": "gabled", "roof_direction": null, "roof_orientation": null, "roof_color": null, "roof_height": null, "has_parts": false, "version": 1, "bbox": { "xmin": 8.537549018859863, "xmax": 8.53785228729248, "ymin": 47.373165130615234, "ymax": 47.373497009277344 } }, "geometry": { "type": "Polygon", "coordinates": [ [ [ 8.5375497, 47.3734158 ], [ 8.5375512, 47.3733213 ], [ 8.5375573, 47.3731719 ], [ 8.5378292, 47.3731771 ], [ 8.5378515, 47.3731775 ], [ 8.5378475, 47.3733032 ], [ 8.5378237, 47.3733025 ], [ 8.537749, 47.3733013 ], [ 8.537734, 47.3733115 ], [ 8.5377291, 47.3734969 ], [ 8.5375535, 47.3734941 ], [ 8.5375508, 47.373494 ], [ 8.5375497, 47.3734158 ] ] ] } },
{ "type": "Feature", "properties": { "id": "56622c53-5f22-48bb-8e93-869893b4e709", "names": null, "sources": "[{'property': '', 'dataset': 'OpenStreetMap', 'license': 'ODbL-1.0', 'record_id': 'w80359837@7', 'update_time': '2026-03-21T16:00:24.000Z', 'confidence': None, 'between': None, 'provider': 'osm', 'resource': 'planet', 'version': '2026-09-06T00:00:00.000Z'}]", "level": null, "height": null, "min_height": null, "is_underground": false, "num_floors": 5.0, "num_floors_underground": null, "min_floor": null, "subtype": "residential", "class": "apartments", "facade_color": null, "facade_material": null, "roof_material": null, "roof_shape": null, "roof_direction": null, "roof_orientation": null, "roof_color": null, "roof_height": null, "has_parts": false, "version": 1, "bbox": { "xmin": 8.537842750549316, "xmax": 8.538117408752441, "ymin": 47.3733024597168, "ymax": 47.373470306396484 } }, "geometry": { "type": "Polygon", "coordinates": [ [ [ 8.5378433, 47.3734658 ], [ 8.5378475, 47.3733032 ], [ 8.5381167, 47.3733098 ], [ 8.5381109, 47.3734695 ], [ 8.5378433, 47.3734658 ] ] ] } },
{ "type": "Feature", "properties": { "id": "dea7d964-5e22-44d9-a759-7aa6fa60f97f", "names": null, "sources": "[{'property': '', 'dataset': 'OpenStreetMap', 'license': 'ODbL-1.0', 'record_id': 'w80359850@8', 'update_time': '2026-03-21T16:00:43.000Z', 'confidence': None, 'between': None, 'provider': 'osm', 'resource': 'planet', 'version': '2026-09-06T00:00:00.000Z'}]", "level": null, "height": null, "min_height": null, "is_underground": false, "num_floors": 5.0, "num_floors_underground": null, "min_floor": null, "subtype": "commercial", "class": "retail", "facade_color": null, "facade_material": null, "roof_material": null, "roof_shape": "saltbox", "roof_direction": null, "roof_orientation": null, "roof_color": null, "roof_height": null, "has_parts": false, "version": 1, "bbox": { "xmin": 8.537846565246582, "xmax": 8.538121223449707, "ymin": 47.37317657470703, "ymax": 47.37331008911133 } }, "geometry": { "type": "Polygon", "coordinates": [ [ [ 8.5378475, 47.3733032 ], [ 8.5378515, 47.3731775 ], [ 8.5379799, 47.3731802 ], [ 8.538096, 47.3731817 ], [ 8.5381212, 47.3731995 ], [ 8.5381189, 47.3732555 ], [ 8.5381167, 47.3733098 ], [ 8.5378475, 47.3733032 ] ] ] } },
{ "type": "Feature", "properties": { "id": "f39efed3-982a-4668-9801-860b5f697a1c", "names": null, "sources": "[{'property': '', 'dataset': 'OpenStreetMap', 'license': 'ODbL-1.0', 'record_id': 'w80378677@10', 'update_time': '2026-03-28T08:32:23.000Z', 'confidence': None, 'between': None, 'provider': 'osm', 'resource': 'planet', 'version': '2026-09-06T00:00:00.000Z'}]", "level": null, "height": null, "min_height": null, "is_underground": false, "num_floors": 5.0, "num_floors_underground": null, "min_floor": null, "subtype": "residential", "class": "apartments", "facade_color": null, "facade_material": null, "roof_material": null, "roof_shape": null, "roof_direction": null, "roof_orientation": null, "roof_color": null, "roof_height": null, "has_parts": false, "version": 2, "bbox": { "xmin": 8.53841781616211, "xmax": 8.538655281066895, "ymin": 47.373165130615234, "ymax": 47.37335205078125 } }, "geometry": { "type": "Polygon", "coordinates": [ [ [ 8.5385385, 47.3733406 ], [ 8.538418, 47.3733415 ], [ 8.5384245, 47.3731717 ], [ 8.5386538, 47.3731759 ], [ 8.5386475, 47.3733511 ], [ 8.5385385, 47.3733406 ] ] ] } },
{ "type": "Feature", "properties": { "id": "8a7517e7-1c8c-4009-903f-a3a7af6c4c2e", "names": null, "sources": "[{'property': '', 'dataset': 'OpenStreetMap', 'license': 'ODbL-1.0', 'record_id': 'w1152861642@3', 'update_time': '2026-03-21T16:00:32.000Z', 'confidence': None, 'between': None, 'provider': 'osm', 'resource': 'planet', 'version': '2026-09-06T00:00:00.000Z'}]", "level": null, "height": null, "min_height": null, "is_underground": false, "num_floors": null, "num_floors_underground": null, "min_floor": null, "subtype": null, "class": null, "facade_color": null, "facade_material": null, "roof_material": null, "roof_shape": null, "roof_direction": null, "roof_orientation": null, "roof_color": null, "roof_height": null, "has_parts": false, "version": 1, "bbox": { "xmin": 8.538777351379395, "xmax": 8.538865089416504, "ymin": 47.37327194213867, "ymax": 47.37332534790039 } }, "geometry": { "type": "Polygon", "coordinates": [ [ [ 8.5387782, 47.373279 ], [ 8.5387843, 47.3732784 ], [ 8.5388648, 47.3732903 ], [ 8.5388564, 47.3733163 ], [ 8.5388559, 47.373318 ], [ 8.5388402, 47.3733168 ], [ 8.5388399, 47.3733196 ], [ 8.5387864, 47.3733175 ], [ 8.5387782, 47.373279 ] ] ] } },
{ "type": "Feature", "properties": { "id": "696a9689-766a-4c2d-970d-b01acecf2df4", "names": null, "sources": "[{'property': '', 'dataset': 'Microsoft ML Buildings', 'license': 'ODbL-1.0', 'record_id': None, 'update_time': None, 'confidence': None, 'between': None, 'provider': 'microsoft', 'resource': 'ml_buildings', 'version': '2026-08-11'}]", "level": null, "height": 4.6375837326049805, "min_height": null, "is_underground": false, "num_floors": null, "num_floors_underground": null, "min_floor": null, "subtype": null, "class": null, "facade_color": null, "facade_material": null, "roof_material": null, "roof_shape": null, "roof_direction": null, "roof_orientation": null, "roof_color": null, "roof_height": null, "has_parts": false, "version": 4, "bbox": { "xmin": 8.53880500793457, "xmax": 8.538884162902832, "ymin": 47.373252868652344, "ymax": 47.373294830322266 } }, "geometry": { "type": "Polygon", "coordinates": [ [ [ 8.5388833, 47.3732681 ], [ 8.5388781, 47.3732874 ], [ 8.5388054, 47.3732786 ], [ 8.5388105, 47.3732592 ], [ 8.5388833, 47.3732681 ] ] ] } },
{ "type": "Feature", "properties": { "id": "283049ed-bbcb-45dd-bdca-ab885f5f8697", "names": null, "sources": "[{'property': '', 'dataset': 'OpenStreetMap', 'license': 'ODbL-1.0', 'record_id': 'w288322660@4', 'update_time': '2026-03-21T16:00:26.000Z', 'confidence': None, 'between': None, 'provider': 'osm', 'resource': 'planet', 'version': '2026-09-06T00:00:00.000Z'}]", "level": null, "height": null, "min_height": null, "is_underground": false, "num_floors": null, "num_floors_underground": null, "min_floor": null, "subtype": null, "class": null, "facade_color": null, "facade_material": null, "roof_material": null, "roof_shape": null, "roof_direction": null, "roof_orientation": null, "roof_color": null, "roof_height": null, "has_parts": false, "version": 1, "bbox": { "xmin": 8.538691520690918, "xmax": 8.538787841796875, "ymin": 47.37322235107422, "ymax": 47.37336730957031 } }, "geometry": { "type": "Polygon", "coordinates": [ [ [ 8.5387782, 47.373279 ], [ 8.5387864, 47.3733175 ], [ 8.5387748, 47.373317 ], [ 8.5387697, 47.3733338 ], [ 8.538762, 47.3733666 ], [ 8.5386922, 47.3733578 ], [ 8.5386977, 47.3732296 ], [ 8.5387691, 47.3732315 ], [ 8.5387738, 47.373257 ], [ 8.5387843, 47.3732784 ], [ 8.5387782, 47.373279 ] ] ] } },
{ "type": "Feature", "properties": { "id": "c4329239-e2ac-44d8-b1d9-2dee9fcc5b87", "names": null, "sources": "[{'property': '', 'dataset': 'OpenStreetMap', 'license': 'ODbL-1.0', 'record_id': 'w288322653@4', 'update_time': '2026-03-21T16:00:16.000Z', 'confidence': None, 'between': None, 'provider': 'osm', 'resource': 'planet', 'version': '2026-09-06T00:00:00.000Z'}]", "level": null, "height": null, "min_height": null, "is_underground": false, "num_floors": null, "num_floors_underground": null, "min_floor": null, "subtype": null, "class": null, "facade_color": null, "facade_material": null, "roof_material": null, "roof_shape": null, "roof_direction": null, "roof_orientation": null, "roof_color": null, "roof_height": null, "has_parts": false, "version": 1, "bbox": { "xmin": 8.538761138916016, "xmax": 8.539169311523438, "ymin": 47.37331008911133, "ymax": 47.373451232910156 } }, "geometry": { "type": "Polygon", "coordinates": [ [ [ 8.5389522, 47.3733301 ], [ 8.5391691, 47.3733925 ], [ 8.5391225, 47.3734447 ], [ 8.5389958, 47.3734098 ], [ 8.5388339, 47.3733749 ], [ 8.5388324, 47.3733778 ], [ 8.538762, 47.3733666 ], [ 8.5387697, 47.3733338 ], [ 8.5388433, 47.3733451 ], [ 8.5388559, 47.373318 ], [ 8.5388564, 47.3733163 ], [ 8.5389522, 47.3733301 ] ] ] } },
{ "type": "Feature", "properties": { "id": "96fca046-24f8-4aaa-83a5-89cd96560e9a", "names": null, "sources": "[{'property': '', 'dataset': 'OpenStreetMap', 'license': 'ODbL-1.0', 'record_id': 'w288322649@7', 'update_time': '2026-03-28T08:32:37.000Z', 'confidence': None, 'between': None, 'provider': 'osm', 'resource': 'planet', 'version': '2026-09-06T00:00:00.000Z'}]", "level": null, "height": null, "min_height": null, "is_underground": false, "num_floors": 5.0, "num_floors_underground": null, "min_floor": null, "subtype": "residential", "class": "apartments", "facade_color": null, "facade_material": null, "roof_material": null, "roof_shape": null, "roof_direction": null, "roof_orientation": null, "roof_color": null, "roof_height": null, "has_parts": false, "version": 2, "bbox": { "xmin": 8.538412094116211, "xmax": 8.539122581481934, "ymin": 47.37333679199219, "ymax": 47.37358093261719 } }, "geometry": { "type": "Polygon", "coordinates": [ [ [ 8.5389958, 47.3734098 ], [ 8.5391225, 47.3734447 ], [ 8.5390744, 47.3735116 ], [ 8.539029, 47.3735799 ], [ 8.5390202, 47.3735775 ], [ 8.5387763, 47.373512 ], [ 8.538765, 47.3735156 ], [ 8.5387074, 47.3735061 ], [ 8.5386695, 47.3734999 ], [ 8.5386115, 47.3734936 ], [ 8.5385414, 47.373486 ], [ 8.5384121, 47.3734896 ], [ 8.5384148, 47.3734169 ], [ 8.538418, 47.3733415 ], [ 8.5385385, 47.3733406 ], [ 8.5386475, 47.3733511 ], [ 8.5386922, 47.3733578 ], [ 8.538762, 47.3733666 ], [ 8.5388324, 47.3733778 ], [ 8.5388339, 47.3733749 ], [ 8.5389958, 47.3734098 ] ] ] } },
{ "type": "Feature", "properties": { "id": "d7bc1c77-e1d6-4169-8031-bf5650bc610d", "names": null, "sources": "[{'property': '', 'dataset': 'OpenStreetMap', 'license': 'ODbL-1.0', 'record_id': 'w288322661@6', 'update_time': '2026-03-28T08:32:47.000Z', 'confidence': None, 'between': None, 'provider': 'osm', 'resource': 'planet', 'version': '2026-09-06T00:00:00.000Z'}]", "level": null, "height": null, "min_height": null, "is_underground": false, "num_floors": 5.0, "num_floors_underground": null, "min_floor": null, "subtype": "residential", "class": "apartments", "facade_color": null, "facade_material": null, "roof_material": null, "roof_shape": null, "roof_direction": null, "roof_orientation": null, "roof_color": null, "roof_height": null, "has_parts": false, "version": 2, "bbox": { "xmin": 8.538406372070312, "xmax": 8.538623809814453, "ymin": 47.37348556518555, "ymax": 47.37366485595703 } }, "geometry": { "type": "Polygon", "coordinates": [ [ [ 8.5385909, 47.3736517 ], [ 8.5384071, 47.3736559 ], [ 8.5384121, 47.3734896 ], [ 8.5385414, 47.373486 ], [ 8.5386115, 47.3734936 ], [ 8.5386081, 47.3736048 ], [ 8.5386147, 47.3736048 ], [ 8.5386134, 47.3736277 ], [ 8.5386234, 47.3736281 ], [ 8.5386232, 47.3736577 ], [ 8.5386167, 47.3736562 ], [ 8.5385909, 47.3736517 ] ] ] } },
{ "type": "Feature", "properties": { "id": "406fa8d1-6928-4ac1-83d9-8013d98b367b", "names": null, "sources": "[{'property': '', 'dataset': 'OpenStreetMap', 'license': 'ODbL-1.0', 'record_id': 'w288322655@3', 'update_time': '2026-03-21T16:00:05.000Z', 'confidence': None, 'between': None, 'provider': 'osm', 'resource': 'planet', 'version': '2026-09-06T00:00:00.000Z'}]", "level": null, "height": null, "min_height": null, "is_underground": false, "num_floors": null, "num_floors_underground": null, "min_floor": null, "subtype": null, "class": null, "facade_color": null, "facade_material": null, "roof_material": null, "roof_shape": null, "roof_direction": null, "roof_orientation": null, "roof_color": null, "roof_height": null, "has_parts": false, "version": 1, "bbox": { "xmin": 8.538677215576172, "xmax": 8.539020538330078, "ymin": 47.373504638671875, "ymax": 47.3736572265625 } }, "geometry": { "type": "Polygon", "coordinates": [ [ [ 8.5387763, 47.373512 ], [ 8.5390202, 47.3735775 ], [ 8.53896, 47.3736556 ], [ 8.5387803, 47.3736021 ], [ 8.5387283, 47.373591 ], [ 8.5386774, 47.3735801 ], [ 8.5387074, 47.3735061 ], [ 8.538765, 47.3735156 ], [ 8.5387763, 47.373512 ] ] ] } },
{ "type": "Feature", "properties": { "id": "0c93d50d-9e82-47bc-9783-5ef3f6d83270", "names": null, "sources": "[{'property': '', 'dataset': 'OpenStreetMap', 'license': 'ODbL-1.0', 'record_id': 'w288322658@3', 'update_time': '2026-03-21T16:00:36.000Z', 'confidence': None, 'between': None, 'provider': 'osm', 'resource': 'planet', 'version': '2026-09-06T00:00:00.000Z'}]", "level": null, "height": null, "min_height": null, "is_underground": false, "num_floors": null, "num_floors_underground": null, "min_floor": null, "subtype": null, "class": null, "facade_color": null, "facade_material": null, "roof_material": null, "roof_shape": null, "roof_direction": null, "roof_orientation": null, "roof_color": null, "roof_height": null, "has_parts": false, "version": 1, "bbox": { "xmin": 8.53867244720459, "xmax": 8.538960456848145, "ymin": 47.37358474731445, "ymax": 47.3737907409668 } }, "geometry": { "type": "Polygon", "coordinates": [ [ [ 8.5387803, 47.3736021 ], [ 8.53896, 47.3736556 ], [ 8.5388592, 47.3737837 ], [ 8.5387411, 47.3737054 ], [ 8.5386947, 47.3736834 ], [ 8.5386728, 47.3736767 ], [ 8.5386763, 47.3736712 ], [ 8.5387283, 47.373591 ], [ 8.5387803, 47.3736021 ] ] ] } },
{ "type": "Feature", "properties": { "id": "e73a8f48-b6e8-4cb2-b671-52ba753a8194", "names": null, "sources": "[{'property': '', 'dataset': 'OpenStreetMap', 'license': 'ODbL-1.0', 'record_id': 'w288322662@6', 'update_time': '2026-03-21T16:00:27.000Z', 'confidence': None, 'between': None, 'provider': 'osm', 'resource': 'planet', 'version': '2026-09-06T00:00:00.000Z'}]", "level": null, "height": null, "min_height": null, "is_underground": false, "num_floors": 6.0, "num_floors_underground": null, "min_floor": null, "subtype": "commercial", "class": "retail", "facade_color": null, "facade_material": null, "roof_material": null, "roof_shape": null, "roof_direction": null, "roof_orientation": null, "roof_color": null, "roof_height": null, "has_parts": false, "version": 1, "bbox": { "xmin": 8.538406372070312, "xmax": 8.538859367370605, "ymin": 47.3736457824707, "ymax": 47.37387466430664 } }, "geometry": { "type": "Polygon", "coordinates": [ [ [ 8.5388592, 47.3737837 ], [ 8.5388154, 47.3738399 ], [ 8.5388129, 47.3738547 ], [ 8.5387945, 47.3738533 ], [ 8.538792, 47.3738679 ], [ 8.5387267, 47.3738629 ], [ 8.538726, 47.373867 ], [ 8.5386608, 47.3738621 ], [ 8.5386602, 47.3738659 ], [ 8.5385936, 47.3738608 ], [ 8.5385929, 47.3738651 ], [ 8.5385273, 47.3738601 ], [ 8.5385266, 47.3738644 ], [ 8.5384555, 47.373859 ], [ 8.5384573, 47.3738484 ], [ 8.5384316, 47.3738464 ], [ 8.5384324, 47.3738421 ], [ 8.5384357, 47.3738424 ], [ 8.5384424, 47.3738021 ], [ 8.5384248, 47.3738007 ], [ 8.5384256, 47.3737959 ], [ 8.5384296, 47.3737962 ], [ 8.5384363, 47.373756 ], [ 8.5384183, 47.3737546 ], [ 8.538419, 47.3737504 ], [ 8.5384226, 47.3737507 ], [ 8.5384293, 47.3737105 ], [ 8.5384129, 47.3737092 ], [ 8.5384136, 47.3737054 ], [ 8.5384169, 47.3737056 ], [ 8.5384238, 47.3736644 ], [ 8.5384065, 47.3736644 ], [ 8.5384071, 47.3736559 ], [ 8.5385909, 47.3736517 ], [ 8.5386167, 47.3736562 ], [ 8.5386232, 47.3736577 ], [ 8.5386585, 47.3736661 ], [ 8.5386763, 47.3736712 ], [ 8.5386728, 47.3736767 ], [ 8.5386947, 47.3736834 ], [ 8.5387411, 47.3737054 ], [ 8.5388592, 47.3737837 ] ] ] } },
{ "type": "Feature", "properties": { "id": "54e38ad1-95b6-4421-8188-b32fcfa57b31", "names": null, "sources": "[{'property': '', 'dataset': 'OpenStreetMap', 'license': 'ODbL-1.0', 'record_id': 'w80359843@7', 'update_time': '2026-03-21T16:00:32.000Z', 'confidence': None, 'between': None, 'provider': 'osm', 'resource': 'planet', 'version': '2026-09-06T00:00:00.000Z'}]", "level": null, "height": null, "min_height": null, "is_underground": false, "num_floors": 4.0, "num_floors_underground": null, "min_floor": null, "subtype": "residential", "class": "apartments", "facade_color": null, "facade_material": null, "roof_material": null, "roof_shape": null, "roof_direction": null, "roof_orientation": null, "roof_color": null, "roof_height": null, "has_parts": false, "version": 1, "bbox": { "xmin": 8.537839889526367, "xmax": 8.538111686706543, "ymin": 47.37345886230469, "ymax": 47.37363815307617 } }, "geometry": { "type": "Polygon", "coordinates": [ [ [ 8.5378408, 47.3735503 ], [ 8.5378433, 47.3734658 ], [ 8.5381109, 47.3734695 ], [ 8.5381041, 47.3736321 ], [ 8.5378997, 47.3736293 ], [ 8.537902, 47.3735511 ], [ 8.5378408, 47.3735503 ] ] ] } },
{ "type": "Feature", "properties": { "id": "5a9e93d1-52b3-471e-8ac6-d810d4b2aea6", "names": null, "sources": "[{'property': '', 'dataset': 'OpenStreetMap', 'license': 'ODbL-1.0', 'record_id': 'w80359838@8', 'update_time': '2026-03-21T16:00:30.000Z', 'confidence': None, 'between': None, 'provider': 'osm', 'resource': 'planet', 'version': '2026-09-06T00:00:00.000Z'}]", "level": null, "height": null, "min_height": null, "is_underground": false, "num_floors": 6.0, "num_floors_underground": null, "min_floor": null, "subtype": "residential", "class": "apartments", "facade_color": null, "facade_material": null, "roof_material": null, "roof_shape": null, "roof_direction": null, "roof_orientation": null, "roof_color": null, "roof_height": null, "has_parts": false, "version": 1, "bbox": { "xmin": 8.53784465789795, "xmax": 8.538105010986328, "ymin": 47.37362289428711, "ymax": 47.37379837036133 } }, "geometry": { "type": "Polygon", "coordinates": [ [ [ 8.5378998, 47.3736593 ], [ 8.5378997, 47.3736293 ], [ 8.5381041, 47.3736321 ], [ 8.5381021, 47.3736928 ], [ 8.5381001, 47.3737508 ], [ 8.5380222, 47.3737967 ], [ 8.5378879, 47.373786 ], [ 8.5378475, 47.3737827 ], [ 8.5378448, 47.3736583 ], [ 8.5378998, 47.3736593 ] ] ] } },
{ "type": "Feature", "properties": { "id": "a0e7d39c-3fc6-4066-8616-7a6b2e96f981", "names": null, "sources": "[{'property': '', 'dataset': 'OpenStreetMap', 'license': 'ODbL-1.0', 'record_id': 'w80359856@9', 'update_time': '2026-03-21T16:00:05.000Z', 'confidence': None, 'between': None, 'provider': 'osm', 'resource': 'planet', 'version': '2026-09-06T00:00:00.000Z'}]", "level": null, "height": null, "min_height": null, "is_underground": false, "num_floors": 4.0, "num_floors_underground": null, "min_floor": null, "subtype": "commercial", "class": "commercial", "facade_color": null, "facade_material": null, "roof_material": null, "roof_shape": null, "roof_direction": null, "roof_orientation": null, "roof_color": null, "roof_height": null, "has_parts": false, "version": 2, "bbox": { "xmin": 8.537531852722168, "xmax": 8.537847518920898, "ymin": 47.3735237121582, "ymax": 47.373783111572266 } }, "geometry": { "type": "Polygon", "coordinates": [ [ [ 8.5377925, 47.3736575 ], [ 8.5378448, 47.3736583 ], [ 8.5378475, 47.3737827 ], [ 8.537792, 47.3737801 ], [ 8.5375324, 47.3737588 ], [ 8.5375477, 47.373525 ], [ 8.5375516, 47.3735251 ], [ 8.5377291, 47.3735284 ], [ 8.5377414, 47.3735287 ], [ 8.537739, 47.3736011 ], [ 8.5377951, 47.3736017 ], [ 8.5377925, 47.3736575 ] ] ] } },
{ "type": "Feature", "properties": { "id": "66d8eb89-abf6-4359-8ae5-c756a1f5aa49", "names": "{'primary': 'Haus zur Trülle', 'common': None, 'rules': None}", "sources": "[{'property': '', 'dataset': 'OpenStreetMap', 'license': 'ODbL-1.0', 'record_id': 'w325859851@9', 'update_time': '2026-03-21T16:00:33.000Z', 'confidence': None, 'between': None, 'provider': 'osm', 'resource': 'planet', 'version': '2026-09-06T00:00:00.000Z'}]", "level": null, "height": null, "min_height": null, "is_underground": false, "num_floors": 6.0, "num_floors_underground": null, "min_floor": null, "subtype": "commercial", "class": "commercial", "facade_color": null, "facade_material": null, "roof_material": null, "roof_shape": null, "roof_direction": null, "roof_orientation": null, "roof_color": null, "roof_height": null, "has_parts": false, "version": 1, "bbox": { "xmin": 8.53802490234375, "xmax": 8.5382719039917, "ymin": 47.373992919921875, "ymax": 47.374168395996094 } }, "geometry": { "type": "Polygon", "coordinates": [ [ [ 8.5380795, 47.3741646 ], [ 8.5380258, 47.3741567 ], [ 8.5380296, 47.3741433 ], [ 8.5380334, 47.37413 ], [ 8.5380775, 47.3739945 ], [ 8.5382042, 47.3740046 ], [ 8.5382485, 47.374091 ], [ 8.5382616, 47.3740926 ], [ 8.5382713, 47.3741105 ], [ 8.538263, 47.3741192 ], [ 8.5382637, 47.3741213 ], [ 8.5380795, 47.3741646 ] ] ] } },
{ "type": "Feature", "properties": { "id": "e5b70206-d21e-405b-bfe3-3211e62eed37", "names": null, "sources": "[{'property': '', 'dataset': 'OpenStreetMap', 'license': 'ODbL-1.0', 'record_id': 'w325859852@6', 'update_time': '2026-03-21T16:00:09.000Z', 'confidence': None, 'between': None, 'provider': 'osm', 'resource': 'planet', 'version': '2026-09-06T00:00:00.000Z'}]", "level": null, "height": null, "min_height": null, "is_underground": false, "num_floors": 6.0, "num_floors_underground": null, "min_floor": null, "subtype": "commercial", "class": "commercial", "facade_color": null, "facade_material": null, "roof_material": null, "roof_shape": null, "roof_direction": null, "roof_orientation": null, "roof_color": null, "roof_height": null, "has_parts": false, "version": 1, "bbox": { "xmin": 8.537993431091309, "xmax": 8.538318634033203, "ymin": 47.374114990234375, "ymax": 47.37427520751953 } }, "geometry": { "type": "Polygon", "coordinates": [ [ [ 8.5381266, 47.3742736 ], [ 8.5379941, 47.3742539 ], [ 8.5380258, 47.3741567 ], [ 8.5380795, 47.3741646 ], [ 8.5382637, 47.3741213 ], [ 8.5383185, 47.3742283 ], [ 8.5381266, 47.3742736 ] ] ] } },
{ "type": "Feature", "properties": { "id": "21a29e96-daee-43a3-b288-e44771c60e40", "names": null, "sources": "[{'property': '', 'dataset': 'OpenStreetMap', 'license': 'ODbL-1.0', 'record_id': 'w78574927@8', 'update_time': '2026-03-21T16:00:19.000Z', 'confidence': None, 'between': None, 'provider': 'osm', 'resource': 'planet', 'version': '2026-09-06T00:00:00.000Z'}]", "level": null, "height": null, "min_height": null, "is_underground": false, "num_floors": null, "num_floors_underground": null, "min_floor": null, "subtype": "commercial", "class": "commercial", "facade_color": null, "facade_material": null, "roof_material": null, "roof_shape": null, "roof_direction": null, "roof_orientation": null, "roof_color": null, "roof_height": null, "has_parts": false, "version": 1, "bbox": { "xmin": 8.537900924682617, "xmax": 8.538397789001465, "ymin": 47.37422180175781, "ymax": 47.374595642089844 } }, "geometry": { "type": "Polygon", "coordinates": [ [ [ 8.5379844, 47.3742832 ], [ 8.5379941, 47.3742539 ], [ 8.5381266, 47.3742736 ], [ 8.5383185, 47.3742283 ], [ 8.5383539, 47.3742937 ], [ 8.5383666, 47.3742908 ], [ 8.538372, 47.3743016 ], [ 8.5383773, 47.3743121 ], [ 8.5383649, 47.3743153 ], [ 8.5383975, 47.374381 ], [ 8.5381685, 47.3744355 ], [ 8.5382385, 47.3745686 ], [ 8.5380909, 47.3745818 ], [ 8.5379591, 47.3745938 ], [ 8.5379239, 47.374577 ], [ 8.5379162, 47.3745711 ], [ 8.5379014, 47.3745447 ], [ 8.5379012, 47.3745362 ], [ 8.5379601, 47.3743561 ], [ 8.537966, 47.374338 ], [ 8.5379592, 47.3743365 ], [ 8.5379546, 47.3743319 ], [ 8.5379572, 47.3743241 ], [ 8.5379596, 47.3743174 ], [ 8.5379644, 47.3743136 ], [ 8.5379742, 47.3743137 ], [ 8.5379844, 47.3742832 ] ] ] } },
{ "type": "Feature", "properties": { "id": "73e4ba9f-bf2b-42a6-ba85-e0a2fdc5d26c", "names": null, "sources": "[{'property': '', 'dataset': 'OpenStreetMap', 'license': 'ODbL-1.0', 'record_id': 'w78574935@9', 'update_time': '2026-03-21T16:00:05.000Z', 'confidence': None, 'between': None, 'provider': 'osm', 'resource': 'planet', 'version': '2026-09-06T00:00:00.000Z'}]", "level": null, "height": null, "min_height": null, "is_underground": false, "num_floors": 5.0, "num_floors_underground": null, "min_floor": null, "subtype": "commercial", "class": "commercial", "facade_color": null, "facade_material": null, "roof_material": null, "roof_shape": null, "roof_direction": null, "roof_orientation": null, "roof_color": null, "roof_height": null, "has_parts": false, "version": 1, "bbox": { "xmin": 8.538167953491211, "xmax": 8.538480758666992, "ymin": 47.37437438964844, "ymax": 47.374568939208984 } }, "geometry": { "type": "Polygon", "coordinates": [ [ [ 8.5384472, 47.3745404 ], [ 8.5382385, 47.3745686 ], [ 8.5381685, 47.3744355 ], [ 8.5383975, 47.374381 ], [ 8.5384673, 47.3745168 ], [ 8.5384801, 47.3745225 ], [ 8.5384613, 47.3745457 ], [ 8.5384472, 47.3745404 ] ] ] } },
{ "type": "Feature", "properties": { "id": "ce21b0f9-3482-4170-a312-a084006b6dd3", "names": "{'primary': 'Zum Silberhof', 'common': None, 'rules': array([{'variant': 'alternate', 'language': None, 'perspectives': None, 'value': 'Zum Silberhof', 'between': None, 'side': None}],\n      dtype=object)}", "sources": "[{'property': '', 'dataset': 'OpenStreetMap', 'license': 'ODbL-1.0', 'record_id': 'w290914343@6', 'update_time': '2026-03-21T15:59:55.000Z', 'confidence': None, 'between': None, 'provider': 'osm', 'resource': 'planet', 'version': '2026-09-06T00:00:00.000Z'}]", "level": null, "height": null, "min_height": null, "is_underground": false, "num_floors": 6.0, "num_floors_underground": null, "min_floor": null, "subtype": "commercial", "class": "retail", "facade_color": null, "facade_material": null, "roof_material": null, "roof_shape": null, "roof_direction": null, "roof_orientation": null, "roof_color": null, "roof_height": null, "has_parts": false, "version": 1, "bbox": { "xmin": 8.538860321044922, "xmax": 8.539203643798828, "ymin": 47.374595642089844, "ymax": 47.37477493286133 } }, "geometry": { "type": "Polygon", "coordinates": [ [ [ 8.5389664, 47.3746241 ], [ 8.5389697, 47.374628 ], [ 8.539003, 47.3746211 ], [ 8.5390516, 47.3746131 ], [ 8.5391067, 47.3746076 ], [ 8.5391682, 47.3746035 ], [ 8.5391736, 47.3746045 ], [ 8.5391763, 47.3746056 ], [ 8.5391784, 47.3746072 ], [ 8.5391801, 47.3746094 ], [ 8.5391851, 47.3746093 ], [ 8.5391916, 47.3746091 ], [ 8.5391912, 47.3746028 ], [ 8.5391969, 47.3746026 ], [ 8.5392032, 47.3747133 ], [ 8.5391251, 47.3747292 ], [ 8.5389328, 47.3747674 ], [ 8.5389309, 47.3747638 ], [ 8.5389396, 47.3747618 ], [ 8.5389355, 47.374754 ], [ 8.5389317, 47.3747538 ], [ 8.5389292, 47.3747531 ], [ 8.5389263, 47.3747519 ], [ 8.5389235, 47.3747495 ], [ 8.5388926, 47.3746897 ], [ 8.5388874, 47.3746898 ], [ 8.5388824, 47.3746888 ], [ 8.5388782, 47.3746868 ], [ 8.5388745, 47.3746844 ], [ 8.5388617, 47.3746596 ], [ 8.538861, 47.3746522 ], [ 8.538864, 47.374645 ], [ 8.538871, 47.3746385 ], [ 8.5388809, 47.3746342 ], [ 8.5389504, 47.3746201 ], [ 8.5389567, 47.3746206 ], [ 8.538963, 47.3746222 ], [ 8.5389664, 47.3746241 ] ] ] } },
{ "type": "Feature", "properties": { "id": "e597af7f-c3c4-4c28-b4e5-518d7751c62b", "names": null, "sources": "[{'property': '', 'dataset': 'OpenStreetMap', 'license': 'ODbL-1.0', 'record_id': 'w78574930@9', 'update_time': '2026-03-21T16:00:43.000Z', 'confidence': None, 'between': None, 'provider': 'osm', 'resource': 'planet', 'version': '2026-09-06T00:00:00.000Z'}]", "level": null, "height": null, "min_height": null, "is_underground": false, "num_floors": 5.0, "num_floors_underground": null, "min_floor": null, "subtype": "commercial", "class": "commercial", "facade_color": null, "facade_material": null, "roof_material": null, "roof_shape": null, "roof_direction": null, "roof_orientation": null, "roof_color": null, "roof_height": null, "has_parts": false, "version": 1, "bbox": { "xmin": 8.538714408874512, "xmax": 8.539034843444824, "ymin": 47.37407684326172, "ymax": 47.37443161010742 } }, "geometry": { "type": "Polygon", "coordinates": [ [ [ 8.5388274, 47.374077 ], [ 8.5389516, 47.3740984 ], [ 8.5389411, 47.3741525 ], [ 8.5389922, 47.3741555 ], [ 8.5389894, 47.3742941 ], [ 8.5390342, 47.374294 ], [ 8.539025, 47.3744306 ], [ 8.5388253, 47.3744273 ], [ 8.5387434, 47.3742685 ], [ 8.5387159, 47.3742151 ], [ 8.5388274, 47.374077 ] ] ] } },
{ "type": "Feature", "properties": { "id": "7a3819d3-f816-469a-b105-ec6610e29737", "names": "{'primary': 'Honold', 'common': None, 'rules': None}", "sources": "[{'property': '', 'dataset': 'OpenStreetMap', 'license': 'ODbL-1.0', 'record_id': 'w1394201829@1', 'update_time': '2025-06-11T15:04:58.000Z', 'confidence': None, 'between': None, 'provider': 'osm', 'resource': 'planet', 'version': '2026-09-06T00:00:00.000Z'}]", "level": null, "height": null, "min_height": null, "is_underground": false, "num_floors": null, "num_floors_underground": null, "min_floor": null, "subtype": null, "class": null, "facade_color": null, "facade_material": null, "roof_material": null, "roof_shape": null, "roof_direction": null, "roof_orientation": null, "roof_color": null, "roof_height": null, "has_parts": false, "version": 1, "bbox": { "xmin": 8.538678169250488, "xmax": 8.538777351379395, "ymin": 47.37395477294922, "ymax": 47.373992919921875 } }, "geometry": { "type": "Polygon", "coordinates": [ [ [ 8.5387752, 47.3739855 ], [ 8.5386783, 47.3739823 ], [ 8.5386801, 47.3739562 ], [ 8.5387771, 47.3739594 ], [ 8.5387752, 47.3739855 ] ] ] } },
{ "type": "Feature", "properties": { "id": "86a03365-e5d7-49b2-9c04-e09f4530d8d9", "names": null, "sources": "[{'property': '', 'dataset': 'OpenStreetMap', 'license': 'ODbL-1.0', 'record_id': 'w78574947@6', 'update_time': '2026-03-21T16:00:19.000Z', 'confidence': None, 'between': None, 'provider': 'osm', 'resource': 'planet', 'version': '2026-09-06T00:00:00.000Z'}]", "level": null, "height": null, "min_height": null, "is_underground": false, "num_floors": null, "num_floors_underground": null, "min_floor": null, "subtype": "commercial", "class": "retail", "facade_color": null, "facade_material": null, "roof_material": null, "roof_shape": null, "roof_direction": null, "roof_orientation": null, "roof_color": null, "roof_height": null, "has_parts": false, "version": 1, "bbox": { "xmin": 8.538826942443848, "xmax": 8.539229393005371, "ymin": 47.37397766113281, "ymax": 47.37415313720703 } }, "geometry": { "type": "Polygon", "coordinates": [ [ [ 8.5392279, 47.3740055 ], [ 8.5392085, 47.3741294 ], [ 8.5392053, 47.3741464 ], [ 8.5391551, 47.374138 ], [ 8.5391607, 47.3741061 ], [ 8.5391097, 47.3740999 ], [ 8.5390922, 47.374126 ], [ 8.5389516, 47.3740984 ], [ 8.5388274, 47.374077 ], [ 8.538867, 47.3740279 ], [ 8.5389065, 47.3739785 ], [ 8.5391219, 47.3739968 ], [ 8.5392279, 47.3740055 ] ] ] } },
{ "type": "Feature", "properties": { "id": "03f738fb-d49d-4350-b93d-62f3469cf1bc", "names": "{'primary': 'Amtshaus IV', 'common': None, 'rules': None}", "sources": "[{'property': '', 'dataset': 'OpenStreetMap', 'license': 'ODbL-1.0', 'record_id': 'w78574925@14', 'update_time': '2026-03-21T15:59:55.000Z', 'confidence': None, 'between': None, 'provider': 'osm', 'resource': 'planet', 'version': '2026-09-06T00:00:00.000Z'}]", "level": 1.0, "height": null, "min_height": null, "is_underground": false, "num_floors": null, "num_floors_underground": null, "min_floor": null, "subtype": "civic", "class": "public", "facade_color": null, "facade_material": null, "roof_material": null, "roof_shape": null, "roof_direction": null, "roof_orientation": null, "roof_color": null, "roof_height": null, "has_parts": false, "version": 2, "bbox": { "xmin": 8.539484977722168, "xmax": 8.540258407592773, "ymin": 47.374019622802734, "ymax": 47.37434768676758 } }, "geometry": { "type": "Polygon", "coordinates": [ [ [ 8.540258, 47.3743165 ], [ 8.5402583, 47.3743357 ], [ 8.5400199, 47.3743418 ], [ 8.5400153, 47.3742727 ], [ 8.5400121, 47.3742244 ], [ 8.539973, 47.3742264 ], [ 8.5399255, 47.3742288 ], [ 8.5399284, 47.3743001 ], [ 8.5398418, 47.3743024 ], [ 8.539638, 47.3743079 ], [ 8.5396347, 47.374238 ], [ 8.5395436, 47.3742399 ], [ 8.5395417, 47.3741878 ], [ 8.5396342, 47.374184 ], [ 8.5396536, 47.3741747 ], [ 8.5396637, 47.3741613 ], [ 8.5396671, 47.374148 ], [ 8.5396623, 47.3741321 ], [ 8.5396519, 47.3741234 ], [ 8.5396404, 47.3741146 ], [ 8.5394853, 47.3741036 ], [ 8.5394953, 47.3740263 ], [ 8.5398727, 47.3740565 ], [ 8.5402504, 47.3740863 ], [ 8.5402532, 47.3741611 ], [ 8.540258, 47.3743165 ] ] ] } },
{ "type": "Feature", "properties": { "id": "1ea04e7a-1394-47e5-8850-82342952c797", "names": null, "sources": "[{'property': '', 'dataset': 'OpenStreetMap', 'license': 'ODbL-1.0', 'record_id': 'w78574952@6', 'update_time': '2026-03-21T16:00:23.000Z', 'confidence': None, 'between': None, 'provider': 'osm', 'resource': 'planet', 'version': '2026-09-06T00:00:00.000Z'}]", "level": null, "height": null, "min_height": null, "is_underground": false, "num_floors": null, "num_floors_underground": null, "min_floor": null, "subtype": "commercial", "class": "commercial", "facade_color": null, "facade_material": null, "roof_material": null, "roof_shape": null, "roof_direction": null, "roof_orientation": null, "roof_color": null, "roof_height": null, "has_parts": false, "version": 1, "bbox": { "xmin": 8.53920841217041, "xmax": 8.539554595947266, "ymin": 47.37400436401367, "ymax": 47.374427795410156 } }, "geometry": { "type": "Polygon", "coordinates": [ [ [ 8.5395417, 47.3741878 ], [ 8.5395436, 47.3742399 ], [ 8.5395539, 47.3744104 ], [ 8.5392555, 47.3744209 ], [ 8.5392468, 47.3742879 ], [ 8.5392499, 47.3741337 ], [ 8.5392085, 47.3741294 ], [ 8.5392279, 47.3740055 ], [ 8.5394953, 47.3740263 ], [ 8.5394853, 47.3741036 ], [ 8.5394738, 47.374188 ], [ 8.5395417, 47.3741878 ] ] ] } },
{ "type": "Feature", "properties": { "id": "5787589e-d660-435f-89b6-d570591f5a58", "names": null, "sources": "[{'property': '', 'dataset': 'OpenStreetMap', 'license': 'ODbL-1.0', 'record_id': 'w78574931@6', 'update_time': '2026-03-21T16:00:40.000Z', 'confidence': None, 'between': None, 'provider': 'osm', 'resource': 'planet', 'version': '2026-09-06T00:00:00.000Z'}]", "level": null, "height": null, "min_height": null, "is_underground": false, "num_floors": null, "num_floors_underground": null, "min_floor": null, "subtype": "commercial", "class": "office", "facade_color": null, "facade_material": null, "roof_material": null, "roof_shape": null, "roof_direction": null, "roof_orientation": null, "roof_color": null, "roof_height": null, "has_parts": false, "version": 1, "bbox": { "xmin": 8.539024353027344, "xmax": 8.53925609588623, "ymin": 47.374267578125, "ymax": 47.37443161010742 } }, "geometry": { "type": "Polygon", "coordinates": [ [ [ 8.5392555, 47.3744209 ], [ 8.539025, 47.3744306 ], [ 8.5390342, 47.374294 ], [ 8.5390344, 47.3742796 ], [ 8.5391588, 47.3742751 ], [ 8.5391591, 47.3742906 ], [ 8.5392468, 47.3742879 ], [ 8.5392555, 47.3744209 ] ] ] } },
{ "type": "Feature", "properties": { "id": "fb663a75-8848-4487-be1d-8f96cef09934", "names": "{'primary': 'Ämtli für Städtebau', 'common': None, 'rules': None}", "sources": "[{'property': '', 'dataset': 'OpenStreetMap', 'license': 'ODbL-1.0', 'record_id': 'w225418785@12', 'update_time': '2026-03-21T16:00:13.000Z', 'confidence': None, 'between': None, 'provider': 'osm', 'resource': 'planet', 'version': '2026-09-06T00:00:00.000Z'}]", "level": null, "height": null, "min_height": null, "is_underground": false, "num_floors": 1.0, "num_floors_underground": null, "min_floor": null, "subtype": "commercial", "class": "retail", "facade_color": null, "facade_material": null, "roof_material": null, "roof_shape": "flat", "roof_direction": null, "roof_orientation": null, "roof_color": null, "roof_height": null, "has_parts": false, "version": 2, "bbox": { "xmin": 8.539790153503418, "xmax": 8.539861679077148, "ymin": 47.3746452331543, "ymax": 47.37470626831055 } }, "geometry": { "type": "Polygon", "coordinates": [ [ [ 8.5397902, 47.3746529 ], [ 8.5398319, 47.3746518 ], [ 8.5398592, 47.3746687 ], [ 8.5398609, 47.3746976 ], [ 8.539819, 47.3746988 ], [ 8.539792, 47.3746816 ], [ 8.5397902, 47.3746529 ] ] ] } },
{ "type": "Feature", "properties": { "id": "41a50cf7-3af9-4652-b37a-27457abd9fe8", "names": null, "sources": "[{'property': '', 'dataset': 'OpenStreetMap', 'license': 'ODbL-1.0', 'record_id': 'w288353550@3', 'update_time': '2026-03-21T15:59:53.000Z', 'confidence': None, 'between': None, 'provider': 'osm', 'resource': 'planet', 'version': '2026-09-06T00:00:00.000Z'}]", "level": null, "height": null, "min_height": null, "is_underground": false, "num_floors": null, "num_floors_underground": null, "min_floor": null, "subtype": null, "class": null, "facade_color": null, "facade_material": null, "roof_material": null, "roof_shape": null, "roof_direction": null, "roof_orientation": null, "roof_color": null, "roof_height": null, "has_parts": false, "version": 1, "bbox": { "xmin": 8.539911270141602, "xmax": 8.540047645568848, "ymin": 47.37358856201172, "ymax": 47.37367248535156 } }, "geometry": { "type": "Polygon", "coordinates": [ [ [ 8.5399418, 47.3735902 ], [ 8.5400473, 47.3736118 ], [ 8.5400357, 47.3736722 ], [ 8.5399122, 47.3736475 ], [ 8.5399418, 47.3735902 ] ] ] } },
{ "type": "Feature", "properties": { "id": "02528741-7956-4e57-b28c-d6fa96278483", "names": null, "sources": "[{'property': '', 'dataset': 'OpenStreetMap', 'license': 'ODbL-1.0', 'record_id': 'w288353548@3', 'update_time': '2026-03-21T16:00:39.000Z', 'confidence': None, 'between': None, 'provider': 'osm', 'resource': 'planet', 'version': '2026-09-06T00:00:00.000Z'}]", "level": null, "height": null, "min_height": null, "is_underground": false, "num_floors": null, "num_floors_underground": null, "min_floor": null, "subtype": null, "class": null, "facade_color": null, "facade_material": null, "roof_material": null, "roof_shape": null, "roof_direction": null, "roof_orientation": null, "roof_color": null, "roof_height": null, "has_parts": false, "version": 1, "bbox": { "xmin": 8.539849281311035, "xmax": 8.539957046508789, "ymin": 47.373775482177734, "ymax": 47.37394332885742 } }, "geometry": { "type": "Polygon", "coordinates": [ [ [ 8.5398493, 47.3739313 ], [ 8.53987, 47.3737759 ], [ 8.5399174, 47.3737814 ], [ 8.5399093, 47.3738211 ], [ 8.5399563, 47.3738255 ], [ 8.5399551, 47.3738335 ], [ 8.5399447, 47.373937 ], [ 8.5398493, 47.3739313 ] ] ] } },
{ "type": "Feature", "properties": { "id": "b1b59ef5-1805-4af0-ac5b-86e337ed63cd", "names": null, "sources": "[{'property': '', 'dataset': 'OpenStreetMap', 'license': 'ODbL-1.0', 'record_id': 'w288353532@1', 'update_time': '2014-06-16T18:35:10.000Z', 'confidence': None, 'between': None, 'provider': 'osm', 'resource': 'planet', 'version': '2026-09-06T00:00:00.000Z'}]", "level": null, "height": null, "min_height": null, "is_underground": false, "num_floors": null, "num_floors_underground": null, "min_floor": null, "subtype": null, "class": null, "facade_color": null, "facade_material": null, "roof_material": null, "roof_shape": null, "roof_direction": null, "roof_orientation": null, "roof_color": null, "roof_height": null, "has_parts": false, "version": 1, "bbox": { "xmin": 8.539938926696777, "xmax": 8.540027618408203, "ymin": 47.37383270263672, "ymax": 47.37397384643555 } }, "geometry": { "type": "Polygon", "coordinates": [ [ [ 8.5399447, 47.373937 ], [ 8.5399551, 47.3738335 ], [ 8.5400276, 47.3738376 ], [ 8.5400241, 47.3739274 ], [ 8.5400125, 47.3739731 ], [ 8.5399394, 47.3739668 ], [ 8.5399447, 47.373937 ] ] ] } },
{ "type": "Feature", "properties": { "id": "7a56b914-32bf-4360-8e93-e2b75b4bdefd", "names": null, "sources": "[{'property': '', 'dataset': 'OpenStreetMap', 'license': 'ODbL-1.0', 'record_id': 'w288353504@5', 'update_time': '2026-03-21T16:00:29.000Z', 'confidence': None, 'between': None, 'provider': 'osm', 'resource': 'planet', 'version': '2026-09-06T00:00:00.000Z'}]", "level": null, "height": null, "min_height": null, "is_underground": false, "num_floors": null, "num_floors_underground": null, "min_floor": null, "subtype": "commercial", "class": "retail", "facade_color": null, "facade_material": null, "roof_material": null, "roof_shape": null, "roof_direction": null, "roof_orientation": null, "roof_color": null, "roof_height": null, "has_parts": false, "version": 1, "bbox": { "xmin": 8.539628028869629, "xmax": 8.539877891540527, "ymin": 47.373687744140625, "ymax": 47.373931884765625 } }, "geometry": { "type": "Polygon", "coordinates": [ [ [ 8.5396938, 47.3737475 ], [ 8.5397217, 47.3736936 ], [ 8.5398771, 47.3737223 ], [ 8.53987, 47.3737759 ], [ 8.5398493, 47.3739313 ], [ 8.5398038, 47.3739249 ], [ 8.5396812, 47.3739071 ], [ 8.5396283, 47.3738979 ], [ 8.5396828, 47.3737844 ], [ 8.5396938, 47.3737475 ] ] ] } },
{ "type": "Feature", "properties": { "id": "b8a6ec3b-c5db-4775-9e93-5ef21f0f3dc2", "names": null, "sources": "[{'property': '', 'dataset': 'OpenStreetMap', 'license': 'ODbL-1.0', 'record_id': 'w288353509@3', 'update_time': '2026-03-21T16:00:41.000Z', 'confidence': None, 'between': None, 'provider': 'osm', 'resource': 'planet', 'version': '2026-09-06T00:00:00.000Z'}]", "level": null, "height": null, "min_height": null, "is_underground": false, "num_floors": null, "num_floors_underground": null, "min_floor": null, "subtype": null, "class": null, "facade_color": null, "facade_material": null, "roof_material": null, "roof_shape": null, "roof_direction": null, "roof_orientation": null, "roof_color": null, "roof_height": null, "has_parts": false, "version": 1, "bbox": { "xmin": 8.539525032043457, "xmax": 8.539722442626953, "ymin": 47.37367248535156, "ymax": 47.37394332885742 } }, "geometry": { "type": "Polygon", "coordinates": [ [ [ 8.5396431, 47.3736734 ], [ 8.5396767, 47.3736825 ], [ 8.5397217, 47.3736936 ], [ 8.5396938, 47.3737475 ], [ 8.5396828, 47.3737844 ], [ 8.5396283, 47.3738979 ], [ 8.5396202, 47.3739419 ], [ 8.5395256, 47.3739348 ], [ 8.5395349, 47.3738775 ], [ 8.5396039, 47.3737451 ], [ 8.539612, 47.3737184 ], [ 8.5396431, 47.3736734 ] ] ] } },
{ "type": "Feature", "properties": { "id": "5b92f9c4-5f27-4034-99ce-5fce5c4cb5cb", "names": null, "sources": "[{'property': '', 'dataset': 'OpenStreetMap', 'license': 'ODbL-1.0', 'record_id': 'w288353518@1', 'update_time': '2014-06-16T18:35:08.000Z', 'confidence': None, 'between': None, 'provider': 'osm', 'resource': 'planet', 'version': '2026-09-06T00:00:00.000Z'}]", "level": null, "height": null, "min_height": null, "is_underground": false, "num_floors": null, "num_floors_underground": null, "min_floor": null, "subtype": null, "class": null, "facade_color": null, "facade_material": null, "roof_material": null, "roof_shape": null, "roof_direction": null, "roof_orientation": null, "roof_color": null, "roof_height": null, "has_parts": false, "version": 1, "bbox": { "xmin": 8.539462089538574, "xmax": 8.539545059204102, "ymin": 47.37370300292969, "ymax": 47.37375259399414 } }, "geometry": { "type": "Polygon", "coordinates": [ [ [ 8.5395448, 47.3737223 ], [ 8.5395279, 47.3737523 ], [ 8.5394694, 47.3737388 ], [ 8.539463, 47.3737365 ], [ 8.5394812, 47.373704 ], [ 8.5395022, 47.3737101 ], [ 8.5395448, 47.3737223 ] ] ] } },
{ "type": "Feature", "properties": { "id": "92f10898-7d8b-46db-8990-e7c13a20b519", "names": null, "sources": "[{'property': '', 'dataset': 'OpenStreetMap', 'license': 'ODbL-1.0', 'record_id': 'w288353516@3', 'update_time': '2026-03-21T16:00:39.000Z', 'confidence': None, 'between': None, 'provider': 'osm', 'resource': 'planet', 'version': '2026-09-06T00:00:00.000Z'}]", "level": null, "height": null, "min_height": null, "is_underground": false, "num_floors": null, "num_floors_underground": null, "min_floor": null, "subtype": null, "class": null, "facade_color": null, "facade_material": null, "roof_material": null, "roof_shape": null, "roof_direction": null, "roof_orientation": null, "roof_color": null, "roof_height": null, "has_parts": false, "version": 1, "bbox": { "xmin": 8.539412498474121, "xmax": 8.539604187011719, "ymin": 47.37373733520508, "ymax": 47.373878479003906 } }, "geometry": { "type": "Polygon", "coordinates": [ [ [ 8.5396039, 47.3737451 ], [ 8.5395349, 47.3738775 ], [ 8.5394128, 47.3738433 ], [ 8.5394694, 47.3737388 ], [ 8.5395279, 47.3737523 ], [ 8.5395749, 47.3737632 ], [ 8.5395859, 47.3737404 ], [ 8.5396039, 47.3737451 ] ] ] } },
{ "type": "Feature", "properties": { "id": "965bdbc1-a7b0-4437-9831-cd9df9f6cb93", "names": null, "sources": "[{'property': '', 'dataset': 'OpenStreetMap', 'license': 'ODbL-1.0', 'record_id': 'w288353517@4', 'update_time': '2026-03-21T16:00:29.000Z', 'confidence': None, 'between': None, 'provider': 'osm', 'resource': 'planet', 'version': '2026-09-06T00:00:00.000Z'}]", "level": null, "height": null, "min_height": null, "is_underground": false, "num_floors": null, "num_floors_underground": null, "min_floor": null, "subtype": "commercial", "class": "retail", "facade_color": null, "facade_material": null, "roof_material": null, "roof_shape": null, "roof_direction": null, "roof_orientation": null, "roof_color": null, "roof_height": null, "has_parts": false, "version": 1, "bbox": { "xmin": 8.539390563964844, "xmax": 8.539535522460938, "ymin": 47.373836517333984, "ymax": 47.37393569946289 } }, "geometry": { "type": "Polygon", "coordinates": [ [ [ 8.5393995, 47.3738688 ], [ 8.5394128, 47.3738433 ], [ 8.5395349, 47.3738775 ], [ 8.5395256, 47.3739348 ], [ 8.5393914, 47.3739215 ], [ 8.5393995, 47.3738688 ] ] ] } },
{ "type": "Feature", "properties": { "id": "cfed2102-6a3a-4424-9103-1572717a34db", "names": null, "sources": "[{'property': '', 'dataset': 'OpenStreetMap', 'license': 'ODbL-1.0', 'record_id': 'w288353522@4', 'update_time': '2026-03-21T16:00:07.000Z', 'confidence': None, 'between': None, 'provider': 'osm', 'resource': 'planet', 'version': '2026-09-06T00:00:00.000Z'}]", "level": null, "height": null, "min_height": null, "is_underground": false, "num_floors": null, "num_floors_underground": null, "min_floor": null, "subtype": "commercial", "class": "retail", "facade_color": null, "facade_material": null, "roof_material": null, "roof_shape": null, "roof_direction": null, "roof_orientation": null, "roof_color": null, "roof_height": null, "has_parts": false, "version": 1, "bbox": { "xmin": 8.539263725280762, "xmax": 8.539413452148438, "ymin": 47.373802185058594, "ymax": 47.37392807006836 } }, "geometry": { "type": "Polygon", "coordinates": [ [ [ 8.5392736, 47.3738378 ], [ 8.5392949, 47.3738089 ], [ 8.5394128, 47.3738433 ], [ 8.5393995, 47.3738688 ], [ 8.5393914, 47.3739215 ], [ 8.5392638, 47.373912 ], [ 8.5392736, 47.3738378 ] ] ] } },
{ "type": "Feature", "properties": { "id": "8228db8d-85e4-4ebb-aa45-5bbd87e42534", "names": null, "sources": "[{'property': '', 'dataset': 'OpenStreetMap', 'license': 'ODbL-1.0', 'record_id': 'w288353503@5', 'update_time': '2026-03-21T16:00:05.000Z', 'confidence': None, 'between': None, 'provider': 'osm', 'resource': 'planet', 'version': '2026-09-06T00:00:00.000Z'}]", "level": null, "height": null, "min_height": null, "is_underground": false, "num_floors": 4.0, "num_floors_underground": null, "min_floor": null, "subtype": "commercial", "class": "retail", "facade_color": null, "facade_material": null, "roof_material": null, "roof_shape": null, "roof_direction": null, "roof_orientation": null, "roof_color": null, "roof_height": null, "has_parts": false, "version": 1, "bbox": { "xmin": 8.539009094238281, "xmax": 8.539274215698242, "ymin": 47.37376022338867, "ymax": 47.3739128112793 } }, "geometry": { "type": "Polygon", "coordinates": [ [ [ 8.5391501, 47.3737867 ], [ 8.5392736, 47.3738378 ], [ 8.5392638, 47.373912 ], [ 8.5390486, 47.3738947 ], [ 8.5390292, 47.3738716 ], [ 8.5390097, 47.3738484 ], [ 8.5390242, 47.3738299 ], [ 8.53907, 47.3737694 ], [ 8.5390748, 47.3737614 ], [ 8.5391437, 47.3737871 ], [ 8.5391501, 47.3737867 ] ] ] } },
{ "type": "Feature", "properties": { "id": "330fba51-a90c-4e4d-8209-c6362ca3dc5c", "names": null, "sources": "[{'property': '', 'dataset': 'OpenStreetMap', 'license': 'ODbL-1.0', 'record_id': 'w288353549@4', 'update_time': '2026-03-21T16:00:24.000Z', 'confidence': None, 'between': None, 'provider': 'osm', 'resource': 'planet', 'version': '2026-09-06T00:00:00.000Z'}]", "level": null, "height": null, "min_height": null, "is_underground": false, "num_floors": 5.0, "num_floors_underground": null, "min_floor": null, "subtype": null, "class": null, "facade_color": null, "facade_material": null, "roof_material": null, "roof_shape": null, "roof_direction": null, "roof_orientation": null, "roof_color": null, "roof_height": null, "has_parts": false, "version": 1, "bbox": { "xmin": 8.539073944091797, "xmax": 8.539337158203125, "ymin": 47.373680114746094, "ymax": 47.373844146728516 } }, "geometry": { "type": "Polygon", "coordinates": [ [ [ 8.5391433, 47.373681 ], [ 8.5392983, 47.37374 ], [ 8.5393357, 47.3737533 ], [ 8.5392949, 47.3738089 ], [ 8.5392736, 47.3738378 ], [ 8.5391501, 47.3737867 ], [ 8.5391437, 47.3737871 ], [ 8.5390748, 47.3737614 ], [ 8.5391433, 47.373681 ] ] ] } },
{ "type": "Feature", "properties": { "id": "c4870825-0ccb-4fbc-8ad3-9df4eee9f2d4", "names": null, "sources": "[{'property': '', 'dataset': 'OpenStreetMap', 'license': 'ODbL-1.0', 'record_id': 'w288353521@3', 'update_time': '2026-03-21T16:00:33.000Z', 'confidence': None, 'between': None, 'provider': 'osm', 'resource': 'planet', 'version': '2026-09-06T00:00:00.000Z'}]", "level": null, "height": null, "min_height": null, "is_underground": false, "num_floors": null, "num_floors_underground": null, "min_floor": null, "subtype": null, "class": null, "facade_color": null, "facade_material": null, "roof_material": null, "roof_shape": null, "roof_direction": null, "roof_orientation": null, "roof_color": null, "roof_height": null, "has_parts": false, "version": 1, "bbox": { "xmin": 8.539294242858887, "xmax": 8.539527893066406, "ymin": 47.37361526489258, "ymax": 47.373844146728516 } }, "geometry": { "type": "Polygon", "coordinates": [ [ [ 8.5394694, 47.3737388 ], [ 8.5394128, 47.3738433 ], [ 8.5392949, 47.3738089 ], [ 8.5393357, 47.3737533 ], [ 8.5393603, 47.3737172 ], [ 8.539423, 47.3737341 ], [ 8.5394398, 47.3736976 ], [ 8.5394253, 47.3736948 ], [ 8.5394664, 47.373616 ], [ 8.5395273, 47.3736364 ], [ 8.5395019, 47.373672 ], [ 8.5394812, 47.373704 ], [ 8.539463, 47.3737365 ], [ 8.5394694, 47.3737388 ] ] ] } },
{ "type": "Feature", "properties": { "id": "1691a35c-4ce9-4ec1-830f-57fd28e7b436", "names": null, "sources": "[{'property': '', 'dataset': 'OpenStreetMap', 'license': 'ODbL-1.0', 'record_id': 'w288353545@3', 'update_time': '2026-03-21T15:59:55.000Z', 'confidence': None, 'between': None, 'provider': 'osm', 'resource': 'planet', 'version': '2026-09-06T00:00:00.000Z'}]", "level": null, "height": null, "min_height": null, "is_underground": false, "num_floors": null, "num_floors_underground": null, "min_floor": null, "subtype": null, "class": null, "facade_color": null, "facade_material": null, "roof_material": null, "roof_shape": null, "roof_direction": null, "roof_orientation": null, "roof_color": null, "roof_height": null, "has_parts": false, "version": 1, "bbox": { "xmin": 8.539142608642578, "xmax": 8.539376258850098, "ymin": 47.37362289428711, "ymax": 47.373741149902344 } }, "geometry": { "type": "Polygon", "coordinates": [ [ [ 8.5392774, 47.3736501 ], [ 8.5393754, 47.3736827 ], [ 8.5393737, 47.3736913 ], [ 8.5393621, 47.373709 ], [ 8.5393308, 47.3737207 ], [ 8.5393151, 47.3737156 ], [ 8.5392983, 47.37374 ], [ 8.5391433, 47.373681 ], [ 8.5391672, 47.3736481 ], [ 8.5391901, 47.3736547 ], [ 8.5392116, 47.3736248 ], [ 8.5392774, 47.3736501 ] ] ] } },
{ "type": "Feature", "properties": { "id": "b06aa6f9-91b0-41d8-954d-70724de54dfd", "names": null, "sources": "[{'property': '', 'dataset': 'OpenStreetMap', 'license': 'ODbL-1.0', 'record_id': 'w288353544@3', 'update_time': '2026-03-21T16:00:34.000Z', 'confidence': None, 'between': None, 'provider': 'osm', 'resource': 'planet', 'version': '2026-09-06T00:00:00.000Z'}]", "level": null, "height": null, "min_height": null, "is_underground": false, "num_floors": null, "num_floors_underground": null, "min_floor": null, "subtype": null, "class": null, "facade_color": null, "facade_material": null, "roof_material": null, "roof_shape": null, "roof_direction": null, "roof_orientation": null, "roof_color": null, "roof_height": null, "has_parts": false, "version": 1, "bbox": { "xmin": 8.53921127319336, "xmax": 8.53943920135498, "ymin": 47.37355041503906, "ymax": 47.37368392944336 } }, "geometry": { "type": "Polygon", "coordinates": [ [ [ 8.5394244, 47.3736149 ], [ 8.5394389, 47.3736192 ], [ 8.5394311, 47.3736304 ], [ 8.5394143, 47.3736249 ], [ 8.5393754, 47.3736827 ], [ 8.5392774, 47.3736501 ], [ 8.5392116, 47.3736248 ], [ 8.5392656, 47.3735573 ], [ 8.5394233, 47.3736098 ], [ 8.5394244, 47.3736149 ] ] ] } },
{ "type": "Feature", "properties": { "id": "00967445-9105-44d0-9ae0-c1a96cddf059", "names": null, "sources": "[{'property': '', 'dataset': 'OpenStreetMap', 'license': 'ODbL-1.0', 'record_id': 'w288353543@3', 'update_time': '2026-03-21T16:00:13.000Z', 'confidence': None, 'between': None, 'provider': 'osm', 'resource': 'planet', 'version': '2026-09-06T00:00:00.000Z'}]", "level": null, "height": null, "min_height": null, "is_underground": false, "num_floors": null, "num_floors_underground": null, "min_floor": null, "subtype": null, "class": null, "facade_color": null, "facade_material": null, "roof_material": null, "roof_shape": null, "roof_direction": null, "roof_orientation": null, "roof_color": null, "roof_height": null, "has_parts": false, "version": 1, "bbox": { "xmin": 8.539264678955078, "xmax": 8.539715766906738, "ymin": 47.37350082397461, "ymax": 47.37368392944336 } }, "geometry": { "type": "Polygon", "coordinates": [ [ [ 8.5395271, 47.3735805 ], [ 8.5395578, 47.3735389 ], [ 8.5396692, 47.3735693 ], [ 8.5396558, 47.3735937 ], [ 8.539715, 47.3736094 ], [ 8.5396767, 47.3736825 ], [ 8.5396431, 47.3736734 ], [ 8.5395273, 47.3736364 ], [ 8.5394664, 47.373616 ], [ 8.5394459, 47.3736094 ], [ 8.5394389, 47.3736192 ], [ 8.5394244, 47.3736149 ], [ 8.5394233, 47.3736098 ], [ 8.5392656, 47.3735573 ], [ 8.5393051, 47.3735079 ], [ 8.5394685, 47.3735629 ], [ 8.5395271, 47.3735805 ] ] ] } },
{ "type": "Feature", "properties": { "id": "821d73ec-efb6-4435-bc14-4b3627572d90", "names": null, "sources": "[{'property': '', 'dataset': 'OpenStreetMap', 'license': 'ODbL-1.0', 'record_id': 'w288353519@1', 'update_time': '2014-06-16T18:35:08.000Z', 'confidence': None, 'between': None, 'provider': 'osm', 'resource': 'planet', 'version': '2026-09-06T00:00:00.000Z'}\n {'property': '/properties/height', 'dataset': 'Microsoft ML Buildings', 'license': 'ODbL-1.0', 'record_id': None, 'update_time': None, 'confidence': None, 'between': None, 'provider': 'microsoft', 'resource': 'ml_buildings', 'version': '2026-08-11'}]", "level": null, "height": 5.6808333396911621, "min_height": null, "is_underground": false, "num_floors": null, "num_floors_underground": null, "min_floor": null, "subtype": null, "class": null, "facade_color": null, "facade_material": null, "roof_material": null, "roof_shape": null, "roof_direction": null, "roof_orientation": null, "roof_color": null, "roof_height": null, "has_parts": false, "version": 2, "bbox": { "xmin": 8.539481163024902, "xmax": 8.539643287658691, "ymin": 47.37363052368164, "ymax": 47.37372589111328 } }, "geometry": { "type": "Polygon", "coordinates": [ [ [ 8.5396431, 47.3736734 ], [ 8.539612, 47.3737184 ], [ 8.5395152, 47.3736874 ], [ 8.5395022, 47.3737101 ], [ 8.5394812, 47.373704 ], [ 8.5395019, 47.373672 ], [ 8.5395273, 47.3736364 ], [ 8.5396431, 47.3736734 ] ] ] } },
{ "type": "Feature", "properties": { "id": "bc0678fa-3e76-485b-a94d-ed2568b3e7b3", "names": null, "sources": "[{'property': '', 'dataset': 'OpenStreetMap', 'license': 'ODbL-1.0', 'record_id': 'w288353530@3', 'update_time': '2026-03-21T16:00:19.000Z', 'confidence': None, 'between': None, 'provider': 'osm', 'resource': 'planet', 'version': '2026-09-06T00:00:00.000Z'}\n {'property': '/properties/height', 'dataset': 'Microsoft ML Buildings', 'license': 'ODbL-1.0', 'record_id': None, 'update_time': None, 'confidence': None, 'between': None, 'provider': 'microsoft', 'resource': 'ml_buildings', 'version': '2026-08-11'}]", "level": null, "height": 7.3621258735656738, "min_height": null, "is_underground": false, "num_floors": null, "num_floors_underground": null, "min_floor": null, "subtype": null, "class": null, "facade_color": null, "facade_material": null, "roof_material": null, "roof_shape": null, "roof_direction": null, "roof_orientation": null, "roof_color": null, "roof_height": null, "has_parts": false, "version": 2, "bbox": { "xmin": 8.539623260498047, "xmax": 8.539959907531738, "ymin": 47.37345886230469, "ymax": 47.37372970581055 } }, "geometry": { "type": "Polygon", "coordinates": [ [ [ 8.5399418, 47.3735902 ], [ 8.5399122, 47.3736475 ], [ 8.5398771, 47.3737223 ], [ 8.5397217, 47.3736936 ], [ 8.5397863, 47.3735682 ], [ 8.5396239, 47.3735232 ], [ 8.5396622, 47.3734592 ], [ 8.5396724, 47.3734617 ], [ 8.5397533, 47.3734819 ], [ 8.5397573, 47.3734863 ], [ 8.5398729, 47.3735127 ], [ 8.5399597, 47.3735326 ], [ 8.5399418, 47.3735902 ] ] ] } },
{ "type": "Feature", "properties": { "id": "a79d72d7-1d01-4f44-a41f-faf65410fa29", "names": null, "sources": "[{'property': '', 'dataset': 'OpenStreetMap', 'license': 'ODbL-1.0', 'record_id': 'w288353533@1', 'update_time': '2014-06-16T18:35:10.000Z', 'confidence': None, 'between': None, 'provider': 'osm', 'resource': 'planet', 'version': '2026-09-06T00:00:00.000Z'}]", "level": null, "height": null, "min_height": null, "is_underground": false, "num_floors": null, "num_floors_underground": null, "min_floor": null, "subtype": null, "class": null, "facade_color": null, "facade_material": null, "roof_material": null, "roof_shape": null, "roof_direction": null, "roof_orientation": null, "roof_color": null, "roof_height": null, "has_parts": false, "version": 1, "bbox": { "xmin": 8.539670944213867, "xmax": 8.539896011352539, "ymin": 47.373416900634766, "ymax": 47.37351989746094 } }, "geometry": { "type": "Polygon", "coordinates": [ [ [ 8.5398959, 47.373469 ], [ 8.5398729, 47.3735127 ], [ 8.5397573, 47.3734863 ], [ 8.5397533, 47.3734819 ], [ 8.5396724, 47.3734617 ], [ 8.5396866, 47.3734372 ], [ 8.5396964, 47.3734207 ], [ 8.5397803, 47.3734429 ], [ 8.5398316, 47.3734564 ], [ 8.539842, 47.3734556 ], [ 8.5398959, 47.373469 ] ] ] } },
{ "type": "Feature", "properties": { "id": "d43f9348-9427-4c9b-883d-8e4611ecd731", "names": null, "sources": "[{'property': '', 'dataset': 'OpenStreetMap', 'license': 'ODbL-1.0', 'record_id': 'w288353535@3', 'update_time': '2026-03-21T16:00:37.000Z', 'confidence': None, 'between': None, 'provider': 'osm', 'resource': 'planet', 'version': '2026-09-06T00:00:00.000Z'}]", "level": null, "height": null, "min_height": null, "is_underground": false, "num_floors": null, "num_floors_underground": null, "min_floor": null, "subtype": null, "class": null, "facade_color": null, "facade_material": null, "roof_material": null, "roof_shape": null, "roof_direction": null, "roof_orientation": null, "roof_color": null, "roof_height": null, "has_parts": false, "version": 1, "bbox": { "xmin": 8.539779663085938, "xmax": 8.539936065673828, "ymin": 47.373390197753906, "ymax": 47.37347412109375 } }, "geometry": { "type": "Polygon", "coordinates": [ [ [ 8.5399354, 47.373425 ], [ 8.5399133, 47.3734733 ], [ 8.5398959, 47.373469 ], [ 8.539842, 47.3734556 ], [ 8.5398316, 47.3734564 ], [ 8.5397803, 47.3734429 ], [ 8.5397991, 47.3733971 ], [ 8.5399354, 47.373425 ] ] ] } },
{ "type": "Feature", "properties": { "id": "f68813ff-45b9-4cd2-99fe-f454e7b5f84a", "names": null, "sources": "[{'property': '', 'dataset': 'OpenStreetMap', 'license': 'ODbL-1.0', 'record_id': 'w288353536@3', 'update_time': '2026-03-21T16:00:10.000Z', 'confidence': None, 'between': None, 'provider': 'osm', 'resource': 'planet', 'version': '2026-09-06T00:00:00.000Z'}]", "level": null, "height": null, "min_height": null, "is_underground": false, "num_floors": null, "num_floors_underground": null, "min_floor": null, "subtype": null, "class": null, "facade_color": null, "facade_material": null, "roof_material": null, "roof_shape": null, "roof_direction": null, "roof_orientation": null, "roof_color": null, "roof_height": null, "has_parts": false, "version": 1, "bbox": { "xmin": 8.539671897888184, "xmax": 8.53996467590332, "ymin": 47.373329162597656, "ymax": 47.37343215942383 } }, "geometry": { "type": "Polygon", "coordinates": [ [ [ 8.5399516, 47.3734262 ], [ 8.5399354, 47.373425 ], [ 8.5397991, 47.3733971 ], [ 8.539755, 47.3733912 ], [ 8.5396728, 47.3733687 ], [ 8.5396953, 47.3733354 ], [ 8.5397417, 47.3733476 ], [ 8.5397568, 47.3733417 ], [ 8.5399638, 47.3733822 ], [ 8.5399516, 47.3734262 ] ] ] } },
{ "type": "Feature", "properties": { "id": "66437b9e-8407-49da-b316-e461a702c7b2", "names": null, "sources": "[{'property': '', 'dataset': 'OpenStreetMap', 'license': 'ODbL-1.0', 'record_id': 'w288353500@6', 'update_time': '2026-03-21T16:00:34.000Z', 'confidence': None, 'between': None, 'provider': 'osm', 'resource': 'planet', 'version': '2026-09-06T00:00:00.000Z'}]", "level": null, "height": null, "min_height": null, "is_underground": false, "num_floors": null, "num_floors_underground": null, "min_floor": null, "subtype": "commercial", "class": "retail", "facade_color": null, "facade_material": null, "roof_material": null, "roof_shape": null, "roof_direction": null, "roof_orientation": null, "roof_color": null, "roof_height": null, "has_parts": false, "version": 1, "bbox": { "xmin": 8.539421081542969, "xmax": 8.539695739746094, "ymin": 47.373260498046875, "ymax": 47.373409271240234 } }, "geometry": { "type": "Polygon", "coordinates": [ [ [ 8.5395741, 47.3732969 ], [ 8.5396524, 47.3733219 ], [ 8.5396953, 47.3733354 ], [ 8.5396728, 47.3733687 ], [ 8.539651, 47.373401 ], [ 8.539646, 47.3734085 ], [ 8.5394212, 47.3733381 ], [ 8.5394247, 47.3733323 ], [ 8.5394299, 47.3733238 ], [ 8.5394588, 47.3732785 ], [ 8.5394654, 47.3732674 ], [ 8.5395642, 47.3732977 ], [ 8.5395741, 47.3732969 ] ] ] } },
{ "type": "Feature", "properties": { "id": "df48fb65-0e2c-4981-a6be-7b76ce534d19", "names": null, "sources": "[{'property': '', 'dataset': 'OpenStreetMap', 'license': 'ODbL-1.0', 'record_id': 'w288353538@5', 'update_time': '2026-03-21T16:00:04.000Z', 'confidence': None, 'between': None, 'provider': 'osm', 'resource': 'planet', 'version': '2026-09-06T00:00:00.000Z'}]", "level": null, "height": null, "min_height": null, "is_underground": false, "num_floors": null, "num_floors_underground": null, "min_floor": null, "subtype": "commercial", "class": "retail", "facade_color": null, "facade_material": null, "roof_material": null, "roof_shape": null, "roof_direction": null, "roof_orientation": null, "roof_color": null, "roof_height": null, "has_parts": false, "version": 1, "bbox": { "xmin": 8.539393424987793, "xmax": 8.53969669342041, "ymin": 47.37333679199219, "ymax": 47.37344741821289 } }, "geometry": { "type": "Polygon", "coordinates": [ [ [ 8.5394212, 47.3733381 ], [ 8.539646, 47.3734085 ], [ 8.5396964, 47.3734207 ], [ 8.5396866, 47.3734372 ], [ 8.5396326, 47.3734273 ], [ 8.5396193, 47.3734474 ], [ 8.5395745, 47.3734338 ], [ 8.5393937, 47.3733789 ], [ 8.5394212, 47.3733381 ] ] ] } },
{ "type": "Feature", "properties": { "id": "49cb3bbb-9dbe-4e15-9977-d1972823604c", "names": null, "sources": "[{'property': '', 'dataset': 'OpenStreetMap', 'license': 'ODbL-1.0', 'record_id': 'w288353542@1', 'update_time': '2014-06-16T18:35:11.000Z', 'confidence': None, 'between': None, 'provider': 'osm', 'resource': 'planet', 'version': '2026-09-06T00:00:00.000Z'}]", "level": null, "height": null, "min_height": null, "is_underground": false, "num_floors": null, "num_floors_underground": null, "min_floor": null, "subtype": null, "class": null, "facade_color": null, "facade_material": null, "roof_material": null, "roof_shape": null, "roof_direction": null, "roof_orientation": null, "roof_color": null, "roof_height": null, "has_parts": false, "version": 1, "bbox": { "xmin": 8.539304733276367, "xmax": 8.539558410644531, "ymin": 47.37346649169922, "ymax": 47.37358093261719 } }, "geometry": { "type": "Polygon", "coordinates": [ [ [ 8.5394401, 47.3734977 ], [ 8.5395317, 47.3735291 ], [ 8.5395578, 47.3735389 ], [ 8.5395271, 47.3735805 ], [ 8.5394685, 47.3735629 ], [ 8.5393051, 47.3735079 ], [ 8.5393319, 47.3734679 ], [ 8.5394285, 47.3734988 ], [ 8.5394401, 47.3734977 ] ] ] } },
{ "type": "Feature", "properties": { "id": "2454d828-378e-4e9c-8b07-df6e0a5aa217", "names": null, "sources": "[{'property': '', 'dataset': 'OpenStreetMap', 'license': 'ODbL-1.0', 'record_id': 'w288353540@3', 'update_time': '2026-03-21T16:00:29.000Z', 'confidence': None, 'between': None, 'provider': 'osm', 'resource': 'planet', 'version': '2026-09-06T00:00:00.000Z'}]", "level": null, "height": null, "min_height": null, "is_underground": false, "num_floors": null, "num_floors_underground": null, "min_floor": null, "subtype": null, "class": null, "facade_color": null, "facade_material": null, "roof_material": null, "roof_shape": null, "roof_direction": null, "roof_orientation": null, "roof_color": null, "roof_height": null, "has_parts": false, "version": 1, "bbox": { "xmin": 8.539331436157227, "xmax": 8.53957462310791, "ymin": 47.37337875366211, "ymax": 47.37353515625 } }, "geometry": { "type": "Polygon", "coordinates": [ [ [ 8.5393937, 47.3733789 ], [ 8.5395745, 47.3734338 ], [ 8.5395265, 47.3735153 ], [ 8.5395381, 47.3735193 ], [ 8.5395317, 47.3735291 ], [ 8.5394401, 47.3734977 ], [ 8.5394285, 47.3734988 ], [ 8.5393319, 47.3734679 ], [ 8.5393937, 47.3733789 ] ] ] } },
{ "type": "Feature", "properties": { "id": "c4e82481-ccb2-4c83-9a9b-ced27168e55c", "names": null, "sources": "[{'property': '', 'dataset': 'OpenStreetMap', 'license': 'ODbL-1.0', 'record_id': 'w288322652@4', 'update_time': '2026-03-21T16:00:27.000Z', 'confidence': None, 'between': None, 'provider': 'osm', 'resource': 'planet', 'version': '2026-09-06T00:00:00.000Z'}]", "level": null, "height": null, "min_height": null, "is_underground": false, "num_floors": null, "num_floors_underground": null, "min_floor": null, "subtype": "commercial", "class": "commercial", "facade_color": null, "facade_material": null, "roof_material": null, "roof_shape": null, "roof_direction": null, "roof_orientation": null, "roof_color": null, "roof_height": null, "has_parts": false, "version": 1, "bbox": { "xmin": 8.538834571838379, "xmax": 8.53928279876709, "ymin": 47.373104095458984, "ymax": 47.37339401245117 } }, "geometry": { "type": "Polygon", "coordinates": [ [ [ 8.5391713, 47.3732107 ], [ 8.539282, 47.3732469 ], [ 8.5391907, 47.3733686 ], [ 8.5391816, 47.3733797 ], [ 8.5391691, 47.3733925 ], [ 8.5389522, 47.3733301 ], [ 8.5389613, 47.3733157 ], [ 8.5389711, 47.3733003 ], [ 8.5389922, 47.3732726 ], [ 8.5389756, 47.3732609 ], [ 8.5389524, 47.3732537 ], [ 8.5389424, 47.3732649 ], [ 8.5389245, 47.3732645 ], [ 8.5388987, 47.373255 ], [ 8.5388881, 47.3732452 ], [ 8.5389046, 47.3732241 ], [ 8.5388363, 47.3731962 ], [ 8.5388555, 47.3731751 ], [ 8.538835, 47.3731656 ], [ 8.5388416, 47.3731589 ], [ 8.5388376, 47.3731477 ], [ 8.5388648, 47.3731122 ], [ 8.5388788, 47.3731104 ], [ 8.5388861, 47.3731041 ], [ 8.5390141, 47.3731504 ], [ 8.5390216, 47.3731481 ], [ 8.5390798, 47.373165 ], [ 8.5390793, 47.3731694 ], [ 8.5391764, 47.3732034 ], [ 8.5391713, 47.3732107 ] ] ] } },
{ "type": "Feature", "properties": { "id": "709c3be0-ba0b-42bf-8662-835d4718e251", "names": "{'primary': 'Haus Pelikan', 'common': None, 'rules': None}", "sources": "[{'property': '', 'dataset': 'OpenStreetMap', 'license': 'ODbL-1.0', 'record_id': 'w288322651@4', 'update_time': '2026-03-21T16:00:00.000Z', 'confidence': None, 'between': None, 'provider': 'osm', 'resource': 'planet', 'version': '2026-09-06T00:00:00.000Z'}]", "level": null, "height": null, "min_height": null, "is_underground": false, "num_floors": null, "num_floors_underground": null, "min_floor": null, "subtype": null, "class": null, "facade_color": null, "facade_material": null, "roof_material": null, "roof_shape": null, "roof_direction": null, "roof_orientation": null, "roof_color": null, "roof_height": null, "has_parts": false, "version": 1, "bbox": { "xmin": 8.538951873779297, "xmax": 8.539323806762695, "ymin": 47.373046875, "ymax": 47.373252868652344 } }, "geometry": { "type": "Polygon", "coordinates": [ [ [ 8.5392203, 47.3731527 ], [ 8.5393235, 47.3731934 ], [ 8.539282, 47.3732469 ], [ 8.5391713, 47.3732107 ], [ 8.5391764, 47.3732034 ], [ 8.5390793, 47.3731694 ], [ 8.5390798, 47.373165 ], [ 8.5390216, 47.3731481 ], [ 8.5390413, 47.3731215 ], [ 8.5389527, 47.3730903 ], [ 8.5389726, 47.3730538 ], [ 8.5390378, 47.3730757 ], [ 8.5390345, 47.3730822 ], [ 8.5390636, 47.373094 ], [ 8.5390702, 47.3730927 ], [ 8.539209, 47.3731445 ], [ 8.5392203, 47.3731527 ] ] ] } },
{ "type": "Feature", "properties": { "id": "d24825de-e598-44c7-abb1-8621347544fc", "names": null, "sources": "[{'property': '', 'dataset': 'OpenStreetMap', 'license': 'ODbL-1.0', 'record_id': 'w1226162426@1', 'update_time': '2023-11-23T10:48:49.000Z', 'confidence': None, 'between': None, 'provider': 'osm', 'resource': 'planet', 'version': '2026-09-06T00:00:00.000Z'}]", "level": null, "height": null, "min_height": null, "is_underground": false, "num_floors": null, "num_floors_underground": null, "min_floor": null, "subtype": null, "class": null, "facade_color": null, "facade_material": null, "roof_material": null, "roof_shape": null, "roof_direction": null, "roof_orientation": null, "roof_color": null, "roof_height": null, "has_parts": false, "version": 1, "bbox": { "xmin": 8.539518356323242, "xmax": 8.539621353149414, "ymin": 47.373138427734375, "ymax": 47.37321853637695 } }, "geometry": { "type": "Polygon", "coordinates": [ [ [ 8.5395813, 47.3732118 ], [ 8.539519, 47.3731899 ], [ 8.5395378, 47.3731655 ], [ 8.5395583, 47.3731388 ], [ 8.5396205, 47.3731607 ], [ 8.5395813, 47.3732118 ] ] ] } },
{ "type": "Feature", "properties": { "id": "e809b920-3c7c-4f01-8d7b-8df329ef2392", "names": null, "sources": "[{'property': '', 'dataset': 'OpenStreetMap', 'license': 'ODbL-1.0', 'record_id': 'w288353534@7', 'update_time': '2026-03-21T15:59:59.000Z', 'confidence': None, 'between': None, 'provider': 'osm', 'resource': 'planet', 'version': '2026-09-06T00:00:00.000Z'}]", "level": null, "height": null, "min_height": null, "is_underground": false, "num_floors": null, "num_floors_underground": null, "min_floor": null, "subtype": "commercial", "class": "retail", "facade_color": null, "facade_material": null, "roof_material": null, "roof_shape": null, "roof_direction": null, "roof_orientation": null, "roof_color": null, "roof_height": null, "has_parts": false, "version": 1, "bbox": { "xmin": 8.539464950561523, "xmax": 8.539752006530762, "ymin": 47.37318801879883, "ymax": 47.373329162597656 } }, "geometry": { "type": "Polygon", "coordinates": [ [ [ 8.5395813, 47.3732118 ], [ 8.5397513, 47.3732697 ], [ 8.5397319, 47.3733013 ], [ 8.5396811, 47.3732835 ], [ 8.5396524, 47.3733219 ], [ 8.5395741, 47.3732969 ], [ 8.5395642, 47.3732977 ], [ 8.5394654, 47.3732674 ], [ 8.539519, 47.3731899 ], [ 8.5395813, 47.3732118 ] ] ] } },
{ "type": "Feature", "properties": { "id": "dac9635a-258b-4d22-a5ca-2cb404a40dba", "names": null, "sources": "[{'property': '', 'dataset': 'OpenStreetMap', 'license': 'ODbL-1.0', 'record_id': 'w288353539@1', 'update_time': '2023-11-23T10:48:49.000Z', 'confidence': None, 'between': None, 'provider': 'osm', 'resource': 'planet', 'version': '2026-09-06T00:00:00.000Z'}]", "level": null, "height": null, "min_height": null, "is_underground": false, "num_floors": null, "num_floors_underground": null, "min_floor": null, "subtype": null, "class": null, "facade_color": null, "facade_material": null, "roof_material": null, "roof_shape": null, "roof_direction": null, "roof_orientation": null, "roof_color": null, "roof_height": null, "has_parts": false, "version": 1, "bbox": { "xmin": 8.5397310256958, "xmax": 8.539907455444336, "ymin": 47.37321853637695, "ymax": 47.37333679199219 } }, "geometry": { "type": "Polygon", "coordinates": [ [ [ 8.5397513, 47.3732697 ], [ 8.5397891, 47.3732186 ], [ 8.5399073, 47.3732636 ], [ 8.5398649, 47.3733258 ], [ 8.539862, 47.3733299 ], [ 8.5397319, 47.3733013 ], [ 8.5397513, 47.3732697 ] ] ] } },
{ "type": "Feature", "properties": { "id": "f4541428-6596-4b72-9f6f-1caea12e207c", "names": null, "sources": "[{'property': '', 'dataset': 'OpenStreetMap', 'license': 'ODbL-1.0', 'record_id': 'w288353502@4', 'update_time': '2023-11-23T10:48:49.000Z', 'confidence': None, 'between': None, 'provider': 'osm', 'resource': 'planet', 'version': '2026-09-06T00:00:00.000Z'}]", "level": null, "height": null, "min_height": null, "is_underground": false, "num_floors": 5.0, "num_floors_underground": null, "min_floor": null, "subtype": "commercial", "class": "retail", "facade_color": null, "facade_material": null, "roof_material": null, "roof_shape": null, "roof_direction": null, "roof_orientation": null, "roof_color": null, "roof_height": null, "has_parts": false, "version": 1, "bbox": { "xmin": 8.539581298828125, "xmax": 8.539789199829102, "ymin": 47.37315368652344, "ymax": 47.37327575683594 } }, "geometry": { "type": "Polygon", "coordinates": [ [ [ 8.5395813, 47.3732118 ], [ 8.5396205, 47.3731607 ], [ 8.5397606, 47.3732089 ], [ 8.5397891, 47.3732186 ], [ 8.5397513, 47.3732697 ], [ 8.5395813, 47.3732118 ] ] ] } },
{ "type": "Feature", "properties": { "id": "a8c069c8-c94c-46da-a843-f196365c8852", "names": null, "sources": "[{'property': '', 'dataset': 'OpenStreetMap', 'license': 'ODbL-1.0', 'record_id': 'w288184612@3', 'update_time': '2026-03-21T16:00:15.000Z', 'confidence': None, 'between': None, 'provider': 'osm', 'resource': 'planet', 'version': '2026-09-06T00:00:00.000Z'}]", "level": null, "height": null, "min_height": null, "is_underground": false, "num_floors": null, "num_floors_underground": null, "min_floor": null, "subtype": null, "class": null, "facade_color": null, "facade_material": null, "roof_material": null, "roof_shape": null, "roof_direction": null, "roof_orientation": null, "roof_color": null, "roof_height": null, "has_parts": false, "version": 1, "bbox": { "xmin": 8.53985595703125, "xmax": 8.540008544921875, "ymin": 47.37310028076172, "ymax": 47.37322235107422 } }, "geometry": { "type": "Polygon", "coordinates": [ [ [ 8.5398564, 47.3731553 ], [ 8.5398909, 47.3731075 ], [ 8.5400085, 47.3731559 ], [ 8.5399814, 47.3731861 ], [ 8.53995, 47.3732212 ], [ 8.5398566, 47.3731883 ], [ 8.5398774, 47.3731625 ], [ 8.5398564, 47.3731553 ] ] ] } },
{ "type": "Feature", "properties": { "id": "217867cd-8789-4684-9bdd-ad15b8121831", "names": null, "sources": "[{'property': '', 'dataset': 'OpenStreetMap', 'license': 'ODbL-1.0', 'record_id': 'w288353537@1', 'update_time': '2014-06-16T18:35:11.000Z', 'confidence': None, 'between': None, 'provider': 'osm', 'resource': 'planet', 'version': '2026-09-06T00:00:00.000Z'}]", "level": null, "height": null, "min_height": null, "is_underground": false, "num_floors": null, "num_floors_underground": null, "min_floor": null, "subtype": null, "class": null, "facade_color": null, "facade_material": null, "roof_material": null, "roof_shape": null, "roof_direction": null, "roof_orientation": null, "roof_color": null, "roof_height": null, "has_parts": false, "version": 1, "bbox": { "xmin": 8.539864540100098, "xmax": 8.540010452270508, "ymin": 47.37325668334961, "ymax": 47.373355865478516 } }, "geometry": { "type": "Polygon", "coordinates": [ [ [ 8.5398649, 47.3733258 ], [ 8.5399073, 47.3732636 ], [ 8.5400099, 47.3732942 ], [ 8.5399757, 47.3733484 ], [ 8.5398649, 47.3733258 ] ] ] } },
{ "type": "Feature", "properties": { "id": "a1f2e320-bb6e-4445-b438-f4760e69e336", "names": null, "sources": "[{'property': '', 'dataset': 'OpenStreetMap', 'license': 'ODbL-1.0', 'record_id': 'w288353529@3', 'update_time': '2026-03-21T16:00:07.000Z', 'confidence': None, 'between': None, 'provider': 'osm', 'resource': 'planet', 'version': '2026-09-06T00:00:00.000Z'}]", "level": null, "height": null, "min_height": null, "is_underground": false, "num_floors": null, "num_floors_underground": null, "min_floor": null, "subtype": null, "class": null, "facade_color": null, "facade_material": null, "roof_material": null, "roof_shape": null, "roof_direction": null, "roof_orientation": null, "roof_color": null, "roof_height": null, "has_parts": false, "version": 1, "bbox": { "xmin": 8.539959907531738, "xmax": 8.540143966674805, "ymin": 47.37331771850586, "ymax": 47.37351989746094 } }, "geometry": { "type": "Polygon", "coordinates": [ [ [ 8.5400244, 47.3735193 ], [ 8.53996, 47.3735094 ], [ 8.5399792, 47.3734332 ], [ 8.5400291, 47.3733182 ], [ 8.5401433, 47.3733382 ], [ 8.5401401, 47.3733463 ], [ 8.5400837, 47.3734904 ], [ 8.5400807, 47.373498 ], [ 8.5400314, 47.3734922 ], [ 8.5400244, 47.3735193 ] ] ] } },
{ "type": "Feature", "properties": { "id": "34e81f14-1d9a-4626-8cc9-9f8c8ffdbfb5", "names": null, "sources": "[{'property': '', 'dataset': 'OpenStreetMap', 'license': 'ODbL-1.0', 'record_id': 'w89973385@6', 'update_time': '2024-04-10T05:25:51.000Z', 'confidence': None, 'between': None, 'provider': 'osm', 'resource': 'planet', 'version': '2026-09-06T00:00:00.000Z'}]", "level": null, "height": null, "min_height": null, "is_underground": false, "num_floors": 6.0, "num_floors_underground": null, "min_floor": null, "subtype": "commercial", "class": "commercial", "facade_color": null, "facade_material": null, "roof_material": null, "roof_shape": null, "roof_direction": null, "roof_orientation": null, "roof_color": null, "roof_height": null, "has_parts": false, "version": 1, "bbox": { "xmin": 8.539411544799805, "xmax": 8.540228843688965, "ymin": 47.369686126708984, "ymax": 47.37004089355469 } }, "geometry": { "type": "Polygon", "coordinates": [ [ [ 8.5395986, 47.3699552 ], [ 8.5394118, 47.3699329 ], [ 8.5394347, 47.3698504 ], [ 8.5394452, 47.3698147 ], [ 8.5394498, 47.3697993 ], [ 8.5394602, 47.3697641 ], [ 8.5394812, 47.3696929 ], [ 8.5397875, 47.3697307 ], [ 8.5400376, 47.369761 ], [ 8.5400764, 47.3698369 ], [ 8.5400942, 47.3698332 ], [ 8.5401106, 47.3698702 ], [ 8.5401421, 47.3698597 ], [ 8.5401706, 47.3698871 ], [ 8.5401743, 47.3698851 ], [ 8.5401955, 47.3699061 ], [ 8.5401922, 47.3699078 ], [ 8.5402288, 47.3699436 ], [ 8.5401508, 47.3699761 ], [ 8.5401313, 47.3699398 ], [ 8.540044, 47.3699575 ], [ 8.5400553, 47.3699812 ], [ 8.5399769, 47.3700212 ], [ 8.5399489, 47.369977 ], [ 8.5399405, 47.3699778 ], [ 8.5399339, 47.3699647 ], [ 8.5399131, 47.3699193 ], [ 8.539872, 47.369946 ], [ 8.5398631, 47.3699407 ], [ 8.5398298, 47.3699627 ], [ 8.5397533, 47.3700398 ], [ 8.5396194, 47.3699882 ], [ 8.5396058, 47.3699869 ], [ 8.5395948, 47.3699813 ], [ 8.5395897, 47.369974 ], [ 8.5395897, 47.369966 ], [ 8.5395927, 47.3699612 ], [ 8.5395986, 47.3699552 ] ] ] } },
{ "type": "Feature", "properties": { "id": "e316366e-b559-4819-98df-c5591f1823f6", "names": "{'primary': 'UBS Paradeplatz', 'common': None, 'rules': array([{'variant': 'alternate', 'language': None, 'perspectives': None, 'value': 'SBV Paradeplatz', 'between': None, 'side': None}],\n      dtype=object)}", "sources": "[{'property': '', 'dataset': 'OpenStreetMap', 'license': 'ODbL-1.0', 'record_id': 'r6403475@5', 'update_time': '2024-04-10T05:24:50.000Z', 'confidence': None, 'between': None, 'provider': 'osm', 'resource': 'planet', 'version': '2026-09-06T00:00:00.000Z'}\n {'property': '/properties/height', 'dataset': 'Microsoft ML Buildings', 'license': 'ODbL-1.0', 'record_id': None, 'update_time': None, 'confidence': None, 'between': None, 'provider': 'microsoft', 'resource': 'ml_buildings', 'version': '2026-08-11'}]", "level": null, "height": 21.141414642333984, "min_height": null, "is_underground": false, "num_floors": 5.0, "num_floors_underground": null, "min_floor": null, "subtype": "commercial", "class": "commercial", "facade_color": null, "facade_material": null, "roof_material": null, "roof_shape": null, "roof_direction": null, "roof_orientation": null, "roof_color": null, "roof_height": null, "has_parts": false, "version": 3, "bbox": { "xmin": 8.537066459655762, "xmax": 8.538407325744629, "ymin": 47.369140625, "ymax": 47.37003707885742 } }, "geometry": { "type": "Polygon", "coordinates": [ [ [ 8.5382213, 47.3696079 ], [ 8.538164, 47.369651 ], [ 8.5378769, 47.369858 ], [ 8.5378836, 47.3698623 ], [ 8.5378502, 47.3698864 ], [ 8.5378435, 47.3698821 ], [ 8.5376294, 47.3700365 ], [ 8.5375227, 47.369977 ], [ 8.5375381, 47.3699631 ], [ 8.5375118, 47.3699479 ], [ 8.5374767, 47.3699277 ], [ 8.5374671, 47.3699343 ], [ 8.5372277, 47.369799 ], [ 8.5372345, 47.3697936 ], [ 8.5371733, 47.369759 ], [ 8.5371556, 47.3697708 ], [ 8.5370665, 47.3697205 ], [ 8.5379876, 47.3691409 ], [ 8.5381889, 47.3692883 ], [ 8.5384069, 47.3694477 ], [ 8.5383148, 47.3695314 ], [ 8.5382213, 47.3696079 ] ], [ [ 8.5379358, 47.3695744 ], [ 8.5381082, 47.3694595 ], [ 8.5379357, 47.3693408 ], [ 8.5377633, 47.3694557 ], [ 8.5379358, 47.3695744 ] ], [ [ 8.5373742, 47.3697123 ], [ 8.5374434, 47.3697541 ], [ 8.5375942, 47.3698384 ], [ 8.5376736, 47.3697797 ], [ 8.5376533, 47.369762 ], [ 8.5376912, 47.3697345 ], [ 8.5377183, 47.3697473 ], [ 8.5377856, 47.3696991 ], [ 8.5375921, 47.3695758 ], [ 8.5373742, 47.3697123 ] ] ] } },
{ "type": "Feature", "properties": { "id": "a81a192e-aaf6-4bb3-9f86-f47e01805300", "names": null, "sources": "[{'property': '', 'dataset': 'OpenStreetMap', 'license': 'ODbL-1.0', 'record_id': 'w89976926@6', 'update_time': '2023-04-21T00:03:28.000Z', 'confidence': None, 'between': None, 'provider': 'osm', 'resource': 'planet', 'version': '2026-09-06T00:00:00.000Z'}\n {'property': '/properties/height', 'dataset': 'Microsoft ML Buildings', 'license': 'ODbL-1.0', 'record_id': None, 'update_time': None, 'confidence': None, 'between': None, 'provider': 'microsoft', 'resource': 'ml_buildings', 'version': '2026-08-11'}]", "level": null, "height": 15.207301139831543, "min_height": null, "is_underground": false, "num_floors": null, "num_floors_underground": null, "min_floor": null, "subtype": "education", "class": "school", "facade_color": null, "facade_material": null, "roof_material": null, "roof_shape": null, "roof_direction": null, "roof_orientation": null, "roof_color": null, "roof_height": null, "has_parts": false, "version": 2, "bbox": { "xmin": 8.53472900390625, "xmax": 8.535589218139648, "ymin": 47.369842529296875, "ymax": 47.37039566040039 } }, "geometry": { "type": "Polygon", "coordinates": [ [ [ 8.5353684, 47.3699159 ], [ 8.5353338, 47.3698907 ], [ 8.5354119, 47.369843 ], [ 8.5354379, 47.3698626 ], [ 8.5354639, 47.3698468 ], [ 8.5355886, 47.3699385 ], [ 8.5355116, 47.3699866 ], [ 8.5355047, 47.3699807 ], [ 8.5353056, 47.370103 ], [ 8.5353134, 47.3701081 ], [ 8.5351274, 47.3702212 ], [ 8.5351199, 47.3702164 ], [ 8.5349223, 47.3703371 ], [ 8.5349288, 47.3703423 ], [ 8.5348525, 47.3703898 ], [ 8.5347305, 47.3703046 ], [ 8.5347291, 47.3702981 ], [ 8.5348072, 47.3702503 ], [ 8.5348154, 47.3702563 ], [ 8.5350116, 47.370135 ], [ 8.5349827, 47.3701122 ], [ 8.534979, 47.3701128 ], [ 8.5349693, 47.3701044 ], [ 8.5349732, 47.3701024 ], [ 8.5349702, 47.3701004 ], [ 8.5350149, 47.3700721 ], [ 8.5350179, 47.3700748 ], [ 8.5351509, 47.3699893 ], [ 8.535154, 47.3699916 ], [ 8.5351596, 47.3699887 ], [ 8.5351706, 47.3699963 ], [ 8.5351678, 47.3699981 ], [ 8.5351979, 47.3700207 ], [ 8.5353684, 47.3699159 ] ] ] } },
{ "type": "Feature", "properties": { "id": "8b05adeb-e328-41d3-98dd-81ac27e61b28", "names": null, "sources": "[{'property': '', 'dataset': 'OpenStreetMap', 'license': 'ODbL-1.0', 'record_id': 'w1271368315@1', 'update_time': '2024-04-10T05:24:49.000Z', 'confidence': None, 'between': None, 'provider': 'osm', 'resource': 'planet', 'version': '2026-09-06T00:00:00.000Z'}]", "level": 1.0, "height": null, "min_height": null, "is_underground": false, "num_floors": null, "num_floors_underground": null, "min_floor": null, "subtype": "outbuilding", "class": "roof", "facade_color": null, "facade_material": null, "roof_material": null, "roof_shape": null, "roof_direction": null, "roof_orientation": null, "roof_color": null, "roof_height": null, "has_parts": false, "version": 1, "bbox": { "xmin": 8.53526782989502, "xmax": 8.535703659057617, "ymin": 47.370086669921875, "ymax": 47.370296478271484 } }, "geometry": { "type": "Polygon", "coordinates": [ [ [ 8.5355065, 47.3701513 ], [ 8.5352816, 47.3702899 ], [ 8.5352679, 47.3702792 ], [ 8.5355812, 47.370087 ], [ 8.5356379, 47.3701291 ], [ 8.5355978, 47.3701529 ], [ 8.5356691, 47.3702011 ], [ 8.5356819, 47.3702115 ], [ 8.5356916, 47.3702232 ], [ 8.5356988, 47.3702362 ], [ 8.5357029, 47.3702504 ], [ 8.5356668, 47.3702723 ], [ 8.5355513, 47.370185 ], [ 8.5355065, 47.3701513 ] ] ] } },
{ "type": "Feature", "properties": { "id": "8f997c54-488d-485b-8be9-b25549f08923", "names": null, "sources": "[{'property': '', 'dataset': 'OpenStreetMap', 'license': 'ODbL-1.0', 'record_id': 'w89976937@5', 'update_time': '2024-04-10T05:24:50.000Z', 'confidence': None, 'between': None, 'provider': 'osm', 'resource': 'planet', 'version': '2026-09-06T00:00:00.000Z'}]", "level": null, "height": null, "min_height": null, "is_underground": false, "num_floors": 2.0, "num_floors_underground": null, "min_floor": null, "subtype": "commercial", "class": "commercial", "facade_color": null, "facade_material": null, "roof_material": null, "roof_shape": null, "roof_direction": null, "roof_orientation": null, "roof_color": null, "roof_height": null, "has_parts": false, "version": 1, "bbox": { "xmin": 8.535242080688477, "xmax": 8.535794258117676, "ymin": 47.37014389038086, "ymax": 47.37049865722656 } }, "geometry": { "type": "Polygon", "coordinates": [ [ [ 8.5354474, 47.3704986 ], [ 8.5353859, 47.3704538 ], [ 8.535426, 47.3704305 ], [ 8.5352575, 47.3703056 ], [ 8.5352423, 47.3702943 ], [ 8.5352679, 47.3702792 ], [ 8.5352816, 47.3702899 ], [ 8.5355065, 47.3701513 ], [ 8.5355513, 47.370185 ], [ 8.5356668, 47.3702723 ], [ 8.5357029, 47.3702504 ], [ 8.5356988, 47.3702362 ], [ 8.5356916, 47.3702232 ], [ 8.5356819, 47.3702115 ], [ 8.5356691, 47.3702011 ], [ 8.5356792, 47.3701978 ], [ 8.5357935, 47.3702836 ], [ 8.5357761, 47.3702946 ], [ 8.5357775, 47.3702962 ], [ 8.5357172, 47.370333 ], [ 8.5356969, 47.3703189 ], [ 8.5356709, 47.3703354 ], [ 8.5356903, 47.3703499 ], [ 8.5354474, 47.3704986 ] ] ] } },
{ "type": "Feature", "properties": { "id": "40e4b577-4421-4f4b-83e2-5720413142d4", "names": null, "sources": "[{'property': '', 'dataset': 'OpenStreetMap', 'license': 'ODbL-1.0', 'record_id': 'w833543770@2', 'update_time': '2024-04-10T05:24:50.000Z', 'confidence': None, 'between': None, 'provider': 'osm', 'resource': 'planet', 'version': '2026-09-06T00:00:00.000Z'}]", "level": null, "height": null, "min_height": null, "is_underground": false, "num_floors": 15.0, "num_floors_underground": null, "min_floor": null, "subtype": "commercial", "class": "commercial", "facade_color": null, "facade_material": null, "roof_material": null, "roof_shape": null, "roof_direction": null, "roof_orientation": null, "roof_color": null, "roof_height": null, "has_parts": false, "version": 1, "bbox": { "xmin": 8.534987449645996, "xmax": 8.535426139831543, "ymin": 47.37028503417969, "ymax": 47.37063980102539 } }, "geometry": { "type": "Polygon", "coordinates": [ [ [ 8.5352378, 47.3702916 ], [ 8.5352423, 47.3702943 ], [ 8.5352575, 47.3703056 ], [ 8.535426, 47.3704305 ], [ 8.5353859, 47.3704538 ], [ 8.5353399, 47.3704816 ], [ 8.5352872, 47.3705142 ], [ 8.5353473, 47.3705601 ], [ 8.5352278, 47.3706337 ], [ 8.5349881, 47.3704713 ], [ 8.535052, 47.3704313 ], [ 8.5350393, 47.370422 ], [ 8.5350336, 47.3704178 ], [ 8.5352378, 47.3702916 ] ] ] } },
{ "type": "Feature", "properties": { "id": "cd54d5db-5012-4275-b516-4f63b4e99ca7", "names": null, "sources": "[{'property': '', 'dataset': 'OpenStreetMap', 'license': 'ODbL-1.0', 'record_id': 'w1271368314@1', 'update_time': '2024-04-10T05:24:50.000Z', 'confidence': None, 'between': None, 'provider': 'osm', 'resource': 'planet', 'version': '2026-09-06T00:00:00.000Z'}]", "level": 1.0, "height": null, "min_height": null, "is_underground": false, "num_floors": null, "num_floors_underground": null, "min_floor": null, "subtype": "outbuilding", "class": "roof", "facade_color": null, "facade_material": null, "roof_material": null, "roof_shape": null, "roof_direction": null, "roof_orientation": null, "roof_color": null, "roof_height": null, "has_parts": false, "version": 1, "bbox": { "xmin": 8.534958839416504, "xmax": 8.535811424255371, "ymin": 47.370277404785156, "ymax": 47.37065887451172 } }, "geometry": { "type": "Polygon", "coordinates": [ [ [ 8.5350393, 47.370422 ], [ 8.535052, 47.3704313 ], [ 8.5349881, 47.3704713 ], [ 8.5352278, 47.3706337 ], [ 8.5353473, 47.3705601 ], [ 8.5352872, 47.3705142 ], [ 8.5353399, 47.3704816 ], [ 8.5353859, 47.3704538 ], [ 8.5354474, 47.3704986 ], [ 8.5356903, 47.3703499 ], [ 8.5356709, 47.3703354 ], [ 8.5356969, 47.3703189 ], [ 8.5357172, 47.370333 ], [ 8.5357775, 47.3702962 ], [ 8.5357761, 47.3702946 ], [ 8.5357935, 47.3702836 ], [ 8.5358035, 47.3702904 ], [ 8.5358056, 47.3702892 ], [ 8.5358106, 47.3702935 ], [ 8.5352267, 47.3706527 ], [ 8.5349593, 47.3704703 ], [ 8.5350393, 47.370422 ] ] ] } },
{ "type": "Feature", "properties": { "id": "ca009243-77b8-4f51-b189-d8f862865c61", "names": "{'primary': 'Völkerkundemuseum der Universität Zürich', 'common': None, 'rules': None}", "sources": "[{'property': '', 'dataset': 'OpenStreetMap', 'license': 'ODbL-1.0', 'record_id': 'w30924953@15', 'update_time': '2025-06-25T15:23:37.000Z', 'confidence': None, 'between': None, 'provider': 'osm', 'resource': 'planet', 'version': '2026-09-06T00:00:00.000Z'}]", "level": null, "height": null, "min_height": null, "is_underground": false, "num_floors": 2.0, "num_floors_underground": null, "min_floor": null, "subtype": "entertainment", "class": null, "facade_color": null, "facade_material": null, "roof_material": null, "roof_shape": null, "roof_direction": null, "roof_orientation": null, "roof_color": null, "roof_height": null, "has_parts": true, "version": 1, "bbox": { "xmin": 8.534073829650879, "xmax": 8.53465461730957, "ymin": 47.37070083618164, "ymax": 47.37094497680664 } }, "geometry": { "type": "Polygon", "coordinates": [ [ [ 8.534546, 47.3709103 ], [ 8.5345217, 47.3709435 ], [ 8.5344284, 47.3709134 ], [ 8.5344144, 47.3709332 ], [ 8.5341672, 47.3708532 ], [ 8.5341595, 47.3708404 ], [ 8.5341678, 47.3708283 ], [ 8.5340739, 47.370798 ], [ 8.5341366, 47.3707096 ], [ 8.5342284, 47.370739 ], [ 8.5342512, 47.3707076 ], [ 8.5345144, 47.3707934 ], [ 8.5344916, 47.3708246 ], [ 8.5345847, 47.3708547 ], [ 8.5345815, 47.3708596 ], [ 8.5346182, 47.370874 ], [ 8.5346543, 47.3708878 ], [ 8.5346093, 47.3709338 ], [ 8.53458, 47.3709232 ], [ 8.534546, 47.3709103 ] ] ] } },
{ "type": "Feature", "properties": { "id": "2ec436c9-c475-4c72-aa9e-05f62ca0f6d1", "names": null, "sources": "[{'property': '', 'dataset': 'OpenStreetMap', 'license': 'ODbL-1.0', 'record_id': 'w30924951@7', 'update_time': '2025-12-21T17:56:22.000Z', 'confidence': None, 'between': None, 'provider': 'osm', 'resource': 'planet', 'version': '2026-09-06T00:00:00.000Z'}]", "level": null, "height": null, "min_height": null, "is_underground": false, "num_floors": 3.0, "num_floors_underground": null, "min_floor": null, "subtype": null, "class": null, "facade_color": null, "facade_material": null, "roof_material": null, "roof_shape": "hipped", "roof_direction": null, "roof_orientation": null, "roof_color": null, "roof_height": null, "has_parts": false, "version": 1, "bbox": { "xmin": 8.534480094909668, "xmax": 8.534849166870117, "ymin": 47.37080764770508, "ymax": 47.37112808227539 } }, "geometry": { "type": "Polygon", "coordinates": [ [ [ 8.5348491, 47.3708701 ], [ 8.5346055, 47.3711263 ], [ 8.5344807, 47.3710701 ], [ 8.5346093, 47.3709338 ], [ 8.5346543, 47.3708878 ], [ 8.534723, 47.3708147 ], [ 8.5348491, 47.3708701 ] ] ] } },
{ "type": "Feature", "properties": { "id": "464519b1-d519-48ec-8e7f-2edcf656f96b", "names": null, "sources": "[{'property': '', 'dataset': 'OpenStreetMap', 'license': 'ODbL-1.0', 'record_id': 'w78532968@2', 'update_time': '2024-04-09T18:20:34.000Z', 'confidence': None, 'between': None, 'provider': 'osm', 'resource': 'planet', 'version': '2026-09-06T00:00:00.000Z'}]", "level": null, "height": null, "min_height": null, "is_underground": false, "num_floors": null, "num_floors_underground": null, "min_floor": null, "subtype": null, "class": null, "facade_color": null, "facade_material": null, "roof_material": null, "roof_shape": null, "roof_direction": null, "roof_orientation": null, "roof_color": null, "roof_height": null, "has_parts": false, "version": 1, "bbox": { "xmin": 8.53522777557373, "xmax": 8.535332679748535, "ymin": 47.371238708496094, "ymax": 47.371315002441406 } }, "geometry": { "type": "Polygon", "coordinates": [ [ [ 8.5352953, 47.3713142 ], [ 8.5352287, 47.3712708 ], [ 8.5352658, 47.3712446 ], [ 8.5353325, 47.371288 ], [ 8.5352953, 47.3713142 ] ] ] } },
{ "type": "Feature", "properties": { "id": "564c323a-e1a2-493b-a942-29e6cbdadeb4", "names": null, "sources": "[{'property': '', 'dataset': 'OpenStreetMap', 'license': 'ODbL-1.0', 'record_id': 'w326969825@3', 'update_time': '2024-04-09T18:20:34.000Z', 'confidence': None, 'between': None, 'provider': 'osm', 'resource': 'planet', 'version': '2026-09-06T00:00:00.000Z'}]", "level": null, "height": null, "min_height": null, "is_underground": false, "num_floors": 6.0, "num_floors_underground": null, "min_floor": null, "subtype": "commercial", "class": "commercial", "facade_color": null, "facade_material": null, "roof_material": null, "roof_shape": null, "roof_direction": null, "roof_orientation": null, "roof_color": null, "roof_height": null, "has_parts": false, "version": 1, "bbox": { "xmin": 8.534727096557617, "xmax": 8.535164833068848, "ymin": 47.37112808227539, "ymax": 47.371490478515625 } }, "geometry": { "type": "Polygon", "coordinates": [ [ [ 8.534881, 47.3711453 ], [ 8.5348988, 47.3711288 ], [ 8.5350664, 47.3712171 ], [ 8.5350477, 47.371234 ], [ 8.5350074, 47.3712705 ], [ 8.5350308, 47.3712853 ], [ 8.535024, 47.3712898 ], [ 8.5351639, 47.3713809 ], [ 8.5350164, 47.3714844 ], [ 8.5347274, 47.3712966 ], [ 8.5348083, 47.3712127 ], [ 8.534881, 47.3711453 ] ] ] } },
{ "type": "Feature", "properties": { "id": "ce54d194-0732-4623-ab31-e3461b59da58", "names": null, "sources": "[{'property': '', 'dataset': 'OpenStreetMap', 'license': 'ODbL-1.0', 'record_id': 'w326969821@4', 'update_time': '2026-03-21T15:59:55.000Z', 'confidence': None, 'between': None, 'provider': 'osm', 'resource': 'planet', 'version': '2026-09-06T00:00:00.000Z'}]", "level": null, "height": null, "min_height": null, "is_underground": false, "num_floors": 6.0, "num_floors_underground": null, "min_floor": null, "subtype": "commercial", "class": "commercial", "facade_color": null, "facade_material": null, "roof_material": null, "roof_shape": null, "roof_direction": null, "roof_orientation": null, "roof_color": null, "roof_height": null, "has_parts": false, "version": 1, "bbox": { "xmin": 8.535016059875488, "xmax": 8.535481452941895, "ymin": 47.37137985229492, "ymax": 47.371700286865234 } }, "geometry": { "type": "Polygon", "coordinates": [ [ [ 8.5353366, 47.371693 ], [ 8.5350164, 47.3714844 ], [ 8.5351639, 47.3713809 ], [ 8.5353012, 47.3714706 ], [ 8.5354693, 47.3715811 ], [ 8.5354814, 47.371589 ], [ 8.5353366, 47.371693 ] ] ] } },
{ "type": "Feature", "properties": { "id": "942c673e-7948-48df-8711-af99465b9f4e", "names": null, "sources": "[{'property': '', 'dataset': 'OpenStreetMap', 'license': 'ODbL-1.0', 'record_id': 'w78532975@6', 'update_time': '2026-03-21T16:00:40.000Z', 'confidence': None, 'between': None, 'provider': 'osm', 'resource': 'planet', 'version': '2026-09-06T00:00:00.000Z'}]", "level": null, "height": null, "min_height": null, "is_underground": false, "num_floors": 5.0, "num_floors_underground": null, "min_floor": null, "subtype": null, "class": null, "facade_color": null, "facade_material": null, "roof_material": null, "roof_shape": null, "roof_direction": null, "roof_orientation": null, "roof_color": null, "roof_height": null, "has_parts": false, "version": 1, "bbox": { "xmin": 8.535300254821777, "xmax": 8.535649299621582, "ymin": 47.37104415893555, "ymax": 47.37158203125 } }, "geometry": { "type": "Polygon", "coordinates": [ [ [ 8.5354316, 47.3712003 ], [ 8.5353529, 47.371148 ], [ 8.5354945, 47.37105 ], [ 8.5355832, 47.3711093 ], [ 8.5355896, 47.3711049 ], [ 8.5356265, 47.3711296 ], [ 8.5356201, 47.371134 ], [ 8.535641, 47.371148 ], [ 8.5356491, 47.3714518 ], [ 8.5354693, 47.3715811 ], [ 8.5353012, 47.3714706 ], [ 8.5353087, 47.3714663 ], [ 8.5353305, 47.3714808 ], [ 8.5354363, 47.371406 ], [ 8.5354336, 47.3713242 ], [ 8.5354099, 47.3713233 ], [ 8.5354091, 47.3712822 ], [ 8.5354328, 47.3712803 ], [ 8.5354316, 47.3712003 ] ] ] } },
{ "type": "Feature", "properties": { "id": "2ce9c5e6-f89e-4ec2-9ce1-889a4f66030f", "names": null, "sources": "[{'property': '', 'dataset': 'OpenStreetMap', 'license': 'ODbL-1.0', 'record_id': 'w78532959@5', 'update_time': '2024-04-09T18:20:34.000Z', 'confidence': None, 'between': None, 'provider': 'osm', 'resource': 'planet', 'version': '2026-09-06T00:00:00.000Z'}]", "level": null, "height": null, "min_height": null, "is_underground": false, "num_floors": 6.0, "num_floors_underground": null, "min_floor": null, "subtype": null, "class": null, "facade_color": null, "facade_material": null, "roof_material": null, "roof_shape": null, "roof_direction": null, "roof_orientation": null, "roof_color": null, "roof_height": null, "has_parts": false, "version": 1, "bbox": { "xmin": 8.53489875793457, "xmax": 8.535494804382324, "ymin": 47.370906829833984, "ymax": 47.37122344970703 } }, "geometry": { "type": "Polygon", "coordinates": [ [ [ 8.5351519, 47.371146 ], [ 8.5350664, 47.3712171 ], [ 8.5348988, 47.3711288 ], [ 8.5349589, 47.3710768 ], [ 8.5350283, 47.3710219 ], [ 8.5351029, 47.3709692 ], [ 8.535181, 47.3709172 ], [ 8.535221, 47.3709447 ], [ 8.5352802, 47.3709074 ], [ 8.5353888, 47.3709797 ], [ 8.5354945, 47.37105 ], [ 8.5353529, 47.371148 ], [ 8.5352462, 47.3710767 ], [ 8.5351519, 47.371146 ] ] ] } },
{ "type": "Feature", "properties": { "id": "d77f382a-1b60-4bdc-aa27-4edfeea9b97f", "names": null, "sources": "[{'property': '', 'dataset': 'OpenStreetMap', 'license': 'ODbL-1.0', 'record_id': 'w78532956@4', 'update_time': '2024-08-03T06:20:46.000Z', 'confidence': None, 'between': None, 'provider': 'osm', 'resource': 'planet', 'version': '2026-09-06T00:00:00.000Z'}]", "level": null, "height": null, "min_height": null, "is_underground": false, "num_floors": 4.0, "num_floors_underground": null, "min_floor": null, "subtype": "residential", "class": "apartments", "facade_color": null, "facade_material": null, "roof_material": null, "roof_shape": null, "roof_direction": null, "roof_orientation": null, "roof_color": null, "roof_height": null, "has_parts": false, "version": 1, "bbox": { "xmin": 8.53545093536377, "xmax": 8.535957336425781, "ymin": 47.37062072753906, "ymax": 47.37101745605469 } }, "geometry": { "type": "Polygon", "coordinates": [ [ [ 8.5359496, 47.3709684 ], [ 8.5359455, 47.371016 ], [ 8.5358913, 47.3710151 ], [ 8.5358136, 47.3709929 ], [ 8.5357799, 47.371015 ], [ 8.535599, 47.3708932 ], [ 8.5354518, 47.3707949 ], [ 8.5355235, 47.3707463 ], [ 8.5354889, 47.3707222 ], [ 8.5355672, 47.3706731 ], [ 8.5356454, 47.3706223 ], [ 8.5357998, 47.3707334 ], [ 8.5357299, 47.3707757 ], [ 8.5357588, 47.3707957 ], [ 8.5357728, 47.3707896 ], [ 8.5359106, 47.3708815 ], [ 8.5359155, 47.3708774 ], [ 8.5359573, 47.37089 ], [ 8.5359496, 47.3709684 ] ] ] } },
{ "type": "Feature", "properties": { "id": "2386644b-725d-431d-9dc0-ecc8e6fc5cb8", "names": null, "sources": "[{'property': '', 'dataset': 'OpenStreetMap', 'license': 'ODbL-1.0', 'record_id': 'w78532960@3', 'update_time': '2024-04-10T05:24:50.000Z', 'confidence': None, 'between': None, 'provider': 'osm', 'resource': 'planet', 'version': '2026-09-06T00:00:00.000Z'}]", "level": null, "height": null, "min_height": null, "is_underground": false, "num_floors": null, "num_floors_underground": null, "min_floor": null, "subtype": null, "class": null, "facade_color": null, "facade_material": null, "roof_material": null, "roof_shape": null, "roof_direction": null, "roof_orientation": null, "roof_color": null, "roof_height": null, "has_parts": false, "version": 1, "bbox": { "xmin": 8.536003112792969, "xmax": 8.536272048950195, "ymin": 47.37085723876953, "ymax": 47.37101745605469 } }, "geometry": { "type": "Polygon", "coordinates": [ [ [ 8.5361353, 47.3708955 ], [ 8.536136, 47.3708573 ], [ 8.5361981, 47.3708574 ], [ 8.5361986, 47.3708966 ], [ 8.5362712, 47.3708979 ], [ 8.5362696, 47.3710166 ], [ 8.5360037, 47.3710152 ], [ 8.5360045, 47.3709684 ], [ 8.5360061, 47.3708934 ], [ 8.5361353, 47.3708955 ] ] ] } },
{ "type": "Feature", "properties": { "id": "3d5a34eb-dbd6-48bb-a487-9638304c5a6c", "names": null, "sources": "[{'property': '', 'dataset': 'OpenStreetMap', 'license': 'ODbL-1.0', 'record_id': 'w327298868@1', 'update_time': '2024-04-10T05:24:50.000Z', 'confidence': None, 'between': None, 'provider': 'osm', 'resource': 'planet', 'version': '2026-09-06T00:00:00.000Z'}]", "level": null, "height": null, "min_height": null, "is_underground": false, "num_floors": null, "num_floors_underground": null, "min_floor": null, "subtype": null, "class": null, "facade_color": null, "facade_material": null, "roof_material": null, "roof_shape": null, "roof_direction": null, "roof_orientation": null, "roof_color": null, "roof_height": null, "has_parts": false, "version": 1, "bbox": { "xmin": 8.536197662353516, "xmax": 8.536352157592773, "ymin": 47.37079620361328, "ymax": 47.37089920043945 } }, "geometry": { "type": "Polygon", "coordinates": [ [ [ 8.5361986, 47.3708966 ], [ 8.5361981, 47.3708574 ], [ 8.5362839, 47.3707969 ], [ 8.5363296, 47.3708276 ], [ 8.5363516, 47.3708402 ], [ 8.5362712, 47.3708979 ], [ 8.5361986, 47.3708966 ] ] ] } },
{ "type": "Feature", "properties": { "id": "a44e86d3-b657-4593-94cb-9c3e7d3d219d", "names": null, "sources": "[{'property': '', 'dataset': 'OpenStreetMap', 'license': 'ODbL-1.0', 'record_id': 'w78532973@6', 'update_time': '2024-04-10T05:24:50.000Z', 'confidence': None, 'between': None, 'provider': 'osm', 'resource': 'planet', 'version': '2026-09-06T00:00:00.000Z'}\n {'property': '/properties/height', 'dataset': 'Microsoft ML Buildings', 'license': 'ODbL-1.0', 'record_id': None, 'update_time': None, 'confidence': None, 'between': None, 'provider': 'microsoft', 'resource': 'ml_buildings', 'version': '2026-08-11'}]", "level": null, "height": 15.106510162353516, "min_height": null, "is_underground": false, "num_floors": 3.0, "num_floors_underground": null, "min_floor": null, "subtype": "commercial", "class": "office", "facade_color": null, "facade_material": null, "roof_material": null, "roof_shape": "gabled", "roof_direction": null, "roof_orientation": null, "roof_color": null, "roof_height": null, "has_parts": false, "version": 2, "bbox": { "xmin": 8.536269187927246, "xmax": 8.536670684814453, "ymin": 47.370697021484375, "ymax": 47.37101745605469 } }, "geometry": { "type": "Polygon", "coordinates": [ [ [ 8.5363688, 47.3710173 ], [ 8.5362696, 47.3710166 ], [ 8.5362712, 47.3708979 ], [ 8.5363516, 47.3708402 ], [ 8.5363296, 47.3708276 ], [ 8.5365096, 47.3706979 ], [ 8.5366703, 47.3708007 ], [ 8.5363688, 47.3710173 ] ] ] } },
{ "type": "Feature", "properties": { "id": "fc74687c-6bcd-4c4c-8824-09456287151d", "names": null, "sources": "[{'property': '', 'dataset': 'OpenStreetMap', 'license': 'ODbL-1.0', 'record_id': 'w78532972@2', 'update_time': '2024-04-10T05:24:49.000Z', 'confidence': None, 'between': None, 'provider': 'osm', 'resource': 'planet', 'version': '2026-09-06T00:00:00.000Z'}]", "level": null, "height": null, "min_height": null, "is_underground": false, "num_floors": null, "num_floors_underground": null, "min_floor": null, "subtype": "commercial", "class": "retail", "facade_color": null, "facade_material": null, "roof_material": null, "roof_shape": null, "roof_direction": null, "roof_orientation": null, "roof_color": null, "roof_height": null, "has_parts": false, "version": 1, "bbox": { "xmin": 8.535944938659668, "xmax": 8.536005973815918, "ymin": 47.370967864990234, "ymax": 47.37101745605469 } }, "geometry": { "type": "Polygon", "coordinates": [ [ [ 8.5360045, 47.3709684 ], [ 8.5360037, 47.3710152 ], [ 8.5359455, 47.371016 ], [ 8.5359496, 47.3709684 ], [ 8.5360045, 47.3709684 ] ] ] } },
{ "type": "Feature", "properties": { "id": "78bcbb60-e65d-41f2-9de7-d92cbea7c984", "names": "{'primary': 'UBS Konferenzzentrum Grünenhof', 'common': None, 'rules': None}", "sources": "[{'property': '', 'dataset': 'OpenStreetMap', 'license': 'ODbL-1.0', 'record_id': 'w327298873@4', 'update_time': '2024-04-09T17:41:34.000Z', 'confidence': None, 'between': None, 'provider': 'osm', 'resource': 'planet', 'version': '2026-09-06T00:00:00.000Z'}]", "level": null, "height": null, "min_height": null, "is_underground": false, "num_floors": null, "num_floors_underground": null, "min_floor": null, "subtype": "commercial", "class": "office", "facade_color": null, "facade_material": null, "roof_material": null, "roof_shape": null, "roof_direction": null, "roof_orientation": null, "roof_color": null, "roof_height": null, "has_parts": false, "version": 1, "bbox": { "xmin": 8.536707878112793, "xmax": 8.537144660949707, "ymin": 47.37100601196289, "ymax": 47.37131881713867 } }, "geometry": { "type": "Polygon", "coordinates": [ [ [ 8.5369101, 47.3712835 ], [ 8.5368696, 47.3713127 ], [ 8.5368234, 47.3713011 ], [ 8.5367811, 47.3712821 ], [ 8.5367514, 47.3712613 ], [ 8.5367232, 47.3712339 ], [ 8.5367087, 47.3712094 ], [ 8.5368905, 47.3710783 ], [ 8.5368634, 47.371061 ], [ 8.53691, 47.3710276 ], [ 8.5369374, 47.371045 ], [ 8.5369831, 47.3710121 ], [ 8.5371441, 47.3711146 ], [ 8.5370976, 47.3711481 ], [ 8.5371249, 47.3711654 ], [ 8.5370796, 47.3711981 ], [ 8.5370526, 47.3711809 ], [ 8.5369384, 47.3712633 ], [ 8.536966, 47.3712809 ], [ 8.5369379, 47.3713012 ], [ 8.5369101, 47.3712835 ] ] ] } },
{ "type": "Feature", "properties": { "id": "7480b1d8-9096-48e2-baca-58f0c8d0b977", "names": null, "sources": "[{'property': '', 'dataset': 'OpenStreetMap', 'license': 'ODbL-1.0', 'record_id': 'w327298864@7', 'update_time': '2026-03-21T16:00:36.000Z', 'confidence': None, 'between': None, 'provider': 'osm', 'resource': 'planet', 'version': '2026-09-06T00:00:00.000Z'}]", "level": null, "height": null, "min_height": null, "is_underground": false, "num_floors": 6.0, "num_floors_underground": null, "min_floor": null, "subtype": "commercial", "class": "commercial", "facade_color": null, "facade_material": null, "roof_material": null, "roof_shape": null, "roof_direction": null, "roof_orientation": null, "roof_color": null, "roof_height": null, "has_parts": false, "version": 1, "bbox": { "xmin": 8.53650188446045, "xmax": 8.536999702453613, "ymin": 47.37135696411133, "ymax": 47.37165451049805 } }, "geometry": { "type": "Polygon", "coordinates": [ [ [ 8.5365036, 47.3714663 ], [ 8.5365028, 47.3713607 ], [ 8.536687, 47.3713608 ], [ 8.536687, 47.3713589 ], [ 8.5368551, 47.3713587 ], [ 8.5368548, 47.3713611 ], [ 8.5369997, 47.3714533 ], [ 8.536897, 47.3715287 ], [ 8.5368309, 47.371577 ], [ 8.5368014, 47.3715978 ], [ 8.5367715, 47.3716197 ], [ 8.5367595, 47.3716132 ], [ 8.536751, 47.3716193 ], [ 8.5367284, 47.3716355 ], [ 8.5367124, 47.371647 ], [ 8.5365451, 47.3715407 ], [ 8.536547, 47.3715394 ], [ 8.5365039, 47.3715114 ], [ 8.5365037, 47.3714893 ], [ 8.5365036, 47.3714663 ] ] ] } },
{ "type": "Feature", "properties": { "id": "083c667e-e140-4423-bf9f-c9a2f78db1e5", "names": null, "sources": "[{'property': '', 'dataset': 'OpenStreetMap', 'license': 'ODbL-1.0', 'record_id': 'w327298874@3', 'update_time': '2024-04-09T17:41:34.000Z', 'confidence': None, 'between': None, 'provider': 'osm', 'resource': 'planet', 'version': '2026-09-06T00:00:00.000Z'}]", "level": null, "height": null, "min_height": null, "is_underground": false, "num_floors": 4.0, "num_floors_underground": null, "min_floor": null, "subtype": "commercial", "class": "commercial", "facade_color": null, "facade_material": null, "roof_material": null, "roof_shape": null, "roof_direction": null, "roof_orientation": null, "roof_color": null, "roof_height": null, "has_parts": false, "version": 1, "bbox": { "xmin": 8.53685474395752, "xmax": 8.537331581115723, "ymin": 47.37112045288086, "ymax": 47.3714599609375 } }, "geometry": { "type": "Polygon", "coordinates": [ [ [ 8.5372171, 47.3712966 ], [ 8.5369997, 47.3714533 ], [ 8.5368548, 47.3713611 ], [ 8.5369379, 47.3713012 ], [ 8.536966, 47.3712809 ], [ 8.5369965, 47.371259 ], [ 8.5369811, 47.3712492 ], [ 8.5370292, 47.3712145 ], [ 8.5370439, 47.3712238 ], [ 8.5370714, 47.371204 ], [ 8.5370796, 47.3711981 ], [ 8.5371249, 47.3711654 ], [ 8.5371856, 47.3711217 ], [ 8.5373312, 47.3712144 ], [ 8.5372171, 47.3712966 ] ] ] } },
{ "type": "Feature", "properties": { "id": "b270d7f7-8581-4a6d-943d-ae43d7e6180c", "names": null, "sources": "[{'property': '', 'dataset': 'OpenStreetMap', 'license': 'ODbL-1.0', 'record_id': 'w327298869@5', 'update_time': '2024-04-09T17:41:34.000Z', 'confidence': None, 'between': None, 'provider': 'osm', 'resource': 'planet', 'version': '2026-09-06T00:00:00.000Z'}]", "level": null, "height": null, "min_height": null, "is_underground": false, "num_floors": 6.0, "num_floors_underground": null, "min_floor": null, "subtype": "commercial", "class": "commercial", "facade_color": null, "facade_material": null, "roof_material": null, "roof_shape": null, "roof_direction": null, "roof_orientation": null, "roof_color": null, "roof_height": null, "has_parts": false, "version": 1, "bbox": { "xmin": 8.53650188446045, "xmax": 8.536972045898438, "ymin": 47.370880126953125, "ymax": 47.37136459350586 } }, "geometry": { "type": "Polygon", "coordinates": [ [ [ 8.5368634, 47.371061 ], [ 8.5366871, 47.3711877 ], [ 8.536687, 47.3713589 ], [ 8.536687, 47.3713608 ], [ 8.5365028, 47.3713607 ], [ 8.536503, 47.3711505 ], [ 8.536503, 47.3711163 ], [ 8.5366066, 47.3710418 ], [ 8.536798, 47.3709043 ], [ 8.5368218, 47.3708872 ], [ 8.5369719, 47.3709831 ], [ 8.5369504, 47.3709985 ], [ 8.53691, 47.3710276 ], [ 8.5368634, 47.371061 ] ] ] } },
{ "type": "Feature", "properties": { "id": "d5ab025b-2fb0-4d99-81a3-31862a3cbeb9", "names": null, "sources": "[{'property': '', 'dataset': 'OpenStreetMap', 'license': 'ODbL-1.0', 'record_id': 'w327298867@5', 'update_time': '2024-04-09T17:41:34.000Z', 'confidence': None, 'between': None, 'provider': 'osm', 'resource': 'planet', 'version': '2026-09-06T00:00:00.000Z'}]", "level": null, "height": null, "min_height": null, "is_underground": false, "num_floors": 7.0, "num_floors_underground": null, "min_floor": null, "subtype": "commercial", "class": "office", "facade_color": null, "facade_material": null, "roof_material": null, "roof_shape": null, "roof_direction": null, "roof_orientation": null, "roof_color": null, "roof_height": null, "has_parts": false, "version": 1, "bbox": { "xmin": 8.536821365356445, "xmax": 8.53736400604248, "ymin": 47.37070846557617, "ymax": 47.3709831237793 } }, "geometry": { "type": "Polygon", "coordinates": [ [ [ 8.5372148, 47.370938 ], [ 8.5371061, 47.3708868 ], [ 8.5369719, 47.3709831 ], [ 8.5368218, 47.3708872 ], [ 8.5369431, 47.3708001 ], [ 8.5370702, 47.3707089 ], [ 8.5373274, 47.3708262 ], [ 8.5373637, 47.3708412 ], [ 8.5372486, 47.3709531 ], [ 8.5372148, 47.370938 ] ] ] } },
{ "type": "Feature", "properties": { "id": "7ae6a633-1ecc-4716-ac92-e672cca575ef", "names": null, "sources": "[{'property': '', 'dataset': 'OpenStreetMap', 'license': 'ODbL-1.0', 'record_id': 'w32233998@8', 'update_time': '2024-04-09T17:41:34.000Z', 'confidence': None, 'between': None, 'provider': 'osm', 'resource': 'planet', 'version': '2026-09-06T00:00:00.000Z'}\n {'property': '/properties/height', 'dataset': 'Microsoft ML Buildings', 'license': 'ODbL-1.0', 'record_id': None, 'update_time': None, 'confidence': None, 'between': None, 'provider': 'microsoft', 'resource': 'ml_buildings', 'version': '2026-08-11'}]", "level": null, "height": 22.144804000854492, "min_height": null, "is_underground": false, "num_floors": 6.0, "num_floors_underground": null, "min_floor": null, "subtype": "commercial", "class": "commercial", "facade_color": null, "facade_material": null, "roof_material": null, "roof_shape": null, "roof_direction": null, "roof_orientation": null, "roof_color": null, "roof_height": null, "has_parts": false, "version": 2, "bbox": { "xmin": 8.53653335571289, "xmax": 8.537074089050293, "ymin": 47.370361328125, "ymax": 47.37074279785156 } }, "geometry": { "type": "Polygon", "coordinates": [ [ [ 8.5367056, 47.370736 ], [ 8.5365334, 47.370626 ], [ 8.5369015, 47.3703616 ], [ 8.5370302, 47.3704438 ], [ 8.5370737, 47.3704715 ], [ 8.5369195, 47.3705823 ], [ 8.5367056, 47.370736 ] ] ] } },
{ "type": "Feature", "properties": { "id": "260950a9-7e6f-4c19-83f8-9507aa556054", "names": null, "sources": "[{'property': '', 'dataset': 'OpenStreetMap', 'license': 'ODbL-1.0', 'record_id': 'w78532958@5', 'update_time': '2026-07-16T13:04:15.000Z', 'confidence': None, 'between': None, 'provider': 'osm', 'resource': 'planet', 'version': '2026-09-06T00:00:00.000Z'}\n {'property': '/properties/height', 'dataset': 'Microsoft ML Buildings', 'license': 'ODbL-1.0', 'record_id': None, 'update_time': None, 'confidence': None, 'between': None, 'provider': 'microsoft', 'resource': 'ml_buildings', 'version': '2026-08-11'}]", "level": null, "height": 15.385290145874023, "min_height": null, "is_underground": false, "num_floors": 6.0, "num_floors_underground": null, "min_floor": null, "subtype": "commercial", "class": "commercial", "facade_color": null, "facade_material": null, "roof_material": null, "roof_shape": null, "roof_direction": null, "roof_orientation": null, "roof_color": null, "roof_height": null, "has_parts": false, "version": 3, "bbox": { "xmin": 8.53564453125, "xmax": 8.536395072937012, "ymin": 47.370243072509766, "ymax": 47.37073516845703 } }, "geometry": { "type": "Polygon", "coordinates": [ [ [ 8.5357998, 47.3707334 ], [ 8.5356454, 47.3706223 ], [ 8.5362426, 47.3702438 ], [ 8.5363949, 47.3703555 ], [ 8.5357998, 47.3707334 ] ] ] } },
{ "type": "Feature", "properties": { "id": "665f4799-ff0e-465d-b464-bfdc4d8ee938", "names": null, "sources": "[{'property': '', 'dataset': 'OpenStreetMap', 'license': 'ODbL-1.0', 'record_id': 'w89976952@6', 'update_time': '2024-04-10T05:24:50.000Z', 'confidence': None, 'between': None, 'provider': 'osm', 'resource': 'planet', 'version': '2026-09-06T00:00:00.000Z'}]", "level": null, "height": null, "min_height": null, "is_underground": false, "num_floors": 6.0, "num_floors_underground": null, "min_floor": null, "subtype": "commercial", "class": "commercial", "facade_color": null, "facade_material": null, "roof_material": null, "roof_shape": null, "roof_direction": null, "roof_orientation": null, "roof_color": null, "roof_height": null, "has_parts": false, "version": 1, "bbox": { "xmin": 8.53559684753418, "xmax": 8.535945892333984, "ymin": 47.370059967041016, "ymax": 47.370296478271484 } }, "geometry": { "type": "Polygon", "coordinates": [ [ [ 8.5356691, 47.3702011 ], [ 8.5355978, 47.3701529 ], [ 8.5356379, 47.3701291 ], [ 8.5357513, 47.3700617 ], [ 8.5359457, 47.3702098 ], [ 8.5358198, 47.3702869 ], [ 8.5358148, 47.3702838 ], [ 8.5358056, 47.3702892 ], [ 8.5358035, 47.3702904 ], [ 8.5357935, 47.3702836 ], [ 8.5356792, 47.3701978 ], [ 8.5356691, 47.3702011 ] ] ] } },
{ "type": "Feature", "properties": { "id": "1fca582f-d5c0-4ae2-b41e-baa54da9ce3a", "names": null, "sources": "[{'property': '', 'dataset': 'OpenStreetMap', 'license': 'ODbL-1.0', 'record_id': 'w31916983@7', 'update_time': '2024-04-09T17:41:34.000Z', 'confidence': None, 'between': None, 'provider': 'osm', 'resource': 'planet', 'version': '2026-09-06T00:00:00.000Z'}]", "level": null, "height": null, "min_height": null, "is_underground": false, "num_floors": 5.0, "num_floors_underground": null, "min_floor": null, "subtype": "commercial", "class": "commercial", "facade_color": null, "facade_material": null, "roof_material": null, "roof_shape": null, "roof_direction": null, "roof_orientation": null, "roof_color": null, "roof_height": null, "has_parts": false, "version": 1, "bbox": { "xmin": 8.536242485046387, "xmax": 8.537540435791016, "ymin": 47.36980438232422, "ymax": 47.370445251464844 } }, "geometry": { "type": "Polygon", "coordinates": [ [ [ 8.5363999, 47.370118 ], [ 8.5364042, 47.3701105 ], [ 8.5365533, 47.3700143 ], [ 8.5365719, 47.3700074 ], [ 8.5365975, 47.3700034 ], [ 8.5366154, 47.3700008 ], [ 8.5366345, 47.3699943 ], [ 8.536687, 47.3699612 ], [ 8.5367126, 47.3699448 ], [ 8.5369155, 47.3698154 ], [ 8.53693, 47.3698112 ], [ 8.5369462, 47.3698111 ], [ 8.5369602, 47.3698151 ], [ 8.5369718, 47.3698217 ], [ 8.537083, 47.3699019 ], [ 8.5370986, 47.3699076 ], [ 8.5371191, 47.3699115 ], [ 8.5371545, 47.3699155 ], [ 8.5371699, 47.3699192 ], [ 8.5371853, 47.3699262 ], [ 8.5372493, 47.3699734 ], [ 8.5372903, 47.3700015 ], [ 8.5373096, 47.3700074 ], [ 8.5373305, 47.3700112 ], [ 8.5373682, 47.3700154 ], [ 8.537382, 47.3700195 ], [ 8.5373935, 47.3700251 ], [ 8.5375229, 47.3701189 ], [ 8.5375353, 47.3701285 ], [ 8.5375398, 47.3701405 ], [ 8.5375377, 47.370151 ], [ 8.5375305, 47.3701604 ], [ 8.5373775, 47.3702711 ], [ 8.5373654, 47.3702766 ], [ 8.5373517, 47.3702807 ], [ 8.53734, 47.3702842 ], [ 8.5373292, 47.3702889 ], [ 8.5372349, 47.3703552 ], [ 8.5372271, 47.3703602 ], [ 8.537217, 47.3703639 ], [ 8.5371207, 47.3703843 ], [ 8.5371047, 47.3703906 ], [ 8.5370302, 47.3704438 ], [ 8.5369015, 47.3703616 ], [ 8.5369035, 47.3703604 ], [ 8.5367692, 47.3702741 ], [ 8.5367382, 47.3702955 ], [ 8.5367356, 47.3702932 ], [ 8.5366671, 47.3702464 ], [ 8.5365601, 47.3703183 ], [ 8.5364805, 47.3703718 ], [ 8.5364763, 47.3703746 ], [ 8.5364435, 47.3703512 ], [ 8.5364366, 47.370347 ], [ 8.536428, 47.3703448 ], [ 8.5364177, 47.3703454 ], [ 8.5364093, 47.3703475 ], [ 8.5363949, 47.3703555 ], [ 8.5362426, 47.3702438 ], [ 8.5363718, 47.3701615 ], [ 8.5363789, 47.3701594 ], [ 8.5363886, 47.370158 ], [ 8.5363974, 47.3701595 ], [ 8.5364056, 47.3701626 ], [ 8.5364224, 47.3701524 ], [ 8.5364054, 47.3701395 ], [ 8.5364001, 47.370133 ], [ 8.536398, 47.3701255 ], [ 8.5363999, 47.370118 ] ] ] } },
{ "type": "Feature", "properties": { "id": "7714bb45-32a9-4945-8413-ab5120df6260", "names": null, "sources": "[{'property': '', 'dataset': 'OpenStreetMap', 'license': 'ODbL-1.0', 'record_id': 'w327298866@1', 'update_time': '2024-04-09T17:41:33.000Z', 'confidence': None, 'between': None, 'provider': 'osm', 'resource': 'planet', 'version': '2026-09-06T00:00:00.000Z'}]", "level": null, "height": null, "min_height": null, "is_underground": false, "num_floors": null, "num_floors_underground": null, "min_floor": null, "subtype": null, "class": null, "facade_color": null, "facade_material": null, "roof_material": null, "roof_shape": null, "roof_direction": null, "roof_orientation": null, "roof_color": null, "roof_height": null, "has_parts": false, "version": 1, "bbox": { "xmin": 8.536479949951172, "xmax": 8.536736488342285, "ymin": 47.3702392578125, "ymax": 47.37042236328125 } }, "geometry": { "type": "Polygon", "coordinates": [ [ [ 8.5366671, 47.3702464 ], [ 8.5367356, 47.3702932 ], [ 8.536549, 47.3704186 ], [ 8.5364805, 47.3703718 ], [ 8.5365601, 47.3703183 ], [ 8.5366671, 47.3702464 ] ] ] } },
{ "type": "Feature", "properties": { "id": "6f764178-ecf9-4d77-a0bb-07914f3fad91", "names": null, "sources": "[{'property': '', 'dataset': 'OpenStreetMap', 'license': 'ODbL-1.0', 'record_id': 'w430264403@6', 'update_time': '2024-04-09T17:41:34.000Z', 'confidence': None, 'between': None, 'provider': 'osm', 'resource': 'planet', 'version': '2026-09-06T00:00:00.000Z'}]", "level": 1.0, "height": null, "min_height": null, "is_underground": false, "num_floors": 2.0, "num_floors_underground": null, "min_floor": 1.0, "subtype": null, "class": null, "facade_color": null, "facade_material": null, "roof_material": null, "roof_shape": "flat", "roof_direction": null, "roof_orientation": null, "roof_color": null, "roof_height": null, "has_parts": false, "version": 1, "bbox": { "xmin": 8.537765502929688, "xmax": 8.537936210632324, "ymin": 47.37017822265625, "ymax": 47.37031936645508 } }, "geometry": { "type": "Polygon", "coordinates": [ [ [ 8.5377662, 47.3702874 ], [ 8.5378905, 47.3701843 ], [ 8.5379353, 47.3702098 ], [ 8.5378111, 47.370313 ], [ 8.5377662, 47.3702874 ] ] ] } },
{ "type": "Feature", "properties": { "id": "10b83fdf-cd4d-4997-a239-88043533d5b7", "names": null, "sources": "[{'property': '', 'dataset': 'OpenStreetMap', 'license': 'ODbL-1.0', 'record_id': 'w430264400@1', 'update_time': '2024-04-09T17:41:33.000Z', 'confidence': None, 'between': None, 'provider': 'osm', 'resource': 'planet', 'version': '2026-09-06T00:00:00.000Z'}]", "level": null, "height": null, "min_height": null, "is_underground": false, "num_floors": null, "num_floors_underground": null, "min_floor": null, "subtype": null, "class": null, "facade_color": null, "facade_material": null, "roof_material": null, "roof_shape": null, "roof_direction": null, "roof_orientation": null, "roof_color": null, "roof_height": null, "has_parts": false, "version": 1, "bbox": { "xmin": 8.537653923034668, "xmax": 8.537942886352539, "ymin": 47.370521545410156, "ymax": 47.370704650878906 } }, "geometry": { "type": "Polygon", "coordinates": [ [ [ 8.5376541, 47.3706086 ], [ 8.5377829, 47.3705288 ], [ 8.5379421, 47.3706208 ], [ 8.5378562, 47.3707031 ], [ 8.5376541, 47.3706086 ] ] ] } },
{ "type": "Feature", "properties": { "id": "347918be-b1af-4a1e-b230-911c47871ff7", "names": "{'primary': 'Bärenhof', 'common': None, 'rules': None}", "sources": "[{'property': '', 'dataset': 'OpenStreetMap', 'license': 'ODbL-1.0', 'record_id': 'r4574143@4', 'update_time': '2026-02-26T13:37:49.000Z', 'confidence': None, 'between': None, 'provider': 'osm', 'resource': 'planet', 'version': '2026-09-06T00:00:00.000Z'}]", "level": null, "height": null, "min_height": null, "is_underground": false, "num_floors": 4.0, "num_floors_underground": null, "min_floor": null, "subtype": "commercial", "class": "commercial", "facade_color": null, "facade_material": null, "roof_material": null, "roof_shape": null, "roof_direction": null, "roof_orientation": null, "roof_color": null, "roof_height": null, "has_parts": false, "version": 3, "bbox": { "xmin": 8.537219047546387, "xmax": 8.538228988647461, "ymin": 47.37025451660156, "ymax": 47.37089538574219 } }, "geometry": { "type": "Polygon", "coordinates": [ [ [ 8.5378145, 47.3703167 ], [ 8.5381731, 47.3705187 ], [ 8.5381751, 47.3705171 ], [ 8.5382046, 47.3705337 ], [ 8.5382286, 47.3705472 ], [ 8.5382275, 47.3705481 ], [ 8.5381147, 47.370642 ], [ 8.5381489, 47.3706604 ], [ 8.5379829, 47.3707947 ], [ 8.5379795, 47.3707941 ], [ 8.5379793, 47.3707914 ], [ 8.5379612, 47.3707889 ], [ 8.5379395, 47.3707858 ], [ 8.5378189, 47.3708856 ], [ 8.5378155, 47.3708892 ], [ 8.5377697, 47.3708679 ], [ 8.5377374, 47.3708529 ], [ 8.5377388, 47.3708516 ], [ 8.5376012, 47.3707877 ], [ 8.5375998, 47.370789 ], [ 8.537561, 47.3707709 ], [ 8.5375222, 47.3707527 ], [ 8.5375223, 47.3707509 ], [ 8.5372927, 47.3706447 ], [ 8.5372497, 47.3706224 ], [ 8.5372193, 47.3706041 ], [ 8.5373032, 47.3705436 ], [ 8.537301, 47.3705422 ], [ 8.5373285, 47.3705225 ], [ 8.5373502, 47.3705068 ], [ 8.5373524, 47.3705082 ], [ 8.5374808, 47.3704162 ], [ 8.5376679, 47.370282 ], [ 8.5377053, 47.3702552 ], [ 8.5377593, 47.3702856 ], [ 8.5377608, 47.3702844 ], [ 8.5377662, 47.3702874 ], [ 8.5377887, 47.3703002 ], [ 8.5378111, 47.370313 ], [ 8.5378159, 47.3703155 ], [ 8.5378145, 47.3703167 ] ], [ [ 8.5378642, 47.3707347 ], [ 8.5378984, 47.3707498 ], [ 8.5380684, 47.3706166 ], [ 8.5380193, 47.3705882 ], [ 8.5380104, 47.3705947 ], [ 8.5379645, 47.370569 ], [ 8.5377738, 47.3704624 ], [ 8.5377487, 47.3704823 ], [ 8.5377485, 47.3704853 ], [ 8.5375873, 47.3705996 ], [ 8.5375819, 47.3705974 ], [ 8.5375606, 47.3706115 ], [ 8.5378016, 47.370724 ], [ 8.5378495, 47.3707462 ], [ 8.5378642, 47.3707347 ] ] ] } },
{ "type": "Feature", "properties": { "id": "7d449d05-421b-4bf5-a1b6-76acaec9855c", "names": null, "sources": "[{'property': '', 'dataset': 'OpenStreetMap', 'license': 'ODbL-1.0', 'record_id': 'w430264402@6', 'update_time': '2024-04-09T17:41:34.000Z', 'confidence': None, 'between': None, 'provider': 'osm', 'resource': 'planet', 'version': '2026-09-06T00:00:00.000Z'}]", "level": 1.0, "height": null, "min_height": null, "is_underground": false, "num_floors": 2.0, "num_floors_underground": null, "min_floor": 1.0, "subtype": null, "class": null, "facade_color": null, "facade_material": null, "roof_material": null, "roof_shape": null, "roof_direction": null, "roof_orientation": null, "roof_color": null, "roof_height": null, "has_parts": false, "version": 1, "bbox": { "xmin": 8.538464546203613, "xmax": 8.538606643676758, "ymin": 47.37057113647461, "ymax": 47.370697021484375 } }, "geometry": { "type": "Polygon", "coordinates": [ [ [ 8.5384649, 47.3706813 ], [ 8.5385802, 47.3705716 ], [ 8.5386065, 47.3705867 ], [ 8.5384921, 47.3706966 ], [ 8.5384649, 47.3706813 ] ] ] } },
{ "type": "Feature", "properties": { "id": "9ebfcc66-7046-4045-961f-c40817f81f01", "names": "{'primary': 'SKA Paradeplatz', 'common': None, 'rules': array([{'variant': 'alternate', 'language': None, 'perspectives': None, 'value': 'SKA Paradeplatz', 'between': None, 'side': None}],\n      dtype=object)}", "sources": "[{'property': '', 'dataset': 'OpenStreetMap', 'license': 'ODbL-1.0', 'record_id': 'r6403476@8', 'update_time': '2024-04-09T17:41:34.000Z', 'confidence': None, 'between': None, 'provider': 'osm', 'resource': 'planet', 'version': '2026-09-06T00:00:00.000Z'}\n {'property': '/properties/height', 'dataset': 'Microsoft ML Buildings', 'license': 'ODbL-1.0', 'record_id': None, 'update_time': None, 'confidence': None, 'between': None, 'provider': 'microsoft', 'resource': 'ml_buildings', 'version': '2026-08-11'}]", "level": null, "height": 16.424093246459961, "min_height": null, "is_underground": false, "num_floors": 4.0, "num_floors_underground": null, "min_floor": null, "subtype": "commercial", "class": "commercial", "facade_color": null, "facade_material": null, "roof_material": null, "roof_shape": null, "roof_direction": null, "roof_orientation": null, "roof_color": null, "roof_height": null, "has_parts": false, "version": 3, "bbox": { "xmin": 8.537812232971191, "xmax": 8.539045333862305, "ymin": 47.36976623535156, "ymax": 47.37063980102539 } }, "geometry": { "type": "Polygon", "coordinates": [ [ [ 8.5385802, 47.3705716 ], [ 8.5382253, 47.3703713 ], [ 8.5379353, 47.3702098 ], [ 8.5379129, 47.370197 ], [ 8.5378905, 47.3701843 ], [ 8.5378125, 47.3701405 ], [ 8.5383237, 47.3697727 ], [ 8.5384468, 47.3698065 ], [ 8.5384493, 47.3698023 ], [ 8.538454, 47.3698036 ], [ 8.5384556, 47.3698011 ], [ 8.5385422, 47.3698249 ], [ 8.5385407, 47.3698274 ], [ 8.5386825, 47.3698664 ], [ 8.5388329, 47.3699079 ], [ 8.5388348, 47.3699047 ], [ 8.5389211, 47.3699285 ], [ 8.5389192, 47.3699316 ], [ 8.5389235, 47.3699328 ], [ 8.538921, 47.3699369 ], [ 8.5390445, 47.3699709 ], [ 8.539022, 47.3700311 ], [ 8.5390238, 47.3700314 ], [ 8.5389828, 47.3701412 ], [ 8.5389804, 47.3701408 ], [ 8.5389663, 47.3701786 ], [ 8.5389594, 47.3701971 ], [ 8.5389634, 47.3701978 ], [ 8.5388825, 47.3704146 ], [ 8.5388763, 47.3704135 ], [ 8.538858, 47.3704626 ], [ 8.5388518, 47.3704794 ], [ 8.5388561, 47.3704801 ], [ 8.5388273, 47.3705574 ], [ 8.5388223, 47.3705565 ], [ 8.5387972, 47.3706239 ], [ 8.5387994, 47.3706243 ], [ 8.5387956, 47.3706334 ], [ 8.5387817, 47.370631 ], [ 8.5387821, 47.3706298 ], [ 8.5386537, 47.3706075 ], [ 8.5386533, 47.3706085 ], [ 8.5386412, 47.3706064 ], [ 8.5386065, 47.3705867 ], [ 8.5385802, 47.3705716 ] ], [ [ 8.5384594, 47.3699953 ], [ 8.5384486, 47.3699717 ], [ 8.5384084, 47.3699644 ], [ 8.5383744, 47.3699693 ], [ 8.5381348, 47.3701485 ], [ 8.5386498, 47.3704446 ], [ 8.5387517, 47.3701697 ], [ 8.5387365, 47.3701697 ], [ 8.5387687, 47.3700613 ], [ 8.5387249, 47.3700759 ], [ 8.5386713, 47.3700625 ], [ 8.538656, 47.3700305 ], [ 8.5385506, 47.3700014 ], [ 8.5385085, 47.3700098 ], [ 8.5384594, 47.3699953 ] ] ] } },
{ "type": "Feature", "properties": { "id": "3728614a-9b30-48da-b640-8cf53f9cd57e", "names": null, "sources": "[{'property': '', 'dataset': 'OpenStreetMap', 'license': 'ODbL-1.0', 'record_id': 'w89902507@4', 'update_time': '2019-06-15T15:35:26.000Z', 'confidence': None, 'between': None, 'provider': 'osm', 'resource': 'planet', 'version': '2026-09-06T00:00:00.000Z'}\n {'property': '/properties/height', 'dataset': 'Microsoft ML Buildings', 'license': 'ODbL-1.0', 'record_id': None, 'update_time': None, 'confidence': None, 'between': None, 'provider': 'microsoft', 'resource': 'ml_buildings', 'version': '2026-08-11'}]", "level": null, "height": 7.2170324325561523, "min_height": null, "is_underground": false, "num_floors": 6.0, "num_floors_underground": null, "min_floor": null, "subtype": "commercial", "class": "commercial", "facade_color": null, "facade_material": null, "roof_material": null, "roof_shape": null, "roof_direction": null, "roof_orientation": null, "roof_color": null, "roof_height": null, "has_parts": false, "version": 2, "bbox": { "xmin": 8.539562225341797, "xmax": 8.53984260559082, "ymin": 47.370121002197266, "ymax": 47.370323181152344 } }, "geometry": { "type": "Polygon", "coordinates": [ [ [ 8.5397245, 47.3703157 ], [ 8.5395629, 47.3702415 ], [ 8.5396821, 47.3701228 ], [ 8.5398424, 47.3701979 ], [ 8.5397245, 47.3703157 ] ] ] } },
{ "type": "Feature", "properties": { "id": "6006b7b5-2efe-4308-8911-5da4794d267d", "names": null, "sources": "[{'property': '', 'dataset': 'OpenStreetMap', 'license': 'ODbL-1.0', 'record_id': 'w89973377@4', 'update_time': '2024-04-10T05:25:51.000Z', 'confidence': None, 'between': None, 'provider': 'osm', 'resource': 'planet', 'version': '2026-09-06T00:00:00.000Z'}\n {'property': '/properties/height', 'dataset': 'Microsoft ML Buildings', 'license': 'ODbL-1.0', 'record_id': None, 'update_time': None, 'confidence': None, 'between': None, 'provider': 'microsoft', 'resource': 'ml_buildings', 'version': '2026-08-11'}]", "level": null, "height": 12.831639289855957, "min_height": null, "is_underground": false, "num_floors": 5.0, "num_floors_underground": null, "min_floor": null, "subtype": null, "class": null, "facade_color": null, "facade_material": null, "roof_material": null, "roof_shape": null, "roof_direction": null, "roof_orientation": null, "roof_color": null, "roof_height": null, "has_parts": false, "version": 2, "bbox": { "xmin": 8.539740562438965, "xmax": 8.54013442993164, "ymin": 47.36993408203125, "ymax": 47.37022399902344 } }, "geometry": { "type": "Polygon", "coordinates": [ [ [ 8.5397414, 47.3700496 ], [ 8.5397533, 47.3700398 ], [ 8.5398298, 47.3699627 ], [ 8.5398631, 47.3699407 ], [ 8.539872, 47.369946 ], [ 8.5399016, 47.3699767 ], [ 8.5399339, 47.3699647 ], [ 8.5399405, 47.3699778 ], [ 8.5399489, 47.369977 ], [ 8.5399769, 47.3700212 ], [ 8.5399685, 47.3700263 ], [ 8.5401341, 47.3701655 ], [ 8.5400493, 47.3702226 ], [ 8.5399421, 47.3701678 ], [ 8.5399442, 47.3701651 ], [ 8.5398619, 47.3701234 ], [ 8.5397414, 47.3700496 ] ] ] } },
{ "type": "Feature", "properties": { "id": "e9d1257e-ac1a-44c5-be4d-072f77eebff8", "names": null, "sources": "[{'property': '', 'dataset': 'OpenStreetMap', 'license': 'ODbL-1.0', 'record_id': 'w89973387@4', 'update_time': '2024-04-10T05:25:52.000Z', 'confidence': None, 'between': None, 'provider': 'osm', 'resource': 'planet', 'version': '2026-09-06T00:00:00.000Z'}]", "level": null, "height": null, "min_height": null, "is_underground": false, "num_floors": 3.0, "num_floors_underground": null, "min_floor": null, "subtype": null, "class": null, "facade_color": null, "facade_material": null, "roof_material": null, "roof_shape": null, "roof_direction": null, "roof_orientation": null, "roof_color": null, "roof_height": null, "has_parts": false, "version": 1, "bbox": { "xmin": 8.539968490600586, "xmax": 8.540212631225586, "ymin": 47.369972229003906, "ymax": 47.37016677856445 } }, "geometry": { "type": "Polygon", "coordinates": [ [ [ 8.5401357, 47.3701665 ], [ 8.5401341, 47.3701655 ], [ 8.5399685, 47.3700263 ], [ 8.5399769, 47.3700212 ], [ 8.5400553, 47.3699812 ], [ 8.5400592, 47.369979 ], [ 8.5402124, 47.3701168 ], [ 8.5401357, 47.3701665 ] ] ] } },
{ "type": "Feature", "properties": { "id": "42046296-db4a-4127-ab06-611bdc1c616a", "names": null, "sources": "[{'property': '', 'dataset': 'OpenStreetMap', 'license': 'ODbL-1.0', 'record_id': 'w89902518@7', 'update_time': '2026-02-26T13:31:57.000Z', 'confidence': None, 'between': None, 'provider': 'osm', 'resource': 'planet', 'version': '2026-09-06T00:00:00.000Z'}]", "level": null, "height": null, "min_height": null, "is_underground": false, "num_floors": 3.0, "num_floors_underground": null, "min_floor": null, "subtype": "commercial", "class": "retail", "facade_color": null, "facade_material": null, "roof_material": null, "roof_shape": null, "roof_direction": null, "roof_orientation": null, "roof_color": null, "roof_height": null, "has_parts": false, "version": 2, "bbox": { "xmin": 8.539724349975586, "xmax": 8.540207862854004, "ymin": 47.37019729614258, "ymax": 47.3704948425293 } }, "geometry": { "type": "Polygon", "coordinates": [ [ [ 8.5399117, 47.3704026 ], [ 8.5397245, 47.3703157 ], [ 8.5398424, 47.3701979 ], [ 8.53994, 47.3702444 ], [ 8.5400437, 47.3702925 ], [ 8.5401351, 47.3703336 ], [ 8.5402078, 47.3703651 ], [ 8.5401873, 47.3703879 ], [ 8.540182, 47.370386 ], [ 8.5401629, 47.3704083 ], [ 8.5401341, 47.3704471 ], [ 8.5401012, 47.3704884 ], [ 8.540018, 47.3704507 ], [ 8.5399117, 47.3704026 ] ] ] } },
{ "type": "Feature", "properties": { "id": "8560711e-400b-4512-9e17-158e68c8f79e", "names": null, "sources": "[{'property': '', 'dataset': 'OpenStreetMap', 'license': 'ODbL-1.0', 'record_id': 'w89902508@5', 'update_time': '2023-05-13T20:20:45.000Z', 'confidence': None, 'between': None, 'provider': 'osm', 'resource': 'planet', 'version': '2026-09-06T00:00:00.000Z'}]", "level": null, "height": null, "min_height": null, "is_underground": false, "num_floors": null, "num_floors_underground": null, "min_floor": null, "subtype": "commercial", "class": "retail", "facade_color": null, "facade_material": null, "roof_material": null, "roof_shape": null, "roof_direction": null, "roof_orientation": null, "roof_color": null, "roof_height": null, "has_parts": false, "version": 1, "bbox": { "xmin": 8.539971351623535, "xmax": 8.54021167755127, "ymin": 47.37053298950195, "ymax": 47.3707389831543 } }, "geometry": { "type": "Polygon", "coordinates": [ [ [ 8.540146, 47.3705642 ], [ 8.5402108, 47.3705881 ], [ 8.5400867, 47.3707381 ], [ 8.5399715, 47.3706954 ], [ 8.5399875, 47.3706728 ], [ 8.5400816, 47.3705401 ], [ 8.540146, 47.3705642 ] ] ] } },
{ "type": "Feature", "properties": { "id": "ad378bfb-c2e6-43fb-a584-a79ae5fda90f", "names": null, "sources": "[{'property': '', 'dataset': 'OpenStreetMap', 'license': 'ODbL-1.0', 'record_id': 'w289067303@3', 'update_time': '2026-02-26T13:31:29.000Z', 'confidence': None, 'between': None, 'provider': 'osm', 'resource': 'planet', 'version': '2026-09-06T00:00:00.000Z'}]", "level": null, "height": null, "min_height": null, "is_underground": false, "num_floors": 4.0, "num_floors_underground": null, "min_floor": null, "subtype": "commercial", "class": "commercial", "facade_color": null, "facade_material": null, "roof_material": null, "roof_shape": null, "roof_direction": null, "roof_orientation": null, "roof_color": null, "roof_height": null, "has_parts": false, "version": 2, "bbox": { "xmin": 8.539629936218262, "xmax": 8.5399751663208, "ymin": 47.37045669555664, "ymax": 47.37080764770508 } }, "geometry": { "type": "Polygon", "coordinates": [ [ [ 8.5396783, 47.3706733 ], [ 8.539793, 47.3704575 ], [ 8.5398887, 47.3705032 ], [ 8.5399734, 47.3705407 ], [ 8.5399745, 47.3705454 ], [ 8.5398877, 47.3706699 ], [ 8.5398587, 47.3707375 ], [ 8.5398333, 47.3708012 ], [ 8.5396879, 47.3707729 ], [ 8.53963, 47.3707621 ], [ 8.5396783, 47.3706733 ] ] ] } },
{ "type": "Feature", "properties": { "id": "921172d7-b90f-4ce9-997b-a822c3fe84cd", "names": "{'primary': 'Peterhof', 'common': None, 'rules': array([{'variant': 'alternate', 'language': None, 'perspectives': None, 'value': 'Griederhaus', 'between': None, 'side': None}],\n      dtype=object)}", "sources": "[{'property': '', 'dataset': 'OpenStreetMap', 'license': 'ODbL-1.0', 'record_id': 'w289067304@6', 'update_time': '2023-03-08T15:23:55.000Z', 'confidence': None, 'between': None, 'provider': 'osm', 'resource': 'planet', 'version': '2026-09-06T00:00:00.000Z'}]", "level": null, "height": null, "min_height": null, "is_underground": false, "num_floors": 4.0, "num_floors_underground": null, "min_floor": null, "subtype": "commercial", "class": "commercial", "facade_color": null, "facade_material": null, "roof_material": null, "roof_shape": null, "roof_direction": null, "roof_orientation": null, "roof_color": null, "roof_height": null, "has_parts": false, "version": 1, "bbox": { "xmin": 8.539084434509277, "xmax": 8.539793014526367, "ymin": 47.37026596069336, "ymax": 47.3707389831543 } }, "geometry": { "type": "Polygon", "coordinates": [ [ [ 8.5394981, 47.3707378 ], [ 8.5390859, 47.370668 ], [ 8.5392316, 47.3702759 ], [ 8.5392398, 47.3702729 ], [ 8.53949, 47.370316 ], [ 8.5394914, 47.3703185 ], [ 8.539793, 47.3704575 ], [ 8.5396783, 47.3706733 ], [ 8.5395316, 47.3706372 ], [ 8.5394859, 47.3707229 ], [ 8.5395033, 47.3707272 ], [ 8.5394981, 47.3707378 ] ] ] } },
{ "type": "Feature", "properties": { "id": "e0cb4d14-c176-4e4c-88b9-bf5fa6440647", "names": "{'primary': 'Leuenhof', 'common': None, 'rules': None}", "sources": "[{'property': '', 'dataset': 'OpenStreetMap', 'license': 'ODbL-1.0', 'record_id': 'w289067302@7', 'update_time': '2023-03-08T15:23:55.000Z', 'confidence': None, 'between': None, 'provider': 'osm', 'resource': 'planet', 'version': '2026-09-06T00:00:00.000Z'}]", "level": null, "height": null, "min_height": null, "is_underground": false, "num_floors": null, "num_floors_underground": null, "min_floor": null, "subtype": "commercial", "class": "commercial", "facade_color": null, "facade_material": null, "roof_material": null, "roof_shape": null, "roof_direction": null, "roof_orientation": null, "roof_color": null, "roof_height": null, "has_parts": false, "version": 1, "bbox": { "xmin": 8.538968086242676, "xmax": 8.539937019348145, "ymin": 47.37066650390625, "ymax": 47.37112045288086 } }, "geometry": { "type": "Polygon", "coordinates": [ [ [ 8.539223, 47.3710255 ], [ 8.5389682, 47.3709834 ], [ 8.5390053, 47.3708832 ], [ 8.5390859, 47.370668 ], [ 8.5394981, 47.3707378 ], [ 8.5395148, 47.3707401 ], [ 8.5394781, 47.3708464 ], [ 8.5396462, 47.3708744 ], [ 8.5396879, 47.3707729 ], [ 8.5398333, 47.3708012 ], [ 8.5398217, 47.3708289 ], [ 8.5398902, 47.3708417 ], [ 8.5399368, 47.3708498 ], [ 8.5398221, 47.3711187 ], [ 8.5392307, 47.3710209 ], [ 8.539223, 47.3710255 ] ] ] } },
{ "type": "Feature", "properties": { "id": "00d8d296-47ce-4a05-91f8-6a08eae83896", "names": null, "sources": "[{'property': '', 'dataset': 'OpenStreetMap', 'license': 'ODbL-1.0', 'record_id': 'w89902503@3', 'update_time': '2014-06-22T06:31:43.000Z', 'confidence': None, 'between': None, 'provider': 'osm', 'resource': 'planet', 'version': '2026-09-06T00:00:00.000Z'}]", "level": null, "height": null, "min_height": null, "is_underground": false, "num_floors": null, "num_floors_underground": null, "min_floor": null, "subtype": null, "class": null, "facade_color": null, "facade_material": null, "roof_material": null, "roof_shape": null, "roof_direction": null, "roof_orientation": null, "roof_color": null, "roof_height": null, "has_parts": false, "version": 1, "bbox": { "xmin": 8.539899826049805, "xmax": 8.540129661560059, "ymin": 47.370933532714844, "ymax": 47.37119674682617 } }, "geometry": { "type": "Polygon", "coordinates": [ [ [ 8.5400874, 47.3710402 ], [ 8.5401295, 47.3710485 ], [ 8.5400796, 47.3711962 ], [ 8.5399005, 47.3711672 ], [ 8.5399976, 47.3709341 ], [ 8.5400736, 47.3709497 ], [ 8.5400707, 47.3709564 ], [ 8.540077, 47.3709581 ], [ 8.5400659, 47.3709823 ], [ 8.5400591, 47.370981 ], [ 8.5400437, 47.3710177 ], [ 8.5400927, 47.371028 ], [ 8.5400874, 47.3710402 ] ] ] } },
{ "type": "Feature", "properties": { "id": "c47506c1-98b8-4e30-99d2-7c77726f8380", "names": null, "sources": "[{'property': '', 'dataset': 'OpenStreetMap', 'license': 'ODbL-1.0', 'record_id': 'w89896343@5', 'update_time': '2026-03-21T16:00:05.000Z', 'confidence': None, 'between': None, 'provider': 'osm', 'resource': 'planet', 'version': '2026-09-06T00:00:00.000Z'}]", "level": null, "height": null, "min_height": null, "is_underground": false, "num_floors": null, "num_floors_underground": null, "min_floor": null, "subtype": null, "class": null, "facade_color": null, "facade_material": null, "roof_material": null, "roof_shape": null, "roof_direction": null, "roof_orientation": null, "roof_color": null, "roof_height": null, "has_parts": false, "version": 1, "bbox": { "xmin": 8.539958953857422, "xmax": 8.540326118469238, "ymin": 47.37135314941406, "ymax": 47.37160873413086 } }, "geometry": { "type": "Polygon", "coordinates": [ [ [ 8.5400688, 47.3715838 ], [ 8.5400548, 47.3716004 ], [ 8.5400414, 47.3716076 ], [ 8.54001, 47.3715947 ], [ 8.5399591, 47.3715746 ], [ 8.5400402, 47.3714811 ], [ 8.540058, 47.3714595 ], [ 8.5401044, 47.3713533 ], [ 8.5403258, 47.3713935 ], [ 8.5402672, 47.3715151 ], [ 8.5401471, 47.3714914 ], [ 8.5401255, 47.3715165 ], [ 8.5400688, 47.3715838 ] ] ] } },
{ "type": "Feature", "properties": { "id": "0263a78b-a10e-4c9d-b9c3-db52a17dd528", "names": null, "sources": "[{'property': '', 'dataset': 'OpenStreetMap', 'license': 'ODbL-1.0', 'record_id': 'w89896495@4', 'update_time': '2026-03-21T16:00:12.000Z', 'confidence': None, 'between': None, 'provider': 'osm', 'resource': 'planet', 'version': '2026-09-06T00:00:00.000Z'}]", "level": null, "height": null, "min_height": null, "is_underground": false, "num_floors": null, "num_floors_underground": null, "min_floor": null, "subtype": null, "class": null, "facade_color": null, "facade_material": null, "roof_material": null, "roof_shape": null, "roof_direction": null, "roof_orientation": null, "roof_color": null, "roof_height": null, "has_parts": false, "version": 1, "bbox": { "xmin": 8.53985595703125, "xmax": 8.540053367614746, "ymin": 47.37128448486328, "ymax": 47.37158203125 } }, "geometry": { "type": "Polygon", "coordinates": [ [ [ 8.5400402, 47.3714811 ], [ 8.5399591, 47.3715746 ], [ 8.5398564, 47.3715334 ], [ 8.5399281, 47.3714408 ], [ 8.5398739, 47.3714246 ], [ 8.5399623, 47.3712914 ], [ 8.5400066, 47.3713066 ], [ 8.5399699, 47.3713633 ], [ 8.540053, 47.3713874 ], [ 8.5400007, 47.3714667 ], [ 8.5400402, 47.3714811 ] ] ] } },
{ "type": "Feature", "properties": { "id": "4cdca794-9e53-459f-bfc0-cc821545ed9e", "names": null, "sources": "[{'property': '', 'dataset': 'OpenStreetMap', 'license': 'ODbL-1.0', 'record_id': 'w340549186@3', 'update_time': '2026-03-21T16:00:23.000Z', 'confidence': None, 'between': None, 'provider': 'osm', 'resource': 'planet', 'version': '2026-09-06T00:00:00.000Z'}]", "level": null, "height": null, "min_height": null, "is_underground": false, "num_floors": null, "num_floors_underground": null, "min_floor": null, "subtype": null, "class": null, "facade_color": null, "facade_material": null, "roof_material": null, "roof_shape": null, "roof_direction": null, "roof_orientation": null, "roof_color": null, "roof_height": null, "has_parts": false, "version": 1, "bbox": { "xmin": 8.539743423461914, "xmax": 8.539959907531738, "ymin": 47.37141799926758, "ymax": 47.37164306640625 } }, "geometry": { "type": "Polygon", "coordinates": [ [ [ 8.5399591, 47.3715746 ], [ 8.5398995, 47.3716417 ], [ 8.539744, 47.37158 ], [ 8.5398637, 47.3714218 ], [ 8.5398739, 47.3714246 ], [ 8.5399281, 47.3714408 ], [ 8.5398564, 47.3715334 ], [ 8.5399591, 47.3715746 ] ] ] } },
{ "type": "Feature", "properties": { "id": "5e95479a-4b5f-45a8-b20b-bc17792ef739", "names": null, "sources": "[{'property': '', 'dataset': 'OpenStreetMap', 'license': 'ODbL-1.0', 'record_id': 'w89896476@4', 'update_time': '2026-03-21T15:59:55.000Z', 'confidence': None, 'between': None, 'provider': 'osm', 'resource': 'planet', 'version': '2026-09-06T00:00:00.000Z'}]", "level": null, "height": null, "min_height": null, "is_underground": false, "num_floors": null, "num_floors_underground": null, "min_floor": null, "subtype": null, "class": null, "facade_color": null, "facade_material": null, "roof_material": null, "roof_shape": null, "roof_direction": null, "roof_orientation": null, "roof_color": null, "roof_height": null, "has_parts": false, "version": 1, "bbox": { "xmin": 8.539529800415039, "xmax": 8.539788246154785, "ymin": 47.37139129638672, "ymax": 47.37163543701172 } }, "geometry": { "type": "Polygon", "coordinates": [ [ [ 8.5396759, 47.3713988 ], [ 8.5397705, 47.3714281 ], [ 8.539788, 47.3714335 ], [ 8.5396563, 47.3716286 ], [ 8.5395826, 47.3716057 ], [ 8.5395728, 47.3716203 ], [ 8.5395299, 47.3716069 ], [ 8.5395668, 47.3715522 ], [ 8.5396102, 47.371488 ], [ 8.5396714, 47.3713974 ], [ 8.5396759, 47.3713988 ] ] ] } },
{ "type": "Feature", "properties": { "id": "952d406d-f837-4167-b255-4a711347d24e", "names": null, "sources": "[{'property': '', 'dataset': 'OpenStreetMap', 'license': 'ODbL-1.0', 'record_id': 'w289021542@1', 'update_time': '2014-06-21T09:31:58.000Z', 'confidence': None, 'between': None, 'provider': 'osm', 'resource': 'planet', 'version': '2026-09-06T00:00:00.000Z'}]", "level": null, "height": null, "min_height": null, "is_underground": false, "num_floors": null, "num_floors_underground": null, "min_floor": null, "subtype": null, "class": null, "facade_color": null, "facade_material": null, "roof_material": null, "roof_shape": null, "roof_direction": null, "roof_orientation": null, "roof_color": null, "roof_height": null, "has_parts": false, "version": 1, "bbox": { "xmin": 8.539491653442383, "xmax": 8.539566040039062, "ymin": 47.37135696411133, "ymax": 47.37141036987305 } }, "geometry": { "type": "Polygon", "coordinates": [ [ [ 8.5395247, 47.371357 ], [ 8.5395522, 47.3713617 ], [ 8.5395657, 47.3713919 ], [ 8.5395379, 47.3714085 ], [ 8.5395031, 47.3714018 ], [ 8.5394922, 47.371378 ], [ 8.5395247, 47.371357 ] ] ] } },
{ "type": "Feature", "properties": { "id": "98832c54-ae09-40b3-873a-d4b24c479be4", "names": null, "sources": "[{'property': '', 'dataset': 'OpenStreetMap', 'license': 'ODbL-1.0', 'record_id': 'w89896426@2', 'update_time': '2014-06-21T09:32:01.000Z', 'confidence': None, 'between': None, 'provider': 'osm', 'resource': 'planet', 'version': '2026-09-06T00:00:00.000Z'}]", "level": null, "height": null, "min_height": null, "is_underground": false, "num_floors": null, "num_floors_underground": null, "min_floor": null, "subtype": null, "class": null, "facade_color": null, "facade_material": null, "roof_material": null, "roof_shape": null, "roof_direction": null, "roof_orientation": null, "roof_color": null, "roof_height": null, "has_parts": false, "version": 1, "bbox": { "xmin": 8.53921127319336, "xmax": 8.539877891540527, "ymin": 47.371185302734375, "ymax": 47.371429443359375 } }, "geometry": { "type": "Polygon", "coordinates": [ [ [ 8.5392115, 47.3713004 ], [ 8.5392441, 47.371217 ], [ 8.5393102, 47.3712277 ], [ 8.5393283, 47.371186 ], [ 8.5397994, 47.371265 ], [ 8.5397977, 47.3712782 ], [ 8.5398771, 47.3713021 ], [ 8.5398005, 47.3714139 ], [ 8.5397831, 47.3714094 ], [ 8.5397705, 47.3714281 ], [ 8.5396759, 47.3713988 ], [ 8.539683, 47.3713837 ], [ 8.5395522, 47.3713617 ], [ 8.5395247, 47.371357 ], [ 8.5394535, 47.3713451 ], [ 8.5394488, 47.3713603 ], [ 8.539311, 47.3713176 ], [ 8.5392115, 47.3713004 ] ] ] } },
{ "type": "Feature", "properties": { "id": "e1f7c8b9-c627-4091-9875-47382c350e5f", "names": null, "sources": "[{'property': '', 'dataset': 'OpenStreetMap', 'license': 'ODbL-1.0', 'record_id': 'w89896441@5', 'update_time': '2024-05-13T07:46:45.000Z', 'confidence': None, 'between': None, 'provider': 'osm', 'resource': 'planet', 'version': '2026-09-06T00:00:00.000Z'}]", "level": null, "height": null, "min_height": null, "is_underground": false, "num_floors": 4.0, "num_floors_underground": null, "min_floor": null, "subtype": "residential", "class": "apartments", "facade_color": null, "facade_material": null, "roof_material": null, "roof_shape": null, "roof_direction": null, "roof_orientation": null, "roof_color": null, "roof_height": null, "has_parts": false, "version": 1, "bbox": { "xmin": 8.538857460021973, "xmax": 8.539261817932129, "ymin": 47.37110900878906, "ymax": 47.371307373046875 } }, "geometry": { "type": "Polygon", "coordinates": [ [ [ 8.5390544, 47.3713006 ], [ 8.5388582, 47.371266 ], [ 8.5388856, 47.3711891 ], [ 8.5389141, 47.3711095 ], [ 8.53917, 47.3711576 ], [ 8.5392612, 47.3711731 ], [ 8.5392441, 47.371217 ], [ 8.5392115, 47.3713004 ], [ 8.5391278, 47.3712875 ], [ 8.5390644, 47.3712773 ], [ 8.5390544, 47.3713006 ] ] ] } },
{ "type": "Feature", "properties": { "id": "706303ea-0eae-4a62-9d5d-f504a62ff1d7", "names": null, "sources": "[{'property': '', 'dataset': 'OpenStreetMap', 'license': 'ODbL-1.0', 'record_id': 'w89896333@6', 'update_time': '2026-03-21T15:59:53.000Z', 'confidence': None, 'between': None, 'provider': 'osm', 'resource': 'planet', 'version': '2026-09-06T00:00:00.000Z'}]", "level": null, "height": null, "min_height": null, "is_underground": false, "num_floors": null, "num_floors_underground": null, "min_floor": null, "subtype": null, "class": null, "facade_color": null, "facade_material": null, "roof_material": null, "roof_shape": null, "roof_direction": null, "roof_orientation": null, "roof_color": null, "roof_height": null, "has_parts": false, "version": 1, "bbox": { "xmin": 8.539109230041504, "xmax": 8.539610862731934, "ymin": 47.37131118774414, "ymax": 47.371673583984375 } }, "geometry": { "type": "Polygon", "coordinates": [ [ [ 8.5391094, 47.3716162 ], [ 8.539311, 47.3713176 ], [ 8.5394488, 47.3713603 ], [ 8.5394845, 47.3713714 ], [ 8.5394411, 47.3714357 ], [ 8.5396102, 47.371488 ], [ 8.5395668, 47.3715522 ], [ 8.5393996, 47.3715004 ], [ 8.5393505, 47.3715732 ], [ 8.5393603, 47.3715763 ], [ 8.53932, 47.371636 ], [ 8.5393088, 47.3716326 ], [ 8.5392888, 47.3716622 ], [ 8.5392858, 47.3716666 ], [ 8.539255, 47.371657 ], [ 8.5392526, 47.3716605 ], [ 8.5391094, 47.3716162 ] ] ] } },
{ "type": "Feature", "properties": { "id": "93c1b8c4-6160-4dd6-9c55-6686779adfa7", "names": null, "sources": "[{'property': '', 'dataset': 'OpenStreetMap', 'license': 'ODbL-1.0', 'record_id': 'w89896345@6', 'update_time': '2026-03-21T16:00:09.000Z', 'confidence': None, 'between': None, 'provider': 'osm', 'resource': 'planet', 'version': '2026-09-06T00:00:00.000Z'}]", "level": null, "height": null, "min_height": null, "is_underground": false, "num_floors": 5.0, "num_floors_underground": null, "min_floor": null, "subtype": "commercial", "class": "commercial", "facade_color": null, "facade_material": null, "roof_material": null, "roof_shape": "saltbox", "roof_direction": null, "roof_orientation": null, "roof_color": null, "roof_height": null, "has_parts": false, "version": 1, "bbox": { "xmin": 8.538749694824219, "xmax": 8.53908920288086, "ymin": 47.37141036987305, "ymax": 47.37160873413086 } }, "geometry": { "type": "Polygon", "coordinates": [ [ [ 8.5390886, 47.371458 ], [ 8.5390339, 47.3716015 ], [ 8.53875, 47.3715489 ], [ 8.5388012, 47.3714118 ], [ 8.5389921, 47.3714437 ], [ 8.5390886, 47.371458 ] ] ] } },
{ "type": "Feature", "properties": { "id": "e3ea6824-7f70-45fb-8259-e3e2f6937863", "names": null, "sources": "[{'property': '', 'dataset': 'OpenStreetMap', 'license': 'ODbL-1.0', 'record_id': 'w89896491@3', 'update_time': '2017-07-11T11:40:26.000Z', 'confidence': None, 'between': None, 'provider': 'osm', 'resource': 'planet', 'version': '2026-09-06T00:00:00.000Z'}]", "level": null, "height": null, "min_height": null, "is_underground": false, "num_floors": null, "num_floors_underground": null, "min_floor": null, "subtype": null, "class": null, "facade_color": null, "facade_material": null, "roof_material": null, "roof_shape": null, "roof_direction": null, "roof_orientation": null, "roof_color": null, "roof_height": null, "has_parts": false, "version": 1, "bbox": { "xmin": 8.538801193237305, "xmax": 8.539141654968262, "ymin": 47.37126541137695, "ymax": 47.37144470214844 } }, "geometry": { "type": "Polygon", "coordinates": [ [ [ 8.5389921, 47.3714437 ], [ 8.5388012, 47.3714118 ], [ 8.5388582, 47.371266 ], [ 8.5390544, 47.3713006 ], [ 8.5390644, 47.3712773 ], [ 8.5391278, 47.3712875 ], [ 8.5391165, 47.3713177 ], [ 8.5391277, 47.3713197 ], [ 8.5391132, 47.3713551 ], [ 8.5391264, 47.3713581 ], [ 8.5391378, 47.3713688 ], [ 8.5391416, 47.3713826 ], [ 8.5391364, 47.3713908 ], [ 8.5391247, 47.3713987 ], [ 8.5391106, 47.3714028 ], [ 8.5390977, 47.3714017 ], [ 8.5390893, 47.371425 ], [ 8.5390299, 47.3714153 ], [ 8.5390328, 47.371407 ], [ 8.5390062, 47.3714032 ], [ 8.5389921, 47.3714437 ] ] ] } },
{ "type": "Feature", "properties": { "id": "f35bab15-5de5-4d02-929c-cfdb8c268e11", "names": null, "sources": "[{'property': '', 'dataset': 'OpenStreetMap', 'license': 'ODbL-1.0', 'record_id': 'w327298872@7', 'update_time': '2026-03-21T16:00:44.000Z', 'confidence': None, 'between': None, 'provider': 'osm', 'resource': 'planet', 'version': '2026-09-06T00:00:00.000Z'}]", "level": null, "height": null, "min_height": null, "is_underground": false, "num_floors": 5.0, "num_floors_underground": null, "min_floor": null, "subtype": "commercial", "class": "commercial", "facade_color": null, "facade_material": null, "roof_material": null, "roof_shape": "saltbox", "roof_direction": null, "roof_orientation": null, "roof_color": null, "roof_height": null, "has_parts": false, "version": 1, "bbox": { "xmin": 8.5380277633667, "xmax": 8.538487434387207, "ymin": 47.371376037597656, "ymax": 47.37167739868164 } }, "geometry": { "type": "Polygon", "coordinates": [ [ [ 8.538486, 47.3714611 ], [ 8.5384046, 47.3716702 ], [ 8.5380281, 47.3715864 ], [ 8.5380917, 47.3714158 ], [ 8.5380703, 47.3714124 ], [ 8.5380826, 47.3713772 ], [ 8.5382296, 47.3714029 ], [ 8.5384838, 47.3714606 ], [ 8.538486, 47.3714611 ] ] ] } },
{ "type": "Feature", "properties": { "id": "f8def0cc-22ad-47b7-8ca2-844856d5c2e0", "names": null, "sources": "[{'property': '', 'dataset': 'OpenStreetMap', 'license': 'ODbL-1.0', 'record_id': 'w327298871@4', 'update_time': '2022-01-12T07:59:18.000Z', 'confidence': None, 'between': None, 'provider': 'osm', 'resource': 'planet', 'version': '2026-09-06T00:00:00.000Z'}]", "level": null, "height": null, "min_height": null, "is_underground": false, "num_floors": 5.0, "num_floors_underground": null, "min_floor": null, "subtype": "commercial", "class": "commercial", "facade_color": null, "facade_material": null, "roof_material": null, "roof_shape": "saltbox", "roof_direction": null, "roof_orientation": null, "roof_color": null, "roof_height": null, "has_parts": false, "version": 1, "bbox": { "xmin": 8.538228988647461, "xmax": 8.538532257080078, "ymin": 47.37128448486328, "ymax": 47.37146759033203 } }, "geometry": { "type": "Polygon", "coordinates": [ [ [ 8.5384838, 47.3714606 ], [ 8.5382296, 47.3714029 ], [ 8.538253, 47.3713294 ], [ 8.5382414, 47.371327 ], [ 8.5382583, 47.3712863 ], [ 8.5385321, 47.3713326 ], [ 8.5385318, 47.3713335 ], [ 8.538486, 47.3714611 ], [ 8.5384838, 47.3714606 ] ] ] } },
{ "type": "Feature", "properties": { "id": "e4cc8622-a390-4530-b249-0e113eed58b1", "names": null, "sources": "[{'property': '', 'dataset': 'OpenStreetMap', 'license': 'ODbL-1.0', 'record_id': 'w327298870@3', 'update_time': '2022-01-12T07:59:32.000Z', 'confidence': None, 'between': None, 'provider': 'osm', 'resource': 'planet', 'version': '2026-09-06T00:00:00.000Z'}]", "level": null, "height": null, "min_height": null, "is_underground": false, "num_floors": 5.0, "num_floors_underground": null, "min_floor": null, "subtype": "commercial", "class": "commercial", "facade_color": null, "facade_material": null, "roof_material": null, "roof_shape": "saltbox", "roof_direction": null, "roof_orientation": null, "roof_color": null, "roof_height": null, "has_parts": false, "version": 1, "bbox": { "xmin": 8.538257598876953, "xmax": 8.538567543029785, "ymin": 47.371177673339844, "ymax": 47.371334075927734 } }, "geometry": { "type": "Polygon", "coordinates": [ [ [ 8.5385321, 47.3713326 ], [ 8.5382583, 47.3712863 ], [ 8.5382717, 47.3712456 ], [ 8.5383161, 47.3712535 ], [ 8.5383418, 47.3711839 ], [ 8.5385667, 47.3712372 ], [ 8.5385321, 47.3713326 ] ] ] } },
{ "type": "Feature", "properties": { "id": "0ddfb4a9-130b-429b-b12c-30f33141fc53", "names": null, "sources": "[{'property': '', 'dataset': 'OpenStreetMap', 'license': 'ODbL-1.0', 'record_id': 'w327298863@4', 'update_time': '2022-01-12T07:59:02.000Z', 'confidence': None, 'between': None, 'provider': 'osm', 'resource': 'planet', 'version': '2026-09-06T00:00:00.000Z'}]", "level": null, "height": null, "min_height": null, "is_underground": false, "num_floors": 5.0, "num_floors_underground": null, "min_floor": null, "subtype": "commercial", "class": "commercial", "facade_color": null, "facade_material": null, "roof_material": null, "roof_shape": "hipped", "roof_direction": null, "roof_orientation": null, "roof_color": null, "roof_height": null, "has_parts": false, "version": 1, "bbox": { "xmin": 8.538264274597168, "xmax": 8.538594245910645, "ymin": 47.3711051940918, "ymax": 47.371238708496094 } }, "geometry": { "type": "Polygon", "coordinates": [ [ [ 8.5385667, 47.3712372 ], [ 8.5383418, 47.3711839 ], [ 8.5382652, 47.3711718 ], [ 8.5382905, 47.3711061 ], [ 8.5383647, 47.3711187 ], [ 8.5385939, 47.3711556 ], [ 8.5385807, 47.3711954 ], [ 8.5385667, 47.3712372 ] ] ] } },
{ "type": "Feature", "properties": { "id": "5e54d17f-eab6-43bf-aad9-a2a52004c123", "names": "{'primary': 'Orell-Füssli-Hof', 'common': None, 'rules': None}", "sources": "[{'property': '', 'dataset': 'OpenStreetMap', 'license': 'ODbL-1.0', 'record_id': 'r1187494@6', 'update_time': '2024-04-09T17:41:34.000Z', 'confidence': None, 'between': None, 'provider': 'osm', 'resource': 'planet', 'version': '2026-09-06T00:00:00.000Z'}]", "level": null, "height": null, "min_height": null, "is_underground": false, "num_floors": null, "num_floors_underground": null, "min_floor": null, "subtype": "commercial", "class": "commercial", "facade_color": null, "facade_material": null, "roof_material": null, "roof_shape": null, "roof_direction": null, "roof_orientation": null, "roof_color": null, "roof_height": null, "has_parts": false, "version": 2, "bbox": { "xmin": 8.538114547729492, "xmax": 8.538710594177246, "ymin": 47.370540618896484, "ymax": 47.371028900146484 } }, "geometry": { "type": "Polygon", "coordinates": [ [ [ 8.5382821, 47.3707647 ], [ 8.5383032, 47.3707395 ], [ 8.5382095, 47.3706871 ], [ 8.5381538, 47.3706565 ], [ 8.5381489, 47.3706604 ], [ 8.5381147, 47.370642 ], [ 8.5382275, 47.3705481 ], [ 8.5384034, 47.3706468 ], [ 8.5384649, 47.3706813 ], [ 8.5384921, 47.3706966 ], [ 8.5385441, 47.3707269 ], [ 8.5385474, 47.3707266 ], [ 8.5385595, 47.3707332 ], [ 8.5385934, 47.3707483 ], [ 8.5386299, 47.3707573 ], [ 8.5387102, 47.370771 ], [ 8.5386626, 47.3708999 ], [ 8.5386546, 47.3709195 ], [ 8.5386175, 47.3710217 ], [ 8.5383903, 47.3709826 ], [ 8.5382994, 47.3709669 ], [ 8.5382981, 47.3709705 ], [ 8.5382719, 47.3709659 ], [ 8.5382457, 47.3709614 ], [ 8.538247, 47.3709579 ], [ 8.5382871, 47.3708462 ], [ 8.5382369, 47.370838 ], [ 8.5382479, 47.37081 ], [ 8.5382385, 47.3708031 ], [ 8.538233, 47.3707915 ], [ 8.538236, 47.3707795 ], [ 8.5382433, 47.3707718 ], [ 8.5382541, 47.3707663 ], [ 8.538267, 47.3707637 ], [ 8.5382821, 47.3707647 ] ], [ [ 8.5384696, 47.370813 ], [ 8.5384413, 47.370808 ], [ 8.5383975, 47.3708671 ], [ 8.5384465, 47.3708752 ], [ 8.5384696, 47.370813 ] ] ] } },
{ "type": "Feature", "properties": { "id": "4cab5ad8-3dc5-42a7-ad88-3ebb206f61b0", "names": null, "sources": "[{'property': '', 'dataset': 'OpenStreetMap', 'license': 'ODbL-1.0', 'record_id': 'w78532966@5', 'update_time': '2022-01-12T07:58:57.000Z', 'confidence': None, 'between': None, 'provider': 'osm', 'resource': 'planet', 'version': '2026-09-06T00:00:00.000Z'}]", "level": null, "height": null, "min_height": null, "is_underground": false, "num_floors": 4.0, "num_floors_underground": null, "min_floor": null, "subtype": "commercial", "class": "office", "facade_color": null, "facade_material": null, "roof_material": null, "roof_shape": "gabled", "roof_direction": null, "roof_orientation": null, "roof_color": null, "roof_height": null, "has_parts": false, "version": 1, "bbox": { "xmin": 8.53768539428711, "xmax": 8.538291931152344, "ymin": 47.371028900146484, "ymax": 47.37125778198242 } }, "geometry": { "type": "Polygon", "coordinates": [ [ [ 8.5379194, 47.3712019 ], [ 8.5378426, 47.3712567 ], [ 8.537686, 47.3711565 ], [ 8.5378327, 47.3710501 ], [ 8.5378669, 47.3710352 ], [ 8.5379221, 47.3710422 ], [ 8.5382905, 47.3711061 ], [ 8.5382652, 47.3711718 ], [ 8.5381485, 47.3711521 ], [ 8.5381384, 47.371178 ], [ 8.5381121, 47.3711737 ], [ 8.5380995, 47.3712047 ], [ 8.5380918, 47.3712029 ], [ 8.538084, 47.3712235 ], [ 8.5379194, 47.3712019 ] ] ] } },
{ "type": "Feature", "properties": { "id": "7031a519-e6e5-43f5-b5f2-7663e7f0e5fc", "names": null, "sources": "[{'property': '', 'dataset': 'OpenStreetMap', 'license': 'ODbL-1.0', 'record_id': 'w327295749@5', 'update_time': '2024-04-09T17:41:34.000Z', 'confidence': None, 'between': None, 'provider': 'osm', 'resource': 'planet', 'version': '2026-09-06T00:00:00.000Z'}]", "level": null, "height": null, "min_height": null, "is_underground": false, "num_floors": null, "num_floors_underground": null, "min_floor": null, "subtype": "commercial", "class": "commercial", "facade_color": null, "facade_material": null, "roof_material": null, "roof_shape": null, "roof_direction": null, "roof_orientation": null, "roof_color": null, "roof_height": null, "has_parts": false, "version": 1, "bbox": { "xmin": 8.53781795501709, "xmax": 8.538287162780762, "ymin": 47.370784759521484, "ymax": 47.37096405029297 } }, "geometry": { "type": "Polygon", "coordinates": [ [ [ 8.538114, 47.3708166 ], [ 8.5382369, 47.370838 ], [ 8.5382871, 47.3708462 ], [ 8.538247, 47.3709579 ], [ 8.5381377, 47.3709394 ], [ 8.5381012, 47.3709333 ], [ 8.5381007, 47.3709346 ], [ 8.5379698, 47.3709125 ], [ 8.5379262, 47.3709052 ], [ 8.5379267, 47.3709038 ], [ 8.5378477, 47.3708902 ], [ 8.5378189, 47.3708856 ], [ 8.5379395, 47.3707858 ], [ 8.5379612, 47.3707889 ], [ 8.5379793, 47.3707914 ], [ 8.5379795, 47.3707941 ], [ 8.5379829, 47.3707947 ], [ 8.538114, 47.3708166 ] ] ] } },
{ "type": "Feature", "properties": { "id": "fadf62f7-814d-447e-bf9d-e18cc133bc81", "names": null, "sources": "[{'property': '', 'dataset': 'OpenStreetMap', 'license': 'ODbL-1.0', 'record_id': 'w430264401@2', 'update_time': '2024-04-09T17:41:34.000Z', 'confidence': None, 'between': None, 'provider': 'osm', 'resource': 'planet', 'version': '2026-09-06T00:00:00.000Z'}]", "level": null, "height": null, "min_height": null, "is_underground": false, "num_floors": null, "num_floors_underground": null, "min_floor": null, "subtype": null, "class": null, "facade_color": null, "facade_material": null, "roof_material": null, "roof_shape": null, "roof_direction": null, "roof_orientation": null, "roof_color": null, "roof_height": null, "has_parts": false, "version": 1, "bbox": { "xmin": 8.538113594055176, "xmax": 8.53830337524414, "ymin": 47.37068557739258, "ymax": 47.3708381652832 } }, "geometry": { "type": "Polygon", "coordinates": [ [ [ 8.5382479, 47.37081 ], [ 8.5382369, 47.370838 ], [ 8.538114, 47.3708166 ], [ 8.5381235, 47.3707892 ], [ 8.5381437, 47.3707541 ], [ 8.5381787, 47.3707128 ], [ 8.5382095, 47.3706871 ], [ 8.5383032, 47.3707395 ], [ 8.5382821, 47.3707647 ], [ 8.538267, 47.3707637 ], [ 8.5382541, 47.3707663 ], [ 8.5382433, 47.3707718 ], [ 8.538236, 47.3707795 ], [ 8.538233, 47.3707915 ], [ 8.5382385, 47.3708031 ], [ 8.5382479, 47.37081 ] ] ] } },
{ "type": "Feature", "properties": { "id": "56aabe3d-fb65-4ed8-ae4f-23299c2ee4bd", "names": null, "sources": "[{'property': '', 'dataset': 'OpenStreetMap', 'license': 'ODbL-1.0', 'record_id': 'w327298865@2', 'update_time': '2024-04-09T17:41:34.000Z', 'confidence': None, 'between': None, 'provider': 'osm', 'resource': 'planet', 'version': '2026-09-06T00:00:00.000Z'}]", "level": null, "height": null, "min_height": null, "is_underground": false, "num_floors": null, "num_floors_underground": null, "min_floor": null, "subtype": "commercial", "class": "commercial", "facade_color": null, "facade_material": null, "roof_material": null, "roof_shape": null, "roof_direction": null, "roof_orientation": null, "roof_color": null, "roof_height": null, "has_parts": false, "version": 1, "bbox": { "xmin": 8.537184715270996, "xmax": 8.537618637084961, "ymin": 47.37083435058594, "ymax": 47.3712158203125 } }, "geometry": { "type": "Polygon", "coordinates": [ [ [ 8.537316, 47.371011 ], [ 8.5373146, 47.3709959 ], [ 8.5373227, 47.3709881 ], [ 8.5372486, 47.3709531 ], [ 8.5373637, 47.3708412 ], [ 8.5375942, 47.37095 ], [ 8.5376115, 47.3709652 ], [ 8.5376182, 47.370984 ], [ 8.5376146, 47.3710023 ], [ 8.5376024, 47.3710189 ], [ 8.5373312, 47.3712144 ], [ 8.5371856, 47.3711217 ], [ 8.5372573, 47.37107 ], [ 8.5372409, 47.3710596 ], [ 8.5372862, 47.3710269 ], [ 8.5373023, 47.3710372 ], [ 8.537328, 47.3710187 ], [ 8.537316, 47.371011 ] ] ] } },
{ "type": "Feature", "properties": { "id": "99744cbd-0c52-4b94-a5b9-0ddbd83e7cdf", "names": null, "sources": "[{'property': '', 'dataset': 'OpenStreetMap', 'license': 'ODbL-1.0', 'record_id': 'w78532965@12', 'update_time': '2022-04-30T23:58:05.000Z', 'confidence': None, 'between': None, 'provider': 'osm', 'resource': 'planet', 'version': '2026-09-06T00:00:00.000Z'}]", "level": null, "height": null, "min_height": null, "is_underground": false, "num_floors": 4.0, "num_floors_underground": null, "min_floor": null, "subtype": "commercial", "class": "commercial", "facade_color": null, "facade_material": null, "roof_material": null, "roof_shape": "onion", "roof_direction": null, "roof_orientation": null, "roof_color": null, "roof_height": null, "has_parts": false, "version": 1, "bbox": { "xmin": 8.537347793579102, "xmax": 8.537923812866211, "ymin": 47.37115478515625, "ymax": 47.371517181396484 } }, "geometry": { "type": "Polygon", "coordinates": [ [ [ 8.5374831, 47.371485 ], [ 8.5373484, 47.3713996 ], [ 8.5375229, 47.3712767 ], [ 8.537686, 47.3711565 ], [ 8.5378426, 47.3712567 ], [ 8.5378932, 47.3712927 ], [ 8.5378777, 47.3713392 ], [ 8.5379099, 47.3713502 ], [ 8.5379234, 47.3713665 ], [ 8.5379208, 47.3713831 ], [ 8.5379073, 47.3714188 ], [ 8.5378794, 47.3714922 ], [ 8.5378632, 47.3715066 ], [ 8.5378407, 47.3715149 ], [ 8.5378138, 47.3715169 ], [ 8.5376198, 47.3714695 ], [ 8.5375531, 47.3714351 ], [ 8.5374831, 47.371485 ] ] ] } },
{ "type": "Feature", "properties": { "id": "8b6a7a1a-8019-4915-a9e7-7d044c9c7177", "names": "{'primary': 'SBG Bahnhofstrasse', 'common': None, 'rules': array([{'variant': 'alternate', 'language': None, 'perspectives': None, 'value': 'SBG Bahnhofstrasse', 'between': None, 'side': None}],\n      dtype=object)}", "sources": "[{'property': '', 'dataset': 'OpenStreetMap', 'license': 'ODbL-1.0', 'record_id': 'w327613478@8', 'update_time': '2026-03-21T16:00:23.000Z', 'confidence': None, 'between': None, 'provider': 'osm', 'resource': 'planet', 'version': '2026-09-06T00:00:00.000Z'}]", "level": null, "height": null, "min_height": null, "is_underground": false, "num_floors": null, "num_floors_underground": null, "min_floor": null, "subtype": "commercial", "class": "commercial", "facade_color": null, "facade_material": null, "roof_material": null, "roof_shape": null, "roof_direction": null, "roof_orientation": null, "roof_color": null, "roof_height": null, "has_parts": false, "version": 1, "bbox": { "xmin": 8.537378311157227, "xmax": 8.538372993469238, "ymin": 47.371620178222656, "ymax": 47.37223434448242 } }, "geometry": { "type": "Polygon", "coordinates": [ [ [ 8.5374721, 47.3720967 ], [ 8.537431, 47.3720696 ], [ 8.5374781, 47.3720389 ], [ 8.5374609, 47.37203 ], [ 8.5374992, 47.3719247 ], [ 8.5374419, 47.371914 ], [ 8.5374911, 47.3718773 ], [ 8.5375136, 47.3718804 ], [ 8.5375229, 47.3718549 ], [ 8.5375327, 47.3718558 ], [ 8.5375468, 47.3718189 ], [ 8.5375155, 47.3718139 ], [ 8.5375001, 47.3718498 ], [ 8.5374638, 47.3718372 ], [ 8.537425, 47.3718171 ], [ 8.5374027, 47.3717974 ], [ 8.5373841, 47.3717689 ], [ 8.5373787, 47.3717404 ], [ 8.5373839, 47.3717092 ], [ 8.5374041, 47.3716777 ], [ 8.5374361, 47.3716516 ], [ 8.5374776, 47.3716321 ], [ 8.5375293, 47.3716219 ], [ 8.5375951, 47.3716274 ], [ 8.5375797, 47.371663 ], [ 8.5376119, 47.3716681 ], [ 8.5376276, 47.3716312 ], [ 8.5380973, 47.3717119 ], [ 8.538099, 47.3717072 ], [ 8.5383727, 47.3717553 ], [ 8.5382867, 47.3719906 ], [ 8.5382263, 47.3721606 ], [ 8.5382025, 47.3722279 ], [ 8.5378702, 47.3721847 ], [ 8.5376278, 47.3721512 ], [ 8.5375261, 47.3721166 ], [ 8.5374721, 47.3720967 ] ] ] } },
{ "type": "Feature", "properties": { "id": "72c77e8e-39f9-44a2-82dc-322ff957b0b1", "names": null, "sources": "[{'property': '', 'dataset': 'OpenStreetMap', 'license': 'ODbL-1.0', 'record_id': 'w89469952@9', 'update_time': '2026-03-28T08:31:58.000Z', 'confidence': None, 'between': None, 'provider': 'osm', 'resource': 'planet', 'version': '2026-09-06T00:00:00.000Z'}]", "level": null, "height": null, "min_height": null, "is_underground": false, "num_floors": 6.0, "num_floors_underground": null, "min_floor": null, "subtype": "commercial", "class": "commercial", "facade_color": null, "facade_material": null, "roof_material": null, "roof_shape": "saltbox", "roof_direction": null, "roof_orientation": null, "roof_color": null, "roof_height": null, "has_parts": false, "version": 1, "bbox": { "xmin": 8.538496971130371, "xmax": 8.538763999938965, "ymin": 47.37202835083008, "ymax": 47.37226486206055 } }, "geometry": { "type": "Polygon", "coordinates": [ [ [ 8.538695, 47.3722583 ], [ 8.5384971, 47.3722238 ], [ 8.538571, 47.3720295 ], [ 8.5387638, 47.3720767 ], [ 8.5387439, 47.3721322 ], [ 8.5387037, 47.3722396 ], [ 8.538695, 47.3722583 ] ] ] } },
{ "type": "Feature", "properties": { "id": "d50b2d47-4c01-46fc-a17f-d772df0e83b2", "names": null, "sources": "[{'property': '', 'dataset': 'OpenStreetMap', 'license': 'ODbL-1.0', 'record_id': 'w89470007@5', 'update_time': '2026-03-21T16:00:37.000Z', 'confidence': None, 'between': None, 'provider': 'osm', 'resource': 'planet', 'version': '2026-09-06T00:00:00.000Z'}]", "level": null, "height": null, "min_height": null, "is_underground": false, "num_floors": null, "num_floors_underground": null, "min_floor": null, "subtype": null, "class": null, "facade_color": null, "facade_material": null, "roof_material": null, "roof_shape": null, "roof_direction": null, "roof_orientation": null, "roof_color": null, "roof_height": null, "has_parts": false, "version": 1, "bbox": { "xmin": 8.538702964782715, "xmax": 8.538933753967285, "ymin": 47.37211608886719, "ymax": 47.37227249145508 } }, "geometry": { "type": "Polygon", "coordinates": [ [ [ 8.5387037, 47.3722396 ], [ 8.5387439, 47.3721322 ], [ 8.5387784, 47.3721331 ], [ 8.5387792, 47.3721229 ], [ 8.5388196, 47.3721237 ], [ 8.5388203, 47.3721367 ], [ 8.5388833, 47.3721418 ], [ 8.538933, 47.3722369 ], [ 8.5387627, 47.3722711 ], [ 8.5387591, 47.3722427 ], [ 8.5387037, 47.3722396 ] ] ] } },
{ "type": "Feature", "properties": { "id": "c9dd9d5a-df84-4063-961c-6bbb136971ee", "names": null, "sources": "[{'property': '', 'dataset': 'OpenStreetMap', 'license': 'ODbL-1.0', 'record_id': 'w89470011@7', 'update_time': '2026-03-21T16:00:12.000Z', 'confidence': None, 'between': None, 'provider': 'osm', 'resource': 'planet', 'version': '2026-09-06T00:00:00.000Z'}]", "level": null, "height": null, "min_height": null, "is_underground": false, "num_floors": null, "num_floors_underground": null, "min_floor": null, "subtype": "commercial", "class": "retail", "facade_color": null, "facade_material": null, "roof_material": null, "roof_shape": null, "roof_direction": null, "roof_orientation": null, "roof_color": null, "roof_height": null, "has_parts": false, "version": 1, "bbox": { "xmin": 8.538867950439453, "xmax": 8.539023399353027, "ymin": 47.37199401855469, "ymax": 47.37223815917969 } }, "geometry": { "type": "Polygon", "coordinates": [ [ [ 8.5390227, 47.372222 ], [ 8.538933, 47.3722369 ], [ 8.5388833, 47.3721418 ], [ 8.5388689, 47.3721021 ], [ 8.5388996, 47.3719999 ], [ 8.5390019, 47.3720168 ], [ 8.5389702, 47.3721128 ], [ 8.5390227, 47.372222 ] ] ] } },
{ "type": "Feature", "properties": { "id": "c9290a0a-cad7-4a1f-a2ff-ff1339ffc4f9", "names": null, "sources": "[{'property': '', 'dataset': 'OpenStreetMap', 'license': 'ODbL-1.0', 'record_id': 'w89469981@7', 'update_time': '2026-03-21T15:59:55.000Z', 'confidence': None, 'between': None, 'provider': 'osm', 'resource': 'planet', 'version': '2026-09-06T00:00:00.000Z'}]", "level": null, "height": null, "min_height": null, "is_underground": false, "num_floors": 6.0, "num_floors_underground": null, "min_floor": null, "subtype": "commercial", "class": "commercial", "facade_color": null, "facade_material": null, "roof_material": null, "roof_shape": "flat", "roof_direction": null, "roof_orientation": null, "roof_color": null, "roof_height": null, "has_parts": false, "version": 1, "bbox": { "xmin": 8.538657188415527, "xmax": 8.53903579711914, "ymin": 47.37165832519531, "ymax": 47.37187957763672 } }, "geometry": { "type": "Polygon", "coordinates": [ [ [ 8.5388491, 47.3718479 ], [ 8.5386575, 47.3718005 ], [ 8.5386834, 47.3717303 ], [ 8.5387098, 47.3716592 ], [ 8.5388655, 47.3716859 ], [ 8.5388658, 47.3716927 ], [ 8.5390355, 47.3717566 ], [ 8.5389986, 47.3718173 ], [ 8.5389627, 47.3718779 ], [ 8.5388477, 47.3718521 ], [ 8.5388491, 47.3718479 ] ] ] } },
{ "type": "Feature", "properties": { "id": "16ea109a-fbdc-4b7e-b41d-336119294af9", "names": null, "sources": "[{'property': '', 'dataset': 'OpenStreetMap', 'license': 'ODbL-1.0', 'record_id': 'w89469960@9', 'update_time': '2026-03-21T16:00:23.000Z', 'confidence': None, 'between': None, 'provider': 'osm', 'resource': 'planet', 'version': '2026-09-06T00:00:00.000Z'}]", "level": null, "height": null, "min_height": null, "is_underground": false, "num_floors": 4.0, "num_floors_underground": null, "min_floor": null, "subtype": "residential", "class": "apartments", "facade_color": null, "facade_material": null, "roof_material": null, "roof_shape": null, "roof_direction": null, "roof_orientation": null, "roof_color": null, "roof_height": null, "has_parts": false, "version": 1, "bbox": { "xmin": 8.538570404052734, "xmax": 8.538849830627441, "ymin": 47.37179946899414, "ymax": 47.37207794189453 } }, "geometry": { "type": "Polygon", "coordinates": [ [ [ 8.5387638, 47.3720767 ], [ 8.538571, 47.3720295 ], [ 8.5386575, 47.3718005 ], [ 8.5388491, 47.3718479 ], [ 8.5388477, 47.3718521 ], [ 8.5388254, 47.3719109 ], [ 8.5388375, 47.371914 ], [ 8.5388179, 47.3719638 ], [ 8.5388068, 47.3719621 ], [ 8.5387638, 47.3720767 ] ] ] } },
{ "type": "Feature", "properties": { "id": "3ed43120-8267-4769-9337-d062cd4e70c0", "names": "{'primary': 'Augustinerkirche', 'common': None, 'rules': None}", "sources": "[{'property': '', 'dataset': 'OpenStreetMap', 'license': 'ODbL-1.0', 'record_id': 'w89469961@11', 'update_time': '2026-03-21T16:00:24.000Z', 'confidence': None, 'between': None, 'provider': 'osm', 'resource': 'planet', 'version': '2026-09-06T00:00:00.000Z'}]", "level": null, "height": null, "min_height": null, "is_underground": false, "num_floors": null, "num_floors_underground": null, "min_floor": null, "subtype": "religious", "class": "church", "facade_color": null, "facade_material": null, "roof_material": null, "roof_shape": null, "roof_direction": null, "roof_orientation": null, "roof_color": null, "roof_height": null, "has_parts": false, "version": 2, "bbox": { "xmin": 8.539144515991211, "xmax": 8.539679527282715, "ymin": 47.37165069580078, "ymax": 47.371971130371094 } }, "geometry": { "type": "Polygon", "coordinates": [ [ [ 8.5392888, 47.3716622 ], [ 8.5396353, 47.3717698 ], [ 8.5395938, 47.3718328 ], [ 8.5396794, 47.3718586 ], [ 8.5396349, 47.3719263 ], [ 8.5396219, 47.3719224 ], [ 8.5395945, 47.3719641 ], [ 8.5391446, 47.3718202 ], [ 8.5392526, 47.3716605 ], [ 8.539255, 47.371657 ], [ 8.5392858, 47.3716666 ], [ 8.5392888, 47.3716622 ] ] ] } },
{ "type": "Feature", "properties": { "id": "067caaf9-93bd-4ba3-a18b-afd943d655bc", "names": null, "sources": "[{'property': '', 'dataset': 'OpenStreetMap', 'license': 'ODbL-1.0', 'record_id': 'w316234711@6', 'update_time': '2026-03-21T16:00:18.000Z', 'confidence': None, 'between': None, 'provider': 'osm', 'resource': 'planet', 'version': '2026-09-06T00:00:00.000Z'}]", "level": null, "height": null, "min_height": null, "is_underground": false, "num_floors": null, "num_floors_underground": null, "min_floor": null, "subtype": "commercial", "class": "retail", "facade_color": null, "facade_material": null, "roof_material": null, "roof_shape": null, "roof_direction": null, "roof_orientation": null, "roof_color": null, "roof_height": null, "has_parts": false, "version": 2, "bbox": { "xmin": 8.539587020874023, "xmax": 8.539883613586426, "ymin": 47.37175369262695, "ymax": 47.37202835083008 } }, "geometry": { "type": "Polygon", "coordinates": [ [ [ 8.5395885, 47.3719739 ], [ 8.5395945, 47.3719641 ], [ 8.5396219, 47.3719224 ], [ 8.5396349, 47.3719263 ], [ 8.5396794, 47.3718586 ], [ 8.5395938, 47.3718328 ], [ 8.5396353, 47.3717698 ], [ 8.5396342, 47.3717601 ], [ 8.5398778, 47.3718277 ], [ 8.5398494, 47.3718748 ], [ 8.5398832, 47.3718842 ], [ 8.5398231, 47.3719834 ], [ 8.5397872, 47.3719734 ], [ 8.5397584, 47.372021 ], [ 8.5395885, 47.3719739 ] ] ] } },
{ "type": "Feature", "properties": { "id": "2f61a2f1-23fb-403f-9000-5933d905bf26", "names": null, "sources": "[{'property': '', 'dataset': 'OpenStreetMap', 'license': 'ODbL-1.0', 'record_id': 'w89896422@5', 'update_time': '2026-03-21T16:00:19.000Z', 'confidence': None, 'between': None, 'provider': 'osm', 'resource': 'planet', 'version': '2026-09-06T00:00:00.000Z'}]", "level": null, "height": null, "min_height": null, "is_underground": false, "num_floors": null, "num_floors_underground": null, "min_floor": null, "subtype": null, "class": null, "facade_color": null, "facade_material": null, "roof_material": null, "roof_shape": null, "roof_direction": null, "roof_orientation": null, "roof_color": null, "roof_height": null, "has_parts": false, "version": 1, "bbox": { "xmin": 8.539667129516602, "xmax": 8.540010452270508, "ymin": 47.37157440185547, "ymax": 47.37173843383789 } }, "geometry": { "type": "Polygon", "coordinates": [ [ [ 8.5399591, 47.3715746 ], [ 8.54001, 47.3715947 ], [ 8.5399514, 47.3716632 ], [ 8.5399563, 47.3716666 ], [ 8.5398952, 47.3717372 ], [ 8.5398874, 47.3717361 ], [ 8.5396673, 47.3716882 ], [ 8.539744, 47.37158 ], [ 8.5398995, 47.3716417 ], [ 8.5399591, 47.3715746 ] ] ] } },
{ "type": "Feature", "properties": { "id": "fae3a939-95a7-43aa-bdda-0d1684524c45", "names": "{'primary': 'Strauhof', 'common': None, 'rules': None}", "sources": "[{'property': '', 'dataset': 'OpenStreetMap', 'license': 'ODbL-1.0', 'record_id': 'w89896479@6', 'update_time': '2026-03-21T16:00:18.000Z', 'confidence': None, 'between': None, 'provider': 'osm', 'resource': 'planet', 'version': '2026-09-06T00:00:00.000Z'}]", "level": null, "height": null, "min_height": null, "is_underground": false, "num_floors": null, "num_floors_underground": null, "min_floor": null, "subtype": null, "class": null, "facade_color": null, "facade_material": null, "roof_material": null, "roof_shape": null, "roof_direction": null, "roof_orientation": null, "roof_color": null, "roof_height": null, "has_parts": false, "version": 1, "bbox": { "xmin": 8.53988265991211, "xmax": 8.5401611328125, "ymin": 47.3715934753418, "ymax": 47.37179946899414 } }, "geometry": { "type": "Polygon", "coordinates": [ [ [ 8.5399514, 47.3716632 ], [ 8.54001, 47.3715947 ], [ 8.5400414, 47.3716076 ], [ 8.5401602, 47.3716583 ], [ 8.540067, 47.371758 ], [ 8.5400004, 47.3717547 ], [ 8.5399811, 47.3717923 ], [ 8.5399297, 47.3717805 ], [ 8.5399377, 47.3717632 ], [ 8.5398836, 47.3717493 ], [ 8.5398874, 47.3717361 ], [ 8.5398952, 47.3717372 ], [ 8.5399563, 47.3716666 ], [ 8.5399514, 47.3716632 ] ] ] } },
{ "type": "Feature", "properties": { "id": "561f38a2-04ae-49a9-82a7-ebf7ef66d702", "names": null, "sources": "[{'property': '', 'dataset': 'OpenStreetMap', 'license': 'ODbL-1.0', 'record_id': 'w89469990@4', 'update_time': '2026-03-21T16:00:30.000Z', 'confidence': None, 'between': None, 'provider': 'osm', 'resource': 'planet', 'version': '2026-09-06T00:00:00.000Z'}]", "level": null, "height": null, "min_height": null, "is_underground": false, "num_floors": null, "num_floors_underground": null, "min_floor": null, "subtype": null, "class": null, "facade_color": null, "facade_material": null, "roof_material": null, "roof_shape": null, "roof_direction": null, "roof_orientation": null, "roof_color": null, "roof_height": null, "has_parts": false, "version": 1, "bbox": { "xmin": 8.53974723815918, "xmax": 8.54008960723877, "ymin": 47.37196731567383, "ymax": 47.37218475341797 } }, "geometry": { "type": "Polygon", "coordinates": [ [ [ 8.5400893, 47.3720837 ], [ 8.5399498, 47.3721773 ], [ 8.5399064, 47.37216 ], [ 8.5398274, 47.3721273 ], [ 8.5397487, 47.3720966 ], [ 8.5398343, 47.3720368 ], [ 8.5399202, 47.3719762 ], [ 8.5399336, 47.3719748 ], [ 8.5399833, 47.3720071 ], [ 8.5399837, 47.3720119 ], [ 8.5400893, 47.3720837 ] ] ] } },
{ "type": "Feature", "properties": { "id": "3e8e7f2a-f058-40e9-8f32-4b25e46f3ba8", "names": null, "sources": "[{'property': '', 'dataset': 'OpenStreetMap', 'license': 'ODbL-1.0', 'record_id': 'w89470009@7', 'update_time': '2026-03-21T16:00:37.000Z', 'confidence': None, 'between': None, 'provider': 'osm', 'resource': 'planet', 'version': '2026-09-06T00:00:00.000Z'}]", "level": null, "height": null, "min_height": null, "is_underground": false, "num_floors": 4.0, "num_floors_underground": null, "min_floor": null, "subtype": "commercial", "class": "retail", "facade_color": null, "facade_material": null, "roof_material": null, "roof_shape": "gabled", "roof_direction": null, "roof_orientation": null, "roof_color": null, "roof_height": null, "has_parts": false, "version": 1, "bbox": { "xmin": 8.539949417114258, "xmax": 8.540156364440918, "ymin": 47.37207794189453, "ymax": 47.37221908569336 } }, "geometry": { "type": "Polygon", "coordinates": [ [ [ 8.5401558, 47.372128 ], [ 8.5400457, 47.3722189 ], [ 8.5399498, 47.3721773 ], [ 8.5400893, 47.3720837 ], [ 8.5401558, 47.372128 ] ] ] } },
{ "type": "Feature", "properties": { "id": "44c2db37-31ab-493a-b246-704f7af0a6b5", "names": null, "sources": "[{'property': '', 'dataset': 'OpenStreetMap', 'license': 'ODbL-1.0', 'record_id': 'w288517111@2', 'update_time': '2023-05-13T20:20:49.000Z', 'confidence': None, 'between': None, 'provider': 'osm', 'resource': 'planet', 'version': '2026-09-06T00:00:00.000Z'}]", "level": null, "height": null, "min_height": null, "is_underground": false, "num_floors": null, "num_floors_underground": null, "min_floor": null, "subtype": "commercial", "class": "retail", "facade_color": null, "facade_material": null, "roof_material": null, "roof_shape": null, "roof_direction": null, "roof_orientation": null, "roof_color": null, "roof_height": null, "has_parts": false, "version": 1, "bbox": { "xmin": 8.539566993713379, "xmax": 8.539690017700195, "ymin": 47.37213134765625, "ymax": 47.372276306152344 } }, "geometry": { "type": "Polygon", "coordinates": [ [ [ 8.5395863, 47.3722318 ], [ 8.5396443, 47.3721385 ], [ 8.5396891, 47.3721512 ], [ 8.5396481, 47.3722198 ], [ 8.5396413, 47.3722218 ], [ 8.5396217, 47.372256 ], [ 8.5396259, 47.3722611 ], [ 8.5396191, 47.3722751 ], [ 8.5395679, 47.3722567 ], [ 8.5395879, 47.3722363 ], [ 8.5395863, 47.3722318 ] ] ] } },
{ "type": "Feature", "properties": { "id": "d896ec24-b799-4713-a3c7-39cfc8bb2725", "names": null, "sources": "[{'property': '', 'dataset': 'OpenStreetMap', 'license': 'ODbL-1.0', 'record_id': 'w288517116@3', 'update_time': '2023-05-13T20:20:48.000Z', 'confidence': None, 'between': None, 'provider': 'osm', 'resource': 'planet', 'version': '2026-09-06T00:00:00.000Z'}]", "level": null, "height": null, "min_height": null, "is_underground": false, "num_floors": 6.0, "num_floors_underground": null, "min_floor": null, "subtype": "commercial", "class": "retail", "facade_color": null, "facade_material": null, "roof_material": null, "roof_shape": null, "roof_direction": null, "roof_orientation": null, "roof_color": null, "roof_height": null, "has_parts": false, "version": 1, "bbox": { "xmin": 8.539440155029297, "xmax": 8.539558410644531, "ymin": 47.37215042114258, "ymax": 47.37229537963867 } }, "geometry": { "type": "Polygon", "coordinates": [ [ [ 8.5394707, 47.3722779 ], [ 8.5394403, 47.3721858 ], [ 8.5395224, 47.3721517 ], [ 8.5395485, 47.3722536 ], [ 8.5395577, 47.3722892 ], [ 8.5394707, 47.3722779 ] ] ] } },
{ "type": "Feature", "properties": { "id": "e84d9faa-384b-4218-8c3d-955de838a9bf", "names": null, "sources": "[{'property': '', 'dataset': 'OpenStreetMap', 'license': 'ODbL-1.0', 'record_id': 'w288517113@3', 'update_time': '2023-05-13T20:20:48.000Z', 'confidence': None, 'between': None, 'provider': 'osm', 'resource': 'planet', 'version': '2026-09-06T00:00:00.000Z'}]", "level": null, "height": null, "min_height": null, "is_underground": false, "num_floors": 6.0, "num_floors_underground": null, "min_floor": null, "subtype": "commercial", "class": "retail", "facade_color": null, "facade_material": null, "roof_material": null, "roof_shape": null, "roof_direction": null, "roof_orientation": null, "roof_color": null, "roof_height": null, "has_parts": false, "version": 1, "bbox": { "xmin": 8.539522171020508, "xmax": 8.539645195007324, "ymin": 47.37212371826172, "ymax": 47.372257232666016 } }, "geometry": { "type": "Polygon", "coordinates": [ [ [ 8.5395485, 47.3722536 ], [ 8.5395224, 47.3721517 ], [ 8.5395879, 47.372124 ], [ 8.5396443, 47.3721385 ], [ 8.5395863, 47.3722318 ], [ 8.5395879, 47.3722363 ], [ 8.5395679, 47.3722567 ], [ 8.5395485, 47.3722536 ] ] ] } },
{ "type": "Feature", "properties": { "id": "ad47c9f9-bce0-44c2-aee8-27a50ce479a0", "names": null, "sources": "[{'property': '', 'dataset': 'OpenStreetMap', 'license': 'ODbL-1.0', 'record_id': 'w288517142@2', 'update_time': '2023-05-13T20:20:49.000Z', 'confidence': None, 'between': None, 'provider': 'osm', 'resource': 'planet', 'version': '2026-09-06T00:00:00.000Z'}]", "level": null, "height": null, "min_height": null, "is_underground": false, "num_floors": null, "num_floors_underground": null, "min_floor": null, "subtype": "commercial", "class": "retail", "facade_color": null, "facade_material": null, "roof_material": null, "roof_shape": null, "roof_direction": null, "roof_orientation": null, "roof_color": null, "roof_height": null, "has_parts": false, "version": 1, "bbox": { "xmin": 8.539618492126465, "xmax": 8.539758682250977, "ymin": 47.37215042114258, "ymax": 47.372310638427734 } }, "geometry": { "type": "Polygon", "coordinates": [ [ [ 8.5396481, 47.3722198 ], [ 8.5396891, 47.3721512 ], [ 8.5397572, 47.3721714 ], [ 8.5396936, 47.3722725 ], [ 8.5396744, 47.3723092 ], [ 8.5396402, 47.3723041 ], [ 8.5396364, 47.3722995 ], [ 8.5396191, 47.3722973 ], [ 8.5396341, 47.3722634 ], [ 8.5396259, 47.3722611 ], [ 8.5396217, 47.372256 ], [ 8.5396413, 47.3722218 ], [ 8.5396481, 47.3722198 ] ] ] } },
{ "type": "Feature", "properties": { "id": "d60aa240-b419-45b0-bd2e-dad8e98b973e", "names": null, "sources": "[{'property': '', 'dataset': 'OpenStreetMap', 'license': 'ODbL-1.0', 'record_id': 'w89469944@4', 'update_time': '2026-03-21T16:00:24.000Z', 'confidence': None, 'between': None, 'provider': 'osm', 'resource': 'planet', 'version': '2026-09-06T00:00:00.000Z'}]", "level": null, "height": null, "min_height": null, "is_underground": false, "num_floors": null, "num_floors_underground": null, "min_floor": null, "subtype": null, "class": null, "facade_color": null, "facade_material": null, "roof_material": null, "roof_shape": null, "roof_direction": null, "roof_orientation": null, "roof_color": null, "roof_height": null, "has_parts": false, "version": 1, "bbox": { "xmin": 8.539024353027344, "xmax": 8.539244651794434, "ymin": 47.371891021728516, "ymax": 47.372039794921875 } }, "geometry": { "type": "Polygon", "coordinates": [ [ [ 8.5390802, 47.3719024 ], [ 8.5392441, 47.3720066 ], [ 8.53918, 47.3720384 ], [ 8.5391735, 47.3720324 ], [ 8.5390568, 47.3719339 ], [ 8.5390493, 47.3719378 ], [ 8.5390244, 47.3719218 ], [ 8.539054, 47.371898 ], [ 8.5390802, 47.3719024 ] ] ] } },
{ "type": "Feature", "properties": { "id": "f5c454bd-b027-4bd8-98d8-ffe88d5c6ccf", "names": null, "sources": "[{'property': '', 'dataset': 'OpenStreetMap', 'license': 'ODbL-1.0', 'record_id': 'w89469940@5', 'update_time': '2026-03-21T16:00:43.000Z', 'confidence': None, 'between': None, 'provider': 'osm', 'resource': 'planet', 'version': '2026-09-06T00:00:00.000Z'}]", "level": null, "height": null, "min_height": null, "is_underground": false, "num_floors": null, "num_floors_underground": null, "min_floor": null, "subtype": "commercial", "class": "retail", "facade_color": null, "facade_material": null, "roof_material": null, "roof_shape": null, "roof_direction": null, "roof_orientation": null, "roof_color": null, "roof_height": null, "has_parts": false, "version": 1, "bbox": { "xmin": 8.538969993591309, "xmax": 8.539196968078613, "ymin": 47.37192153930664, "ymax": 47.372222900390625 } }, "geometry": { "type": "Polygon", "coordinates": [ [ [ 8.5391968, 47.3721825 ], [ 8.5390227, 47.372222 ], [ 8.5389702, 47.3721128 ], [ 8.5390019, 47.3720168 ], [ 8.5390244, 47.3719218 ], [ 8.5390493, 47.3719378 ], [ 8.5390568, 47.3719339 ], [ 8.5391735, 47.3720324 ], [ 8.5391206, 47.3720583 ], [ 8.5391968, 47.3721825 ] ] ] } },
{ "type": "Feature", "properties": { "id": "3690c7d5-6e9d-478c-a44c-ccf5dde55d04", "names": null, "sources": "[{'property': '', 'dataset': 'OpenStreetMap', 'license': 'ODbL-1.0', 'record_id': 'w89469998@6', 'update_time': '2026-03-21T16:00:02.000Z', 'confidence': None, 'between': None, 'provider': 'osm', 'resource': 'planet', 'version': '2026-09-06T00:00:00.000Z'}]", "level": null, "height": null, "min_height": null, "is_underground": false, "num_floors": 3.0, "num_floors_underground": null, "min_floor": null, "subtype": "commercial", "class": "retail", "facade_color": null, "facade_material": null, "roof_material": null, "roof_shape": null, "roof_direction": null, "roof_orientation": null, "roof_color": null, "roof_height": null, "has_parts": false, "version": 1, "bbox": { "xmin": 8.539119720458984, "xmax": 8.539374351501465, "ymin": 47.37199783325195, "ymax": 47.372188568115234 } }, "geometry": { "type": "Polygon", "coordinates": [ [ [ 8.539292, 47.3721622 ], [ 8.5391968, 47.3721825 ], [ 8.5391206, 47.3720583 ], [ 8.5391735, 47.3720324 ], [ 8.53918, 47.3720384 ], [ 8.5392441, 47.3720066 ], [ 8.5392616, 47.3719982 ], [ 8.5393542, 47.3721013 ], [ 8.5393477, 47.372104 ], [ 8.5393739, 47.3721361 ], [ 8.539292, 47.3721622 ] ] ] } },
{ "type": "Feature", "properties": { "id": "0150b296-0472-44d7-95a0-ec6a1ff4aa35", "names": null, "sources": "[{'property': '', 'dataset': 'OpenStreetMap', 'license': 'ODbL-1.0', 'record_id': 'w288517118@3', 'update_time': '2026-03-21T16:00:16.000Z', 'confidence': None, 'between': None, 'provider': 'osm', 'resource': 'planet', 'version': '2026-09-06T00:00:00.000Z'}]", "level": null, "height": null, "min_height": null, "is_underground": false, "num_floors": null, "num_floors_underground": null, "min_floor": null, "subtype": null, "class": null, "facade_color": null, "facade_material": null, "roof_material": null, "roof_shape": null, "roof_direction": null, "roof_orientation": null, "roof_color": null, "roof_height": null, "has_parts": false, "version": 1, "bbox": { "xmin": 8.539244651794434, "xmax": 8.539392471313477, "ymin": 47.372230529785156, "ymax": 47.37241744995117 } }, "geometry": { "type": "Polygon", "coordinates": [ [ [ 8.5393046, 47.3723929 ], [ 8.5392743, 47.3723929 ], [ 8.5392732, 47.3723848 ], [ 8.5392674, 47.3723798 ], [ 8.539245, 47.3722461 ], [ 8.5392909, 47.3722308 ], [ 8.5393517, 47.3723235 ], [ 8.5393916, 47.3723494 ], [ 8.5393533, 47.3723624 ], [ 8.5393608, 47.37241 ], [ 8.5393429, 47.3724108 ], [ 8.5393424, 47.3723935 ], [ 8.5393046, 47.3723929 ] ] ] } },
{ "type": "Feature", "properties": { "id": "f114afd5-370d-492d-b15f-00c4efc13779", "names": null, "sources": "[{'property': '', 'dataset': 'OpenStreetMap', 'license': 'ODbL-1.0', 'record_id': 'w288517123@3', 'update_time': '2026-03-21T16:00:19.000Z', 'confidence': None, 'between': None, 'provider': 'osm', 'resource': 'planet', 'version': '2026-09-06T00:00:00.000Z'}]", "level": null, "height": null, "min_height": null, "is_underground": false, "num_floors": null, "num_floors_underground": null, "min_floor": null, "subtype": null, "class": null, "facade_color": null, "facade_material": null, "roof_material": null, "roof_shape": null, "roof_direction": null, "roof_orientation": null, "roof_color": null, "roof_height": null, "has_parts": false, "version": 1, "bbox": { "xmin": 8.53914737701416, "xmax": 8.539276123046875, "ymin": 47.37224578857422, "ymax": 47.372432708740234 } }, "geometry": { "type": "Polygon", "coordinates": [ [ [ 8.5392666, 47.3724247 ], [ 8.5392381, 47.3724261 ], [ 8.5392291, 47.3723917 ], [ 8.5392099, 47.372392 ], [ 8.5392094, 47.3724036 ], [ 8.5391551, 47.3724039 ], [ 8.5391482, 47.372267 ], [ 8.539245, 47.3722461 ], [ 8.5392674, 47.3723798 ], [ 8.5392732, 47.3723848 ], [ 8.5392743, 47.3723929 ], [ 8.5392753, 47.3724081 ], [ 8.5392652, 47.3724084 ], [ 8.5392666, 47.3724247 ] ] ] } },
{ "type": "Feature", "properties": { "id": "b72bc720-5e4f-4d80-b3f0-cb111beb39ed", "names": null, "sources": "[{'property': '', 'dataset': 'OpenStreetMap', 'license': 'ODbL-1.0', 'record_id': 'w89434904@5', 'update_time': '2026-03-21T16:00:37.000Z', 'confidence': None, 'between': None, 'provider': 'osm', 'resource': 'planet', 'version': '2026-09-06T00:00:00.000Z'}]", "level": null, "height": null, "min_height": null, "is_underground": false, "num_floors": null, "num_floors_underground": null, "min_floor": null, "subtype": "commercial", "class": "retail", "facade_color": null, "facade_material": null, "roof_material": null, "roof_shape": null, "roof_direction": null, "roof_orientation": null, "roof_color": null, "roof_height": null, "has_parts": false, "version": 1, "bbox": { "xmin": 8.539058685302734, "xmax": 8.539156913757324, "ymin": 47.37226104736328, "ymax": 47.37245178222656 } }, "geometry": { "type": "Polygon", "coordinates": [ [ [ 8.5390589, 47.3722884 ], [ 8.5391482, 47.372267 ], [ 8.5391551, 47.3724039 ], [ 8.5391567, 47.3724173 ], [ 8.5391413, 47.3724176 ], [ 8.5391421, 47.3724507 ], [ 8.5390748, 47.3724472 ], [ 8.5390589, 47.3722884 ] ] ] } },
{ "type": "Feature", "properties": { "id": "0539f63d-d98d-492a-99ef-a323825291e4", "names": null, "sources": "[{'property': '', 'dataset': 'OpenStreetMap', 'license': 'ODbL-1.0', 'record_id': 'w288517120@3', 'update_time': '2026-03-21T16:00:23.000Z', 'confidence': None, 'between': None, 'provider': 'osm', 'resource': 'planet', 'version': '2026-09-06T00:00:00.000Z'}]", "level": null, "height": null, "min_height": null, "is_underground": false, "num_floors": null, "num_floors_underground": null, "min_floor": null, "subtype": null, "class": null, "facade_color": null, "facade_material": null, "roof_material": null, "roof_shape": null, "roof_direction": null, "roof_orientation": null, "roof_color": null, "roof_height": null, "has_parts": false, "version": 1, "bbox": { "xmin": 8.539263725280762, "xmax": 8.53941535949707, "ymin": 47.37238693237305, "ymax": 47.37250900268555 } }, "geometry": { "type": "Polygon", "coordinates": [ [ [ 8.5393608, 47.37241 ], [ 8.539415, 47.3724121 ], [ 8.5393977, 47.3724585 ], [ 8.5393514, 47.3725072 ], [ 8.5392722, 47.3724924 ], [ 8.5392715, 47.3724841 ], [ 8.5392666, 47.3724247 ], [ 8.5392652, 47.3724084 ], [ 8.5392753, 47.3724081 ], [ 8.5392743, 47.3723929 ], [ 8.5393046, 47.3723929 ], [ 8.5393089, 47.3724261 ], [ 8.5393568, 47.3724282 ], [ 8.5393608, 47.37241 ] ] ] } },
{ "type": "Feature", "properties": { "id": "131cfaf0-70e8-400c-8334-085640577553", "names": null, "sources": "[{'property': '', 'dataset': 'OpenStreetMap', 'license': 'ODbL-1.0', 'record_id': 'w288517125@3', 'update_time': '2026-03-21T16:00:04.000Z', 'confidence': None, 'between': None, 'provider': 'osm', 'resource': 'planet', 'version': '2026-09-06T00:00:00.000Z'}]", "level": null, "height": null, "min_height": null, "is_underground": false, "num_floors": null, "num_floors_underground": null, "min_floor": null, "subtype": null, "class": null, "facade_color": null, "facade_material": null, "roof_material": null, "roof_shape": null, "roof_direction": null, "roof_orientation": null, "roof_color": null, "roof_height": null, "has_parts": false, "version": 1, "bbox": { "xmin": 8.539237976074219, "xmax": 8.53927230834961, "ymin": 47.37241744995117, "ymax": 47.37248611450195 } }, "geometry": { "type": "Polygon", "coordinates": [ [ [ 8.5392666, 47.3724247 ], [ 8.5392715, 47.3724841 ], [ 8.5392402, 47.3724845 ], [ 8.5392381, 47.3724261 ], [ 8.5392666, 47.3724247 ] ] ] } },
{ "type": "Feature", "properties": { "id": "25dffd50-fd11-4d6a-9f93-4a0f06ee8742", "names": null, "sources": "[{'property': '', 'dataset': 'OpenStreetMap', 'license': 'ODbL-1.0', 'record_id': 'w288517130@3', 'update_time': '2026-03-21T16:00:23.000Z', 'confidence': None, 'between': None, 'provider': 'osm', 'resource': 'planet', 'version': '2026-09-06T00:00:00.000Z'}]", "level": null, "height": null, "min_height": null, "is_underground": false, "num_floors": null, "num_floors_underground": null, "min_floor": null, "subtype": null, "class": null, "facade_color": null, "facade_material": null, "roof_material": null, "roof_shape": null, "roof_direction": null, "roof_orientation": null, "roof_color": null, "roof_height": null, "has_parts": false, "version": 1, "bbox": { "xmin": 8.53906536102295, "xmax": 8.539143562316895, "ymin": 47.372440338134766, "ymax": 47.372615814208984 } }, "geometry": { "type": "Polygon", "coordinates": [ [ [ 8.5391421, 47.3724507 ], [ 8.5391285, 47.3726102 ], [ 8.5390737, 47.372612 ], [ 8.539079, 47.3725926 ], [ 8.5390668, 47.3725911 ], [ 8.539067, 47.3725868 ], [ 8.5390709, 47.3725202 ], [ 8.5390748, 47.3724472 ], [ 8.5391421, 47.3724507 ] ] ] } },
{ "type": "Feature", "properties": { "id": "326c8d35-0929-487e-9372-903e4000ad9b", "names": null, "sources": "[{'property': '', 'dataset': 'OpenStreetMap', 'license': 'ODbL-1.0', 'record_id': 'w288517128@3', 'update_time': '2026-03-21T16:00:33.000Z', 'confidence': None, 'between': None, 'provider': 'osm', 'resource': 'planet', 'version': '2026-09-06T00:00:00.000Z'}]", "level": null, "height": null, "min_height": null, "is_underground": false, "num_floors": null, "num_floors_underground": null, "min_floor": null, "subtype": null, "class": null, "facade_color": null, "facade_material": null, "roof_material": null, "roof_shape": null, "roof_direction": null, "roof_orientation": null, "roof_color": null, "roof_height": null, "has_parts": false, "version": 1, "bbox": { "xmin": 8.539143562316895, "xmax": 8.539298057556152, "ymin": 47.37248611450195, "ymax": 47.37261962890625 } }, "geometry": { "type": "Polygon", "coordinates": [ [ [ 8.5392385, 47.3725739 ], [ 8.5391904, 47.3726125 ], [ 8.5391445, 47.3726073 ], [ 8.539154, 47.3725122 ], [ 8.5392184, 47.372509 ], [ 8.5392557, 47.372505 ], [ 8.5392562, 47.3724928 ], [ 8.5392722, 47.3724924 ], [ 8.5392738, 47.3725039 ], [ 8.5392934, 47.3725025 ], [ 8.539298, 47.3725514 ], [ 8.5392385, 47.3725739 ] ] ] } },
{ "type": "Feature", "properties": { "id": "4ff27457-9e53-474d-b0b3-6e1d418edb40", "names": "{'primary': 'Zum Trottbaum', 'common': None, 'rules': None}", "sources": "[{'property': '', 'dataset': 'OpenStreetMap', 'license': 'ODbL-1.0', 'record_id': 'w89434849@6', 'update_time': '2026-03-21T16:00:27.000Z', 'confidence': None, 'between': None, 'provider': 'osm', 'resource': 'planet', 'version': '2026-09-06T00:00:00.000Z'}]", "level": null, "height": null, "min_height": null, "is_underground": false, "num_floors": null, "num_floors_underground": null, "min_floor": null, "subtype": "residential", "class": "apartments", "facade_color": null, "facade_material": null, "roof_material": null, "roof_shape": null, "roof_direction": null, "roof_orientation": null, "roof_color": null, "roof_height": null, "has_parts": false, "version": 1, "bbox": { "xmin": 8.539190292358398, "xmax": 8.539713859558105, "ymin": 47.37255096435547, "ymax": 47.372764587402344 } }, "geometry": { "type": "Polygon", "coordinates": [ [ [ 8.539662, 47.3727631 ], [ 8.5395179, 47.3727229 ], [ 8.5391904, 47.3726125 ], [ 8.5392385, 47.3725739 ], [ 8.539298, 47.3725514 ], [ 8.5394643, 47.3726086 ], [ 8.539713, 47.3726906 ], [ 8.539662, 47.3727631 ] ] ] } },
{ "type": "Feature", "properties": { "id": "018991a0-ab85-4acd-8a2d-ebd6395bcf50", "names": null, "sources": "[{'property': '', 'dataset': 'OpenStreetMap', 'license': 'ODbL-1.0', 'record_id': 'w89434873@5', 'update_time': '2026-03-21T16:00:29.000Z', 'confidence': None, 'between': None, 'provider': 'osm', 'resource': 'planet', 'version': '2026-09-06T00:00:00.000Z'}]", "level": null, "height": null, "min_height": null, "is_underground": false, "num_floors": null, "num_floors_underground": null, "min_floor": null, "subtype": "residential", "class": "apartments", "facade_color": null, "facade_material": null, "roof_material": null, "roof_shape": null, "roof_direction": null, "roof_orientation": null, "roof_color": null, "roof_height": null, "has_parts": false, "version": 1, "bbox": { "xmin": 8.539495468139648, "xmax": 8.539838790893555, "ymin": 47.372474670410156, "ymax": 47.37263107299805 } }, "geometry": { "type": "Polygon", "coordinates": [ [ [ 8.5395225, 47.3724809 ], [ 8.5396273, 47.3725002 ], [ 8.5398384, 47.3725377 ], [ 8.5397728, 47.3726237 ], [ 8.5395599, 47.3725591 ], [ 8.5394961, 47.3725463 ], [ 8.5395225, 47.3724809 ] ] ] } },
{ "type": "Feature", "properties": { "id": "460c111e-b8eb-4f90-8540-aa5879cf6dc9", "names": null, "sources": "[{'property': '', 'dataset': 'OpenStreetMap', 'license': 'ODbL-1.0', 'record_id': 'w89434870@5', 'update_time': '2026-03-21T16:00:00.000Z', 'confidence': None, 'between': None, 'provider': 'osm', 'resource': 'planet', 'version': '2026-09-06T00:00:00.000Z'}]", "level": null, "height": null, "min_height": null, "is_underground": false, "num_floors": null, "num_floors_underground": null, "min_floor": null, "subtype": "residential", "class": "apartments", "facade_color": null, "facade_material": null, "roof_material": null, "roof_shape": null, "roof_direction": null, "roof_orientation": null, "roof_color": null, "roof_height": null, "has_parts": false, "version": 1, "bbox": { "xmin": 8.539463996887207, "xmax": 8.539772987365723, "ymin": 47.37253952026367, "ymax": 47.37269973754883 } }, "geometry": { "type": "Polygon", "coordinates": [ [ [ 8.5397231, 47.3726936 ], [ 8.539713, 47.3726906 ], [ 8.5394643, 47.3726086 ], [ 8.5394961, 47.3725463 ], [ 8.5395599, 47.3725591 ], [ 8.5397728, 47.3726237 ], [ 8.5397231, 47.3726936 ] ] ] } },
{ "type": "Feature", "properties": { "id": "495862e2-23db-4ecb-910d-206f30b0260f", "names": "{'primary': 'Grosser Widder', 'common': None, 'rules': None}", "sources": "[{'property': '', 'dataset': 'OpenStreetMap', 'license': 'ODbL-1.0', 'record_id': 'w288517108@7', 'update_time': '2026-03-21T16:00:18.000Z', 'confidence': None, 'between': None, 'provider': 'osm', 'resource': 'planet', 'version': '2026-09-06T00:00:00.000Z'}]", "level": null, "height": null, "min_height": null, "is_underground": false, "num_floors": 6.0, "num_floors_underground": null, "min_floor": null, "subtype": null, "class": null, "facade_color": null, "facade_material": null, "roof_material": null, "roof_shape": null, "roof_direction": null, "roof_orientation": null, "roof_color": null, "roof_height": null, "has_parts": false, "version": 1, "bbox": { "xmin": 8.539290428161621, "xmax": 8.540068626403809, "ymin": 47.372169494628906, "ymax": 47.37253952026367 } }, "geometry": { "type": "Polygon", "coordinates": [ [ [ 8.5398384, 47.3725377 ], [ 8.5396273, 47.3725002 ], [ 8.53963, 47.3724867 ], [ 8.5396507, 47.3724892 ], [ 8.5396773, 47.372433 ], [ 8.5396593, 47.3724273 ], [ 8.5396885, 47.3723804 ], [ 8.5396146, 47.3723642 ], [ 8.5396023, 47.3723912 ], [ 8.5395044, 47.3723736 ], [ 8.5395193, 47.3723368 ], [ 8.5394885, 47.3723303 ], [ 8.5394326, 47.3723653 ], [ 8.5394422, 47.3723901 ], [ 8.5394422, 47.3724157 ], [ 8.539415, 47.3724121 ], [ 8.5393608, 47.37241 ], [ 8.5393533, 47.3723624 ], [ 8.5393916, 47.3723494 ], [ 8.5393517, 47.3723235 ], [ 8.5392909, 47.3722308 ], [ 8.5394025, 47.3721972 ], [ 8.5394403, 47.3721858 ], [ 8.5394707, 47.3722779 ], [ 8.5395577, 47.3722892 ], [ 8.5396191, 47.3722973 ], [ 8.5396364, 47.3722995 ], [ 8.5396402, 47.3723041 ], [ 8.5396744, 47.3723092 ], [ 8.5396936, 47.3722725 ], [ 8.5397572, 47.3721714 ], [ 8.5399124, 47.3722241 ], [ 8.5400684, 47.3722763 ], [ 8.540002, 47.3723541 ], [ 8.5399361, 47.3724323 ], [ 8.5398737, 47.3725072 ], [ 8.5398466, 47.3725393 ], [ 8.5398384, 47.3725377 ] ] ] } },
{ "type": "Feature", "properties": { "id": "f7a1a381-4c71-4e74-a997-a5f22cf0d6df", "names": null, "sources": "[{'property': '', 'dataset': 'OpenStreetMap', 'license': 'ODbL-1.0', 'record_id': 'w288184626@4', 'update_time': '2026-03-21T16:00:34.000Z', 'confidence': None, 'between': None, 'provider': 'osm', 'resource': 'planet', 'version': '2026-09-06T00:00:00.000Z'}]", "level": null, "height": null, "min_height": null, "is_underground": false, "num_floors": null, "num_floors_underground": null, "min_floor": null, "subtype": "commercial", "class": "retail", "facade_color": null, "facade_material": null, "roof_material": null, "roof_shape": null, "roof_direction": null, "roof_orientation": null, "roof_color": null, "roof_height": null, "has_parts": false, "version": 1, "bbox": { "xmin": 8.539990425109863, "xmax": 8.5402193069458, "ymin": 47.372535705566406, "ymax": 47.37266159057617 } }, "geometry": { "type": "Polygon", "coordinates": [ [ [ 8.5401812, 47.3726548 ], [ 8.539991, 47.3725947 ], [ 8.5400459, 47.3725364 ], [ 8.5401453, 47.372572 ], [ 8.5402185, 47.372602 ], [ 8.5401812, 47.3726548 ] ] ] } },
{ "type": "Feature", "properties": { "id": "d262e24b-48b1-458a-b8cc-e6ea8381e030", "names": null, "sources": "[{'property': '', 'dataset': 'OpenStreetMap', 'license': 'ODbL-1.0', 'record_id': 'w288184611@4', 'update_time': '2026-03-21T16:00:40.000Z', 'confidence': None, 'between': None, 'provider': 'osm', 'resource': 'planet', 'version': '2026-09-06T00:00:00.000Z'}]", "level": null, "height": null, "min_height": null, "is_underground": false, "num_floors": null, "num_floors_underground": null, "min_floor": null, "subtype": "commercial", "class": "retail", "facade_color": null, "facade_material": null, "roof_material": null, "roof_shape": null, "roof_direction": null, "roof_orientation": null, "roof_color": null, "roof_height": null, "has_parts": false, "version": 1, "bbox": { "xmin": 8.539944648742676, "xmax": 8.540215492248535, "ymin": 47.37259292602539, "ymax": 47.37274169921875 } }, "geometry": { "type": "Polygon", "coordinates": [ [ [ 8.5401421, 47.3727267 ], [ 8.5399447, 47.3726639 ], [ 8.539991, 47.3725947 ], [ 8.5401812, 47.3726548 ], [ 8.5401867, 47.3726545 ], [ 8.5402046, 47.3726619 ], [ 8.5402153, 47.3726662 ], [ 8.5402122, 47.372671 ], [ 8.5401699, 47.3727355 ], [ 8.5401421, 47.3727267 ] ] ] } },
{ "type": "Feature", "properties": { "id": "ebfcb922-d05f-4313-a242-614b72076c86", "names": null, "sources": "[{'property': '', 'dataset': 'OpenStreetMap', 'license': 'ODbL-1.0', 'record_id': 'w288184613@4', 'update_time': '2026-03-21T16:00:29.000Z', 'confidence': None, 'between': None, 'provider': 'osm', 'resource': 'planet', 'version': '2026-09-06T00:00:00.000Z'}]", "level": null, "height": null, "min_height": null, "is_underground": false, "num_floors": null, "num_floors_underground": null, "min_floor": null, "subtype": "commercial", "class": "retail", "facade_color": null, "facade_material": null, "roof_material": null, "roof_shape": null, "roof_direction": null, "roof_orientation": null, "roof_color": null, "roof_height": null, "has_parts": false, "version": 1, "bbox": { "xmin": 8.539880752563477, "xmax": 8.540143013000488, "ymin": 47.372657775878906, "ymax": 47.37281036376953 } }, "geometry": { "type": "Polygon", "coordinates": [ [ [ 8.540039, 47.3727959 ], [ 8.5398822, 47.3727479 ], [ 8.5399447, 47.3726639 ], [ 8.5401421, 47.3727267 ], [ 8.5400836, 47.3728066 ], [ 8.540039, 47.3727959 ] ] ] } },
{ "type": "Feature", "properties": { "id": "161f76ed-e266-455e-9ece-530ddc47ae88", "names": null, "sources": "[{'property': '', 'dataset': 'OpenStreetMap', 'license': 'ODbL-1.0', 'record_id': 'w288184615@5', 'update_time': '2026-03-21T16:00:44.000Z', 'confidence': None, 'between': None, 'provider': 'osm', 'resource': 'planet', 'version': '2026-09-06T00:00:00.000Z'}]", "level": null, "height": null, "min_height": null, "is_underground": false, "num_floors": null, "num_floors_underground": null, "min_floor": null, "subtype": "commercial", "class": "retail", "facade_color": null, "facade_material": null, "roof_material": null, "roof_shape": null, "roof_direction": null, "roof_orientation": null, "roof_color": null, "roof_height": null, "has_parts": false, "version": 1, "bbox": { "xmin": 8.539819717407227, "xmax": 8.540092468261719, "ymin": 47.37274169921875, "ymax": 47.37287902832031 } }, "geometry": { "type": "Polygon", "coordinates": [ [ [ 8.5399902, 47.3728781 ], [ 8.5398212, 47.3728237 ], [ 8.5398822, 47.3727479 ], [ 8.540039, 47.3727959 ], [ 8.5400836, 47.3728066 ], [ 8.540091, 47.3728084 ], [ 8.5400588, 47.3728588 ], [ 8.5400133, 47.3728467 ], [ 8.5399902, 47.3728781 ] ] ] } },
{ "type": "Feature", "properties": { "id": "7515e5b1-3aac-4014-9eeb-b70cd19b534d", "names": null, "sources": "[{'property': '', 'dataset': 'OpenStreetMap', 'license': 'ODbL-1.0', 'record_id': 'w288184616@2', 'update_time': '2023-05-13T20:20:51.000Z', 'confidence': None, 'between': None, 'provider': 'osm', 'resource': 'planet', 'version': '2026-09-06T00:00:00.000Z'}]", "level": null, "height": null, "min_height": null, "is_underground": false, "num_floors": null, "num_floors_underground": null, "min_floor": null, "subtype": "commercial", "class": "retail", "facade_color": null, "facade_material": null, "roof_material": null, "roof_shape": null, "roof_direction": null, "roof_orientation": null, "roof_color": null, "roof_height": null, "has_parts": false, "version": 1, "bbox": { "xmin": 8.539793968200684, "xmax": 8.539990425109863, "ymin": 47.37282180786133, "ymax": 47.372920989990234 } }, "geometry": { "type": "Polygon", "coordinates": [ [ [ 8.5399523, 47.3729076 ], [ 8.5397941, 47.3728566 ], [ 8.5398212, 47.3728237 ], [ 8.5399902, 47.3728781 ], [ 8.5399645, 47.3729143 ], [ 8.5399517, 47.3729105 ], [ 8.5399523, 47.3729076 ] ] ] } },
{ "type": "Feature", "properties": { "id": "201a524a-2273-4045-9131-5cd8a747d926", "names": null, "sources": "[{'property': '', 'dataset': 'OpenStreetMap', 'license': 'ODbL-1.0', 'record_id': 'w288184618@2', 'update_time': '2023-05-13T20:20:52.000Z', 'confidence': None, 'between': None, 'provider': 'osm', 'resource': 'planet', 'version': '2026-09-06T00:00:00.000Z'}]", "level": null, "height": null, "min_height": null, "is_underground": false, "num_floors": null, "num_floors_underground": null, "min_floor": null, "subtype": "commercial", "class": "retail", "facade_color": null, "facade_material": null, "roof_material": null, "roof_shape": null, "roof_direction": null, "roof_orientation": null, "roof_color": null, "roof_height": null, "has_parts": false, "version": 1, "bbox": { "xmin": 8.539765357971191, "xmax": 8.540024757385254, "ymin": 47.37285614013672, "ymax": 47.37297439575195 } }, "geometry": { "type": "Polygon", "coordinates": [ [ [ 8.5398989, 47.3729398 ], [ 8.5397654, 47.3728945 ], [ 8.5397941, 47.3728566 ], [ 8.5399523, 47.3729076 ], [ 8.5399517, 47.3729105 ], [ 8.5399645, 47.3729143 ], [ 8.5399734, 47.3729129 ], [ 8.5400014, 47.3729226 ], [ 8.5400243, 47.3729306 ], [ 8.5400221, 47.3729337 ], [ 8.5399985, 47.3729672 ], [ 8.5399938, 47.3729733 ], [ 8.5399789, 47.3729697 ], [ 8.5398989, 47.3729398 ] ] ] } },
{ "type": "Feature", "properties": { "id": "99dcf5ec-96f0-40ad-8443-bc362c4fe3f0", "names": null, "sources": "[{'property': '', 'dataset': 'OpenStreetMap', 'license': 'ODbL-1.0', 'record_id': 'w288184608@4', 'update_time': '2026-03-21T15:59:55.000Z', 'confidence': None, 'between': None, 'provider': 'osm', 'resource': 'planet', 'version': '2026-09-06T00:00:00.000Z'}]", "level": null, "height": null, "min_height": null, "is_underground": false, "num_floors": null, "num_floors_underground": null, "min_floor": null, "subtype": null, "class": null, "facade_color": null, "facade_material": null, "roof_material": null, "roof_shape": null, "roof_direction": null, "roof_orientation": null, "roof_color": null, "roof_height": null, "has_parts": false, "version": 1, "bbox": { "xmin": 8.539999961853027, "xmax": 8.540067672729492, "ymin": 47.37289810180664, "ymax": 47.372947692871094 } }, "geometry": { "type": "Polygon", "coordinates": [ [ [ 8.5400243, 47.3729306 ], [ 8.5400014, 47.3729226 ], [ 8.5400129, 47.3729054 ], [ 8.5400676, 47.3729202 ], [ 8.5400563, 47.3729418 ], [ 8.5400221, 47.3729337 ], [ 8.5400243, 47.3729306 ] ] ] } },
{ "type": "Feature", "properties": { "id": "bfd28475-8e2f-4182-b821-f09f5dd99853", "names": null, "sources": "[{'property': '', 'dataset': 'OpenStreetMap', 'license': 'ODbL-1.0', 'record_id': 'w288184614@3', 'update_time': '2026-03-21T16:00:07.000Z', 'confidence': None, 'between': None, 'provider': 'osm', 'resource': 'planet', 'version': '2026-09-06T00:00:00.000Z'}]", "level": null, "height": null, "min_height": null, "is_underground": false, "num_floors": null, "num_floors_underground": null, "min_floor": null, "subtype": null, "class": null, "facade_color": null, "facade_material": null, "roof_material": null, "roof_shape": null, "roof_direction": null, "roof_orientation": null, "roof_color": null, "roof_height": null, "has_parts": false, "version": 1, "bbox": { "xmin": 8.539933204650879, "xmax": 8.540179252624512, "ymin": 47.37296676635742, "ymax": 47.37327575683594 } }, "geometry": { "type": "Polygon", "coordinates": [ [ [ 8.53995, 47.3732212 ], [ 8.5399814, 47.3731861 ], [ 8.5400122, 47.3731986 ], [ 8.5400616, 47.373143 ], [ 8.5400676, 47.3731458 ], [ 8.5400926, 47.3731168 ], [ 8.5399779, 47.373068 ], [ 8.5399336, 47.3730419 ], [ 8.5399634, 47.372989 ], [ 8.5399789, 47.3729697 ], [ 8.5399938, 47.3729733 ], [ 8.5399985, 47.3729672 ], [ 8.5400491, 47.3729805 ], [ 8.5400467, 47.3729866 ], [ 8.5400962, 47.3730003 ], [ 8.5401747, 47.3730221 ], [ 8.5401786, 47.3730235 ], [ 8.5401408, 47.3731323 ], [ 8.5401229, 47.3731576 ], [ 8.5400866, 47.3732694 ], [ 8.53995, 47.3732212 ] ] ] } },
{ "type": "Feature", "properties": { "id": "b08dbb76-92ed-46ac-a7ae-78bd56c6fa6e", "names": null, "sources": "[{'property': '', 'dataset': 'OpenStreetMap', 'license': 'ODbL-1.0', 'record_id': 'w288184605@4', 'update_time': '2026-03-21T16:00:39.000Z', 'confidence': None, 'between': None, 'provider': 'osm', 'resource': 'planet', 'version': '2026-09-06T00:00:00.000Z'}]", "level": null, "height": null, "min_height": null, "is_underground": false, "num_floors": null, "num_floors_underground": null, "min_floor": null, "subtype": "residential", "class": "apartments", "facade_color": null, "facade_material": null, "roof_material": null, "roof_shape": null, "roof_direction": null, "roof_orientation": null, "roof_color": null, "roof_height": null, "has_parts": false, "version": 1, "bbox": { "xmin": 8.539619445800781, "xmax": 8.53997802734375, "ymin": 47.372962951660156, "ymax": 47.37316131591797 } }, "geometry": { "type": "Polygon", "coordinates": [ [ [ 8.5398909, 47.3731075 ], [ 8.5398564, 47.3731553 ], [ 8.5397869, 47.3731307 ], [ 8.5396196, 47.3730732 ], [ 8.5396607, 47.3730209 ], [ 8.5397021, 47.3729695 ], [ 8.5398881, 47.3730276 ], [ 8.5399336, 47.3730419 ], [ 8.5399779, 47.373068 ], [ 8.5399606, 47.3730884 ], [ 8.5399176, 47.3730704 ], [ 8.5398909, 47.3731075 ] ] ] } },
{ "type": "Feature", "properties": { "id": "e734e598-09cc-41e3-a594-93d5e78ae956", "names": null, "sources": "[{'property': '', 'dataset': 'OpenStreetMap', 'license': 'ODbL-1.0', 'record_id': 'w288184620@2', 'update_time': '2023-05-13T20:20:52.000Z', 'confidence': None, 'between': None, 'provider': 'osm', 'resource': 'planet', 'version': '2026-09-06T00:00:00.000Z'}]", "level": null, "height": null, "min_height": null, "is_underground": false, "num_floors": null, "num_floors_underground": null, "min_floor": null, "subtype": "commercial", "class": "retail", "facade_color": null, "facade_material": null, "roof_material": null, "roof_shape": null, "roof_direction": null, "roof_orientation": null, "roof_color": null, "roof_height": null, "has_parts": false, "version": 1, "bbox": { "xmin": 8.539701461791992, "xmax": 8.53990650177002, "ymin": 47.3729362487793, "ymax": 47.37302780151367 } }, "geometry": { "type": "Polygon", "coordinates": [ [ [ 8.5398881, 47.3730276 ], [ 8.5397021, 47.3729695 ], [ 8.5397284, 47.3729381 ], [ 8.5398964, 47.3729965 ], [ 8.5399064, 47.3729999 ], [ 8.5398881, 47.3730276 ] ] ] } },
{ "type": "Feature", "properties": { "id": "e8d2e9a1-efde-41a4-8a68-846bcc7fcf30", "names": null, "sources": "[{'property': '', 'dataset': 'OpenStreetMap', 'license': 'ODbL-1.0', 'record_id': 'w288184619@2', 'update_time': '2023-05-13T20:20:52.000Z', 'confidence': None, 'between': None, 'provider': 'osm', 'resource': 'planet', 'version': '2026-09-06T00:00:00.000Z'}]", "level": null, "height": null, "min_height": null, "is_underground": false, "num_floors": null, "num_floors_underground": null, "min_floor": null, "subtype": "commercial", "class": "retail", "facade_color": null, "facade_material": null, "roof_material": null, "roof_shape": null, "roof_direction": null, "roof_orientation": null, "roof_color": null, "roof_height": null, "has_parts": false, "version": 1, "bbox": { "xmin": 8.539728164672852, "xmax": 8.539921760559082, "ymin": 47.372894287109375, "ymax": 47.37299728393555 } }, "geometry": { "type": "Polygon", "coordinates": [ [ [ 8.5398964, 47.3729965 ], [ 8.5397284, 47.3729381 ], [ 8.5397654, 47.3728945 ], [ 8.5398989, 47.3729398 ], [ 8.5398896, 47.3729515 ], [ 8.5399203, 47.3729632 ], [ 8.5398964, 47.3729965 ] ] ] } },
{ "type": "Feature", "properties": { "id": "75bfa7f6-3d36-4092-bdcc-82ce147672d5", "names": null, "sources": "[{'property': '', 'dataset': 'OpenStreetMap', 'license': 'ODbL-1.0', 'record_id': 'w89434898@4', 'update_time': '2026-03-21T16:00:36.000Z', 'confidence': None, 'between': None, 'provider': 'osm', 'resource': 'planet', 'version': '2026-09-06T00:00:00.000Z'}]", "level": null, "height": null, "min_height": null, "is_underground": false, "num_floors": null, "num_floors_underground": null, "min_floor": null, "subtype": null, "class": null, "facade_color": null, "facade_material": null, "roof_material": null, "roof_shape": null, "roof_direction": null, "roof_orientation": null, "roof_color": null, "roof_height": null, "has_parts": false, "version": 1, "bbox": { "xmin": 8.539326667785645, "xmax": 8.53966236114502, "ymin": 47.372676849365234, "ymax": 47.372867584228516 } }, "geometry": { "type": "Polygon", "coordinates": [ [ [ 8.539662, 47.3727631 ], [ 8.5395909, 47.3728665 ], [ 8.5394138, 47.3728006 ], [ 8.5394223, 47.3727889 ], [ 8.5393281, 47.3727583 ], [ 8.5393488, 47.372723 ], [ 8.5393268, 47.3727156 ], [ 8.5393527, 47.3726772 ], [ 8.5395179, 47.3727229 ], [ 8.539662, 47.3727631 ] ] ] } },
{ "type": "Feature", "properties": { "id": "7acfb891-0a04-40a3-810f-4c0eb3248d95", "names": null, "sources": "[{'property': '', 'dataset': 'OpenStreetMap', 'license': 'ODbL-1.0', 'record_id': 'w89434911@4', 'update_time': '2026-03-21T16:00:23.000Z', 'confidence': None, 'between': None, 'provider': 'osm', 'resource': 'planet', 'version': '2026-09-06T00:00:00.000Z'}]", "level": null, "height": null, "min_height": null, "is_underground": false, "num_floors": null, "num_floors_underground": null, "min_floor": null, "subtype": null, "class": null, "facade_color": null, "facade_material": null, "roof_material": null, "roof_shape": null, "roof_direction": null, "roof_orientation": null, "roof_color": null, "roof_height": null, "has_parts": false, "version": 1, "bbox": { "xmin": 8.539366722106934, "xmax": 8.539591789245605, "ymin": 47.37278747558594, "ymax": 47.37291717529297 } }, "geometry": { "type": "Polygon", "coordinates": [ [ [ 8.5395909, 47.3728665 ], [ 8.5395566, 47.3729166 ], [ 8.5394168, 47.3728691 ], [ 8.5393748, 47.3728542 ], [ 8.5393814, 47.3728458 ], [ 8.539371, 47.3728414 ], [ 8.5393748, 47.3728369 ], [ 8.5393668, 47.3728339 ], [ 8.5393943, 47.372794 ], [ 8.5394138, 47.3728006 ], [ 8.5395909, 47.3728665 ] ] ] } },
{ "type": "Feature", "properties": { "id": "f8a0b659-662d-483c-8b7d-990096e137b4", "names": "{'primary': 'Haus zum Büffel', 'common': None, 'rules': None}", "sources": "[{'property': '', 'dataset': 'OpenStreetMap', 'license': 'ODbL-1.0', 'record_id': 'w89434876@5', 'update_time': '2026-03-21T16:00:36.000Z', 'confidence': None, 'between': None, 'provider': 'osm', 'resource': 'planet', 'version': '2026-09-06T00:00:00.000Z'}]", "level": null, "height": null, "min_height": null, "is_underground": false, "num_floors": 6.0, "num_floors_underground": null, "min_floor": null, "subtype": null, "class": null, "facade_color": null, "facade_material": null, "roof_material": null, "roof_shape": null, "roof_direction": null, "roof_orientation": null, "roof_color": null, "roof_height": null, "has_parts": false, "version": 1, "bbox": { "xmin": 8.539362907409668, "xmax": 8.539557456970215, "ymin": 47.372867584228516, "ymax": 47.37299346923828 } }, "geometry": { "type": "Polygon", "coordinates": [ [ [ 8.5393841, 47.372943 ], [ 8.539363, 47.3729355 ], [ 8.5394168, 47.3728691 ], [ 8.5395566, 47.3729166 ], [ 8.5395282, 47.3729513 ], [ 8.5394997, 47.3729861 ], [ 8.5393841, 47.372943 ] ] ] } },
{ "type": "Feature", "properties": { "id": "413de80a-5870-49fd-8264-ce62e49c635b", "names": null, "sources": "[{'property': '', 'dataset': 'OpenStreetMap', 'license': 'ODbL-1.0', 'record_id': 'w89434920@5', 'update_time': '2026-03-21T16:00:23.000Z', 'confidence': None, 'between': None, 'provider': 'osm', 'resource': 'planet', 'version': '2026-09-06T00:00:00.000Z'}]", "level": null, "height": null, "min_height": null, "is_underground": false, "num_floors": null, "num_floors_underground": null, "min_floor": null, "subtype": null, "class": null, "facade_color": null, "facade_material": null, "roof_material": null, "roof_shape": null, "roof_direction": null, "roof_orientation": null, "roof_color": null, "roof_height": null, "has_parts": false, "version": 1, "bbox": { "xmin": 8.53921890258789, "xmax": 8.539417266845703, "ymin": 47.37276077270508, "ymax": 47.3729362487793 } }, "geometry": { "type": "Polygon", "coordinates": [ [ [ 8.5392825, 47.3729046 ], [ 8.5392196, 47.3728806 ], [ 8.539259, 47.3728137 ], [ 8.5392949, 47.3727618 ], [ 8.5393943, 47.372794 ], [ 8.5393668, 47.3728339 ], [ 8.5393748, 47.3728369 ], [ 8.539371, 47.3728414 ], [ 8.5393814, 47.3728458 ], [ 8.5393748, 47.3728542 ], [ 8.5394168, 47.3728691 ], [ 8.539363, 47.3729355 ], [ 8.5392825, 47.3729046 ] ] ] } },
{ "type": "Feature", "properties": { "id": "9c7f9021-0e1f-45db-9afc-15f8d2763703", "names": null, "sources": "[{'property': '', 'dataset': 'OpenStreetMap', 'license': 'ODbL-1.0', 'record_id': 'w89434874@7', 'update_time': '2026-09-01T08:27:07.000Z', 'confidence': None, 'between': None, 'provider': 'osm', 'resource': 'planet', 'version': '2026-09-06T00:00:00.000Z'}]", "level": null, "height": null, "min_height": null, "is_underground": false, "num_floors": 4.0, "num_floors_underground": null, "min_floor": null, "subtype": "commercial", "class": "retail", "facade_color": null, "facade_material": null, "roof_material": null, "roof_shape": null, "roof_direction": null, "roof_orientation": null, "roof_color": null, "roof_height": null, "has_parts": false, "version": 2, "bbox": { "xmin": 8.53896427154541, "xmax": 8.539327621459961, "ymin": 47.37263107299805, "ymax": 47.372886657714844 } }, "geometry": { "type": "Polygon", "coordinates": [ [ [ 8.539093, 47.3728346 ], [ 8.5389643, 47.3727947 ], [ 8.5390029, 47.372684 ], [ 8.5390126, 47.3726379 ], [ 8.5390137, 47.3726317 ], [ 8.5391533, 47.3726562 ], [ 8.5393268, 47.3727156 ], [ 8.5392949, 47.3727618 ], [ 8.539259, 47.3728137 ], [ 8.5392196, 47.3728806 ], [ 8.539093, 47.3728346 ] ] ] } },
{ "type": "Feature", "properties": { "id": "e31e2351-6271-4290-b14d-eb96ff9c832d", "names": null, "sources": "[{'property': '', 'dataset': 'OpenStreetMap', 'license': 'ODbL-1.0', 'record_id': 'w288322654@3', 'update_time': '2026-03-21T16:00:43.000Z', 'confidence': None, 'between': None, 'provider': 'osm', 'resource': 'planet', 'version': '2026-09-06T00:00:00.000Z'}]", "level": null, "height": null, "min_height": null, "is_underground": false, "num_floors": null, "num_floors_underground": null, "min_floor": null, "subtype": null, "class": null, "facade_color": null, "facade_material": null, "roof_material": null, "roof_shape": null, "roof_direction": null, "roof_orientation": null, "roof_color": null, "roof_height": null, "has_parts": false, "version": 1, "bbox": { "xmin": 8.538971900939941, "xmax": 8.539223670959473, "ymin": 47.372920989990234, "ymax": 47.373077392578125 } }, "geometry": { "type": "Polygon", "coordinates": [ [ [ 8.5389726, 47.3730538 ], [ 8.5389876, 47.3730325 ], [ 8.5390158, 47.3729976 ], [ 8.5390252, 47.3729985 ], [ 8.5390758, 47.3729248 ], [ 8.5392222, 47.3729823 ], [ 8.5391528, 47.3730554 ], [ 8.5391255, 47.3730442 ], [ 8.5390847, 47.3730271 ], [ 8.5390378, 47.3730757 ], [ 8.5389726, 47.3730538 ] ] ] } },
{ "type": "Feature", "properties": { "id": "0cfbb7e3-4d8f-4c8a-b495-66de3bfeb46b", "names": "{'primary': 'Hammerstein', 'common': None, 'rules': None}", "sources": "[{'property': '', 'dataset': 'OpenStreetMap', 'license': 'ODbL-1.0', 'record_id': 'w288322647@4', 'update_time': '2026-03-21T16:00:09.000Z', 'confidence': None, 'between': None, 'provider': 'osm', 'resource': 'planet', 'version': '2026-09-06T00:00:00.000Z'}]", "level": null, "height": null, "min_height": null, "is_underground": false, "num_floors": null, "num_floors_underground": null, "min_floor": null, "subtype": null, "class": null, "facade_color": null, "facade_material": null, "roof_material": null, "roof_shape": null, "roof_direction": null, "roof_orientation": null, "roof_color": null, "roof_height": null, "has_parts": false, "version": 1, "bbox": { "xmin": 8.539152145385742, "xmax": 8.53943157196045, "ymin": 47.372982025146484, "ymax": 47.373146057128906 } }, "geometry": { "type": "Polygon", "coordinates": [ [ [ 8.5391769, 47.3730655 ], [ 8.5391528, 47.3730554 ], [ 8.5392222, 47.3729823 ], [ 8.5392802, 47.3730054 ], [ 8.5394309, 47.3730684 ], [ 8.5393968, 47.3731064 ], [ 8.5393648, 47.3731443 ], [ 8.5392827, 47.373111 ], [ 8.5392602, 47.3730967 ], [ 8.5391828, 47.3730643 ], [ 8.5391769, 47.3730655 ] ] ] } },
{ "type": "Feature", "properties": { "id": "f77abe1d-c5f1-4110-983e-798212d97190", "names": null, "sources": "[{'property': '', 'dataset': 'OpenStreetMap', 'license': 'ODbL-1.0', 'record_id': 'w288322650@4', 'update_time': '2026-03-21T16:00:26.000Z', 'confidence': None, 'between': None, 'provider': 'osm', 'resource': 'planet', 'version': '2026-09-06T00:00:00.000Z'}]", "level": null, "height": null, "min_height": null, "is_underground": false, "num_floors": null, "num_floors_underground": null, "min_floor": null, "subtype": "commercial", "class": "retail", "facade_color": null, "facade_material": null, "roof_material": null, "roof_shape": null, "roof_direction": null, "roof_orientation": null, "roof_color": null, "roof_height": null, "has_parts": false, "version": 1, "bbox": { "xmin": 8.539033889770508, "xmax": 8.5393648147583, "ymin": 47.37302017211914, "ymax": 47.373199462890625 } }, "geometry": { "type": "Polygon", "coordinates": [ [ [ 8.5392827, 47.373111 ], [ 8.5393648, 47.3731443 ], [ 8.5393235, 47.3731934 ], [ 8.5392203, 47.3731527 ], [ 8.539209, 47.3731445 ], [ 8.5390702, 47.3730927 ], [ 8.5390636, 47.373094 ], [ 8.5390345, 47.3730822 ], [ 8.5390378, 47.3730757 ], [ 8.5390847, 47.3730271 ], [ 8.5391255, 47.3730442 ], [ 8.5391062, 47.3730665 ], [ 8.5391575, 47.3730878 ], [ 8.5391769, 47.3730655 ], [ 8.5391828, 47.3730643 ], [ 8.5392602, 47.3730967 ], [ 8.5392827, 47.373111 ] ] ] } },
{ "type": "Feature", "properties": { "id": "2787d443-e23b-4e00-af5f-ff722e7dec44", "names": null, "sources": "[{'property': '', 'dataset': 'OpenStreetMap', 'license': 'ODbL-1.0', 'record_id': 'w288322659@3', 'update_time': '2026-03-21T16:00:27.000Z', 'confidence': None, 'between': None, 'provider': 'osm', 'resource': 'planet', 'version': '2026-09-06T00:00:00.000Z'}]", "level": null, "height": null, "min_height": null, "is_underground": false, "num_floors": null, "num_floors_underground": null, "min_floor": null, "subtype": null, "class": null, "facade_color": null, "facade_material": null, "roof_material": null, "roof_shape": null, "roof_direction": null, "roof_orientation": null, "roof_color": null, "roof_height": null, "has_parts": false, "version": 1, "bbox": { "xmin": 8.538888931274414, "xmax": 8.53907585144043, "ymin": 47.37289047241211, "ymax": 47.37303924560547 } }, "geometry": { "type": "Polygon", "coordinates": [ [ [ 8.5388938, 47.3729995 ], [ 8.5388891, 47.3729893 ], [ 8.5389741, 47.3728914 ], [ 8.5390758, 47.3729248 ], [ 8.5390252, 47.3729985 ], [ 8.5390158, 47.3729976 ], [ 8.5389876, 47.3730325 ], [ 8.5388938, 47.3729995 ] ] ] } },
{ "type": "Feature", "properties": { "id": "16b055c2-5649-482a-b816-713c1744f7b9", "names": null, "sources": "[{'property': '', 'dataset': 'OpenStreetMap', 'license': 'ODbL-1.0', 'record_id': 'w288322657@6', 'update_time': '2026-03-21T16:00:40.000Z', 'confidence': None, 'between': None, 'provider': 'osm', 'resource': 'planet', 'version': '2026-09-06T00:00:00.000Z'}]", "level": null, "height": null, "min_height": null, "is_underground": false, "num_floors": 5.0, "num_floors_underground": null, "min_floor": null, "subtype": "residential", "class": "apartments", "facade_color": null, "facade_material": null, "roof_material": null, "roof_shape": null, "roof_direction": null, "roof_orientation": null, "roof_color": null, "roof_height": null, "has_parts": false, "version": 1, "bbox": { "xmin": 8.538424491882324, "xmax": 8.53866958618164, "ymin": 47.37297821044922, "ymax": 47.37317657470703 } }, "geometry": { "type": "Polygon", "coordinates": [ [ [ 8.538664, 47.3731755 ], [ 8.5386538, 47.3731759 ], [ 8.5384245, 47.3731717 ], [ 8.5384358, 47.3729788 ], [ 8.5385936, 47.3729912 ], [ 8.5385908, 47.3730376 ], [ 8.5386687, 47.3730471 ], [ 8.538664, 47.3731755 ] ] ] } },
{ "type": "Feature", "properties": { "id": "3b09fe7b-8970-4e98-8a07-cf1f6315f9ef", "names": null, "sources": "[{'property': '', 'dataset': 'OpenStreetMap', 'license': 'ODbL-1.0', 'record_id': 'w288322656@6', 'update_time': '2026-03-28T08:32:08.000Z', 'confidence': None, 'between': None, 'provider': 'osm', 'resource': 'planet', 'version': '2026-09-06T00:00:00.000Z'}]", "level": null, "height": null, "min_height": null, "is_underground": false, "num_floors": 5.0, "num_floors_underground": null, "min_floor": null, "subtype": "commercial", "class": "office", "facade_color": null, "facade_material": null, "roof_material": null, "roof_shape": null, "roof_direction": null, "roof_orientation": null, "roof_color": null, "roof_height": null, "has_parts": false, "version": 2, "bbox": { "xmin": 8.538434982299805, "xmax": 8.538653373718262, "ymin": 47.37285614013672, "ymax": 47.37300109863281 } }, "geometry": { "type": "Polygon", "coordinates": [ [ [ 8.5386415, 47.3729937 ], [ 8.5385936, 47.3729912 ], [ 8.5384358, 47.3729788 ], [ 8.5384378, 47.3728804 ], [ 8.5385589, 47.3728807 ], [ 8.5385598, 47.3728635 ], [ 8.5386527, 47.3728648 ], [ 8.5386462, 47.3729391 ], [ 8.5386415, 47.3729937 ] ] ] } },
{ "type": "Feature", "properties": { "id": "73f64f9c-1795-45d0-b43e-e597fdbf4a3f", "names": null, "sources": "[{'property': '', 'dataset': 'OpenStreetMap', 'license': 'ODbL-1.0', 'record_id': 'w288322648@6', 'update_time': '2026-03-21T16:00:19.000Z', 'confidence': None, 'between': None, 'provider': 'osm', 'resource': 'planet', 'version': '2026-09-06T00:00:00.000Z'}]", "level": null, "height": null, "min_height": null, "is_underground": false, "num_floors": null, "num_floors_underground": null, "min_floor": null, "subtype": "commercial", "class": "commercial", "facade_color": null, "facade_material": null, "roof_material": null, "roof_shape": null, "roof_direction": null, "roof_orientation": null, "roof_color": null, "roof_height": null, "has_parts": false, "version": 1, "bbox": { "xmin": 8.538436889648438, "xmax": 8.538686752319336, "ymin": 47.37276077270508, "ymax": 47.372886657714844 } }, "geometry": { "type": "Polygon", "coordinates": [ [ [ 8.5386853, 47.3727913 ], [ 8.5386527, 47.3728648 ], [ 8.5385598, 47.3728635 ], [ 8.5385589, 47.3728807 ], [ 8.5384378, 47.3728804 ], [ 8.5384396, 47.3728198 ], [ 8.5384418, 47.3727608 ], [ 8.5385908, 47.3727625 ], [ 8.5386853, 47.3727913 ] ] ] } },
{ "type": "Feature", "properties": { "id": "9557372d-d1e7-4455-824d-c692aee47d12", "names": null, "sources": "[{'property': '', 'dataset': 'OpenStreetMap', 'license': 'ODbL-1.0', 'record_id': 'w1284106849@3', 'update_time': '2026-03-21T16:00:39.000Z', 'confidence': None, 'between': None, 'provider': 'osm', 'resource': 'planet', 'version': '2026-09-06T00:00:00.000Z'}]", "level": null, "height": null, "min_height": null, "is_underground": false, "num_floors": null, "num_floors_underground": null, "min_floor": null, "subtype": null, "class": null, "facade_color": null, "facade_material": null, "roof_material": null, "roof_shape": null, "roof_direction": null, "roof_orientation": null, "roof_color": null, "roof_height": null, "has_parts": false, "version": 1, "bbox": { "xmin": 8.53864574432373, "xmax": 8.538841247558594, "ymin": 47.3727912902832, "ymax": 47.37297058105469 } }, "geometry": { "type": "Polygon", "coordinates": [ [ [ 8.5386527, 47.3728648 ], [ 8.5386853, 47.3727913 ], [ 8.5387632, 47.3728174 ], [ 8.5388411, 47.3728434 ], [ 8.5387691, 47.3729645 ], [ 8.5386462, 47.3729391 ], [ 8.5386527, 47.3728648 ] ] ] } },
{ "type": "Feature", "properties": { "id": "c0dce9b4-e641-4bed-94b0-e6883e39eff8", "names": null, "sources": "[{'property': '', 'dataset': 'OpenStreetMap', 'license': 'ODbL-1.0', 'record_id': 'w288322663@4', 'update_time': '2026-03-21T16:00:16.000Z', 'confidence': None, 'between': None, 'provider': 'osm', 'resource': 'planet', 'version': '2026-09-06T00:00:00.000Z'}]", "level": null, "height": null, "min_height": null, "is_underground": false, "num_floors": null, "num_floors_underground": null, "min_floor": null, "subtype": null, "class": null, "facade_color": null, "facade_material": null, "roof_material": null, "roof_shape": null, "roof_direction": null, "roof_orientation": null, "roof_color": null, "roof_height": null, "has_parts": false, "version": 1, "bbox": { "xmin": 8.538768768310547, "xmax": 8.53897476196289, "ymin": 47.37283706665039, "ymax": 47.372989654541016 } }, "geometry": { "type": "Polygon", "coordinates": [ [ [ 8.5388891, 47.3729893 ], [ 8.5387691, 47.3729645 ], [ 8.5388411, 47.3728434 ], [ 8.5389741, 47.3728914 ], [ 8.5388891, 47.3729893 ] ] ] } },
{ "type": "Feature", "properties": { "id": "b232ce99-0d22-4066-8276-d5f83267c5d7", "names": null, "sources": "[{'property': '', 'dataset': 'OpenStreetMap', 'license': 'ODbL-1.0', 'record_id': 'w89434901@5', 'update_time': '2026-03-21T16:00:29.000Z', 'confidence': None, 'between': None, 'provider': 'osm', 'resource': 'planet', 'version': '2026-09-06T00:00:00.000Z'}]", "level": null, "height": null, "min_height": null, "is_underground": false, "num_floors": null, "num_floors_underground": null, "min_floor": null, "subtype": null, "class": null, "facade_color": null, "facade_material": null, "roof_material": null, "roof_shape": null, "roof_direction": null, "roof_orientation": null, "roof_color": null, "roof_height": null, "has_parts": false, "version": 1, "bbox": { "xmin": 8.538765907287598, "xmax": 8.539012908935547, "ymin": 47.37257385253906, "ymax": 47.37279510498047 } }, "geometry": { "type": "Polygon", "coordinates": [ [ [ 8.538822, 47.3727659 ], [ 8.538766, 47.3727546 ], [ 8.5387689, 47.3727382 ], [ 8.5387991, 47.3726461 ], [ 8.5388017, 47.372637 ], [ 8.5387929, 47.3726355 ], [ 8.5388099, 47.3725806 ], [ 8.5388998, 47.3725946 ], [ 8.5388968, 47.3726135 ], [ 8.5388904, 47.3726163 ], [ 8.5388892, 47.3726213 ], [ 8.5390126, 47.3726379 ], [ 8.5390029, 47.372684 ], [ 8.5389643, 47.3727947 ], [ 8.538822, 47.3727659 ] ] ] } },
{ "type": "Feature", "properties": { "id": "a9aa2e13-2b3a-4a8e-8a8f-370703226dad", "names": null, "sources": "[{'property': '', 'dataset': 'OpenStreetMap', 'license': 'ODbL-1.0', 'record_id': 'w89434859@4', 'update_time': '2026-03-21T16:00:13.000Z', 'confidence': None, 'between': None, 'provider': 'osm', 'resource': 'planet', 'version': '2026-09-06T00:00:00.000Z'}]", "level": null, "height": null, "min_height": null, "is_underground": false, "num_floors": null, "num_floors_underground": null, "min_floor": null, "subtype": null, "class": null, "facade_color": null, "facade_material": null, "roof_material": null, "roof_shape": null, "roof_direction": null, "roof_orientation": null, "roof_color": null, "roof_height": null, "has_parts": false, "version": 1, "bbox": { "xmin": 8.538658142089844, "xmax": 8.538799285888672, "ymin": 47.372520446777344, "ymax": 47.372745513916016 } }, "geometry": { "type": "Polygon", "coordinates": [ [ [ 8.5387991, 47.3726461 ], [ 8.5387689, 47.3727382 ], [ 8.5386748, 47.3727058 ], [ 8.5386632, 47.3726972 ], [ 8.5386584, 47.3726861 ], [ 8.5386835, 47.3725333 ], [ 8.5386917, 47.3725278 ], [ 8.5387917, 47.3725402 ], [ 8.5387809, 47.3726037 ], [ 8.5387723, 47.3726034 ], [ 8.5387666, 47.3726409 ], [ 8.5387991, 47.3726461 ] ] ] } },
{ "type": "Feature", "properties": { "id": "3de6e4c8-d3c2-4efb-bf6b-86ff36d9d6d9", "names": null, "sources": "[{'property': '', 'dataset': 'OpenStreetMap', 'license': 'ODbL-1.0', 'record_id': 'w288517137@3', 'update_time': '2026-03-21T16:00:41.000Z', 'confidence': None, 'between': None, 'provider': 'osm', 'resource': 'planet', 'version': '2026-09-06T00:00:00.000Z'}]", "level": null, "height": null, "min_height": null, "is_underground": false, "num_floors": null, "num_floors_underground": null, "min_floor": null, "subtype": null, "class": null, "facade_color": null, "facade_material": null, "roof_material": null, "roof_shape": null, "roof_direction": null, "roof_orientation": null, "roof_color": null, "roof_height": null, "has_parts": false, "version": 1, "bbox": { "xmin": 8.538909912109375, "xmax": 8.539071083068848, "ymin": 47.37246322631836, "ymax": 47.37259292602539 } }, "geometry": { "type": "Polygon", "coordinates": [ [ [ 8.5390709, 47.3725202 ], [ 8.539067, 47.3725868 ], [ 8.5390181, 47.3725854 ], [ 8.5390154, 47.37258 ], [ 8.5389947, 47.3725782 ], [ 8.5389936, 47.3725648 ], [ 8.5389106, 47.3725569 ], [ 8.5389207, 47.3725032 ], [ 8.5389329, 47.3725032 ], [ 8.5389383, 47.372469 ], [ 8.5389888, 47.3724729 ], [ 8.5389824, 47.3725129 ], [ 8.5390709, 47.3725202 ] ] ] } },
{ "type": "Feature", "properties": { "id": "78238b3e-ec42-4988-946c-56a6d34b4c12", "names": null, "sources": "[{'property': '', 'dataset': 'OpenStreetMap', 'license': 'ODbL-1.0', 'record_id': 'w288517133@4', 'update_time': '2026-03-21T16:00:19.000Z', 'confidence': None, 'between': None, 'provider': 'osm', 'resource': 'planet', 'version': '2026-09-06T00:00:00.000Z'}]", "level": null, "height": null, "min_height": null, "is_underground": false, "num_floors": null, "num_floors_underground": null, "min_floor": null, "subtype": "commercial", "class": "retail", "facade_color": null, "facade_material": null, "roof_material": null, "roof_shape": null, "roof_direction": null, "roof_orientation": null, "roof_color": null, "roof_height": null, "has_parts": false, "version": 1, "bbox": { "xmin": 8.538982391357422, "xmax": 8.539074897766113, "ymin": 47.37228775024414, "ymax": 47.3724479675293 } }, "geometry": { "type": "Polygon", "coordinates": [ [ [ 8.5390589, 47.3722884 ], [ 8.5390748, 47.3724472 ], [ 8.5389896, 47.3724464 ], [ 8.5389832, 47.3723005 ], [ 8.5390589, 47.3722884 ] ] ] } },
{ "type": "Feature", "properties": { "id": "50fe2ee4-d5ed-45de-8465-93027adc1732", "names": null, "sources": "[{'property': '', 'dataset': 'OpenStreetMap', 'license': 'ODbL-1.0', 'record_id': 'w288517135@4', 'update_time': '2026-03-21T16:00:02.000Z', 'confidence': None, 'between': None, 'provider': 'osm', 'resource': 'planet', 'version': '2026-09-06T00:00:00.000Z'}]", "level": null, "height": null, "min_height": null, "is_underground": false, "num_floors": null, "num_floors_underground": null, "min_floor": null, "subtype": "commercial", "class": "retail", "facade_color": null, "facade_material": null, "roof_material": null, "roof_shape": null, "roof_direction": null, "roof_orientation": null, "roof_color": null, "roof_height": null, "has_parts": false, "version": 1, "bbox": { "xmin": 8.538908004760742, "xmax": 8.538990020751953, "ymin": 47.37229919433594, "ymax": 47.3724479675293 } }, "geometry": { "type": "Polygon", "coordinates": [ [ [ 8.5389832, 47.3723005 ], [ 8.5389896, 47.3724464 ], [ 8.5389087, 47.372441 ], [ 8.5389082, 47.3723088 ], [ 8.5389832, 47.3723005 ] ] ] } },
{ "type": "Feature", "properties": { "id": "9bfa26b0-68b0-4f7f-b2ed-a385b28aff17", "names": null, "sources": "[{'property': '', 'dataset': 'OpenStreetMap', 'license': 'ODbL-1.0', 'record_id': 'w288517140@3', 'update_time': '2026-03-21T16:00:13.000Z', 'confidence': None, 'between': None, 'provider': 'osm', 'resource': 'planet', 'version': '2026-09-06T00:00:00.000Z'}]", "level": null, "height": null, "min_height": null, "is_underground": false, "num_floors": null, "num_floors_underground": null, "min_floor": null, "subtype": null, "class": null, "facade_color": null, "facade_material": null, "roof_material": null, "roof_shape": null, "roof_direction": null, "roof_orientation": null, "roof_color": null, "roof_height": null, "has_parts": false, "version": 1, "bbox": { "xmin": 8.538810729980469, "xmax": 8.538908958435059, "ymin": 47.3723030090332, "ymax": 47.37244415283203 } }, "geometry": { "type": "Polygon", "coordinates": [ [ [ 8.5389082, 47.3723088 ], [ 8.5389087, 47.372441 ], [ 8.5388112, 47.3724432 ], [ 8.5388109, 47.3724159 ], [ 8.5388178, 47.3723391 ], [ 8.5388183, 47.3723203 ], [ 8.5389082, 47.3723088 ] ] ] } },
{ "type": "Feature", "properties": { "id": "e1209887-5c35-42af-98b1-aed2d36a9e9c", "names": null, "sources": "[{'property': '', 'dataset': 'OpenStreetMap', 'license': 'ODbL-1.0', 'record_id': 'w89434871@2', 'update_time': '2014-06-17T18:41:52.000Z', 'confidence': None, 'between': None, 'provider': 'osm', 'resource': 'planet', 'version': '2026-09-06T00:00:00.000Z'}]", "level": null, "height": null, "min_height": null, "is_underground": false, "num_floors": null, "num_floors_underground": null, "min_floor": null, "subtype": null, "class": null, "facade_color": null, "facade_material": null, "roof_material": null, "roof_shape": null, "roof_direction": null, "roof_orientation": null, "roof_color": null, "roof_height": null, "has_parts": false, "version": 1, "bbox": { "xmin": 8.53870964050293, "xmax": 8.538818359375, "ymin": 47.372337341308594, "ymax": 47.37241744995117 } }, "geometry": { "type": "Polygon", "coordinates": [ [ [ 8.5387102, 47.3723504 ], [ 8.5388178, 47.3723391 ], [ 8.5388109, 47.3724159 ], [ 8.5387128, 47.3724139 ], [ 8.5387102, 47.3723504 ] ] ] } },
{ "type": "Feature", "properties": { "id": "7ab2e00b-73a4-4e6e-9f08-bf2a250d7a75", "names": null, "sources": "[{'property': '', 'dataset': 'OpenStreetMap', 'license': 'ODbL-1.0', 'record_id': 'w89434895@4', 'update_time': '2026-03-21T16:00:21.000Z', 'confidence': None, 'between': None, 'provider': 'osm', 'resource': 'planet', 'version': '2026-09-06T00:00:00.000Z'}]", "level": null, "height": null, "min_height": null, "is_underground": false, "num_floors": null, "num_floors_underground": null, "min_floor": null, "subtype": null, "class": null, "facade_color": null, "facade_material": null, "roof_material": null, "roof_shape": null, "roof_direction": null, "roof_orientation": null, "roof_color": null, "roof_height": null, "has_parts": false, "version": 1, "bbox": { "xmin": 8.538690567016602, "xmax": 8.538812637329102, "ymin": 47.372413635253906, "ymax": 47.3725471496582 } }, "geometry": { "type": "Polygon", "coordinates": [ [ [ 8.538691, 47.3724907 ], [ 8.5387128, 47.3724139 ], [ 8.5388109, 47.3724159 ], [ 8.5388112, 47.3724432 ], [ 8.5388076, 47.3724833 ], [ 8.5387917, 47.3725402 ], [ 8.5386917, 47.3725278 ], [ 8.538691, 47.3724907 ] ] ] } },
{ "type": "Feature", "properties": { "id": "91244551-b09e-4d37-9199-c311cb6b9c32", "names": null, "sources": "[{'property': '', 'dataset': 'OpenStreetMap', 'license': 'ODbL-1.0', 'record_id': 'w89434886@6', 'update_time': '2026-03-21T16:00:07.000Z', 'confidence': None, 'between': None, 'provider': 'osm', 'resource': 'planet', 'version': '2026-09-06T00:00:00.000Z'}]", "level": null, "height": null, "min_height": null, "is_underground": false, "num_floors": null, "num_floors_underground": null, "min_floor": null, "subtype": "commercial", "class": "retail", "facade_color": null, "facade_material": null, "roof_material": null, "roof_shape": null, "roof_direction": null, "roof_orientation": null, "roof_color": null, "roof_height": null, "has_parts": false, "version": 1, "bbox": { "xmin": 8.538450241088867, "xmax": 8.538640975952148, "ymin": 47.37234878540039, "ymax": 47.37254333496094 } }, "geometry": { "type": "Polygon", "coordinates": [ [ [ 8.5386124, 47.3725428 ], [ 8.5384509, 47.3725408 ], [ 8.5384544, 47.3724616 ], [ 8.5384578, 47.3723824 ], [ 8.5384729, 47.3723704 ], [ 8.5384922, 47.3723664 ], [ 8.5386403, 47.3723548 ], [ 8.5386263, 47.3724486 ], [ 8.5386124, 47.3725428 ] ] ] } },
{ "type": "Feature", "properties": { "id": "6076fcfc-9930-4350-970b-a9ad8d8a3ce2", "names": null, "sources": "[{'property': '', 'dataset': 'OpenStreetMap', 'license': 'ODbL-1.0', 'record_id': 'w80378671@7', 'update_time': '2026-03-21T15:59:59.000Z', 'confidence': None, 'between': None, 'provider': 'osm', 'resource': 'planet', 'version': '2026-09-06T00:00:00.000Z'}]", "level": null, "height": null, "min_height": null, "is_underground": false, "num_floors": null, "num_floors_underground": null, "min_floor": null, "subtype": "commercial", "class": "retail", "facade_color": null, "facade_material": null, "roof_material": null, "roof_shape": null, "roof_direction": null, "roof_orientation": null, "roof_color": null, "roof_height": null, "has_parts": false, "version": 1, "bbox": { "xmin": 8.538443565368652, "xmax": 8.538613319396973, "ymin": 47.37253952026367, "ymax": 47.37268829345703 } }, "geometry": { "type": "Polygon", "coordinates": [ [ [ 8.5384442, 47.3726696 ], [ 8.5384509, 47.3725408 ], [ 8.5386124, 47.3725428 ], [ 8.53859, 47.3726815 ], [ 8.5384442, 47.3726696 ] ] ] } },
{ "type": "Feature", "properties": { "id": "10427ff7-3d2c-4889-8ff7-defa51e7fbde", "names": "{'primary': 'SVB Bahnhofstrasse', 'common': None, 'rules': array([{'variant': 'alternate', 'language': None, 'perspectives': None, 'value': 'SVB Bahnhofstrasse', 'between': None, 'side': None}],\n      dtype=object)}", "sources": "[{'property': '', 'dataset': 'OpenStreetMap', 'license': 'ODbL-1.0', 'record_id': 'w80359858@12', 'update_time': '2026-03-21T16:00:18.000Z', 'confidence': None, 'between': None, 'provider': 'osm', 'resource': 'planet', 'version': '2026-09-06T00:00:00.000Z'}]", "level": null, "height": null, "min_height": null, "is_underground": false, "num_floors": 5.0, "num_floors_underground": null, "min_floor": null, "subtype": "commercial", "class": "commercial", "facade_color": null, "facade_material": null, "roof_material": null, "roof_shape": null, "roof_direction": null, "roof_orientation": null, "roof_color": null, "roof_height": null, "has_parts": false, "version": 1, "bbox": { "xmin": 8.537392616271973, "xmax": 8.538151741027832, "ymin": 47.372352600097656, "ymax": 47.372802734375 } }, "geometry": { "type": "Polygon", "coordinates": [ [ [ 8.5375268, 47.3725097 ], [ 8.5377519, 47.372353 ], [ 8.5379643, 47.3723786 ], [ 8.5381511, 47.3724018 ], [ 8.5381436, 47.3726182 ], [ 8.5381372, 47.372801 ], [ 8.5378813, 47.3727969 ], [ 8.5378815, 47.37279 ], [ 8.5377695, 47.3727882 ], [ 8.5377691, 47.3728003 ], [ 8.5377191, 47.3727995 ], [ 8.537665, 47.3727986 ], [ 8.5376656, 47.3727834 ], [ 8.537599, 47.3727356 ], [ 8.5375808, 47.3727353 ], [ 8.5375831, 47.3726823 ], [ 8.5375782, 47.3726822 ], [ 8.5375526, 47.3726818 ], [ 8.5375262, 47.3726813 ], [ 8.5375112, 47.372681 ], [ 8.5373928, 47.3726031 ], [ 8.5374081, 47.3725924 ], [ 8.5374298, 47.3725774 ], [ 8.5374506, 47.3725628 ], [ 8.5375268, 47.3725097 ] ] ] } },
{ "type": "Feature", "properties": { "id": "66c536b6-37d4-4c06-9367-e951e17bb34e", "names": "{'primary': 'St. Annahof', 'common': None, 'rules': None}", "sources": "[{'property': '', 'dataset': 'OpenStreetMap', 'license': 'ODbL-1.0', 'record_id': 'r4581096@5', 'update_time': '2023-03-09T08:54:05.000Z', 'confidence': None, 'between': None, 'provider': 'osm', 'resource': 'planet', 'version': '2026-09-06T00:00:00.000Z'}\n {'property': '/properties/height', 'dataset': 'Microsoft ML Buildings', 'license': 'ODbL-1.0', 'record_id': None, 'update_time': None, 'confidence': None, 'between': None, 'provider': 'microsoft', 'resource': 'ml_buildings', 'version': '2026-08-11'}]", "level": null, "height": 17.102636337280273, "min_height": null, "is_underground": false, "num_floors": 5.0, "num_floors_underground": null, "min_floor": null, "subtype": "commercial", "class": "retail", "facade_color": null, "facade_material": null, "roof_material": null, "roof_shape": null, "roof_direction": null, "roof_orientation": null, "roof_color": null, "roof_height": null, "has_parts": false, "version": 3, "bbox": { "xmin": 8.53695011138916, "xmax": 8.538137435913086, "ymin": 47.372596740722656, "ymax": 47.37305450439453 } }, "geometry": { "type": "Polygon", "coordinates": [ [ [ 8.5375172, 47.3730393 ], [ 8.537513, 47.3730393 ], [ 8.5375129, 47.3730404 ], [ 8.5374892, 47.3730399 ], [ 8.5374894, 47.3730363 ], [ 8.5369564, 47.3730266 ], [ 8.5369504, 47.3730223 ], [ 8.5369555, 47.3729075 ], [ 8.5369556, 47.3728969 ], [ 8.5369611, 47.3728879 ], [ 8.536983, 47.3728728 ], [ 8.5369953, 47.3728688 ], [ 8.5370109, 47.372869 ], [ 8.5373928, 47.3726031 ], [ 8.5375112, 47.372681 ], [ 8.5375262, 47.3726813 ], [ 8.5375526, 47.3726818 ], [ 8.5375782, 47.3726822 ], [ 8.5375831, 47.3726823 ], [ 8.5375808, 47.3727353 ], [ 8.537599, 47.3727356 ], [ 8.5376656, 47.3727834 ], [ 8.537665, 47.3727986 ], [ 8.5377191, 47.3727995 ], [ 8.5377691, 47.3728003 ], [ 8.5377695, 47.3727882 ], [ 8.5378815, 47.37279 ], [ 8.5378813, 47.3727969 ], [ 8.5381372, 47.372801 ], [ 8.538137, 47.3728069 ], [ 8.5381364, 47.3728221 ], [ 8.5381281, 47.3730434 ], [ 8.5381211, 47.3730478 ], [ 8.5380936, 47.3730473 ], [ 8.5380588, 47.3730466 ], [ 8.5375891, 47.3730381 ], [ 8.537589, 47.3730417 ], [ 8.5375654, 47.3730413 ], [ 8.5375654, 47.3730402 ], [ 8.5375608, 47.3730401 ], [ 8.537539, 47.3730397 ], [ 8.5375172, 47.3730393 ] ], [ [ 8.537445, 47.3727655 ], [ 8.5374026, 47.3727921 ], [ 8.5374014, 47.3728261 ], [ 8.5374417, 47.3728543 ], [ 8.5375203, 47.3728556 ], [ 8.5375458, 47.372856 ], [ 8.5375714, 47.3728565 ], [ 8.5375743, 47.3728565 ], [ 8.5376162, 47.3728296 ], [ 8.5376162, 47.372828 ], [ 8.5376167, 47.3728125 ], [ 8.5376173, 47.3727979 ], [ 8.5376173, 47.3727955 ], [ 8.5375776, 47.3727678 ], [ 8.5375749, 47.3727678 ], [ 8.5375493, 47.3727673 ], [ 8.5375237, 47.3727669 ], [ 8.537445, 47.3727655 ] ] ] } },
{ "type": "Feature", "properties": { "id": "147b7b6d-fd94-4fa8-bb58-ae2ff87b3a84", "names": "{'primary': 'St. Anna-Kapelle', 'common': None, 'rules': None}", "sources": "[{'property': '', 'dataset': 'OpenStreetMap', 'license': 'ODbL-1.0', 'record_id': 'w80340830@10', 'update_time': '2026-03-21T16:00:19.000Z', 'confidence': None, 'between': None, 'provider': 'osm', 'resource': 'planet', 'version': '2026-09-06T00:00:00.000Z'}]", "level": null, "height": null, "min_height": null, "is_underground": false, "num_floors": 2.0, "num_floors_underground": null, "min_floor": null, "subtype": "religious", "class": "church", "facade_color": null, "facade_material": null, "roof_material": null, "roof_shape": null, "roof_direction": null, "roof_orientation": null, "roof_color": null, "roof_height": null, "has_parts": false, "version": 1, "bbox": { "xmin": 8.536611557006836, "xmax": 8.536986351013184, "ymin": 47.37262725830078, "ymax": 47.372886657714844 } }, "geometry": { "type": "Polygon", "coordinates": [ [ [ 8.5367615, 47.3728866 ], [ 8.5366121, 47.3727857 ], [ 8.5368266, 47.3726282 ], [ 8.536986, 47.372732 ], [ 8.5367615, 47.3728866 ] ] ] } },
{ "type": "Feature", "properties": { "id": "e77ce8ad-78dd-4977-8d01-c3e57410272d", "names": null, "sources": "[{'property': '', 'dataset': 'OpenStreetMap', 'license': 'ODbL-1.0', 'record_id': 'w326422848@5', 'update_time': '2026-03-21T16:00:30.000Z', 'confidence': None, 'between': None, 'provider': 'osm', 'resource': 'planet', 'version': '2026-09-06T00:00:00.000Z'}]", "level": null, "height": null, "min_height": null, "is_underground": false, "num_floors": null, "num_floors_underground": null, "min_floor": null, "subtype": null, "class": null, "facade_color": null, "facade_material": null, "roof_material": null, "roof_shape": null, "roof_direction": null, "roof_orientation": null, "roof_color": null, "roof_height": null, "has_parts": false, "version": 1, "bbox": { "xmin": 8.535758018493652, "xmax": 8.536139488220215, "ymin": 47.37294006347656, "ymax": 47.3731575012207 } }, "geometry": { "type": "Polygon", "coordinates": [ [ [ 8.5359082, 47.3731141 ], [ 8.5357581, 47.3730739 ], [ 8.535832, 47.3729474 ], [ 8.5361092, 47.3730216 ], [ 8.5361391, 47.3730296 ], [ 8.5361373, 47.3730327 ], [ 8.5361002, 47.3730962 ], [ 8.5360649, 47.3731566 ], [ 8.5360611, 47.3731555 ], [ 8.5360347, 47.3731485 ], [ 8.5359769, 47.373133 ], [ 8.5359721, 47.3731413 ], [ 8.5359031, 47.3731228 ], [ 8.5359082, 47.3731141 ] ] ] } },
{ "type": "Feature", "properties": { "id": "82a5fad4-23b8-4478-8a9c-cb4b106fdf3d", "names": "{'primary': 'Glockenhof', 'common': None, 'rules': None}", "sources": "[{'property': '', 'dataset': 'OpenStreetMap', 'license': 'ODbL-1.0', 'record_id': 'w80340835@9', 'update_time': '2026-07-11T17:31:55.000Z', 'confidence': None, 'between': None, 'provider': 'osm', 'resource': 'planet', 'version': '2026-09-06T00:00:00.000Z'}]", "level": null, "height": null, "min_height": null, "is_underground": false, "num_floors": 4.0, "num_floors_underground": null, "min_floor": null, "subtype": null, "class": null, "facade_color": null, "facade_material": null, "roof_material": null, "roof_shape": null, "roof_direction": null, "roof_orientation": null, "roof_color": null, "roof_height": null, "has_parts": false, "version": 1, "bbox": { "xmin": 8.535934448242188, "xmax": 8.536762237548828, "ymin": 47.37245559692383, "ymax": 47.372989654541016 } }, "geometry": { "type": "Polygon", "coordinates": [ [ [ 8.535959, 47.3727575 ], [ 8.5360455, 47.3726834 ], [ 8.5361789, 47.3727178 ], [ 8.5362237, 47.3726402 ], [ 8.536449, 47.3724564 ], [ 8.5365809, 47.3725338 ], [ 8.536385, 47.3726911 ], [ 8.536331, 47.3727584 ], [ 8.5365629, 47.3728201 ], [ 8.5366121, 47.3727857 ], [ 8.5367615, 47.3728866 ], [ 8.5366135, 47.3729884 ], [ 8.5365218, 47.3729614 ], [ 8.5363448, 47.3729132 ], [ 8.5360002, 47.3728187 ], [ 8.5359345, 47.3728005 ], [ 8.535959, 47.3727575 ] ] ] } },
{ "type": "Feature", "properties": { "id": "07311c5d-e1dd-4203-87fd-ee883b20a10e", "names": null, "sources": "[{'property': '', 'dataset': 'OpenStreetMap', 'license': 'ODbL-1.0', 'record_id': 'w327613481@6', 'update_time': '2026-03-21T16:00:09.000Z', 'confidence': None, 'between': None, 'provider': 'osm', 'resource': 'planet', 'version': '2026-09-06T00:00:00.000Z'}]", "level": null, "height": null, "min_height": null, "is_underground": false, "num_floors": 5.0, "num_floors_underground": null, "min_floor": null, "subtype": "residential", "class": "apartments", "facade_color": null, "facade_material": null, "roof_material": null, "roof_shape": null, "roof_direction": null, "roof_orientation": null, "roof_color": null, "roof_height": null, "has_parts": false, "version": 1, "bbox": { "xmin": 8.53564739227295, "xmax": 8.536046981811523, "ymin": 47.37245178222656, "ymax": 47.372806549072266 } }, "geometry": { "type": "Polygon", "coordinates": [ [ [ 8.5359096, 47.3726443 ], [ 8.5360455, 47.3726834 ], [ 8.535959, 47.3727575 ], [ 8.5359345, 47.3728005 ], [ 8.5356482, 47.3727245 ], [ 8.5357351, 47.3725756 ], [ 8.5357667, 47.3725399 ], [ 8.5358721, 47.3724643 ], [ 8.5358894, 47.3724519 ], [ 8.5360342, 47.372545 ], [ 8.5360188, 47.372556 ], [ 8.5359362, 47.3726147 ], [ 8.5359293, 47.3726136 ], [ 8.5359096, 47.3726443 ] ] ] } },
{ "type": "Feature", "properties": { "id": "488bd2f8-9359-4225-b83b-b9830f6117d0", "names": null, "sources": "[{'property': '', 'dataset': 'OpenStreetMap', 'license': 'ODbL-1.0', 'record_id': 'w327613480@4', 'update_time': '2026-03-21T16:00:44.000Z', 'confidence': None, 'between': None, 'provider': 'osm', 'resource': 'planet', 'version': '2026-09-06T00:00:00.000Z'}]", "level": null, "height": null, "min_height": null, "is_underground": false, "num_floors": 5.0, "num_floors_underground": null, "min_floor": null, "subtype": null, "class": null, "facade_color": null, "facade_material": null, "roof_material": null, "roof_shape": null, "roof_direction": null, "roof_orientation": null, "roof_color": null, "roof_height": null, "has_parts": false, "version": 1, "bbox": { "xmin": 8.535888671875, "xmax": 8.536407470703125, "ymin": 47.37220764160156, "ymax": 47.37257766723633 } }, "geometry": { "type": "Polygon", "coordinates": [ [ [ 8.5360743, 47.3725708 ], [ 8.5360342, 47.372545 ], [ 8.5358894, 47.3724519 ], [ 8.5362234, 47.3722142 ], [ 8.5363662, 47.3723049 ], [ 8.536407, 47.3723317 ], [ 8.5362925, 47.3724133 ], [ 8.5362652, 47.3723957 ], [ 8.5361553, 47.372474 ], [ 8.536184, 47.3724925 ], [ 8.5360743, 47.3725708 ] ] ] } },
{ "type": "Feature", "properties": { "id": "073ba0d3-80c9-4c67-8ede-7d6a61759c3a", "names": null, "sources": "[{'property': '', 'dataset': 'OpenStreetMap', 'license': 'ODbL-1.0', 'record_id': 'w80340832@6', 'update_time': '2026-03-21T16:00:34.000Z', 'confidence': None, 'between': None, 'provider': 'osm', 'resource': 'planet', 'version': '2026-09-06T00:00:00.000Z'}]", "level": null, "height": null, "min_height": null, "is_underground": false, "num_floors": 5.0, "num_floors_underground": null, "min_floor": null, "subtype": null, "class": null, "facade_color": null, "facade_material": null, "roof_material": null, "roof_shape": null, "roof_direction": null, "roof_orientation": null, "roof_color": null, "roof_height": null, "has_parts": false, "version": 1, "bbox": { "xmin": 8.536447525024414, "xmax": 8.537176132202148, "ymin": 47.37233352661133, "ymax": 47.372737884521484 } }, "geometry": { "type": "Polygon", "coordinates": [ [ [ 8.5371752, 47.3726013 ], [ 8.536986, 47.372732 ], [ 8.5368266, 47.3726282 ], [ 8.5366151, 47.3725075 ], [ 8.5365809, 47.3725338 ], [ 8.536449, 47.3724564 ], [ 8.5365865, 47.37234 ], [ 8.536672, 47.3723879 ], [ 8.5366579, 47.3724006 ], [ 8.5369286, 47.3725471 ], [ 8.5370105, 47.372491 ], [ 8.5371752, 47.3726013 ] ] ] } },
{ "type": "Feature", "properties": { "id": "9cbdf9e4-e8da-4f44-adbb-ba3391877a6f", "names": null, "sources": "[{'property': '', 'dataset': 'OpenStreetMap', 'license': 'ODbL-1.0', 'record_id': 'w80340833@7', 'update_time': '2026-03-21T16:00:34.000Z', 'confidence': None, 'between': None, 'provider': 'osm', 'resource': 'planet', 'version': '2026-09-06T00:00:00.000Z'}\n {'property': '/properties/height', 'dataset': 'Microsoft ML Buildings', 'license': 'ODbL-1.0', 'record_id': None, 'update_time': None, 'confidence': None, 'between': None, 'provider': 'microsoft', 'resource': 'ml_buildings', 'version': '2026-08-11'}]", "level": null, "height": 19.087699890136719, "min_height": null, "is_underground": false, "num_floors": 6.0, "num_floors_underground": null, "min_floor": null, "subtype": null, "class": null, "facade_color": null, "facade_material": null, "roof_material": null, "roof_shape": null, "roof_direction": null, "roof_orientation": null, "roof_color": null, "roof_height": null, "has_parts": false, "version": 2, "bbox": { "xmin": 8.536848068237305, "xmax": 8.537503242492676, "ymin": 47.3720817565918, "ymax": 47.37255096435547 } }, "geometry": { "type": "Polygon", "coordinates": [ [ [ 8.5368484, 47.3722368 ], [ 8.5370737, 47.372083 ], [ 8.53716, 47.3721384 ], [ 8.5371818, 47.372142 ], [ 8.5371945, 47.3721511 ], [ 8.537198, 47.3721635 ], [ 8.5373556, 47.3722729 ], [ 8.5373762, 47.3722759 ], [ 8.5373853, 47.3722832 ], [ 8.5373861, 47.3722921 ], [ 8.5375027, 47.3723721 ], [ 8.5372469, 47.3725491 ], [ 8.5370518, 47.372418 ], [ 8.5370792, 47.3723982 ], [ 8.5370122, 47.3723513 ], [ 8.5368484, 47.3722368 ] ] ] } },
{ "type": "Feature", "properties": { "id": "5975d56c-e982-46ee-b2a2-6199304ae279", "names": "{'primary': 'Zum Neuen Froschauer', 'common': None, 'rules': None}", "sources": "[{'property': '', 'dataset': 'OpenStreetMap', 'license': 'ODbL-1.0', 'record_id': 'w80340829@8', 'update_time': '2026-03-21T16:00:41.000Z', 'confidence': None, 'between': None, 'provider': 'osm', 'resource': 'planet', 'version': '2026-09-06T00:00:00.000Z'}]", "level": null, "height": null, "min_height": null, "is_underground": false, "num_floors": 5.0, "num_floors_underground": null, "min_floor": null, "subtype": "commercial", "class": "commercial", "facade_color": null, "facade_material": null, "roof_material": null, "roof_shape": null, "roof_direction": null, "roof_orientation": null, "roof_color": null, "roof_height": null, "has_parts": false, "version": 1, "bbox": { "xmin": 8.53654956817627, "xmax": 8.537004470825195, "ymin": 47.37184524536133, "ymax": 47.372169494628906 } }, "geometry": { "type": "Polygon", "coordinates": [ [ [ 8.5369825, 47.3720204 ], [ 8.5370041, 47.3720347 ], [ 8.5369584, 47.3720663 ], [ 8.5368107, 47.3721687 ], [ 8.5367465, 47.3721263 ], [ 8.5367605, 47.3721166 ], [ 8.536693, 47.3720689 ], [ 8.5365503, 47.3719782 ], [ 8.5366495, 47.3719047 ], [ 8.5366749, 47.3718871 ], [ 8.5367267, 47.3718512 ], [ 8.5368594, 47.371939 ], [ 8.5368935, 47.3719615 ], [ 8.5369825, 47.3720204 ] ] ] } },
{ "type": "Feature", "properties": { "id": "7763fa00-debd-4e7a-9b5a-e37996f1a184", "names": null, "sources": "[{'property': '', 'dataset': 'OpenStreetMap', 'license': 'ODbL-1.0', 'record_id': 'w59650551@10', 'update_time': '2026-03-21T16:00:27.000Z', 'confidence': None, 'between': None, 'provider': 'osm', 'resource': 'planet', 'version': '2026-09-06T00:00:00.000Z'}]", "level": null, "height": null, "min_height": null, "is_underground": false, "num_floors": 6.0, "num_floors_underground": null, "min_floor": null, "subtype": "commercial", "class": "office", "facade_color": null, "facade_material": null, "roof_material": null, "roof_shape": null, "roof_direction": null, "roof_orientation": null, "roof_color": null, "roof_height": null, "has_parts": false, "version": 1, "bbox": { "xmin": 8.536890983581543, "xmax": 8.53749942779541, "ymin": 47.37163162231445, "ymax": 47.3720817565918 } }, "geometry": { "type": "Polygon", "coordinates": [ [ [ 8.5374781, 47.3720389 ], [ 8.537431, 47.3720696 ], [ 8.5374132, 47.3720799 ], [ 8.5373293, 47.3720255 ], [ 8.5370184, 47.3718153 ], [ 8.5368916, 47.3717291 ], [ 8.5369451, 47.3716909 ], [ 8.5369746, 47.37167 ], [ 8.5370273, 47.3716318 ], [ 8.5371595, 47.3717196 ], [ 8.5374419, 47.371914 ], [ 8.5374992, 47.3719247 ], [ 8.5374609, 47.37203 ], [ 8.5374781, 47.3720389 ] ] ] } },
{ "type": "Feature", "properties": { "id": "ec797732-ddf5-42d7-b967-13bce86efe63", "names": null, "sources": "[{'property': '', 'dataset': 'OpenStreetMap', 'license': 'ODbL-1.0', 'record_id': 'w78532964@8', 'update_time': '2026-03-21T16:00:05.000Z', 'confidence': None, 'between': None, 'provider': 'osm', 'resource': 'planet', 'version': '2026-09-06T00:00:00.000Z'}]", "level": null, "height": null, "min_height": null, "is_underground": false, "num_floors": 6.0, "num_floors_underground": null, "min_floor": null, "subtype": "commercial", "class": "office", "facade_color": null, "facade_material": null, "roof_material": null, "roof_shape": null, "roof_direction": null, "roof_orientation": null, "roof_color": null, "roof_height": null, "has_parts": false, "version": 1, "bbox": { "xmin": 8.537026405334473, "xmax": 8.537483215332031, "ymin": 47.37139892578125, "ymax": 47.371726989746094 } }, "geometry": { "type": "Polygon", "coordinates": [ [ [ 8.5373484, 47.3713996 ], [ 8.5374831, 47.371485 ], [ 8.5374317, 47.3715223 ], [ 8.537195, 47.3716939 ], [ 8.5371595, 47.3717196 ], [ 8.5370273, 47.3716318 ], [ 8.5370638, 47.3716054 ], [ 8.5372934, 47.3714393 ], [ 8.5373484, 47.3713996 ] ] ] } },
{ "type": "Feature", "properties": { "id": "e747b855-ead8-4ecc-ac70-52a00c9f7c6b", "names": null, "sources": "[{'property': '', 'dataset': 'OpenStreetMap', 'license': 'ODbL-1.0', 'record_id': 'w1051820109@2', 'update_time': '2024-04-09T17:41:34.000Z', 'confidence': None, 'between': None, 'provider': 'osm', 'resource': 'planet', 'version': '2026-09-06T00:00:00.000Z'}]", "level": 1.0, "height": null, "min_height": null, "is_underground": false, "num_floors": 2.0, "num_floors_underground": null, "min_floor": 1.0, "subtype": null, "class": null, "facade_color": null, "facade_material": null, "roof_material": null, "roof_shape": null, "roof_direction": null, "roof_orientation": null, "roof_color": null, "roof_height": null, "has_parts": false, "version": 1, "bbox": { "xmin": 8.5368013381958, "xmax": 8.536974906921387, "ymin": 47.3715705871582, "ymax": 47.3716926574707 } }, "geometry": { "type": "Polygon", "coordinates": [ [ [ 8.5369746, 47.37167 ], [ 8.5369451, 47.3716909 ], [ 8.5368014, 47.3715978 ], [ 8.5368309, 47.371577 ], [ 8.5369746, 47.37167 ] ] ] } },
{ "type": "Feature", "properties": { "id": "1688a298-ee55-481c-8400-7f3d7cc301ea", "names": "{'primary': 'Kaufleuten', 'common': None, 'rules': None}", "sources": "[{'property': '', 'dataset': 'OpenStreetMap', 'license': 'ODbL-1.0', 'record_id': 'w31968366@18', 'update_time': '2026-03-21T15:59:59.000Z', 'confidence': None, 'between': None, 'provider': 'osm', 'resource': 'planet', 'version': '2026-09-06T00:00:00.000Z'}]", "level": null, "height": null, "min_height": null, "is_underground": false, "num_floors": 6.0, "num_floors_underground": null, "min_floor": null, "subtype": "commercial", "class": "commercial", "facade_color": null, "facade_material": null, "roof_material": null, "roof_shape": null, "roof_direction": null, "roof_orientation": null, "roof_color": null, "roof_height": null, "has_parts": false, "version": 1, "bbox": { "xmin": 8.535512924194336, "xmax": 8.536565780639648, "ymin": 47.37157440185547, "ymax": 47.37211227416992 } }, "geometry": { "type": "Polygon", "coordinates": [ [ [ 8.5364497, 47.3716659 ], [ 8.5365531, 47.3717325 ], [ 8.5365635, 47.3717346 ], [ 8.536565, 47.3717682 ], [ 8.5365549, 47.3717701 ], [ 8.5364249, 47.3718645 ], [ 8.5364281, 47.3718671 ], [ 8.5363055, 47.3719553 ], [ 8.536133, 47.3720798 ], [ 8.5361294, 47.3720776 ], [ 8.536083, 47.3721111 ], [ 8.536068, 47.3721029 ], [ 8.5359269, 47.3720252 ], [ 8.5358636, 47.3719909 ], [ 8.535756, 47.3719346 ], [ 8.5357608, 47.3719307 ], [ 8.5357825, 47.3719421 ], [ 8.5358021, 47.3719477 ], [ 8.5359055, 47.371873 ], [ 8.5358521, 47.3718393 ], [ 8.5359013, 47.3718043 ], [ 8.535844, 47.3717645 ], [ 8.5358122, 47.371786 ], [ 8.5358186, 47.3717919 ], [ 8.535701, 47.3718736 ], [ 8.5356757, 47.3718912 ], [ 8.5355232, 47.371806 ], [ 8.5355144, 47.3718004 ], [ 8.5355425, 47.3717808 ], [ 8.535668, 47.3716931 ], [ 8.5358189, 47.3715886 ], [ 8.5358195, 47.3715848 ], [ 8.535825, 47.3715812 ], [ 8.5358688, 47.3715814 ], [ 8.5358741, 47.3715846 ], [ 8.5362731, 47.371585 ], [ 8.5362764, 47.3715828 ], [ 8.536325, 47.371582 ], [ 8.5363281, 47.3715887 ], [ 8.5364497, 47.3716659 ] ] ] } },
{ "type": "Feature", "properties": { "id": "cb548be2-4c07-422c-b3b6-3bca45a050ad", "names": null, "sources": "[{'property': '', 'dataset': 'OpenStreetMap', 'license': 'ODbL-1.0', 'record_id': 'w1271368028@3', 'update_time': '2026-03-21T16:00:41.000Z', 'confidence': None, 'between': None, 'provider': 'osm', 'resource': 'planet', 'version': '2026-09-06T00:00:00.000Z'}]", "level": 1.0, "height": null, "min_height": null, "is_underground": false, "num_floors": null, "num_floors_underground": null, "min_floor": null, "subtype": "outbuilding", "class": "roof", "facade_color": null, "facade_material": null, "roof_material": null, "roof_shape": null, "roof_direction": null, "roof_orientation": null, "roof_color": null, "roof_height": null, "has_parts": false, "version": 1, "bbox": { "xmin": 8.535759925842285, "xmax": 8.535905838012695, "ymin": 47.3718376159668, "ymax": 47.3719482421875 } }, "geometry": { "type": "Polygon", "coordinates": [ [ [ 8.5359055, 47.371873 ], [ 8.5358021, 47.3719477 ], [ 8.5357825, 47.3719421 ], [ 8.5357608, 47.3719307 ], [ 8.5358158, 47.3718893 ], [ 8.5357992, 47.3718792 ], [ 8.5358521, 47.3718393 ], [ 8.5359055, 47.371873 ] ] ] } },
{ "type": "Feature", "properties": { "id": "1323285b-edbb-4b9e-a567-70d69c280e6b", "names": null, "sources": "[{'property': '', 'dataset': 'OpenStreetMap', 'license': 'ODbL-1.0', 'record_id': 'w1271368029@3', 'update_time': '2026-03-21T16:00:43.000Z', 'confidence': None, 'between': None, 'provider': 'osm', 'resource': 'planet', 'version': '2026-09-06T00:00:00.000Z'}]", "level": 1.0, "height": null, "min_height": null, "is_underground": false, "num_floors": null, "num_floors_underground": null, "min_floor": null, "subtype": "outbuilding", "class": "roof", "facade_color": null, "facade_material": null, "roof_material": null, "roof_shape": null, "roof_direction": null, "roof_orientation": null, "roof_color": null, "roof_height": null, "has_parts": false, "version": 1, "bbox": { "xmin": 8.535574913024902, "xmax": 8.535927772521973, "ymin": 47.371944427490234, "ymax": 47.3720817565918 } }, "geometry": { "type": "Polygon", "coordinates": [ [ [ 8.5358519, 47.3719984 ], [ 8.5358636, 47.3719909 ], [ 8.5359269, 47.3720252 ], [ 8.5358951, 47.3720477 ], [ 8.5358653, 47.3720692 ], [ 8.5358626, 47.3720711 ], [ 8.5358597, 47.3720699 ], [ 8.5358461, 47.3720759 ], [ 8.5357869, 47.3720534 ], [ 8.5357258, 47.3720332 ], [ 8.5356517, 47.3720126 ], [ 8.5355756, 47.3719954 ], [ 8.5355816, 47.3719871 ], [ 8.535577, 47.3719849 ], [ 8.5356245, 47.3719503 ], [ 8.5357305, 47.3719818 ], [ 8.5357483, 47.3719683 ], [ 8.5358519, 47.3719984 ] ] ] } },
{ "type": "Feature", "properties": { "id": "668b80ad-c573-4c2b-9d29-dacf230c09d5", "names": null, "sources": "[{'property': '', 'dataset': 'OpenStreetMap', 'license': 'ODbL-1.0', 'record_id': 'w327613479@4', 'update_time': '2026-03-21T16:00:43.000Z', 'confidence': None, 'between': None, 'provider': 'osm', 'resource': 'planet', 'version': '2026-09-06T00:00:00.000Z'}]", "level": null, "height": null, "min_height": null, "is_underground": false, "num_floors": 5.0, "num_floors_underground": null, "min_floor": null, "subtype": null, "class": null, "facade_color": null, "facade_material": null, "roof_material": null, "roof_shape": null, "roof_direction": null, "roof_orientation": null, "roof_color": null, "roof_height": null, "has_parts": false, "version": 1, "bbox": { "xmin": 8.536222457885742, "xmax": 8.536693572998047, "ymin": 47.371971130371094, "ymax": 47.372310638427734 } }, "geometry": { "type": "Polygon", "coordinates": [ [ [ 8.536693, 47.3720689 ], [ 8.5363662, 47.3723049 ], [ 8.5362234, 47.3722142 ], [ 8.536303, 47.3721567 ], [ 8.5364714, 47.3720352 ], [ 8.5365503, 47.3719782 ], [ 8.536693, 47.3720689 ] ] ] } },
{ "type": "Feature", "properties": { "id": "889b4eb0-0300-4d6c-a4eb-9961a05e3d63", "names": null, "sources": "[{'property': '', 'dataset': 'OpenStreetMap', 'license': 'ODbL-1.0', 'record_id': 'w80340628@8', 'update_time': '2026-03-21T16:00:19.000Z', 'confidence': None, 'between': None, 'provider': 'osm', 'resource': 'planet', 'version': '2026-09-06T00:00:00.000Z'}]", "level": null, "height": null, "min_height": null, "is_underground": false, "num_floors": null, "num_floors_underground": null, "min_floor": null, "subtype": "commercial", "class": "commercial", "facade_color": null, "facade_material": null, "roof_material": null, "roof_shape": null, "roof_direction": null, "roof_orientation": null, "roof_color": null, "roof_height": null, "has_parts": false, "version": 1, "bbox": { "xmin": 8.535361289978027, "xmax": 8.536080360412598, "ymin": 47.37202453613281, "ymax": 47.372520446777344 } }, "geometry": { "type": "Polygon", "coordinates": [ [ [ 8.5359269, 47.3720252 ], [ 8.536068, 47.3721029 ], [ 8.5360636, 47.3721072 ], [ 8.5360799, 47.3721188 ], [ 8.5360536, 47.3721374 ], [ 8.5360323, 47.3721528 ], [ 8.5358058, 47.3723162 ], [ 8.5356287, 47.372444 ], [ 8.5355943, 47.3724734 ], [ 8.5355883, 47.3724785 ], [ 8.5355795, 47.3724881 ], [ 8.5355557, 47.372514 ], [ 8.5355121, 47.3724974 ], [ 8.5353613, 47.372462 ], [ 8.5353631, 47.3724594 ], [ 8.5353852, 47.3724346 ], [ 8.5354004, 47.3724176 ], [ 8.5354056, 47.3724118 ], [ 8.5354405, 47.3723779 ], [ 8.5354667, 47.3723563 ], [ 8.5356429, 47.3722294 ], [ 8.5356385, 47.3722215 ], [ 8.5356394, 47.3722131 ], [ 8.5356455, 47.3722057 ], [ 8.5356561, 47.3722006 ], [ 8.5356689, 47.3721992 ], [ 8.5356814, 47.3722017 ], [ 8.5358626, 47.3720711 ], [ 8.5358653, 47.3720692 ], [ 8.5358951, 47.3720477 ], [ 8.5359269, 47.3720252 ] ] ] } },
{ "type": "Feature", "properties": { "id": "d385a7b1-f040-4477-bb58-713346fdbc2e", "names": null, "sources": "[{'property': '', 'dataset': 'OpenStreetMap', 'license': 'ODbL-1.0', 'record_id': 'w80340632@10', 'update_time': '2026-03-21T16:00:18.000Z', 'confidence': None, 'between': None, 'provider': 'osm', 'resource': 'planet', 'version': '2026-09-06T00:00:00.000Z'}]", "level": null, "height": null, "min_height": null, "is_underground": false, "num_floors": 6.0, "num_floors_underground": null, "min_floor": null, "subtype": "commercial", "class": "commercial", "facade_color": null, "facade_material": null, "roof_material": null, "roof_shape": null, "roof_direction": null, "roof_orientation": null, "roof_color": null, "roof_height": null, "has_parts": false, "version": 1, "bbox": { "xmin": 8.535029411315918, "xmax": 8.535694122314453, "ymin": 47.371803283691406, "ymax": 47.37227249145508 } }, "geometry": { "type": "Polygon", "coordinates": [ [ [ 8.5352377, 47.3722358 ], [ 8.5352089, 47.3722665 ], [ 8.5351848, 47.3722575 ], [ 8.5350301, 47.3721989 ], [ 8.5350536, 47.372171 ], [ 8.535082, 47.3721433 ], [ 8.5351336, 47.3721013 ], [ 8.5354839, 47.3718499 ], [ 8.5354616, 47.371832 ], [ 8.5355002, 47.3718039 ], [ 8.5355144, 47.3718124 ], [ 8.5355232, 47.371806 ], [ 8.5356757, 47.3718912 ], [ 8.5356937, 47.3719006 ], [ 8.5356245, 47.3719503 ], [ 8.535577, 47.3719849 ], [ 8.5354233, 47.3720965 ], [ 8.5354272, 47.372105 ], [ 8.5354255, 47.3721138 ], [ 8.5354186, 47.3721213 ], [ 8.5354018, 47.3721273 ], [ 8.535383, 47.3721255 ], [ 8.5352692, 47.3722078 ], [ 8.5352377, 47.3722358 ] ] ] } },
{ "type": "Feature", "properties": { "id": "b8ef8e11-5338-41d1-8575-40b3e98799de", "names": null, "sources": "[{'property': '', 'dataset': 'OpenStreetMap', 'license': 'ODbL-1.0', 'record_id': 'w327627321@3', 'update_time': '2024-04-10T05:23:06.000Z', 'confidence': None, 'between': None, 'provider': 'osm', 'resource': 'planet', 'version': '2026-09-06T00:00:00.000Z'}]", "level": null, "height": null, "min_height": null, "is_underground": false, "num_floors": null, "num_floors_underground": null, "min_floor": null, "subtype": null, "class": null, "facade_color": null, "facade_material": null, "roof_material": null, "roof_shape": null, "roof_direction": null, "roof_orientation": null, "roof_color": null, "roof_height": null, "has_parts": false, "version": 1, "bbox": { "xmin": 8.535623550415039, "xmax": 8.535863876342773, "ymin": 47.37189483642578, "ymax": 47.372005462646484 } }, "geometry": { "type": "Polygon", "coordinates": [ [ [ 8.5356245, 47.3719503 ], [ 8.5356937, 47.3719006 ], [ 8.535756, 47.3719346 ], [ 8.5358636, 47.3719909 ], [ 8.5358519, 47.3719984 ], [ 8.5357483, 47.3719683 ], [ 8.5357305, 47.3719818 ], [ 8.5356245, 47.3719503 ] ] ] } },
{ "type": "Feature", "properties": { "id": "aaa2fda8-b10e-4db3-bb00-96487fa92515", "names": "{'primary': 'Haus zum Silhgarten', 'common': None, 'rules': None}", "sources": "[{'property': '', 'dataset': 'OpenStreetMap', 'license': 'ODbL-1.0', 'record_id': 'w78532971@12', 'update_time': '2026-05-13T14:57:49.000Z', 'confidence': None, 'between': None, 'provider': 'osm', 'resource': 'planet', 'version': '2026-09-06T00:00:00.000Z'}]", "level": null, "height": null, "min_height": null, "is_underground": false, "num_floors": 6.0, "num_floors_underground": null, "min_floor": null, "subtype": "commercial", "class": "commercial", "facade_color": null, "facade_material": null, "roof_material": null, "roof_shape": null, "roof_direction": null, "roof_orientation": null, "roof_color": null, "roof_height": null, "has_parts": false, "version": 2, "bbox": { "xmin": 8.534399032592773, "xmax": 8.535065650939941, "ymin": 47.37152099609375, "ymax": 47.37212371826172 } }, "geometry": { "type": "Polygon", "coordinates": [ [ [ 8.5347417, 47.3721227 ], [ 8.5347365, 47.372119 ], [ 8.5345984, 47.3720316 ], [ 8.5345958, 47.3720291 ], [ 8.5347568, 47.371914 ], [ 8.5347512, 47.3719045 ], [ 8.5347491, 47.3718943 ], [ 8.5347501, 47.3718843 ], [ 8.5347545, 47.3718758 ], [ 8.5345438, 47.371739 ], [ 8.5343994, 47.3716452 ], [ 8.5344524, 47.3715891 ], [ 8.5345088, 47.3715285 ], [ 8.5350649, 47.3718896 ], [ 8.5350205, 47.3719216 ], [ 8.5347417, 47.3721227 ] ] ] } },
{ "type": "Feature", "properties": { "id": "9c3b508a-d6f1-4234-ba6a-cff5e4cfc58f", "names": null, "sources": "[{'property': '', 'dataset': 'OpenStreetMap', 'license': 'ODbL-1.0', 'record_id': 'w171055154@8', 'update_time': '2026-03-21T16:00:34.000Z', 'confidence': None, 'between': None, 'provider': 'osm', 'resource': 'planet', 'version': '2026-09-06T00:00:00.000Z'}]", "level": null, "height": null, "min_height": null, "is_underground": false, "num_floors": 5.0, "num_floors_underground": null, "min_floor": null, "subtype": "residential", "class": "apartments", "facade_color": null, "facade_material": null, "roof_material": null, "roof_shape": null, "roof_direction": null, "roof_orientation": null, "roof_color": null, "roof_height": null, "has_parts": false, "version": 1, "bbox": { "xmin": 8.534269332885742, "xmax": 8.534543991088867, "ymin": 47.371639251708984, "ymax": 47.37206268310547 } }, "geometry": { "type": "Polygon", "coordinates": [ [ [ 8.5344481, 47.3719068 ], [ 8.5344871, 47.3720382 ], [ 8.5343133, 47.3720626 ], [ 8.5342835, 47.3719637 ], [ 8.5342738, 47.3719232 ], [ 8.5342708, 47.3718779 ], [ 8.5342781, 47.3718303 ], [ 8.5342908, 47.3717877 ], [ 8.5343127, 47.3717464 ], [ 8.5343338, 47.3717162 ], [ 8.5343673, 47.3716795 ], [ 8.5343994, 47.3716452 ], [ 8.5345438, 47.371739 ], [ 8.5345238, 47.3717547 ], [ 8.5344777, 47.3717903 ], [ 8.5344631, 47.3718153 ], [ 8.5344524, 47.3718503 ], [ 8.5344487, 47.3718756 ], [ 8.5344481, 47.3719068 ] ] ] } },
{ "type": "Feature", "properties": { "id": "0ac96e0f-89b6-412f-b48f-f2a2af468d9e", "names": null, "sources": "[{'property': '', 'dataset': 'OpenStreetMap', 'license': 'ODbL-1.0', 'record_id': 'w78532962@9', 'update_time': '2026-03-21T16:00:40.000Z', 'confidence': None, 'between': None, 'provider': 'osm', 'resource': 'planet', 'version': '2026-09-06T00:00:00.000Z'}]", "level": null, "height": null, "min_height": null, "is_underground": false, "num_floors": 7.0, "num_floors_underground": null, "min_floor": null, "subtype": "residential", "class": "apartments", "facade_color": null, "facade_material": null, "roof_material": null, "roof_shape": null, "roof_direction": null, "roof_orientation": null, "roof_color": null, "roof_height": null, "has_parts": false, "version": 1, "bbox": { "xmin": 8.534313201904297, "xmax": 8.534736633300781, "ymin": 47.37202453613281, "ymax": 47.37227249145508 } }, "geometry": { "type": "Polygon", "coordinates": [ [ [ 8.5344956, 47.372066 ], [ 8.5345646, 47.3720561 ], [ 8.5345984, 47.3720316 ], [ 8.5347365, 47.372119 ], [ 8.5346097, 47.3722108 ], [ 8.5346181, 47.372238 ], [ 8.5343773, 47.3722718 ], [ 8.5343133, 47.3720626 ], [ 8.5344871, 47.3720382 ], [ 8.5344956, 47.372066 ] ] ] } },
{ "type": "Feature", "properties": { "id": "e2992b21-225b-44e4-a883-d7516c30c153", "names": null, "sources": "[{'property': '', 'dataset': 'OpenStreetMap', 'license': 'ODbL-1.0', 'record_id': 'w80340617@10', 'update_time': '2026-03-21T16:00:13.000Z', 'confidence': None, 'between': None, 'provider': 'osm', 'resource': 'planet', 'version': '2026-09-06T00:00:00.000Z'}]", "level": null, "height": null, "min_height": null, "is_underground": false, "num_floors": 14.0, "num_floors_underground": null, "min_floor": null, "subtype": "commercial", "class": "commercial", "facade_color": null, "facade_material": null, "roof_material": null, "roof_shape": null, "roof_direction": null, "roof_orientation": null, "roof_color": null, "roof_height": null, "has_parts": false, "version": 1, "bbox": { "xmin": 8.534770011901855, "xmax": 8.535186767578125, "ymin": 47.3721923828125, "ymax": 47.372581481933594 } }, "geometry": { "type": "Polygon", "coordinates": [ [ [ 8.5351282, 47.3725732 ], [ 8.5351241, 47.3725812 ], [ 8.5350972, 47.372574 ], [ 8.535052, 47.3725512 ], [ 8.5350478, 47.3725539 ], [ 8.5349851, 47.3725396 ], [ 8.5349871, 47.372531 ], [ 8.5349722, 47.3725263 ], [ 8.5349438, 47.3725688 ], [ 8.5347702, 47.3725181 ], [ 8.5349065, 47.3723064 ], [ 8.5349465, 47.3723179 ], [ 8.5350075, 47.3722263 ], [ 8.5350301, 47.3721989 ], [ 8.5351848, 47.3722575 ], [ 8.5351114, 47.3723707 ], [ 8.5350793, 47.3723611 ], [ 8.535056, 47.3723956 ], [ 8.5351865, 47.3724342 ], [ 8.535101, 47.3725658 ], [ 8.5351282, 47.3725732 ] ] ] } },
{ "type": "Feature", "properties": { "id": "89880e98-f6b0-41f7-ae25-63a5eb760540", "names": null, "sources": "[{'property': '', 'dataset': 'OpenStreetMap', 'license': 'ODbL-1.0', 'record_id': 'w80340631@10', 'update_time': '2026-03-21T16:00:37.000Z', 'confidence': None, 'between': None, 'provider': 'osm', 'resource': 'planet', 'version': '2026-09-06T00:00:00.000Z'}]", "level": null, "height": null, "min_height": null, "is_underground": false, "num_floors": 5.0, "num_floors_underground": null, "min_floor": null, "subtype": "commercial", "class": "commercial", "facade_color": null, "facade_material": null, "roof_material": null, "roof_shape": null, "roof_direction": null, "roof_orientation": null, "roof_color": null, "roof_height": null, "has_parts": false, "version": 2, "bbox": { "xmin": 8.535100936889648, "xmax": 8.535555839538574, "ymin": 47.372432708740234, "ymax": 47.372684478759766 } }, "geometry": { "type": "Polygon", "coordinates": [ [ [ 8.5355557, 47.372514 ], [ 8.5355313, 47.37255 ], [ 8.5355246, 47.3725671 ], [ 8.5354619, 47.372678 ], [ 8.5351942, 47.3726231 ], [ 8.5351965, 47.3726029 ], [ 8.5351241, 47.3725812 ], [ 8.5351282, 47.3725732 ], [ 8.535101, 47.3725658 ], [ 8.5351865, 47.3724342 ], [ 8.5352866, 47.3724591 ], [ 8.5352939, 47.3724437 ], [ 8.5353631, 47.3724594 ], [ 8.5353613, 47.372462 ], [ 8.5355121, 47.3724974 ], [ 8.5355557, 47.372514 ] ] ] } },
{ "type": "Feature", "properties": { "id": "191f3ecf-57ed-46d3-b7c8-459f6e469caa", "names": null, "sources": "[{'property': '', 'dataset': 'OpenStreetMap', 'license': 'ODbL-1.0', 'record_id': 'w80340623@6', 'update_time': '2026-03-21T16:00:10.000Z', 'confidence': None, 'between': None, 'provider': 'osm', 'resource': 'planet', 'version': '2026-09-06T00:00:00.000Z'}]", "level": null, "height": null, "min_height": null, "is_underground": false, "num_floors": null, "num_floors_underground": null, "min_floor": null, "subtype": null, "class": null, "facade_color": null, "facade_material": null, "roof_material": null, "roof_shape": null, "roof_direction": null, "roof_orientation": null, "roof_color": null, "roof_height": null, "has_parts": false, "version": 1, "bbox": { "xmin": 8.535520553588867, "xmax": 8.535832405090332, "ymin": 47.37289810180664, "ymax": 47.37321472167969 } }, "geometry": { "type": "Polygon", "coordinates": [ [ [ 8.535832, 47.3729474 ], [ 8.5357581, 47.3730739 ], [ 8.5357358, 47.3730965 ], [ 8.5357982, 47.3731618 ], [ 8.5357212, 47.373196 ], [ 8.5357001, 47.3731733 ], [ 8.5356203, 47.3732088 ], [ 8.5355423, 47.3731279 ], [ 8.535531, 47.3731133 ], [ 8.5355246, 47.3730999 ], [ 8.5355216, 47.3730879 ], [ 8.5355211, 47.3730731 ], [ 8.535525, 47.3730565 ], [ 8.5355974, 47.3729311 ], [ 8.5356057, 47.3729215 ], [ 8.5356177, 47.3729133 ], [ 8.5356319, 47.3729075 ], [ 8.5356491, 47.3729042 ], [ 8.5356655, 47.3729041 ], [ 8.5356804, 47.3729064 ], [ 8.535832, 47.3729474 ] ] ] } },
{ "type": "Feature", "properties": { "id": "93d55526-d5f3-4013-918f-1e99877988dc", "names": "{'primary': 'Schmidhof', 'common': None, 'rules': None}", "sources": "[{'property': '', 'dataset': 'OpenStreetMap', 'license': 'ODbL-1.0', 'record_id': 'r1206537@5', 'update_time': '2019-06-15T15:35:27.000Z', 'confidence': None, 'between': None, 'provider': 'osm', 'resource': 'planet', 'version': '2026-09-06T00:00:00.000Z'}\n {'property': '/properties/height', 'dataset': 'Microsoft ML Buildings', 'license': 'ODbL-1.0', 'record_id': None, 'update_time': None, 'confidence': None, 'between': None, 'provider': 'microsoft', 'resource': 'ml_buildings', 'version': '2026-08-11'}]", "level": null, "height": 20.732063293457031, "min_height": null, "is_underground": false, "num_floors": null, "num_floors_underground": null, "min_floor": null, "subtype": "commercial", "class": "commercial", "facade_color": null, "facade_material": null, "roof_material": null, "roof_shape": null, "roof_direction": null, "roof_orientation": null, "roof_color": null, "roof_height": null, "has_parts": true, "version": 3, "bbox": { "xmin": 8.534608840942383, "xmax": 8.535229682922363, "ymin": 47.37278747558594, "ymax": 47.3733024597168 } }, "geometry": { "type": "Polygon", "coordinates": [ [ [ 8.5352234, 47.373131 ], [ 8.5352189, 47.3731384 ], [ 8.5352082, 47.3731489 ], [ 8.5351924, 47.3731579 ], [ 8.5348993, 47.3732875 ], [ 8.5348795, 47.3732936 ], [ 8.5348562, 47.3732964 ], [ 8.5348397, 47.3732949 ], [ 8.5348218, 47.3732907 ], [ 8.5348048, 47.3732835 ], [ 8.5347895, 47.3732718 ], [ 8.534757, 47.3732376 ], [ 8.5347189, 47.373191 ], [ 8.5346915, 47.3731414 ], [ 8.5346637, 47.3730762 ], [ 8.5346189, 47.3729714 ], [ 8.5346139, 47.3729545 ], [ 8.5346103, 47.3729331 ], [ 8.5346123, 47.3729104 ], [ 8.5346194, 47.3728898 ], [ 8.5346293, 47.3728722 ], [ 8.5346432, 47.3728556 ], [ 8.5346597, 47.3728401 ], [ 8.5346779, 47.3728274 ], [ 8.5347011, 47.3728144 ], [ 8.5347331, 47.3728023 ], [ 8.5347532, 47.3727965 ], [ 8.5347753, 47.3727925 ], [ 8.5348005, 47.3727901 ], [ 8.5348279, 47.3727892 ], [ 8.5348521, 47.3727907 ], [ 8.5348773, 47.3727945 ], [ 8.534908, 47.3728023 ], [ 8.5349278, 47.37281 ], [ 8.5349439, 47.3728166 ], [ 8.5349595, 47.3728253 ], [ 8.534974, 47.372835 ], [ 8.5349906, 47.3728485 ], [ 8.5350829, 47.3729448 ], [ 8.5352159, 47.3730831 ], [ 8.5352227, 47.3730918 ], [ 8.5352259, 47.3730989 ], [ 8.5352275, 47.3731069 ], [ 8.5352282, 47.3731145 ], [ 8.5352269, 47.3731235 ], [ 8.5352234, 47.373131 ] ], [ [ 8.5349541, 47.3730457 ], [ 8.5348603, 47.3730751 ], [ 8.534904, 47.3731392 ], [ 8.5349978, 47.3731098 ], [ 8.5349541, 47.3730457 ] ] ] } },
{ "type": "Feature", "properties": { "id": "985c2aa5-f6de-4ce6-8a34-b5d17089fb26", "names": null, "sources": "[{'property': '', 'dataset': 'OpenStreetMap', 'license': 'ODbL-1.0', 'record_id': 'r1701522@10', 'update_time': '2026-07-07T22:39:09.000Z', 'confidence': None, 'between': None, 'provider': 'osm', 'resource': 'planet', 'version': '2026-09-06T00:00:00.000Z'}\n {'property': '/properties/height', 'dataset': 'Microsoft ML Buildings', 'license': 'ODbL-1.0', 'record_id': None, 'update_time': None, 'confidence': None, 'between': None, 'provider': 'microsoft', 'resource': 'ml_buildings', 'version': '2026-08-11'}]", "level": null, "height": 18.830228805541992, "min_height": null, "is_underground": false, "num_floors": 4.0, "num_floors_underground": null, "min_floor": null, "subtype": "residential", "class": "apartments", "facade_color": null, "facade_material": null, "roof_material": null, "roof_shape": null, "roof_direction": null, "roof_orientation": null, "roof_color": null, "roof_height": null, "has_parts": false, "version": 1, "bbox": { "xmin": 8.533771514892578, "xmax": 8.5344820022583, "ymin": 47.37282943725586, "ymax": 47.373409271240234 } }, "geometry": { "type": "Polygon", "coordinates": [ [ [ 8.5340723, 47.3733941 ], [ 8.5340622, 47.3733993 ], [ 8.5340471, 47.3734047 ], [ 8.5340334, 47.3734078 ], [ 8.5340182, 47.3734087 ], [ 8.5337722, 47.3734073 ], [ 8.5337767, 47.3729538 ], [ 8.5340291, 47.3728957 ], [ 8.5342865, 47.3728365 ], [ 8.5343605, 47.3729623 ], [ 8.5343894, 47.3730261 ], [ 8.5343953, 47.373026 ], [ 8.5344031, 47.3730431 ], [ 8.5344108, 47.3730601 ], [ 8.5344062, 47.3730633 ], [ 8.5344813, 47.3732293 ], [ 8.5342304, 47.3732816 ], [ 8.5341977, 47.3732884 ], [ 8.5341467, 47.3732991 ], [ 8.5340986, 47.3733091 ], [ 8.5340921, 47.3733105 ], [ 8.5341017, 47.3733326 ], [ 8.5341037, 47.3733405 ], [ 8.5341037, 47.3733486 ], [ 8.5341025, 47.3733582 ], [ 8.5340993, 47.3733672 ], [ 8.5340919, 47.3733782 ], [ 8.534083, 47.3733864 ], [ 8.5340723, 47.3733941 ] ], [ [ 8.5341638, 47.3730736 ], [ 8.5341733, 47.3730657 ], [ 8.5341867, 47.3730608 ], [ 8.5341757, 47.3730374 ], [ 8.5341802, 47.3730364 ], [ 8.5341665, 47.3730072 ], [ 8.5339758, 47.3730512 ], [ 8.5340448, 47.3732011 ], [ 8.5340741, 47.3731947 ], [ 8.5340978, 47.3731897 ], [ 8.5341214, 47.3731846 ], [ 8.5342371, 47.373161 ], [ 8.5342231, 47.3731311 ], [ 8.534219, 47.373132 ], [ 8.5342092, 47.3731111 ], [ 8.5341942, 47.3731121 ], [ 8.5341797, 47.3731091 ], [ 8.534168, 47.3731026 ], [ 8.5341609, 47.3730936 ], [ 8.5341594, 47.3730834 ], [ 8.5341638, 47.3730736 ] ] ] } },
{ "type": "Feature", "properties": { "id": "fc314f8f-0fee-4b6d-a02d-68ee13388127", "names": "{'primary': 'EPA Sihlporte', 'common': None, 'rules': array([{'variant': 'alternate', 'language': None, 'perspectives': None, 'value': 'EPA Sihlporte', 'between': None, 'side': None}],\n      dtype=object)}", "sources": "[{'property': '', 'dataset': 'OpenStreetMap', 'license': 'ODbL-1.0', 'record_id': 'w171055156@7', 'update_time': '2026-03-21T16:00:24.000Z', 'confidence': None, 'between': None, 'provider': 'osm', 'resource': 'planet', 'version': '2026-09-06T00:00:00.000Z'}]", "level": null, "height": null, "min_height": null, "is_underground": false, "num_floors": 7.0, "num_floors_underground": null, "min_floor": null, "subtype": "commercial", "class": "commercial", "facade_color": null, "facade_material": null, "roof_material": null, "roof_shape": null, "roof_direction": null, "roof_orientation": null, "roof_color": null, "roof_height": null, "has_parts": false, "version": 1, "bbox": { "xmin": 8.533782958984375, "xmax": 8.534226417541504, "ymin": 47.37227249145508, "ymax": 47.37268829345703 } }, "geometry": { "type": "Polygon", "coordinates": [ [ [ 8.5338125, 47.372325 ], [ 8.5341367, 47.3722788 ], [ 8.534177, 47.3724124 ], [ 8.5342255, 47.3725708 ], [ 8.5340148, 47.3726241 ], [ 8.5337928, 47.3726815 ], [ 8.5337902, 47.3726776 ], [ 8.5337936, 47.3726753 ], [ 8.5337873, 47.372654 ], [ 8.5337835, 47.3726529 ], [ 8.5338125, 47.372325 ] ] ] } },
{ "type": "Feature", "properties": { "id": "107771f9-a66d-4a58-bba0-9db55103018e", "names": null, "sources": "[{'property': '', 'dataset': 'OpenStreetMap', 'license': 'ODbL-1.0', 'record_id': 'w32234201@6', 'update_time': '2026-03-21T16:00:21.000Z', 'confidence': None, 'between': None, 'provider': 'osm', 'resource': 'planet', 'version': '2026-09-06T00:00:00.000Z'}]", "level": null, "height": null, "min_height": null, "is_underground": false, "num_floors": null, "num_floors_underground": null, "min_floor": null, "subtype": null, "class": null, "facade_color": null, "facade_material": null, "roof_material": null, "roof_shape": null, "roof_direction": null, "roof_orientation": null, "roof_color": null, "roof_height": null, "has_parts": false, "version": 1, "bbox": { "xmin": 8.533285140991211, "xmax": 8.533502578735352, "ymin": 47.37224578857422, "ymax": 47.37245178222656 } }, "geometry": { "type": "Polygon", "coordinates": [ [ [ 8.5334278, 47.372247 ], [ 8.5335017, 47.372411 ], [ 8.533358, 47.372446 ], [ 8.5332857, 47.3723054 ], [ 8.5334278, 47.372247 ] ] ] } },
{ "type": "Feature", "properties": { "id": "e739f491-5f6c-486a-9bbc-5046c9293a7b", "names": null, "sources": "[{'property': '', 'dataset': 'OpenStreetMap', 'license': 'ODbL-1.0', 'record_id': 'w328142994@5', 'update_time': '2026-03-21T16:00:41.000Z', 'confidence': None, 'between': None, 'provider': 'osm', 'resource': 'planet', 'version': '2026-09-06T00:00:00.000Z'}]", "level": null, "height": null, "min_height": null, "is_underground": false, "num_floors": null, "num_floors_underground": null, "min_floor": null, "subtype": "commercial", "class": "retail", "facade_color": null, "facade_material": null, "roof_material": null, "roof_shape": null, "roof_direction": null, "roof_orientation": null, "roof_color": null, "roof_height": null, "has_parts": false, "version": 3, "bbox": { "xmin": 8.533357620239258, "xmax": 8.53353214263916, "ymin": 47.37240982055664, "ymax": 47.372623443603516 } }, "geometry": { "type": "Polygon", "coordinates": [ [ [ 8.533358, 47.372446 ], [ 8.5335017, 47.372411 ], [ 8.5335315, 47.3724107 ], [ 8.5335272, 47.3725269 ], [ 8.5335009, 47.3725298 ], [ 8.533527, 47.3725769 ], [ 8.533521, 47.3725782 ], [ 8.5335251, 47.3726058 ], [ 8.5334566, 47.3726223 ], [ 8.5334439, 47.3725983 ], [ 8.5334395, 47.3725986 ], [ 8.5333743, 47.3724732 ], [ 8.5333727, 47.3724735 ], [ 8.533358, 47.372446 ] ] ] } },
{ "type": "Feature", "properties": { "id": "a42e6dce-66cf-45b3-a772-49a06af70ca9", "names": null, "sources": "[{'property': '', 'dataset': 'OpenStreetMap', 'license': 'ODbL-1.0', 'record_id': 'w31969786@11', 'update_time': '2026-03-21T16:00:04.000Z', 'confidence': None, 'between': None, 'provider': 'osm', 'resource': 'planet', 'version': '2026-09-06T00:00:00.000Z'}\n {'property': '/properties/height', 'dataset': 'Microsoft ML Buildings', 'license': 'ODbL-1.0', 'record_id': None, 'update_time': None, 'confidence': None, 'between': None, 'provider': 'microsoft', 'resource': 'ml_buildings', 'version': '2026-08-11'}]", "level": null, "height": 7.3830423355102539, "min_height": null, "is_underground": false, "num_floors": null, "num_floors_underground": null, "min_floor": null, "subtype": null, "class": null, "facade_color": null, "facade_material": null, "roof_material": null, "roof_shape": null, "roof_direction": null, "roof_orientation": null, "roof_color": null, "roof_height": null, "has_parts": false, "version": 2, "bbox": { "xmin": 8.533175468444824, "xmax": 8.53339672088623, "ymin": 47.37263488769531, "ymax": 47.37281799316406 } }, "geometry": { "type": "Polygon", "coordinates": [ [ [ 8.5333329, 47.3728058 ], [ 8.5331762, 47.3726655 ], [ 8.5332403, 47.3726423 ], [ 8.5333964, 47.3727529 ], [ 8.5333589, 47.3728062 ], [ 8.5333521, 47.3728095 ], [ 8.5333443, 47.3728107 ], [ 8.5333375, 47.3728087 ], [ 8.5333329, 47.3728058 ] ] ] } },
{ "type": "Feature", "properties": { "id": "aa1c2c37-0e98-427f-bcab-2a677fda83e4", "names": null, "sources": "[{'property': '', 'dataset': 'OpenStreetMap', 'license': 'ODbL-1.0', 'record_id': 'w328142998@1', 'update_time': '2024-04-10T08:02:54.000Z', 'confidence': None, 'between': None, 'provider': 'osm', 'resource': 'planet', 'version': '2026-09-06T00:00:00.000Z'}]", "level": null, "height": null, "min_height": null, "is_underground": false, "num_floors": null, "num_floors_underground": null, "min_floor": null, "subtype": null, "class": null, "facade_color": null, "facade_material": null, "roof_material": null, "roof_shape": null, "roof_direction": null, "roof_orientation": null, "roof_color": null, "roof_height": null, "has_parts": false, "version": 1, "bbox": { "xmin": 8.53303337097168, "xmax": 8.533151626586914, "ymin": 47.372684478759766, "ymax": 47.37277603149414 } }, "geometry": { "type": "Polygon", "coordinates": [ [ [ 8.5330335, 47.3727183 ], [ 8.5331191, 47.3726845 ], [ 8.5331512, 47.3727358 ], [ 8.5330684, 47.3727694 ], [ 8.5330335, 47.3727183 ] ] ] } },
{ "type": "Feature", "properties": { "id": "d2ba9bba-e7cf-475d-95e2-4aa55d3dfa5d", "names": null, "sources": "[{'property': '', 'dataset': 'OpenStreetMap', 'license': 'ODbL-1.0', 'record_id': 'w328142983@5', 'update_time': '2026-03-21T16:00:10.000Z', 'confidence': None, 'between': None, 'provider': 'osm', 'resource': 'planet', 'version': '2026-09-06T00:00:00.000Z'}]", "level": null, "height": null, "min_height": null, "is_underground": false, "num_floors": null, "num_floors_underground": null, "min_floor": null, "subtype": null, "class": null, "facade_color": null, "facade_material": null, "roof_material": null, "roof_shape": null, "roof_direction": null, "roof_orientation": null, "roof_color": null, "roof_height": null, "has_parts": false, "version": 1, "bbox": { "xmin": 8.532697677612305, "xmax": 8.533126831054688, "ymin": 47.372528076171875, "ymax": 47.372798919677734 } }, "geometry": { "type": "Polygon", "coordinates": [ [ [ 8.5330335, 47.3727183 ], [ 8.5328498, 47.3727916 ], [ 8.5326981, 47.3726169 ], [ 8.5328419, 47.3725783 ], [ 8.532928, 47.3725554 ], [ 8.5330276, 47.3725292 ], [ 8.5330649, 47.3725873 ], [ 8.5331095, 47.3726559 ], [ 8.533126, 47.3726813 ], [ 8.5331191, 47.3726845 ], [ 8.5330335, 47.3727183 ] ] ] } },
{ "type": "Feature", "properties": { "id": "2d95ac0f-481b-4087-bbfb-7138a046285f", "names": null, "sources": "[{'property': '', 'dataset': 'OpenStreetMap', 'license': 'ODbL-1.0', 'record_id': 'w1159209223@1', 'update_time': '2023-04-02T17:06:10.000Z', 'confidence': None, 'between': None, 'provider': 'osm', 'resource': 'planet', 'version': '2026-09-06T00:00:00.000Z'}]", "level": null, "height": null, "min_height": null, "is_underground": false, "num_floors": null, "num_floors_underground": null, "min_floor": null, "subtype": null, "class": null, "facade_color": null, "facade_material": null, "roof_material": null, "roof_shape": "gabled", "roof_direction": null, "roof_orientation": "across", "roof_color": null, "roof_height": null, "has_parts": false, "version": 1, "bbox": { "xmin": 8.532910346984863, "xmax": 8.53298568725586, "ymin": 47.372459411621094, "ymax": 47.37250900268555 } }, "geometry": { "type": "Polygon", "coordinates": [ [ [ 8.5329109, 47.3724816 ], [ 8.5329615, 47.3724608 ], [ 8.5329851, 47.3724871 ], [ 8.5329345, 47.3725079 ], [ 8.5329109, 47.3724816 ] ] ] } },
{ "type": "Feature", "properties": { "id": "aa362e4d-a502-43a1-93e0-73b2d5cc3c3e", "names": null, "sources": "[{'property': '', 'dataset': 'OpenStreetMap', 'license': 'ODbL-1.0', 'record_id': 'w328142996@2', 'update_time': '2024-04-10T08:02:54.000Z', 'confidence': None, 'between': None, 'provider': 'osm', 'resource': 'planet', 'version': '2026-09-06T00:00:00.000Z'}]", "level": null, "height": null, "min_height": null, "is_underground": false, "num_floors": null, "num_floors_underground": null, "min_floor": null, "subtype": null, "class": null, "facade_color": null, "facade_material": null, "roof_material": null, "roof_shape": null, "roof_direction": null, "roof_orientation": null, "roof_color": null, "roof_height": null, "has_parts": false, "version": 1, "bbox": { "xmin": 8.532846450805664, "xmax": 8.532928466796875, "ymin": 47.372501373291016, "ymax": 47.37257385253906 } }, "geometry": { "type": "Polygon", "coordinates": [ [ [ 8.532928, 47.3725554 ], [ 8.5328838, 47.3725671 ], [ 8.5328479, 47.3725164 ], [ 8.5328914, 47.3725021 ], [ 8.532928, 47.3725554 ] ] ] } },
{ "type": "Feature", "properties": { "id": "bd326c6a-69de-41ed-8390-d67c59d6c309", "names": null, "sources": "[{'property': '', 'dataset': 'OpenStreetMap', 'license': 'ODbL-1.0', 'record_id': 'w328142990@5', 'update_time': '2026-03-21T16:00:24.000Z', 'confidence': None, 'between': None, 'provider': 'osm', 'resource': 'planet', 'version': '2026-09-06T00:00:00.000Z'}]", "level": null, "height": null, "min_height": null, "is_underground": false, "num_floors": null, "num_floors_underground": null, "min_floor": null, "subtype": "residential", "class": "apartments", "facade_color": null, "facade_material": null, "roof_material": null, "roof_shape": null, "roof_direction": null, "roof_orientation": null, "roof_color": null, "roof_height": null, "has_parts": false, "version": 1, "bbox": { "xmin": 8.532565116882324, "xmax": 8.532769203186035, "ymin": 47.37240219116211, "ymax": 47.3725471496582 } }, "geometry": { "type": "Polygon", "coordinates": [ [ [ 8.5327314, 47.3724486 ], [ 8.5327685, 47.3724909 ], [ 8.5326364, 47.3725454 ], [ 8.5325655, 47.3724623 ], [ 8.5326969, 47.372409 ], [ 8.5326996, 47.372412 ], [ 8.5327314, 47.3724486 ] ] ] } },
{ "type": "Feature", "properties": { "id": "9f13bf5b-169f-4ae6-b4a2-268a3bcb2eb2", "names": null, "sources": "[{'property': '', 'dataset': 'OpenStreetMap', 'license': 'ODbL-1.0', 'record_id': 'w328142992@2', 'update_time': '2024-04-26T15:29:40.000Z', 'confidence': None, 'between': None, 'provider': 'osm', 'resource': 'planet', 'version': '2026-09-06T00:00:00.000Z'}]", "level": null, "height": null, "min_height": null, "is_underground": false, "num_floors": null, "num_floors_underground": null, "min_floor": null, "subtype": null, "class": null, "facade_color": null, "facade_material": null, "roof_material": null, "roof_shape": null, "roof_direction": null, "roof_orientation": null, "roof_color": null, "roof_height": null, "has_parts": false, "version": 1, "bbox": { "xmin": 8.532699584960938, "xmax": 8.532804489135742, "ymin": 47.37238693237305, "ymax": 47.372467041015625 } }, "geometry": { "type": "Polygon", "coordinates": [ [ [ 8.5327502, 47.3724413 ], [ 8.5327314, 47.3724486 ], [ 8.5326996, 47.372412 ], [ 8.5327634, 47.3723887 ], [ 8.5328041, 47.372446 ], [ 8.5327673, 47.3724605 ], [ 8.5327502, 47.3724413 ] ] ] } },
{ "type": "Feature", "properties": { "id": "db522a1c-65a9-4456-9025-dfb6602b6eaa", "names": null, "sources": "[{'property': '', 'dataset': 'OpenStreetMap', 'license': 'ODbL-1.0', 'record_id': 'w328142991@4', 'update_time': '2026-03-21T16:00:04.000Z', 'confidence': None, 'between': None, 'provider': 'osm', 'resource': 'planet', 'version': '2026-09-06T00:00:00.000Z'}]", "level": null, "height": null, "min_height": null, "is_underground": false, "num_floors": null, "num_floors_underground": null, "min_floor": null, "subtype": "residential", "class": "apartments", "facade_color": null, "facade_material": null, "roof_material": null, "roof_shape": null, "roof_direction": null, "roof_orientation": null, "roof_color": null, "roof_height": null, "has_parts": false, "version": 1, "bbox": { "xmin": 8.532635688781738, "xmax": 8.532842636108398, "ymin": 47.37248992919922, "ymax": 47.372623443603516 } }, "geometry": { "type": "Polygon", "coordinates": [ [ [ 8.5328064, 47.3725356 ], [ 8.5328419, 47.3725783 ], [ 8.5326981, 47.3726169 ], [ 8.5326364, 47.3725454 ], [ 8.5327685, 47.3724909 ], [ 8.5328064, 47.3725356 ] ] ] } },
{ "type": "Feature", "properties": { "id": "4648a15e-0e3a-410d-b9da-7535c5ea9877", "names": null, "sources": "[{'property': '', 'dataset': 'OpenStreetMap', 'license': 'ODbL-1.0', 'record_id': 'w1271390671@3', 'update_time': '2026-03-21T16:00:16.000Z', 'confidence': None, 'between': None, 'provider': 'osm', 'resource': 'planet', 'version': '2026-09-06T00:00:00.000Z'}]", "level": null, "height": null, "min_height": null, "is_underground": false, "num_floors": null, "num_floors_underground": null, "min_floor": null, "subtype": null, "class": null, "facade_color": null, "facade_material": null, "roof_material": null, "roof_shape": null, "roof_direction": null, "roof_orientation": null, "roof_color": null, "roof_height": null, "has_parts": false, "version": 1, "bbox": { "xmin": 8.532806396484375, "xmax": 8.53288459777832, "ymin": 47.37250900268555, "ymax": 47.37258529663086 } }, "geometry": { "type": "Polygon", "coordinates": [ [ [ 8.5328479, 47.3725164 ], [ 8.5328838, 47.3725671 ], [ 8.5328419, 47.3725783 ], [ 8.5328064, 47.3725356 ], [ 8.5328479, 47.3725164 ] ] ] } },
{ "type": "Feature", "properties": { "id": "dff827f2-3a81-4320-81cc-cbc8c652cb86", "names": null, "sources": "[{'property': '', 'dataset': 'OpenStreetMap', 'license': 'ODbL-1.0', 'record_id': 'w328142987@4', 'update_time': '2026-03-21T16:00:37.000Z', 'confidence': None, 'between': None, 'provider': 'osm', 'resource': 'planet', 'version': '2026-09-06T00:00:00.000Z'}]", "level": null, "height": null, "min_height": null, "is_underground": false, "num_floors": null, "num_floors_underground": null, "min_floor": null, "subtype": "residential", "class": "apartments", "facade_color": null, "facade_material": null, "roof_material": null, "roof_shape": null, "roof_direction": null, "roof_orientation": null, "roof_color": null, "roof_height": null, "has_parts": false, "version": 1, "bbox": { "xmin": 8.532486915588379, "xmax": 8.53271484375, "ymin": 47.37272644042969, "ymax": 47.37286376953125 } }, "geometry": { "type": "Polygon", "coordinates": [ [ [ 8.5326559, 47.3727277 ], [ 8.5327134, 47.3728151 ], [ 8.5325774, 47.3728636 ], [ 8.5325696, 47.3728533 ], [ 8.5325466, 47.3728617 ], [ 8.5324873, 47.372797 ], [ 8.5326559, 47.3727277 ] ] ] } },
{ "type": "Feature", "properties": { "id": "abb70dea-cd2f-43bf-970d-54bd3ded4e62", "names": null, "sources": "[{'property': '', 'dataset': 'OpenStreetMap', 'license': 'ODbL-1.0', 'record_id': 'w328142989@5', 'update_time': '2026-03-21T16:00:26.000Z', 'confidence': None, 'between': None, 'provider': 'osm', 'resource': 'planet', 'version': '2026-09-06T00:00:00.000Z'}]", "level": null, "height": null, "min_height": null, "is_underground": false, "num_floors": null, "num_floors_underground": null, "min_floor": null, "subtype": "residential", "class": "apartments", "facade_color": null, "facade_material": null, "roof_material": null, "roof_shape": null, "roof_direction": null, "roof_orientation": null, "roof_color": null, "roof_height": null, "has_parts": false, "version": 1, "bbox": { "xmin": 8.532445907592773, "xmax": 8.532655715942383, "ymin": 47.37285232543945, "ymax": 47.37300491333008 } }, "geometry": { "type": "Polygon", "coordinates": [ [ [ 8.5325774, 47.3728636 ], [ 8.5326337, 47.3729354 ], [ 8.5326549, 47.372962 ], [ 8.5326328, 47.3729704 ], [ 8.5326346, 47.3729728 ], [ 8.532589, 47.3729892 ], [ 8.5325867, 47.3729863 ], [ 8.5325374, 47.3730044 ], [ 8.5325193, 47.3729832 ], [ 8.5325154, 47.3729846 ], [ 8.5325065, 47.3729733 ], [ 8.5324892, 47.3729801 ], [ 8.53246, 47.3729408 ], [ 8.5324755, 47.3729352 ], [ 8.5324467, 47.3728984 ], [ 8.5325466, 47.3728617 ], [ 8.5325696, 47.3728533 ], [ 8.5325774, 47.3728636 ] ] ] } },
{ "type": "Feature", "properties": { "id": "c394b21c-63ad-470c-9148-fb6cccb78460", "names": null, "sources": "[{'property': '', 'dataset': 'OpenStreetMap', 'license': 'ODbL-1.0', 'record_id': 'w328142993@5', 'update_time': '2026-03-21T16:00:15.000Z', 'confidence': None, 'between': None, 'provider': 'osm', 'resource': 'planet', 'version': '2026-09-06T00:00:00.000Z'}]", "level": null, "height": null, "min_height": null, "is_underground": false, "num_floors": null, "num_floors_underground": null, "min_floor": null, "subtype": "residential", "class": "apartments", "facade_color": null, "facade_material": null, "roof_material": null, "roof_shape": null, "roof_direction": null, "roof_orientation": null, "roof_color": null, "roof_height": null, "has_parts": false, "version": 1, "bbox": { "xmin": 8.532848358154297, "xmax": 8.533079147338867, "ymin": 47.372711181640625, "ymax": 47.37288284301758 } }, "geometry": { "type": "Polygon", "coordinates": [ [ [ 8.53297, 47.3728569 ], [ 8.5329226, 47.3728762 ], [ 8.5328498, 47.3727916 ], [ 8.5330335, 47.3727183 ], [ 8.5330684, 47.3727694 ], [ 8.5330785, 47.3727859 ], [ 8.5329775, 47.3728263 ], [ 8.5329961, 47.3728474 ], [ 8.532998, 47.3728498 ], [ 8.53297, 47.3728569 ] ] ] } },
{ "type": "Feature", "properties": { "id": "3a7543ff-ca29-4b1d-92b4-60345f60c05f", "names": null, "sources": "[{'property': '', 'dataset': 'OpenStreetMap', 'license': 'ODbL-1.0', 'record_id': 'w328142999@6', 'update_time': '2026-03-21T16:00:30.000Z', 'confidence': None, 'between': None, 'provider': 'osm', 'resource': 'planet', 'version': '2026-09-06T00:00:00.000Z'}]", "level": null, "height": null, "min_height": null, "is_underground": false, "num_floors": 5.0, "num_floors_underground": null, "min_floor": null, "subtype": "residential", "class": "apartments", "facade_color": null, "facade_material": null, "roof_material": null, "roof_shape": null, "roof_direction": null, "roof_orientation": null, "roof_color": null, "roof_height": null, "has_parts": false, "version": 2, "bbox": { "xmin": 8.53292179107666, "xmax": 8.533244132995605, "ymin": 47.3727912902832, "ymax": 47.37296676635742 } }, "geometry": { "type": "Polygon", "coordinates": [ [ [ 8.5331095, 47.3728184 ], [ 8.533188, 47.3727987 ], [ 8.5332435, 47.3728964 ], [ 8.5331702, 47.372915 ], [ 8.5331709, 47.3729162 ], [ 8.533086, 47.3729378 ], [ 8.5330853, 47.3729365 ], [ 8.5330179, 47.3729536 ], [ 8.5330137, 47.372963 ], [ 8.5329789, 47.3729558 ], [ 8.5329826, 47.372946 ], [ 8.5329226, 47.3728762 ], [ 8.53297, 47.3728569 ], [ 8.532998, 47.3728498 ], [ 8.5329961, 47.3728474 ], [ 8.5330401, 47.3728355 ], [ 8.5330324, 47.3728226 ], [ 8.5331018, 47.3728051 ], [ 8.5331095, 47.3728184 ] ] ] } },
{ "type": "Feature", "properties": { "id": "d1e7eee7-6d48-43e3-89e5-4df86893b061", "names": null, "sources": "[{'property': '', 'dataset': 'OpenStreetMap', 'license': 'ODbL-1.0', 'record_id': 'w328142982@6', 'update_time': '2026-03-28T07:41:20.000Z', 'confidence': None, 'between': None, 'provider': 'osm', 'resource': 'planet', 'version': '2026-09-06T00:00:00.000Z'}]", "level": null, "height": null, "min_height": null, "is_underground": false, "num_floors": 4.0, "num_floors_underground": null, "min_floor": null, "subtype": "residential", "class": "apartments", "facade_color": null, "facade_material": null, "roof_material": null, "roof_shape": null, "roof_direction": null, "roof_orientation": null, "roof_color": null, "roof_height": null, "has_parts": false, "version": 2, "bbox": { "xmin": 8.532618522644043, "xmax": 8.53280258178711, "ymin": 47.37288284301758, "ymax": 47.37305450439453 } }, "geometry": { "type": "Polygon", "coordinates": [ [ [ 8.532719, 47.3730313 ], [ 8.5326563, 47.3730472 ], [ 8.5326188, 47.3730002 ], [ 8.5326479, 47.3729898 ], [ 8.5326346, 47.3729728 ], [ 8.5326328, 47.3729704 ], [ 8.5326549, 47.372962 ], [ 8.5326337, 47.3729354 ], [ 8.5327566, 47.3728891 ], [ 8.5327821, 47.3729343 ], [ 8.5328011, 47.3729668 ], [ 8.5327675, 47.3730186 ], [ 8.532719, 47.3730313 ] ] ] } },
{ "type": "Feature", "properties": { "id": "78d0bd17-4e0c-4239-b8be-f0705a6ee77a", "names": null, "sources": "[{'property': '', 'dataset': 'OpenStreetMap', 'license': 'ODbL-1.0', 'record_id': 'w328143001@6', 'update_time': '2026-04-22T18:28:18.000Z', 'confidence': None, 'between': None, 'provider': 'osm', 'resource': 'planet', 'version': '2026-09-06T00:00:00.000Z'}]", "level": null, "height": null, "min_height": null, "is_underground": false, "num_floors": 4.0, "num_floors_underground": null, "min_floor": null, "subtype": "residential", "class": "apartments", "facade_color": null, "facade_material": null, "roof_material": null, "roof_shape": null, "roof_direction": null, "roof_orientation": null, "roof_color": null, "roof_height": null, "has_parts": false, "version": 2, "bbox": { "xmin": 8.532393455505371, "xmax": 8.5326566696167, "ymin": 47.372982025146484, "ymax": 47.37310028076172 } }, "geometry": { "type": "Polygon", "coordinates": [ [ [ 8.5326563, 47.3730472 ], [ 8.5324551, 47.3730994 ], [ 8.5324504, 47.3730924 ], [ 8.5324467, 47.3730932 ], [ 8.5323943, 47.3730079 ], [ 8.5324684, 47.3729821 ], [ 8.5324805, 47.3729973 ], [ 8.5325154, 47.3729846 ], [ 8.5325193, 47.3729832 ], [ 8.5325374, 47.3730044 ], [ 8.5325867, 47.3729863 ], [ 8.532589, 47.3729892 ], [ 8.5326019, 47.373006 ], [ 8.5326188, 47.3730002 ], [ 8.5326563, 47.3730472 ] ] ] } },
{ "type": "Feature", "properties": { "id": "d3fc4ee1-7941-4f14-b4a5-e65d8a911350", "names": null, "sources": "[{'property': '', 'dataset': 'OpenStreetMap', 'license': 'ODbL-1.0', 'record_id': 'w1287656605@1', 'update_time': '2024-05-29T11:32:59.000Z', 'confidence': None, 'between': None, 'provider': 'osm', 'resource': 'planet', 'version': '2026-09-06T00:00:00.000Z'}]", "level": null, "height": null, "min_height": null, "is_underground": false, "num_floors": null, "num_floors_underground": null, "min_floor": null, "subtype": "service", "class": "service", "facade_color": null, "facade_material": null, "roof_material": null, "roof_shape": null, "roof_direction": null, "roof_orientation": null, "roof_color": null, "roof_height": null, "has_parts": false, "version": 1, "bbox": { "xmin": 8.532172203063965, "xmax": 8.532222747802734, "ymin": 47.37300491333008, "ymax": 47.373050689697266 } }, "geometry": { "type": "Polygon", "coordinates": [ [ [ 8.532222, 47.3730339 ], [ 8.5321904, 47.3730432 ], [ 8.5321728, 47.3730159 ], [ 8.5321885, 47.3730112 ], [ 8.5322043, 47.3730065 ], [ 8.532222, 47.3730339 ] ] ] } },
{ "type": "Feature", "properties": { "id": "4b08e312-9285-441f-b3c9-b36c08074960", "names": null, "sources": "[{'property': '', 'dataset': 'OpenStreetMap', 'license': 'ODbL-1.0', 'record_id': 'r17649189@1', 'update_time': '2024-05-29T11:32:59.000Z', 'confidence': None, 'between': None, 'provider': 'osm', 'resource': 'planet', 'version': '2026-09-06T00:00:00.000Z'}]", "level": 2.0, "height": null, "min_height": null, "is_underground": false, "num_floors": null, "num_floors_underground": null, "min_floor": null, "subtype": "outbuilding", "class": "roof", "facade_color": null, "facade_material": null, "roof_material": null, "roof_shape": null, "roof_direction": null, "roof_orientation": null, "roof_color": null, "roof_height": null, "has_parts": false, "version": 2, "bbox": { "xmin": 8.532058715820312, "xmax": 8.53225040435791, "ymin": 47.372833251953125, "ymax": 47.37308120727539 } }, "geometry": { "type": "Polygon", "coordinates": [ [ [ 8.532197, 47.3729756 ], [ 8.53225, 47.3730606 ], [ 8.5321984, 47.3730753 ], [ 8.5321454, 47.3729904 ], [ 8.5321437, 47.3729908 ], [ 8.5320591, 47.3728551 ], [ 8.5321151, 47.3728391 ], [ 8.5321998, 47.3729748 ], [ 8.532197, 47.3729756 ] ], [ [ 8.5321885, 47.3730112 ], [ 8.5321728, 47.3730159 ], [ 8.5321904, 47.3730432 ], [ 8.532222, 47.3730339 ], [ 8.5322043, 47.3730065 ], [ 8.5321885, 47.3730112 ] ] ] } },
{ "type": "Feature", "properties": { "id": "292f29e7-605f-4417-a9fb-7b97f4bb0b73", "names": null, "sources": "[{'property': '', 'dataset': 'OpenStreetMap', 'license': 'ODbL-1.0', 'record_id': 'w328142988@2', 'update_time': '2024-04-10T08:02:54.000Z', 'confidence': None, 'between': None, 'provider': 'osm', 'resource': 'planet', 'version': '2026-09-06T00:00:00.000Z'}\n {'property': '/properties/height', 'dataset': 'Microsoft ML Buildings', 'license': 'ODbL-1.0', 'record_id': None, 'update_time': None, 'confidence': None, 'between': None, 'provider': 'microsoft', 'resource': 'ml_buildings', 'version': '2026-08-11'}]", "level": null, "height": 10.22358226776123, "min_height": null, "is_underground": false, "num_floors": null, "num_floors_underground": null, "min_floor": null, "subtype": null, "class": null, "facade_color": null, "facade_material": null, "roof_material": null, "roof_shape": null, "roof_direction": null, "roof_orientation": null, "roof_color": null, "roof_height": null, "has_parts": false, "version": 2, "bbox": { "xmin": 8.532327651977539, "xmax": 8.532490730285645, "ymin": 47.372806549072266, "ymax": 47.37290573120117 } }, "geometry": { "type": "Polygon", "coordinates": [ [ [ 8.5324107, 47.372879 ], [ 8.5323629, 47.3728982 ], [ 8.5323284, 47.3728589 ], [ 8.5324569, 47.3728072 ], [ 8.5324904, 47.3728455 ], [ 8.5324098, 47.3728779 ], [ 8.5324107, 47.372879 ] ] ] } },
{ "type": "Feature", "properties": { "id": "0c529fce-e4d1-4939-9516-e27c911ae31a", "names": null, "sources": "[{'property': '', 'dataset': 'OpenStreetMap', 'license': 'ODbL-1.0', 'record_id': 'w338944160@7', 'update_time': '2026-04-18T18:21:06.000Z', 'confidence': None, 'between': None, 'provider': 'osm', 'resource': 'planet', 'version': '2026-09-06T00:00:00.000Z'}]", "level": null, "height": null, "min_height": null, "is_underground": false, "num_floors": 4.0, "num_floors_underground": null, "min_floor": null, "subtype": "commercial", "class": "hotel", "facade_color": null, "facade_material": null, "roof_material": null, "roof_shape": null, "roof_direction": null, "roof_orientation": null, "roof_color": null, "roof_height": null, "has_parts": false, "version": 3, "bbox": { "xmin": 8.531510353088379, "xmax": 8.531723022460938, "ymin": 47.37300109863281, "ymax": 47.3731575012207 } }, "geometry": { "type": "Polygon", "coordinates": [ [ [ 8.5317222, 47.3731112 ], [ 8.5315793, 47.3731503 ], [ 8.5315628, 47.3731265 ], [ 8.5315191, 47.3730641 ], [ 8.5315107, 47.3730514 ], [ 8.5316591, 47.373008 ], [ 8.5317222, 47.3731112 ] ] ] } },
{ "type": "Feature", "properties": { "id": "a64183d5-39fa-4128-be4a-5c5be7713771", "names": null, "sources": "[{'property': '', 'dataset': 'OpenStreetMap', 'license': 'ODbL-1.0', 'record_id': 'w220521146@6', 'update_time': '2026-03-21T15:59:57.000Z', 'confidence': None, 'between': None, 'provider': 'osm', 'resource': 'planet', 'version': '2026-09-06T00:00:00.000Z'}]", "level": null, "height": null, "min_height": null, "is_underground": false, "num_floors": 5.0, "num_floors_underground": null, "min_floor": null, "subtype": "commercial", "class": "commercial", "facade_color": null, "facade_material": null, "roof_material": null, "roof_shape": null, "roof_direction": null, "roof_orientation": null, "roof_color": null, "roof_height": null, "has_parts": false, "version": 1, "bbox": { "xmin": 8.530712127685547, "xmax": 8.531176567077637, "ymin": 47.37236022949219, "ymax": 47.37285232543945 } }, "geometry": { "type": "Polygon", "coordinates": [ [ [ 8.5309421, 47.372366 ], [ 8.5311759, 47.3727549 ], [ 8.5310372, 47.3728505 ], [ 8.5307268, 47.3727719 ], [ 8.5307291, 47.3727676 ], [ 8.5307927, 47.3726518 ], [ 8.5308089, 47.3726474 ], [ 8.5308385, 47.3726392 ], [ 8.5308237, 47.3726145 ], [ 8.5307124, 47.3724294 ], [ 8.5309421, 47.372366 ] ] ] } },
{ "type": "Feature", "properties": { "id": "daa38320-c782-4521-90cc-fae8e6b0715b", "names": null, "sources": "[{'property': '', 'dataset': 'OpenStreetMap', 'license': 'ODbL-1.0', 'record_id': 'w328142986@6', 'update_time': '2026-03-21T16:00:24.000Z', 'confidence': None, 'between': None, 'provider': 'osm', 'resource': 'planet', 'version': '2026-09-06T00:00:00.000Z'}\n {'property': '/properties/height', 'dataset': 'Microsoft ML Buildings', 'license': 'ODbL-1.0', 'record_id': None, 'update_time': None, 'confidence': None, 'between': None, 'provider': 'microsoft', 'resource': 'ml_buildings', 'version': '2026-08-11'}]", "level": null, "height": 10.619195938110352, "min_height": null, "is_underground": false, "num_floors": null, "num_floors_underground": null, "min_floor": null, "subtype": "residential", "class": "apartments", "facade_color": null, "facade_material": null, "roof_material": null, "roof_shape": null, "roof_direction": null, "roof_orientation": null, "roof_color": null, "roof_height": null, "has_parts": false, "version": 2, "bbox": { "xmin": 8.532215118408203, "xmax": 8.532629013061523, "ymin": 47.372596740722656, "ymax": 47.37283706665039 } }, "geometry": { "type": "Polygon", "coordinates": [ [ [ 8.532337, 47.3728068 ], [ 8.5322789, 47.3728303 ], [ 8.5322158, 47.3727353 ], [ 8.532551, 47.3726032 ], [ 8.5326284, 47.372693 ], [ 8.5324693, 47.3727559 ], [ 8.532337, 47.3728068 ] ] ] } },
{ "type": "Feature", "properties": { "id": "0b7247b2-0d86-445e-a258-43a3e49452fa", "names": null, "sources": "[{'property': '', 'dataset': 'Microsoft ML Buildings', 'license': 'ODbL-1.0', 'record_id': None, 'update_time': None, 'confidence': None, 'between': None, 'provider': 'microsoft', 'resource': 'ml_buildings', 'version': '2026-08-11'}]", "level": null, "height": 8.704035758972168, "min_height": null, "is_underground": false, "num_floors": null, "num_floors_underground": null, "min_floor": null, "subtype": null, "class": null, "facade_color": null, "facade_material": null, "roof_material": null, "roof_shape": null, "roof_direction": null, "roof_orientation": null, "roof_color": null, "roof_height": null, "has_parts": false, "version": 4, "bbox": { "xmin": 8.53222370147705, "xmax": 8.532487869262695, "ymin": 47.3725700378418, "ymax": 47.37269592285156 } }, "geometry": { "type": "Polygon", "coordinates": [ [ [ 8.532224, 47.3726731 ], [ 8.532473, 47.3725738 ], [ 8.5324871, 47.37259 ], [ 8.5322381, 47.3726893 ], [ 8.532224, 47.3726731 ] ] ] } },
{ "type": "Feature", "properties": { "id": "b46ac525-83c2-4c61-8fec-96ca00c00600", "names": "{'primary': 'Ehemaliges Unterwerk Selnau', 'common': None, 'rules': None}", "sources": "[{'property': '', 'dataset': 'OpenStreetMap', 'license': 'ODbL-1.0', 'record_id': 'w30662870@13', 'update_time': '2026-03-21T16:00:13.000Z', 'confidence': None, 'between': None, 'provider': 'osm', 'resource': 'planet', 'version': '2026-09-06T00:00:00.000Z'}\n {'property': '/properties/height', 'dataset': 'Microsoft ML Buildings', 'license': 'ODbL-1.0', 'record_id': None, 'update_time': None, 'confidence': None, 'between': None, 'provider': 'microsoft', 'resource': 'ml_buildings', 'version': '2026-08-11'}]", "level": null, "height": 11.786507606506348, "min_height": null, "is_underground": false, "num_floors": null, "num_floors_underground": null, "min_floor": null, "subtype": "industrial", "class": "industrial", "facade_color": null, "facade_material": null, "roof_material": null, "roof_shape": null, "roof_direction": null, "roof_orientation": null, "roof_color": null, "roof_height": null, "has_parts": false, "version": 2, "bbox": { "xmin": 8.531800270080566, "xmax": 8.532466888427734, "ymin": 47.37201690673828, "ymax": 47.3726692199707 } }, "geometry": { "type": "Polygon", "coordinates": [ [ [ 8.5319809, 47.3720474 ], [ 8.5320064, 47.3720871 ], [ 8.5320228, 47.3720854 ], [ 8.5320388, 47.3720885 ], [ 8.5320496, 47.3720943 ], [ 8.5320567, 47.3721024 ], [ 8.5322282, 47.3723629 ], [ 8.5322567, 47.3723514 ], [ 8.5322993, 47.3724003 ], [ 8.5323195, 47.3723924 ], [ 8.5324663, 47.3725625 ], [ 8.5321994, 47.3726685 ], [ 8.5320925, 47.372547 ], [ 8.531801, 47.3721014 ], [ 8.53183, 47.3720929 ], [ 8.531808, 47.3720598 ], [ 8.5319306, 47.3720233 ], [ 8.5319522, 47.3720559 ], [ 8.5319809, 47.3720474 ] ] ] } },
{ "type": "Feature", "properties": { "id": "738606d8-23bd-44e5-8903-12bfa6781eef", "names": "{'primary': 'Hallenbad City', 'common': None, 'rules': None}", "sources": "[{'property': '', 'dataset': 'OpenStreetMap', 'license': 'ODbL-1.0', 'record_id': 'w10696509@20', 'update_time': '2026-03-21T16:00:34.000Z', 'confidence': None, 'between': None, 'provider': 'osm', 'resource': 'planet', 'version': '2026-09-06T00:00:00.000Z'}\n {'property': '/properties/height', 'dataset': 'Microsoft ML Buildings', 'license': 'ODbL-1.0', 'record_id': None, 'update_time': None, 'confidence': None, 'between': None, 'provider': 'microsoft', 'resource': 'ml_buildings', 'version': '2026-08-11'}]", "level": null, "height": 14.985001564025879, "min_height": null, "is_underground": false, "num_floors": null, "num_floors_underground": null, "min_floor": null, "subtype": null, "class": null, "facade_color": null, "facade_material": null, "roof_material": null, "roof_shape": null, "roof_direction": null, "roof_orientation": null, "roof_color": null, "roof_height": null, "has_parts": false, "version": 2, "bbox": { "xmin": 8.532369613647461, "xmax": 8.533295631408691, "ymin": 47.37183380126953, "ymax": 47.372413635253906 } }, "geometry": { "type": "Polygon", "coordinates": [ [ [ 8.5325294, 47.3723161 ], [ 8.5323698, 47.3721319 ], [ 8.5330593, 47.3718579 ], [ 8.5330686, 47.3718686 ], [ 8.5331376, 47.3718412 ], [ 8.5332731, 47.3719976 ], [ 8.5332255, 47.3720165 ], [ 8.5332376, 47.3720304 ], [ 8.5332387, 47.3720329 ], [ 8.533237, 47.3720342 ], [ 8.5332153, 47.3720428 ], [ 8.5332955, 47.3721355 ], [ 8.533022, 47.3722441 ], [ 8.5330406, 47.3722655 ], [ 8.5329036, 47.37232 ], [ 8.5328852, 47.3722988 ], [ 8.5326128, 47.372407 ], [ 8.5325329, 47.3723147 ], [ 8.5325294, 47.3723161 ] ] ] } },
{ "type": "Feature", "properties": { "id": "39fa11e2-1543-46ab-8d20-b5775f537dd4", "names": "{'primary': 'Haus zur Katz', 'common': None, 'rules': None}", "sources": "[{'property': '', 'dataset': 'OpenStreetMap', 'license': 'ODbL-1.0', 'record_id': 'w171055155@6', 'update_time': '2026-03-21T15:59:53.000Z', 'confidence': None, 'between': None, 'provider': 'osm', 'resource': 'planet', 'version': '2026-09-06T00:00:00.000Z'}\n {'property': '/properties/height', 'dataset': 'Microsoft ML Buildings', 'license': 'ODbL-1.0', 'record_id': None, 'update_time': None, 'confidence': None, 'between': None, 'provider': 'microsoft', 'resource': 'ml_buildings', 'version': '2026-08-11'}]", "level": null, "height": 21.661066055297852, "min_height": null, "is_underground": false, "num_floors": 5.0, "num_floors_underground": null, "min_floor": null, "subtype": null, "class": null, "facade_color": null, "facade_material": null, "roof_material": null, "roof_shape": null, "roof_direction": null, "roof_orientation": null, "roof_color": null, "roof_height": null, "has_parts": false, "version": 2, "bbox": { "xmin": 8.533689498901367, "xmax": 8.534136772155762, "ymin": 47.37186813354492, "ymax": 47.3723258972168 } }, "geometry": { "type": "Polygon", "coordinates": [ [ [ 8.5336901, 47.3719205 ], [ 8.5340146, 47.371875 ], [ 8.5341367, 47.3722788 ], [ 8.5338125, 47.372325 ], [ 8.5336901, 47.3719205 ] ] ] } },
{ "type": "Feature", "properties": { "id": "5f6dc58d-c72a-416a-baac-1880de6dafe0", "names": null, "sources": "[{'property': '', 'dataset': 'OpenStreetMap', 'license': 'ODbL-1.0', 'record_id': 'w131497989@2', 'update_time': '2024-08-03T06:20:46.000Z', 'confidence': None, 'between': None, 'provider': 'osm', 'resource': 'planet', 'version': '2026-09-06T00:00:00.000Z'}]", "level": null, "height": null, "min_height": null, "is_underground": false, "num_floors": null, "num_floors_underground": null, "min_floor": null, "subtype": null, "class": null, "facade_color": null, "facade_material": null, "roof_material": null, "roof_shape": null, "roof_direction": null, "roof_orientation": null, "roof_color": null, "roof_height": null, "has_parts": false, "version": 1, "bbox": { "xmin": 8.533113479614258, "xmax": 8.533160209655762, "ymin": 47.371341705322266, "ymax": 47.37138366699219 } }, "geometry": { "type": "Polygon", "coordinates": [ [ [ 8.5331351, 47.3713819 ], [ 8.5331144, 47.37136 ], [ 8.5331393, 47.3713492 ], [ 8.53316, 47.3713711 ], [ 8.5331351, 47.3713819 ] ] ] } },
{ "type": "Feature", "properties": { "id": "a6876a04-61ce-49de-9d54-a8c0e5f4dfcf", "names": null, "sources": "[{'property': '', 'dataset': 'OpenStreetMap', 'license': 'ODbL-1.0', 'record_id': 'w328142985@3', 'update_time': '2026-06-20T20:38:09.000Z', 'confidence': None, 'between': None, 'provider': 'osm', 'resource': 'planet', 'version': '2026-09-06T00:00:00.000Z'}]", "level": null, "height": null, "min_height": null, "is_underground": false, "num_floors": null, "num_floors_underground": null, "min_floor": null, "subtype": null, "class": null, "facade_color": null, "facade_material": null, "roof_material": null, "roof_shape": null, "roof_direction": null, "roof_orientation": null, "roof_color": null, "roof_height": null, "has_parts": false, "version": 2, "bbox": { "xmin": 8.532574653625488, "xmax": 8.532690048217773, "ymin": 47.37135314941406, "ymax": 47.37144088745117 } }, "geometry": { "type": "Polygon", "coordinates": [ [ [ 8.5326381, 47.3713536 ], [ 8.5326899, 47.3714119 ], [ 8.5326859, 47.3714135 ], [ 8.5326678, 47.3714209 ], [ 8.5326282, 47.3714371 ], [ 8.5325995, 47.3714284 ], [ 8.5325878, 47.3714154 ], [ 8.5325751, 47.3714012 ], [ 8.5325792, 47.3713776 ], [ 8.5325893, 47.3713735 ], [ 8.5326381, 47.3713536 ] ] ] } },
{ "type": "Feature", "properties": { "id": "9aa8d3ce-2deb-4bd0-9e30-3bcb33cd63db", "names": null, "sources": "[{'property': '', 'dataset': 'OpenStreetMap', 'license': 'ODbL-1.0', 'record_id': 'w1271398185@1', 'update_time': '2024-08-03T06:20:46.000Z', 'confidence': None, 'between': None, 'provider': 'osm', 'resource': 'planet', 'version': '2026-09-06T00:00:00.000Z'}]", "level": null, "height": null, "min_height": null, "is_underground": false, "num_floors": null, "num_floors_underground": null, "min_floor": null, "subtype": null, "class": null, "facade_color": null, "facade_material": null, "roof_material": null, "roof_shape": null, "roof_direction": null, "roof_orientation": null, "roof_color": null, "roof_height": null, "has_parts": false, "version": 1, "bbox": { "xmin": 8.53266716003418, "xmax": 8.532718658447266, "ymin": 47.37140655517578, "ymax": 47.371456146240234 } }, "geometry": { "type": "Polygon", "coordinates": [ [ [ 8.5327155, 47.3714491 ], [ 8.5327, 47.3714557 ], [ 8.5326678, 47.3714209 ], [ 8.5326859, 47.3714135 ], [ 8.532718, 47.3714481 ], [ 8.5327155, 47.3714491 ] ] ] } },
{ "type": "Feature", "properties": { "id": "cb8ed2df-b765-40da-8eb7-d143eb1adacb", "names": null, "sources": "[{'property': '', 'dataset': 'OpenStreetMap', 'license': 'ODbL-1.0', 'record_id': 'w131497985@12', 'update_time': '2026-06-20T20:38:09.000Z', 'confidence': None, 'between': None, 'provider': 'osm', 'resource': 'planet', 'version': '2026-09-06T00:00:00.000Z'}]", "level": 1.0, "height": null, "min_height": null, "is_underground": false, "num_floors": null, "num_floors_underground": null, "min_floor": null, "subtype": null, "class": null, "facade_color": null, "facade_material": null, "roof_material": null, "roof_shape": null, "roof_direction": null, "roof_orientation": null, "roof_color": null, "roof_height": null, "has_parts": false, "version": 2, "bbox": { "xmin": 8.532288551330566, "xmax": 8.533041000366211, "ymin": 47.370975494384766, "ymax": 47.37165451049805 } }, "geometry": { "type": "Polygon", "coordinates": [ [ [ 8.5326859, 47.3714135 ], [ 8.5326899, 47.3714119 ], [ 8.5326381, 47.3713536 ], [ 8.5325502, 47.3712577 ], [ 8.5325384, 47.3712627 ], [ 8.5325083, 47.3712285 ], [ 8.5322892, 47.3709901 ], [ 8.5323257, 47.3709758 ], [ 8.5323578, 47.3710117 ], [ 8.5325145, 47.3711812 ], [ 8.5326668, 47.3713481 ], [ 8.5327989, 47.3714933 ], [ 8.5328628, 47.3715633 ], [ 8.5330401, 47.3716385 ], [ 8.5330214, 47.3716461 ], [ 8.5330038, 47.3716533 ], [ 8.5328365, 47.3715831 ], [ 8.5327155, 47.3714491 ], [ 8.532718, 47.3714481 ], [ 8.5326859, 47.3714135 ] ] ] } },
{ "type": "Feature", "properties": { "id": "902181eb-ab1e-4e01-9f86-00b2a9bbf914", "names": null, "sources": "[{'property': '', 'dataset': 'OpenStreetMap', 'license': 'ODbL-1.0', 'record_id': 'w328142984@2', 'update_time': '2024-08-03T06:20:46.000Z', 'confidence': None, 'between': None, 'provider': 'osm', 'resource': 'planet', 'version': '2026-09-06T00:00:00.000Z'}]", "level": null, "height": null, "min_height": null, "is_underground": false, "num_floors": null, "num_floors_underground": null, "min_floor": null, "subtype": null, "class": null, "facade_color": null, "facade_material": null, "roof_material": null, "roof_shape": null, "roof_direction": null, "roof_orientation": null, "roof_color": null, "roof_height": null, "has_parts": false, "version": 1, "bbox": { "xmin": 8.532500267028809, "xmax": 8.532638549804688, "ymin": 47.37125015258789, "ymax": 47.37137985229492 } }, "geometry": { "type": "Polygon", "coordinates": [ [ [ 8.5326381, 47.3713536 ], [ 8.5325893, 47.3713735 ], [ 8.532501, 47.3712784 ], [ 8.5325384, 47.3712627 ], [ 8.5325502, 47.3712577 ], [ 8.5326381, 47.3713536 ] ] ] } },
{ "type": "Feature", "properties": { "id": "75f19720-93c3-4db4-b2e3-e3db96ad84c0", "names": null, "sources": "[{'property': '', 'dataset': 'OpenStreetMap', 'license': 'ODbL-1.0', 'record_id': 'w30924954@6', 'update_time': '2024-08-03T06:20:46.000Z', 'confidence': None, 'between': None, 'provider': 'osm', 'resource': 'planet', 'version': '2026-09-06T00:00:00.000Z'}]", "level": null, "height": null, "min_height": null, "is_underground": false, "num_floors": 1.0, "num_floors_underground": null, "min_floor": null, "subtype": null, "class": null, "facade_color": null, "facade_material": null, "roof_material": null, "roof_shape": null, "roof_direction": null, "roof_orientation": null, "roof_color": null, "roof_height": null, "has_parts": false, "version": 1, "bbox": { "xmin": 8.533851623535156, "xmax": 8.53427505493164, "ymin": 47.37089157104492, "ymax": 47.37119674682617 } }, "geometry": { "type": "Polygon", "coordinates": [ [ [ 8.5339508, 47.3710687 ], [ 8.5338518, 47.3709808 ], [ 8.5339028, 47.370943 ], [ 8.5339006, 47.3709415 ], [ 8.5339578, 47.370898 ], [ 8.533978, 47.3708977 ], [ 8.5342739, 47.3710816 ], [ 8.5342746, 47.371095 ], [ 8.534147, 47.3711898 ], [ 8.5339508, 47.3710687 ] ] ] } },
{ "type": "Feature", "properties": { "id": "a90e9587-893c-406b-97aa-4681fbf7d73d", "names": null, "sources": "[{'property': '', 'dataset': 'OpenStreetMap', 'license': 'ODbL-1.0', 'record_id': 'w1305355239@1', 'update_time': '2024-08-03T06:20:46.000Z', 'confidence': None, 'between': None, 'provider': 'osm', 'resource': 'planet', 'version': '2026-09-06T00:00:00.000Z'}]", "level": null, "height": null, "min_height": null, "is_underground": false, "num_floors": 1.0, "num_floors_underground": null, "min_floor": null, "subtype": null, "class": null, "facade_color": null, "facade_material": null, "roof_material": null, "roof_shape": null, "roof_direction": null, "roof_orientation": null, "roof_color": null, "roof_height": null, "has_parts": false, "version": 1, "bbox": { "xmin": 8.53378677368164, "xmax": 8.533903121948242, "ymin": 47.370887756347656, "ymax": 47.37098693847656 } }, "geometry": { "type": "Polygon", "coordinates": [ [ [ 8.5339028, 47.370943 ], [ 8.5338518, 47.3709808 ], [ 8.5337874, 47.3709236 ], [ 8.5338253, 47.3708947 ], [ 8.5339006, 47.3709415 ], [ 8.5339028, 47.370943 ] ] ] } },
{ "type": "Feature", "properties": { "id": "53e6fbe2-4b80-423b-bc61-4e120b04a079", "names": null, "sources": "[{'property': '', 'dataset': 'OpenStreetMap', 'license': 'ODbL-1.0', 'record_id': 'w88965426@3', 'update_time': '2024-08-03T06:20:46.000Z', 'confidence': None, 'between': None, 'provider': 'osm', 'resource': 'planet', 'version': '2026-09-06T00:00:00.000Z'}\n {'property': '/properties/height', 'dataset': 'Microsoft ML Buildings', 'license': 'ODbL-1.0', 'record_id': None, 'update_time': None, 'confidence': None, 'between': None, 'provider': 'microsoft', 'resource': 'ml_buildings', 'version': '2026-08-11'}]", "level": null, "height": 6.6415905952453613, "min_height": null, "is_underground": false, "num_floors": 1.0, "num_floors_underground": null, "min_floor": null, "subtype": "agricultural", "class": "greenhouse", "facade_color": null, "facade_material": null, "roof_material": null, "roof_shape": null, "roof_direction": null, "roof_orientation": null, "roof_color": null, "roof_height": null, "has_parts": false, "version": 2, "bbox": { "xmin": 8.53366470336914, "xmax": 8.533825874328613, "ymin": 47.370819091796875, "ymax": 47.370933532714844 } }, "geometry": { "type": "Polygon", "coordinates": [ [ [ 8.5338181, 47.3708519 ], [ 8.5338253, 47.3708947 ], [ 8.5337874, 47.3709236 ], [ 8.5337819, 47.3709282 ], [ 8.5337219, 47.3709326 ], [ 8.5336724, 47.3709065 ], [ 8.5336656, 47.3708638 ], [ 8.5337052, 47.3708302 ], [ 8.5337688, 47.3708256 ], [ 8.5338181, 47.3708519 ] ] ] } },
{ "type": "Feature", "properties": { "id": "191d11ef-8f26-4b7b-b7fe-fe8f6594bfaa", "names": null, "sources": "[{'property': '', 'dataset': 'OpenStreetMap', 'license': 'ODbL-1.0', 'record_id': 'w30924952@4', 'update_time': '2024-08-03T06:20:46.000Z', 'confidence': None, 'between': None, 'provider': 'osm', 'resource': 'planet', 'version': '2026-09-06T00:00:00.000Z'}]", "level": null, "height": null, "min_height": null, "is_underground": false, "num_floors": null, "num_floors_underground": null, "min_floor": null, "subtype": "agricultural", "class": "greenhouse", "facade_color": null, "facade_material": null, "roof_material": null, "roof_shape": null, "roof_direction": null, "roof_orientation": null, "roof_color": null, "roof_height": null, "has_parts": false, "version": 1, "bbox": { "xmin": 8.533888816833496, "xmax": 8.534036636352539, "ymin": 47.37065505981445, "ymax": 47.370723724365234 } }, "geometry": { "type": "Polygon", "coordinates": [ [ [ 8.5339651, 47.3707052 ], [ 8.5338891, 47.3706922 ], [ 8.5339006, 47.3706616 ], [ 8.5340359, 47.3706847 ], [ 8.5340238, 47.3707172 ], [ 8.5339644, 47.370707 ], [ 8.5339651, 47.3707052 ] ] ] } },
{ "type": "Feature", "properties": { "id": "b80b7cc8-cadc-49f2-92fc-744e1bc734b3", "names": null, "sources": "[{'property': '', 'dataset': 'OpenStreetMap', 'license': 'ODbL-1.0', 'record_id': 'w101927880@4', 'update_time': '2016-06-16T22:43:21.000Z', 'confidence': None, 'between': None, 'provider': 'osm', 'resource': 'planet', 'version': '2026-09-06T00:00:00.000Z'}]", "level": null, "height": null, "min_height": null, "is_underground": false, "num_floors": null, "num_floors_underground": null, "min_floor": null, "subtype": null, "class": null, "facade_color": null, "facade_material": null, "roof_material": null, "roof_shape": null, "roof_direction": null, "roof_orientation": null, "roof_color": null, "roof_height": null, "has_parts": false, "version": 1, "bbox": { "xmin": 8.53343677520752, "xmax": 8.534102439880371, "ymin": 47.36976623535156, "ymax": 47.37019729614258 } }, "geometry": { "type": "Polygon", "coordinates": [ [ [ 8.5337561, 47.3701059 ], [ 8.5337477, 47.370086 ], [ 8.533814, 47.3700453 ], [ 8.5336347, 47.3699086 ], [ 8.5335424, 47.3699578 ], [ 8.5334368, 47.3698751 ], [ 8.5336011, 47.3697797 ], [ 8.533625, 47.3697688 ], [ 8.5336512, 47.3697675 ], [ 8.5336693, 47.3697706 ], [ 8.5336862, 47.3697795 ], [ 8.5337842, 47.3698476 ], [ 8.5339608, 47.3699803 ], [ 8.5339751, 47.369972 ], [ 8.5341018, 47.3700622 ], [ 8.5338878, 47.3701962 ], [ 8.5338236, 47.3701462 ], [ 8.5337628, 47.3701024 ], [ 8.5337561, 47.3701059 ] ] ] } },
{ "type": "Feature", "properties": { "id": "96efa70f-f005-42db-8a02-93951c9540b7", "names": null, "sources": "[{'property': '', 'dataset': 'OpenStreetMap', 'license': 'ODbL-1.0', 'record_id': 'w101927874@4', 'update_time': '2015-09-03T20:11:27.000Z', 'confidence': None, 'between': None, 'provider': 'osm', 'resource': 'planet', 'version': '2026-09-06T00:00:00.000Z'}]", "level": null, "height": null, "min_height": null, "is_underground": false, "num_floors": null, "num_floors_underground": null, "min_floor": null, "subtype": null, "class": null, "facade_color": null, "facade_material": null, "roof_material": null, "roof_shape": null, "roof_direction": null, "roof_orientation": null, "roof_color": null, "roof_height": null, "has_parts": false, "version": 1, "bbox": { "xmin": 8.533196449279785, "xmax": 8.53354263305664, "ymin": 47.369869232177734, "ymax": 47.370113372802734 } }, "geometry": { "type": "Polygon", "coordinates": [ [ [ 8.5334368, 47.3698751 ], [ 8.5335424, 47.3699578 ], [ 8.5333042, 47.3701126 ], [ 8.5331968, 47.3700332 ], [ 8.5334368, 47.3698751 ] ] ] } },
{ "type": "Feature", "properties": { "id": "436ffbcb-4040-43a8-ad21-27926ce81e71", "names": null, "sources": "[{'property': '', 'dataset': 'OpenStreetMap', 'license': 'ODbL-1.0', 'record_id': 'w101927871@4', 'update_time': '2016-06-16T22:43:21.000Z', 'confidence': None, 'between': None, 'provider': 'osm', 'resource': 'planet', 'version': '2026-09-06T00:00:00.000Z'}]", "level": null, "height": null, "min_height": null, "is_underground": false, "num_floors": null, "num_floors_underground": null, "min_floor": null, "subtype": null, "class": null, "facade_color": null, "facade_material": null, "roof_material": null, "roof_shape": null, "roof_direction": null, "roof_orientation": null, "roof_color": null, "roof_height": null, "has_parts": false, "version": 1, "bbox": { "xmin": 8.533432006835938, "xmax": 8.53382396697998, "ymin": 47.370079040527344, "ymax": 47.37026596069336 } }, "geometry": { "type": "Polygon", "coordinates": [ [ [ 8.5337999, 47.3701647 ], [ 8.5334873, 47.3702601 ], [ 8.5334327, 47.370182 ], [ 8.5335719, 47.3701391 ], [ 8.5335777, 47.3701326 ], [ 8.5335874, 47.3701284 ], [ 8.5336017, 47.3701266 ], [ 8.533614, 47.370129 ], [ 8.5337477, 47.370086 ], [ 8.5337561, 47.3701059 ], [ 8.5337628, 47.3701024 ], [ 8.5338236, 47.3701462 ], [ 8.5337924, 47.3701544 ], [ 8.5337999, 47.3701647 ] ] ] } },
{ "type": "Feature", "properties": { "id": "a942b1a7-26ed-4a24-9adc-91d67e5b0b04", "names": null, "sources": "[{'property': '', 'dataset': 'OpenStreetMap', 'license': 'ODbL-1.0', 'record_id': 'w101704091@10', 'update_time': '2023-05-21T14:24:26.000Z', 'confidence': None, 'between': None, 'provider': 'osm', 'resource': 'planet', 'version': '2026-09-06T00:00:00.000Z'}]", "level": null, "height": null, "min_height": null, "is_underground": false, "num_floors": null, "num_floors_underground": null, "min_floor": null, "subtype": "residential", "class": "apartments", "facade_color": null, "facade_material": null, "roof_material": null, "roof_shape": null, "roof_direction": null, "roof_orientation": null, "roof_color": null, "roof_height": null, "has_parts": false, "version": 1, "bbox": { "xmin": 8.532808303833008, "xmax": 8.533304214477539, "ymin": 47.37002944946289, "ymax": 47.37045669555664 } }, "geometry": { "type": "Polygon", "coordinates": [ [ [ 8.5331942, 47.3703683 ], [ 8.5330606, 47.3704503 ], [ 8.5328089, 47.3702577 ], [ 8.5329301, 47.3701798 ], [ 8.5329511, 47.3701975 ], [ 8.5330814, 47.3701104 ], [ 8.5331681, 47.3700524 ], [ 8.5331968, 47.3700332 ], [ 8.5333042, 47.3701126 ], [ 8.5332682, 47.3701316 ], [ 8.5331848, 47.3701756 ], [ 8.533165, 47.370186 ], [ 8.5331315, 47.3702036 ], [ 8.5330885, 47.3702825 ], [ 8.5330732, 47.3702823 ], [ 8.5330739, 47.3702893 ], [ 8.5330874, 47.3702913 ], [ 8.5331942, 47.3703683 ] ] ] } },
{ "type": "Feature", "properties": { "id": "ae0bbe80-a7e1-4dd8-b9b5-94f607c49c74", "names": null, "sources": "[{'property': '', 'dataset': 'OpenStreetMap', 'license': 'ODbL-1.0', 'record_id': 'w369066204@1', 'update_time': '2023-07-19T07:18:30.000Z', 'confidence': None, 'between': None, 'provider': 'osm', 'resource': 'planet', 'version': '2026-09-06T00:00:00.000Z'}]", "level": null, "height": null, "min_height": null, "is_underground": false, "num_floors": null, "num_floors_underground": null, "min_floor": null, "subtype": null, "class": null, "facade_color": null, "facade_material": null, "roof_material": null, "roof_shape": null, "roof_direction": null, "roof_orientation": null, "roof_color": null, "roof_height": null, "has_parts": false, "version": 1, "bbox": { "xmin": 8.532432556152344, "xmax": 8.532502174377441, "ymin": 47.370052337646484, "ymax": 47.3701057434082 } }, "geometry": { "type": "Polygon", "coordinates": [ [ [ 8.5325021, 47.3700958 ], [ 8.5324849, 47.3701055 ], [ 8.5324329, 47.3700634 ], [ 8.5324501, 47.3700537 ], [ 8.5325021, 47.3700958 ] ] ] } },
{ "type": "Feature", "properties": { "id": "a1f69cc2-6f90-4e2e-83c4-1009b1312e49", "names": "{'primary': 'Gesundheitszentrum für das Alter Selnau', 'common': None, 'rules': array([{'variant': 'alternate', 'language': None, 'perspectives': None, 'value': 'Alterszentrum Selnau', 'between': None, 'side': None}],\n      dtype=object)}", "sources": "[{'property': '', 'dataset': 'OpenStreetMap', 'license': 'ODbL-1.0', 'record_id': 'w101704092@12', 'update_time': '2024-08-04T09:48:06.000Z', 'confidence': None, 'between': None, 'provider': 'osm', 'resource': 'planet', 'version': '2026-09-06T00:00:00.000Z'}\n {'property': '/properties/height', 'dataset': 'Microsoft ML Buildings', 'license': 'ODbL-1.0', 'record_id': None, 'update_time': None, 'confidence': None, 'between': None, 'provider': 'microsoft', 'resource': 'ml_buildings', 'version': '2026-08-11'}]", "level": null, "height": 16.766725540161133, "min_height": null, "is_underground": false, "num_floors": null, "num_floors_underground": null, "min_floor": null, "subtype": "residential", "class": "residential", "facade_color": null, "facade_material": null, "roof_material": null, "roof_shape": null, "roof_direction": null, "roof_orientation": null, "roof_color": null, "roof_height": null, "has_parts": false, "version": 2, "bbox": { "xmin": 8.532444953918457, "xmax": 8.532858848571777, "ymin": 47.37026596069336, "ymax": 47.37054443359375 } }, "geometry": { "type": "Polygon", "coordinates": [ [ [ 8.5326128, 47.3705103 ], [ 8.5325645, 47.3705382 ], [ 8.5324454, 47.3704436 ], [ 8.5324549, 47.3704381 ], [ 8.5324532, 47.3704368 ], [ 8.532497, 47.3704114 ], [ 8.5324988, 47.3704129 ], [ 8.5325078, 47.3704077 ], [ 8.5325045, 47.3704051 ], [ 8.5325042, 47.3704001 ], [ 8.5327261, 47.370272 ], [ 8.5327345, 47.3702721 ], [ 8.5327496, 47.3702841 ], [ 8.5327503, 47.3702837 ], [ 8.5328574, 47.3703688 ], [ 8.5328089, 47.3703969 ], [ 8.5328148, 47.3704015 ], [ 8.5327577, 47.3704344 ], [ 8.5327518, 47.3704297 ], [ 8.5326693, 47.3704773 ], [ 8.5326753, 47.370482 ], [ 8.5326185, 47.3705148 ], [ 8.5326128, 47.3705103 ] ] ] } },
{ "type": "Feature", "properties": { "id": "0a1a1996-9c51-42e2-aa8c-836cda3e4a86", "names": null, "sources": "[{'property': '', 'dataset': 'OpenStreetMap', 'license': 'ODbL-1.0', 'record_id': 'w101701278@4', 'update_time': '2026-01-08T15:42:00.000Z', 'confidence': None, 'between': None, 'provider': 'osm', 'resource': 'planet', 'version': '2026-09-06T00:00:00.000Z'}]", "level": null, "height": null, "min_height": null, "is_underground": false, "num_floors": null, "num_floors_underground": null, "min_floor": null, "subtype": null, "class": null, "facade_color": null, "facade_material": null, "roof_material": null, "roof_shape": null, "roof_direction": null, "roof_orientation": null, "roof_color": null, "roof_height": null, "has_parts": false, "version": 2, "bbox": { "xmin": 8.531898498535156, "xmax": 8.53222942352295, "ymin": 47.37022018432617, "ymax": 47.37046813964844 } }, "geometry": { "type": "Polygon", "coordinates": [ [ [ 8.5322288, 47.3703886 ], [ 8.5321027, 47.3704624 ], [ 8.5319457, 47.3703573 ], [ 8.5319604, 47.3703475 ], [ 8.5318991, 47.3703072 ], [ 8.5320136, 47.3702271 ], [ 8.5321262, 47.3703071 ], [ 8.5322208, 47.370383 ], [ 8.5322288, 47.3703886 ] ] ] } },
{ "type": "Feature", "properties": { "id": "8cee20a3-7aba-4bb4-b299-ca4fe9ec857c", "names": null, "sources": "[{'property': '', 'dataset': 'OpenStreetMap', 'license': 'ODbL-1.0', 'record_id': 'w101701267@4', 'update_time': '2026-01-08T15:42:00.000Z', 'confidence': None, 'between': None, 'provider': 'osm', 'resource': 'planet', 'version': '2026-09-06T00:00:00.000Z'}]", "level": null, "height": null, "min_height": null, "is_underground": false, "num_floors": null, "num_floors_underground": null, "min_floor": null, "subtype": null, "class": null, "facade_color": null, "facade_material": null, "roof_material": null, "roof_shape": null, "roof_direction": null, "roof_orientation": null, "roof_color": null, "roof_height": null, "has_parts": false, "version": 2, "bbox": { "xmin": 8.532125473022461, "xmax": 8.53233814239502, "ymin": 47.370235443115234, "ymax": 47.370384216308594 } }, "geometry": { "type": "Polygon", "coordinates": [ [ [ 8.532208, 47.3702617 ], [ 8.5322441, 47.3702412 ], [ 8.5323374, 47.3703136 ], [ 8.5323016, 47.3703349 ], [ 8.5322208, 47.370383 ], [ 8.5321262, 47.3703071 ], [ 8.532176, 47.370278 ], [ 8.5321659, 47.3702699 ], [ 8.5321964, 47.3702524 ], [ 8.532208, 47.3702617 ] ] ] } },
{ "type": "Feature", "properties": { "id": "f01f4a63-cc89-4a58-be92-522577e9ab9d", "names": null, "sources": "[{'property': '', 'dataset': 'OpenStreetMap', 'license': 'ODbL-1.0', 'record_id': 'w369067629@1', 'update_time': '2015-09-04T09:28:19.000Z', 'confidence': None, 'between': None, 'provider': 'osm', 'resource': 'planet', 'version': '2026-09-06T00:00:00.000Z'}]", "level": null, "height": null, "min_height": null, "is_underground": false, "num_floors": null, "num_floors_underground": null, "min_floor": null, "subtype": null, "class": null, "facade_color": null, "facade_material": null, "roof_material": null, "roof_shape": null, "roof_direction": null, "roof_orientation": null, "roof_color": null, "roof_height": null, "has_parts": false, "version": 1, "bbox": { "xmin": 8.531951904296875, "xmax": 8.532153129577637, "ymin": 47.37008285522461, "ymax": 47.37024688720703 } }, "geometry": { "type": "Polygon", "coordinates": [ [ [ 8.5319521, 47.3701173 ], [ 8.531982, 47.3701008 ], [ 8.5320036, 47.3700889 ], [ 8.5320362, 47.370116 ], [ 8.5320194, 47.3701252 ], [ 8.5321066, 47.3701977 ], [ 8.5321253, 47.3701874 ], [ 8.5321527, 47.3702102 ], [ 8.5320993, 47.3702397 ], [ 8.5319521, 47.3701173 ] ] ] } },
{ "type": "Feature", "properties": { "id": "4652cbc2-af73-4927-962c-e449ca207505", "names": null, "sources": "[{'property': '', 'dataset': 'OpenStreetMap', 'license': 'ODbL-1.0', 'record_id': 'w369067632@1', 'update_time': '2026-01-08T15:42:00.000Z', 'confidence': None, 'between': None, 'provider': 'osm', 'resource': 'planet', 'version': '2026-09-06T00:00:00.000Z'}]", "level": null, "height": null, "min_height": null, "is_underground": false, "num_floors": null, "num_floors_underground": null, "min_floor": null, "subtype": null, "class": null, "facade_color": null, "facade_material": null, "roof_material": null, "roof_shape": null, "roof_direction": null, "roof_orientation": null, "roof_color": null, "roof_height": null, "has_parts": false, "version": 2, "bbox": { "xmin": 8.532187461853027, "xmax": 8.53246021270752, "ymin": 47.370121002197266, "ymax": 47.37031936645508 } }, "geometry": { "type": "Polygon", "coordinates": [ [ [ 8.5324038, 47.3702758 ], [ 8.5323374, 47.3703136 ], [ 8.5322441, 47.3702412 ], [ 8.5321883, 47.3701961 ], [ 8.5323129, 47.3701227 ], [ 8.5324601, 47.370246 ], [ 8.5324038, 47.3702758 ] ] ] } },
{ "type": "Feature", "properties": { "id": "8bb2f13f-1b2f-4d70-8cde-fd9997b546c8", "names": null, "sources": "[{'property': '', 'dataset': 'OpenStreetMap', 'license': 'ODbL-1.0', 'record_id': 'w101701256@4', 'update_time': '2026-01-08T15:42:00.000Z', 'confidence': None, 'between': None, 'provider': 'osm', 'resource': 'planet', 'version': '2026-09-06T00:00:00.000Z'}]", "level": null, "height": null, "min_height": null, "is_underground": false, "num_floors": null, "num_floors_underground": null, "min_floor": null, "subtype": null, "class": null, "facade_color": null, "facade_material": null, "roof_material": null, "roof_shape": null, "roof_direction": null, "roof_orientation": null, "roof_color": null, "roof_height": null, "has_parts": false, "version": 2, "bbox": { "xmin": 8.532025337219238, "xmax": 8.532313346862793, "ymin": 47.3699951171875, "ymax": 47.37020492553711 } }, "geometry": { "type": "Polygon", "coordinates": [ [ [ 8.5321567, 47.3699956 ], [ 8.5323129, 47.3701227 ], [ 8.5321883, 47.3701961 ], [ 8.5321834, 47.370199 ], [ 8.5321426, 47.3701668 ], [ 8.532119, 47.3701798 ], [ 8.532056, 47.3701293 ], [ 8.5320819, 47.3701147 ], [ 8.5320255, 47.3700717 ], [ 8.5321567, 47.3699956 ] ] ] } },
{ "type": "Feature", "properties": { "id": "a7c5038d-fbd1-4234-815a-a0750a3d6cb4", "names": null, "sources": "[{'property': '', 'dataset': 'OpenStreetMap', 'license': 'ODbL-1.0', 'record_id': 'w101701274@4', 'update_time': '2026-01-08T15:42:00.000Z', 'confidence': None, 'between': None, 'provider': 'osm', 'resource': 'planet', 'version': '2026-09-06T00:00:00.000Z'}]", "level": null, "height": null, "min_height": null, "is_underground": false, "num_floors": null, "num_floors_underground": null, "min_floor": null, "subtype": null, "class": null, "facade_color": null, "facade_material": null, "roof_material": null, "roof_shape": null, "roof_direction": null, "roof_orientation": null, "roof_color": null, "roof_height": null, "has_parts": false, "version": 2, "bbox": { "xmin": 8.531874656677246, "xmax": 8.532156944274902, "ymin": 47.369873046875, "ymax": 47.370079040527344 } }, "geometry": { "type": "Polygon", "coordinates": [ [ [ 8.5318987, 47.369935 ], [ 8.5320018, 47.3698732 ], [ 8.5321567, 47.3699956 ], [ 8.5320255, 47.3700717 ], [ 8.5319914, 47.3700448 ], [ 8.5319663, 47.3700594 ], [ 8.5318978, 47.3700054 ], [ 8.5319257, 47.3699892 ], [ 8.5318747, 47.3699489 ], [ 8.5318987, 47.369935 ] ] ] } },
{ "type": "Feature", "properties": { "id": "e1e43838-a061-4f65-9ad9-15aa96a4318f", "names": null, "sources": "[{'property': '', 'dataset': 'OpenStreetMap', 'license': 'ODbL-1.0', 'record_id': 'w369067630@1', 'update_time': '2023-10-16T16:27:59.000Z', 'confidence': None, 'between': None, 'provider': 'osm', 'resource': 'planet', 'version': '2026-09-06T00:00:00.000Z'}]", "level": null, "height": null, "min_height": null, "is_underground": false, "num_floors": null, "num_floors_underground": null, "min_floor": null, "subtype": null, "class": null, "facade_color": null, "facade_material": null, "roof_material": null, "roof_shape": null, "roof_direction": null, "roof_orientation": null, "roof_color": null, "roof_height": null, "has_parts": false, "version": 1, "bbox": { "xmin": 8.531800270080566, "xmax": 8.531982421875, "ymin": 47.369964599609375, "ymax": 47.37012481689453 } }, "geometry": { "type": "Polygon", "coordinates": [ [ [ 8.531982, 47.3701008 ], [ 8.5319521, 47.3701173 ], [ 8.5318838, 47.3700604 ], [ 8.5318094, 47.3699987 ], [ 8.5318011, 47.3699917 ], [ 8.5318485, 47.3699656 ], [ 8.5318775, 47.3699897 ], [ 8.53186, 47.3699994 ], [ 8.531982, 47.3701008 ] ] ] } },
{ "type": "Feature", "properties": { "id": "48a1087a-d8e8-4bb8-851e-5a5d389c4396", "names": null, "sources": "[{'property': '', 'dataset': 'OpenStreetMap', 'license': 'ODbL-1.0', 'record_id': 'w101701271@3', 'update_time': '2023-10-16T16:27:59.000Z', 'confidence': None, 'between': None, 'provider': 'osm', 'resource': 'planet', 'version': '2026-09-06T00:00:00.000Z'}]", "level": null, "height": null, "min_height": null, "is_underground": false, "num_floors": null, "num_floors_underground": null, "min_floor": null, "subtype": null, "class": null, "facade_color": null, "facade_material": null, "roof_material": null, "roof_shape": null, "roof_direction": null, "roof_orientation": null, "roof_color": null, "roof_height": null, "has_parts": false, "version": 1, "bbox": { "xmin": 8.531753540039062, "xmax": 8.53188419342041, "ymin": 47.369991302490234, "ymax": 47.37009811401367 } }, "geometry": { "type": "Polygon", "coordinates": [ [ [ 8.5318094, 47.3699987 ], [ 8.5318838, 47.3700604 ], [ 8.5318282, 47.3700911 ], [ 8.5317538, 47.3700294 ], [ 8.5318094, 47.3699987 ] ] ] } },
{ "type": "Feature", "properties": { "id": "7a455ef4-2702-49f9-8c1c-be2623be3339", "names": null, "sources": "[{'property': '', 'dataset': 'OpenStreetMap', 'license': 'ODbL-1.0', 'record_id': 'w101701264@3', 'update_time': '2023-11-14T16:55:11.000Z', 'confidence': None, 'between': None, 'provider': 'osm', 'resource': 'planet', 'version': '2026-09-06T00:00:00.000Z'}]", "level": null, "height": null, "min_height": null, "is_underground": false, "num_floors": null, "num_floors_underground": null, "min_floor": null, "subtype": null, "class": null, "facade_color": null, "facade_material": null, "roof_material": null, "roof_shape": null, "roof_direction": null, "roof_orientation": null, "roof_color": null, "roof_height": null, "has_parts": false, "version": 1, "bbox": { "xmin": 8.531572341918945, "xmax": 8.531814575195312, "ymin": 47.370033264160156, "ymax": 47.37018585205078 } }, "geometry": { "type": "Polygon", "coordinates": [ [ [ 8.5318141, 47.370115 ], [ 8.5317133, 47.3701855 ], [ 8.5315861, 47.3701021 ], [ 8.5315726, 47.3700943 ], [ 8.5316532, 47.3700349 ], [ 8.5316661, 47.3700433 ], [ 8.5316911, 47.3700586 ], [ 8.5317021, 47.3700496 ], [ 8.5317169, 47.3700496 ], [ 8.5318141, 47.370115 ] ] ] } },
{ "type": "Feature", "properties": { "id": "65c92fd5-2511-4675-a365-817eaa51e657", "names": null, "sources": "[{'property': '', 'dataset': 'OpenStreetMap', 'license': 'ODbL-1.0', 'record_id': 'w101701279@5', 'update_time': '2023-11-14T16:55:11.000Z', 'confidence': None, 'between': None, 'provider': 'osm', 'resource': 'planet', 'version': '2026-09-06T00:00:00.000Z'}]", "level": null, "height": null, "min_height": null, "is_underground": false, "num_floors": 4.0, "num_floors_underground": null, "min_floor": null, "subtype": "commercial", "class": "commercial", "facade_color": null, "facade_material": null, "roof_material": null, "roof_shape": null, "roof_direction": null, "roof_orientation": null, "roof_color": null, "roof_height": null, "has_parts": false, "version": 1, "bbox": { "xmin": 8.531712532043457, "xmax": 8.532013893127441, "ymin": 47.37009811401367, "ymax": 47.37030792236328 } }, "geometry": { "type": "Polygon", "coordinates": [ [ [ 8.5320136, 47.3702271 ], [ 8.5318991, 47.3703072 ], [ 8.5318513, 47.3702759 ], [ 8.5317133, 47.3701855 ], [ 8.5318141, 47.370115 ], [ 8.5318279, 47.3701053 ], [ 8.5320136, 47.3702271 ] ] ] } },
{ "type": "Feature", "properties": { "id": "3d806a1e-c9b0-4e13-a643-3a6f7cefb187", "names": null, "sources": "[{'property': '', 'dataset': 'OpenStreetMap', 'license': 'ODbL-1.0', 'record_id': 'w101701257@4', 'update_time': '2023-10-10T09:45:02.000Z', 'confidence': None, 'between': None, 'provider': 'osm', 'resource': 'planet', 'version': '2026-09-06T00:00:00.000Z'}]", "level": null, "height": null, "min_height": null, "is_underground": false, "num_floors": null, "num_floors_underground": null, "min_floor": null, "subtype": "residential", "class": "apartments", "facade_color": null, "facade_material": null, "roof_material": null, "roof_shape": null, "roof_direction": null, "roof_orientation": null, "roof_color": null, "roof_height": null, "has_parts": false, "version": 1, "bbox": { "xmin": 8.531425476074219, "xmax": 8.531716346740723, "ymin": 47.369873046875, "ymax": 47.37009811401367 } }, "geometry": { "type": "Polygon", "coordinates": [ [ [ 8.5316532, 47.3700349 ], [ 8.5315726, 47.3700943 ], [ 8.5314258, 47.3700008 ], [ 8.5316047, 47.3698734 ], [ 8.5317154, 47.3699383 ], [ 8.5316172, 47.3700099 ], [ 8.5316532, 47.3700349 ] ] ] } },
{ "type": "Feature", "properties": { "id": "f3599a29-f10a-4d0e-ad9a-12e30c20ff6d", "names": null, "sources": "[{'property': '', 'dataset': 'OpenStreetMap', 'license': 'ODbL-1.0', 'record_id': 'r1363358@4', 'update_time': '2023-02-21T13:18:01.000Z', 'confidence': None, 'between': None, 'provider': 'osm', 'resource': 'planet', 'version': '2026-09-06T00:00:00.000Z'}\n {'property': '/properties/height', 'dataset': 'Microsoft ML Buildings', 'license': 'ODbL-1.0', 'record_id': None, 'update_time': None, 'confidence': None, 'between': None, 'provider': 'microsoft', 'resource': 'ml_buildings', 'version': '2026-08-11'}]", "level": null, "height": 13.923476219177246, "min_height": null, "is_underground": false, "num_floors": 6.0, "num_floors_underground": null, "min_floor": null, "subtype": "residential", "class": "apartments", "facade_color": null, "facade_material": null, "roof_material": null, "roof_shape": null, "roof_direction": null, "roof_orientation": null, "roof_color": null, "roof_height": null, "has_parts": false, "version": 3, "bbox": { "xmin": 8.529763221740723, "xmax": 8.531947135925293, "ymin": 47.36930847167969, "ymax": 47.37080383300781 } }, "geometry": { "type": "Polygon", "coordinates": [ [ [ 8.5312915, 47.3707399 ], [ 8.5313277, 47.3707164 ], [ 8.5313491, 47.3707309 ], [ 8.5313798, 47.3707164 ], [ 8.5297636, 47.3693498 ], [ 8.5298394, 47.3693094 ], [ 8.5300013, 47.3694435 ], [ 8.5300568, 47.3694151 ], [ 8.5301127, 47.3694586 ], [ 8.5301437, 47.3694911 ], [ 8.5301665, 47.3694792 ], [ 8.5302289, 47.3695276 ], [ 8.5302928, 47.3695792 ], [ 8.5302626, 47.3695942 ], [ 8.5304, 47.3697052 ], [ 8.5304275, 47.369692 ], [ 8.5304874, 47.3697471 ], [ 8.5305409, 47.3697964 ], [ 8.5305152, 47.369806 ], [ 8.5306277, 47.3698997 ], [ 8.5305675, 47.3699291 ], [ 8.5306056, 47.3699537 ], [ 8.5307093, 47.3698967 ], [ 8.5307163, 47.3699021 ], [ 8.5307288, 47.3698919 ], [ 8.5306924, 47.3698726 ], [ 8.5307376, 47.36983 ], [ 8.5308465, 47.3698874 ], [ 8.5310016, 47.369978 ], [ 8.5312669, 47.3701263 ], [ 8.5311859, 47.3700726 ], [ 8.5313292, 47.3701562 ], [ 8.5315483, 47.370277 ], [ 8.531727, 47.3703727 ], [ 8.5319464, 47.3704921 ], [ 8.5318825, 47.370528 ], [ 8.5319005, 47.3705441 ], [ 8.5319065, 47.3705496 ], [ 8.531883, 47.3705625 ], [ 8.5315273, 47.3707574 ], [ 8.5314652, 47.3707915 ], [ 8.5314569, 47.3707832 ], [ 8.5314403, 47.3707669 ], [ 8.5314049, 47.3707837 ], [ 8.5314102, 47.3707867 ], [ 8.5313744, 47.3708032 ], [ 8.5312915, 47.3707399 ] ], [ [ 8.5308692, 47.3701726 ], [ 8.5310501, 47.3700757 ], [ 8.531059, 47.3700799 ], [ 8.5310655, 47.370071 ], [ 8.5310269, 47.370051 ], [ 8.5309837, 47.3700277 ], [ 8.5309651, 47.3700433 ], [ 8.5309376, 47.3700289 ], [ 8.5309633, 47.3700097 ], [ 8.5308791, 47.3699695 ], [ 8.5308667, 47.3699743 ], [ 8.5308754, 47.369983 ], [ 8.5307321, 47.370057 ], [ 8.5307914, 47.3701063 ], [ 8.5308047, 47.3701021 ], [ 8.5308242, 47.3701225 ], [ 8.5308144, 47.3701285 ], [ 8.5308692, 47.3701726 ] ], [ [ 8.5313807, 47.37026 ], [ 8.5313938, 47.3702508 ], [ 8.5313115, 47.3702083 ], [ 8.5312867, 47.3702233 ], [ 8.531261, 47.3702089 ], [ 8.5312867, 47.3701903 ], [ 8.5312052, 47.3701459 ], [ 8.5311901, 47.3701537 ], [ 8.5312026, 47.3701621 ], [ 8.5309934, 47.3702771 ], [ 8.5310475, 47.3703242 ], [ 8.5310554, 47.3703188 ], [ 8.5310803, 47.3703386 ], [ 8.5310687, 47.3703452 ], [ 8.5311316, 47.3703919 ], [ 8.5313753, 47.3702564 ], [ 8.5313807, 47.37026 ] ], [ [ 8.5313878, 47.3706068 ], [ 8.5317153, 47.3704268 ], [ 8.5316412, 47.3703854 ], [ 8.5316173, 47.3704046 ], [ 8.5315889, 47.370389 ], [ 8.5316155, 47.3703686 ], [ 8.531532, 47.370325 ], [ 8.5315189, 47.370335 ], [ 8.5315313, 47.3703392 ], [ 8.5312467, 47.3704942 ], [ 8.5313018, 47.3705432 ], [ 8.5313169, 47.370539 ], [ 8.5313364, 47.3705564 ], [ 8.5313275, 47.3705612 ], [ 8.5313878, 47.3706068 ] ] ] } },
{ "type": "Feature", "properties": { "id": "9f8f33bd-7c66-4e65-88fc-bb93614fa922", "names": "{'primary': 'Neue Börse Zürich', 'common': None, 'rules': None}", "sources": "[{'property': '', 'dataset': 'OpenStreetMap', 'license': 'ODbL-1.0', 'record_id': 'w4799468@14', 'update_time': '2026-03-21T15:59:59.000Z', 'confidence': None, 'between': None, 'provider': 'osm', 'resource': 'planet', 'version': '2026-09-06T00:00:00.000Z'}\n {'property': '/properties/height', 'dataset': 'Microsoft ML Buildings', 'license': 'ODbL-1.0', 'record_id': None, 'update_time': None, 'confidence': None, 'between': None, 'provider': 'microsoft', 'resource': 'ml_buildings', 'version': '2026-08-11'}]", "level": null, "height": 11.495912551879883, "min_height": null, "is_underground": false, "num_floors": null, "num_floors_underground": null, "min_floor": null, "subtype": "commercial", "class": "commercial", "facade_color": null, "facade_material": null, "roof_material": null, "roof_shape": null, "roof_direction": null, "roof_orientation": null, "roof_color": null, "roof_height": null, "has_parts": true, "version": 2, "bbox": { "xmin": 8.531440734863281, "xmax": 8.53280258178711, "ymin": 47.37083053588867, "ymax": 47.372005462646484 } }, "geometry": { "type": "Polygon", "coordinates": [ [ [ 8.5315459, 47.3712478 ], [ 8.5314415, 47.3711342 ], [ 8.5316538, 47.3710121 ], [ 8.5317036, 47.3709835 ], [ 8.5319686, 47.370831 ], [ 8.5319723, 47.370835 ], [ 8.5321618, 47.3710413 ], [ 8.5322034, 47.3710866 ], [ 8.5322098, 47.3710839 ], [ 8.532287, 47.371168 ], [ 8.5322967, 47.3711785 ], [ 8.5323776, 47.3712666 ], [ 8.5323941, 47.3712597 ], [ 8.5324293, 47.371298 ], [ 8.5324244, 47.3713 ], [ 8.5324214, 47.3713119 ], [ 8.5324385, 47.3713153 ], [ 8.5324433, 47.3713133 ], [ 8.5324787, 47.3713518 ], [ 8.5324623, 47.3713588 ], [ 8.5326299, 47.3715413 ], [ 8.5326459, 47.3715345 ], [ 8.5326811, 47.3715729 ], [ 8.5326766, 47.3715748 ], [ 8.5326728, 47.3715868 ], [ 8.5326905, 47.3715899 ], [ 8.5326949, 47.371588 ], [ 8.5327304, 47.3716266 ], [ 8.5327141, 47.3716334 ], [ 8.5327693, 47.3716935 ], [ 8.5328017, 47.3717288 ], [ 8.5326123, 47.3718086 ], [ 8.5326616, 47.3718623 ], [ 8.5323455, 47.3719955 ], [ 8.5322963, 47.3719418 ], [ 8.53228, 47.3719487 ], [ 8.5323046, 47.3719756 ], [ 8.5322378, 47.3720037 ], [ 8.5322134, 47.3719772 ], [ 8.5322083, 47.3719793 ], [ 8.5321211, 47.3718844 ], [ 8.532104, 47.3718916 ], [ 8.532069, 47.3718533 ], [ 8.5320744, 47.3718508 ], [ 8.5320775, 47.371839 ], [ 8.53206, 47.3718356 ], [ 8.5320548, 47.3718378 ], [ 8.5320196, 47.3717993 ], [ 8.5320364, 47.3717923 ], [ 8.5318689, 47.3716098 ], [ 8.5318526, 47.3716166 ], [ 8.5318176, 47.3715782 ], [ 8.5318219, 47.3715764 ], [ 8.5318262, 47.3715633 ], [ 8.5318086, 47.371561 ], [ 8.5318037, 47.3715631 ], [ 8.5317675, 47.3715235 ], [ 8.5317834, 47.3715168 ], [ 8.5316158, 47.3713342 ], [ 8.5316226, 47.3713314 ], [ 8.5315817, 47.3712868 ], [ 8.531555, 47.3712577 ], [ 8.5315459, 47.3712478 ] ] ] } },
{ "type": "Feature", "properties": { "id": "746691d5-c2ff-421f-b3c3-ce8d9028a984", "names": null, "sources": "[{'property': '', 'dataset': 'OpenStreetMap', 'license': 'ODbL-1.0', 'record_id': 'w338896044@3', 'update_time': '2024-05-01T15:15:01.000Z', 'confidence': None, 'between': None, 'provider': 'osm', 'resource': 'planet', 'version': '2026-09-06T00:00:00.000Z'}]", "level": null, "height": null, "min_height": null, "is_underground": false, "num_floors": null, "num_floors_underground": null, "min_floor": null, "subtype": "commercial", "class": "commercial", "facade_color": null, "facade_material": null, "roof_material": null, "roof_shape": null, "roof_direction": null, "roof_orientation": null, "roof_color": null, "roof_height": null, "has_parts": false, "version": 1, "bbox": { "xmin": 8.529603004455566, "xmax": 8.530132293701172, "ymin": 47.37058639526367, "ymax": 47.37113952636719 } }, "geometry": { "type": "Polygon", "coordinates": [ [ [ 8.5297572, 47.3711317 ], [ 8.5297328, 47.3711384 ], [ 8.5296434, 47.3709785 ], [ 8.5296457, 47.3709779 ], [ 8.5297761, 47.370944 ], [ 8.5297873, 47.3709476 ], [ 8.5297972, 47.3709332 ], [ 8.5297861, 47.3709297 ], [ 8.5297516, 47.3708661 ], [ 8.52966, 47.3707322 ], [ 8.5296039, 47.3706742 ], [ 8.5296294, 47.3706636 ], [ 8.5297898, 47.370593 ], [ 8.5298581, 47.3706717 ], [ 8.5298755, 47.3706797 ], [ 8.529889, 47.3706907 ], [ 8.529898, 47.3707048 ], [ 8.5299003, 47.3707202 ], [ 8.5299702, 47.370801 ], [ 8.5300345, 47.3708846 ], [ 8.5300838, 47.3709529 ], [ 8.5300996, 47.370957 ], [ 8.53011, 47.3709661 ], [ 8.530112, 47.3709761 ], [ 8.5301069, 47.3709855 ], [ 8.5301304, 47.3710187 ], [ 8.5301317, 47.3710223 ], [ 8.5301308, 47.371026 ], [ 8.5301278, 47.371029 ], [ 8.5301234, 47.371031 ], [ 8.5300013, 47.3710646 ], [ 8.5299525, 47.371078 ], [ 8.5298549, 47.3711048 ], [ 8.5297572, 47.3711317 ] ] ] } },
{ "type": "Feature", "properties": { "id": "f5aab1af-9637-415f-9d94-17f037ac3d55", "names": null, "sources": "[{'property': '', 'dataset': 'OpenStreetMap', 'license': 'ODbL-1.0', 'record_id': 'w338944841@7', 'update_time': '2026-03-21T16:00:12.000Z', 'confidence': None, 'between': None, 'provider': 'osm', 'resource': 'planet', 'version': '2026-09-06T00:00:00.000Z'}]", "level": null, "height": null, "min_height": null, "is_underground": false, "num_floors": 7.0, "num_floors_underground": null, "min_floor": null, "subtype": "commercial", "class": "commercial", "facade_color": null, "facade_material": null, "roof_material": null, "roof_shape": null, "roof_direction": null, "roof_orientation": null, "roof_color": null, "roof_height": null, "has_parts": false, "version": 1, "bbox": { "xmin": 8.5300874710083, "xmax": 8.530731201171875, "ymin": 47.371578216552734, "ymax": 47.372127532958984 } }, "geometry": { "type": "Polygon", "coordinates": [ [ [ 8.5307305, 47.3720142 ], [ 8.5304721, 47.3720854 ], [ 8.5303458, 47.3721203 ], [ 8.5300875, 47.3716908 ], [ 8.5302699, 47.3716406 ], [ 8.5304723, 47.3715847 ], [ 8.5306018, 47.3718001 ], [ 8.5307305, 47.3720142 ] ] ] } },
{ "type": "Feature", "properties": { "id": "6e454127-cf09-46f0-88e7-bd3c0b4ca17f", "names": "{'primary': 'Kirchgemeindehaus St. Jakob', 'common': None, 'rules': None}", "sources": "[{'property': '', 'dataset': 'OpenStreetMap', 'license': 'ODbL-1.0', 'record_id': 'w32650159@13', 'update_time': '2026-03-21T16:00:18.000Z', 'confidence': None, 'between': None, 'provider': 'osm', 'resource': 'planet', 'version': '2026-09-06T00:00:00.000Z'}]", "level": null, "height": null, "min_height": null, "is_underground": false, "num_floors": 4.0, "num_floors_underground": null, "min_floor": null, "subtype": "commercial", "class": "commercial", "facade_color": null, "facade_material": null, "roof_material": null, "roof_shape": null, "roof_direction": null, "roof_orientation": null, "roof_color": null, "roof_height": null, "has_parts": false, "version": 2, "bbox": { "xmin": 8.529735565185547, "xmax": 8.530220031738281, "ymin": 47.37181854248047, "ymax": 47.37218475341797 } }, "geometry": { "type": "Polygon", "coordinates": [ [ [ 8.5298488, 47.3721463 ], [ 8.5297462, 47.3721133 ], [ 8.5297613, 47.3720992 ], [ 8.52978, 47.3720817 ], [ 8.5297364, 47.3720603 ], [ 8.5298015, 47.3719996 ], [ 8.5299378, 47.3718725 ], [ 8.5299945, 47.3718195 ], [ 8.5300586, 47.371851 ], [ 8.5300696, 47.3718408 ], [ 8.5300962, 47.371889 ], [ 8.5300871, 47.3718967 ], [ 8.5301051, 47.3719052 ], [ 8.5300688, 47.371939 ], [ 8.530141, 47.3719747 ], [ 8.5301185, 47.3719955 ], [ 8.5301693, 47.3720207 ], [ 8.5301607, 47.3720287 ], [ 8.5302194, 47.3720577 ], [ 8.5300891, 47.3721786 ], [ 8.5300318, 47.3721502 ], [ 8.5300234, 47.372158 ], [ 8.5299731, 47.3721331 ], [ 8.5299645, 47.3721411 ], [ 8.529913, 47.3721157 ], [ 8.5299044, 47.3721237 ], [ 8.529884, 47.3721136 ], [ 8.5298648, 47.3721314 ], [ 8.5298488, 47.3721463 ] ] ] } },
{ "type": "Feature", "properties": { "id": "40bd639c-46f2-40e1-aa22-9f380f48f2f8", "names": null, "sources": "[{'property': '', 'dataset': 'OpenStreetMap', 'license': 'ODbL-1.0', 'record_id': 'w32650154@11', 'update_time': '2026-03-21T16:00:27.000Z', 'confidence': None, 'between': None, 'provider': 'osm', 'resource': 'planet', 'version': '2026-09-06T00:00:00.000Z'}]", "level": null, "height": null, "min_height": null, "is_underground": false, "num_floors": 6.0, "num_floors_underground": null, "min_floor": null, "subtype": "commercial", "class": "commercial", "facade_color": null, "facade_material": null, "roof_material": null, "roof_shape": null, "roof_direction": null, "roof_orientation": null, "roof_color": null, "roof_height": null, "has_parts": false, "version": 1, "bbox": { "xmin": 8.530471801757812, "xmax": 8.530942916870117, "ymin": 47.372013092041016, "ymax": 47.3724365234375 } }, "geometry": { "type": "Polygon", "coordinates": [ [ [ 8.5306369, 47.3723595 ], [ 8.5306142, 47.3723217 ], [ 8.5304721, 47.3720854 ], [ 8.5307305, 47.3720142 ], [ 8.5308376, 47.3721923 ], [ 8.5309421, 47.372366 ], [ 8.5307124, 47.3724294 ], [ 8.5306656, 47.3723516 ], [ 8.5306369, 47.3723595 ] ] ] } },
{ "type": "Feature", "properties": { "id": "2ec462e1-2def-49b6-8c1c-5207a9a78ea5", "names": null, "sources": "[{'property': '', 'dataset': 'OpenStreetMap', 'license': 'ODbL-1.0', 'record_id': 'w817876673@3', 'update_time': '2026-03-21T16:00:41.000Z', 'confidence': None, 'between': None, 'provider': 'osm', 'resource': 'planet', 'version': '2026-09-06T00:00:00.000Z'}]", "level": 1.0, "height": null, "min_height": null, "is_underground": false, "num_floors": null, "num_floors_underground": null, "min_floor": null, "subtype": "outbuilding", "class": "roof", "facade_color": null, "facade_material": null, "roof_material": null, "roof_shape": null, "roof_direction": null, "roof_orientation": null, "roof_color": null, "roof_height": null, "has_parts": false, "version": 1, "bbox": { "xmin": 8.530189514160156, "xmax": 8.530413627624512, "ymin": 47.37214660644531, "ymax": 47.37223434448242 } }, "geometry": { "type": "Polygon", "coordinates": [ [ [ 8.5304135, 47.3721688 ], [ 8.5302024, 47.3722269 ], [ 8.5301897, 47.3722056 ], [ 8.5304007, 47.3721475 ], [ 8.5304135, 47.3721688 ] ] ] } },
{ "type": "Feature", "properties": { "id": "30d9c69b-37d1-4256-9398-d3c263e0ad77", "names": null, "sources": "[{'property': '', 'dataset': 'OpenStreetMap', 'license': 'ODbL-1.0', 'record_id': 'w338944196@5', 'update_time': '2026-03-21T16:00:43.000Z', 'confidence': None, 'between': None, 'provider': 'osm', 'resource': 'planet', 'version': '2026-09-06T00:00:00.000Z'}]", "level": null, "height": null, "min_height": null, "is_underground": false, "num_floors": null, "num_floors_underground": null, "min_floor": null, "subtype": null, "class": null, "facade_color": null, "facade_material": null, "roof_material": null, "roof_shape": null, "roof_direction": null, "roof_orientation": null, "roof_color": null, "roof_height": null, "has_parts": false, "version": 1, "bbox": { "xmin": 8.530571937561035, "xmax": 8.530959129333496, "ymin": 47.37297058105469, "ymax": 47.37320327758789 } }, "geometry": { "type": "Polygon", "coordinates": [ [ [ 8.5308806, 47.3731884 ], [ 8.5308588, 47.373196 ], [ 8.5308371, 47.373161 ], [ 8.5305721, 47.3730938 ], [ 8.5306151, 47.3730088 ], [ 8.5306309, 47.3729775 ], [ 8.5307315, 47.373004 ], [ 8.5309582, 47.3730604 ], [ 8.5309404, 47.3730921 ], [ 8.530894, 47.3731747 ], [ 8.5308806, 47.3731884 ] ] ] } },
{ "type": "Feature", "properties": { "id": "7c0e2aeb-e813-44a6-9f56-c9029ab08860", "names": "{'primary': 'Ambulatorium und Tagesklinik PUK', 'common': None, 'rules': None}", "sources": "[{'property': '', 'dataset': 'OpenStreetMap', 'license': 'ODbL-1.0', 'record_id': 'w32650075@5', 'update_time': '2023-07-19T07:18:30.000Z', 'confidence': None, 'between': None, 'provider': 'osm', 'resource': 'planet', 'version': '2026-09-06T00:00:00.000Z'}\n {'property': '/properties/height', 'dataset': 'Microsoft ML Buildings', 'license': 'ODbL-1.0', 'record_id': None, 'update_time': None, 'confidence': None, 'between': None, 'provider': 'microsoft', 'resource': 'ml_buildings', 'version': '2026-08-11'}]", "level": null, "height": 15.044563293457031, "min_height": null, "is_underground": false, "num_floors": null, "num_floors_underground": null, "min_floor": null, "subtype": "medical", "class": null, "facade_color": null, "facade_material": null, "roof_material": null, "roof_shape": null, "roof_direction": null, "roof_orientation": null, "roof_color": null, "roof_height": null, "has_parts": false, "version": 2, "bbox": { "xmin": 8.532248497009277, "xmax": 8.53271484375, "ymin": 47.369712829589844, "ymax": 47.370052337646484 } }, "geometry": { "type": "Polygon", "coordinates": [ [ [ 8.5323855, 47.3698855 ], [ 8.5322487, 47.3697753 ], [ 8.5323476, 47.3697191 ], [ 8.5324845, 47.3698294 ], [ 8.5325827, 47.3697735 ], [ 8.5325814, 47.3697724 ], [ 8.5325892, 47.369768 ], [ 8.5327142, 47.3698687 ], [ 8.5326092, 47.3699285 ], [ 8.5326147, 47.3699329 ], [ 8.5326039, 47.3699391 ], [ 8.5326016, 47.3699373 ], [ 8.5325212, 47.369983 ], [ 8.5325229, 47.3699844 ], [ 8.5325124, 47.3699904 ], [ 8.532508, 47.3699868 ], [ 8.5324031, 47.3700466 ], [ 8.5322776, 47.3699455 ], [ 8.5322864, 47.3699404 ], [ 8.5322875, 47.3699413 ], [ 8.5323855, 47.3698855 ] ] ] } }
]
}
