{
"type": "FeatureCollection",
"name": "willisau_2024_swissbuildings3D_clip",
"crs": { "type": "name", "properties": { "name": "urn:ogc:def:crs:EPSG::2056" } },
"features": [
{"type":"Feature","properties":{"fid":1,"OBJECTID":1,"UUID":"{0241BDAF-FECA-476C-BB76-2B1614C5FEC1}","OBJEKTART":"Gebaeude Einzelhaus","NAME_KOMPLETT":null,"GEBAEUDE_NUTZUNG":null,"GRUND_AENDERUNG":"Verbessert","HERKUNFT":"swisstopo","HERKUNFT_JAHR":2024,"HERKUNFT_MONAT":6,"ORIGINAL_HERKUNFT":"swisstopo","ERSTELLUNG_JAHR":2024,"ERSTELLUNG_MONAT":6,"REVISION_JAHR":2024,"REVISION_MONAT":6,"DATUM_AENDERUNG":"2025-07-08T11:55:40Z","DATUM_ERSTELLUNG":"2025-07-08T11:55:40Z","DACH_MAX":571.05,"DACH_MIN":567.57,"EGID":187524,"GEBAEUDEEINHEIT":"{0161A195-33E8-41ED-A8F7-CD5593D4FBF9}","layer":"swissbuildings3d_3_0_2024_1129-33_2056_5728.gdb — swissBUILDINGS3D_3-0_1129-33.gdb/a0000000b.gdbtable","path":"/vsizip//Users/wulf/Downloads/swissbuildings3d_3_0_2024_1129-33_2056_5728.gdb.zip/swissBUILDINGS3D_3-0_1129-33.gdb/a0000000b.gdbtable|layername=Roof_solid"},"geometry":{"type":"MultiPolygon","coordinates":[[[[2641070.850000001490116,1218708.36600000038743,585.461999999999534],[2641073.86600000038743,1218706.914000000804663,585.461999999999534],[2641074.864,1218707.247999999672174,585.262000000002445],[2641083.598999999463558,1218703.035000000149012,585.262000000002445],[2641083.945000000298023,1218701.699999999254942,585.262000000002445],[2641086.629999998956919,1218700.405999999493361,585.461999999999534],[2641088.081000000238419,1218696.193,585.461999999999534],[2641087.559000000357628,1218696.013000000268221,585.461999999999534],[2641087.982999999076128,1218694.785999998450279,585.461999999999534],[2641087.396000001579523,1218693.513000000268221,585.461999999999534],[2641083.423000000417233,1218692.14299999922514,585.262000000002445],[2641082.403000000864267,1218689.857999999076128,585.262000000002445],[2641075.83500000089407,1218687.594999998807907,585.262000000002445],[2641074.269999999552965,1218688.348000001162291,585.461999999999534],[2641073.89299999922514,1218689.885000001639128,585.461999999999534],[2641070.181000001728535,1218691.673000000417233,585.461999999999534],[2641068.458000000566244,1218691.147999998182058,585.461999999999534],[2641067.363000001758337,1218691.675999999046326,585.461999999999534],[2641064.978999998420477,1218698.589000001549721,585.262000000002445],[2641066.021000001579523,1218700.43299999833107,585.262000000002445],[2641064.715999998152256,1218704.221000000834465,585.262000000002445],[2641065.443999998271465,1218705.725000001490116,585.461999999999534],[2641066.664000000804663,1218706.144999999552965,585.461999999999534],[2641066.425000000745058,1218706.840999998152256,585.262000000002445],[2641070.850000001490116,1218708.36600000038743,585.461999999999534]]]]}},
{"type":"Feature","properties":{"fid":2,"OBJECTID":1,"UUID":"{0241BDAF-FECA-476C-BB76-2B1614C5FEC1}","OBJEKTART":"Gebaeude Einzelhaus","NAME_KOMPLETT":null,"GEBAEUDE_NUTZUNG":null,"GRUND_AENDERUNG":"Verbessert","HERKUNFT":"swisstopo","HERKUNFT_JAHR":2024,"HERKUNFT_MONAT":6,"ORIGINAL_HERKUNFT":"swisstopo","ERSTELLUNG_JAHR":2024,"ERSTELLUNG_MONAT":6,"REVISION_JAHR":2024,"REVISION_MONAT":6,"DATUM_AENDERUNG":"2025-07-08T11:55:40Z","DATUM_ERSTELLUNG":"2025-07-08T11:55:40Z","DACH_MAX":571.05,"DACH_MIN":567.57,"EGID":187524,"GEBAEUDEEINHEIT":"{0161A195-33E8-41ED-A8F7-CD5593D4FBF9}","layer":"swissbuildings3d_3_0_2024_1129-33_2056_5728.gdb — swissBUILDINGS3D_3-0_1129-33.gdb/a0000000b.gdbtable","path":"/vsizip//Users/wulf/Downloads/swissbuildings3d_3_0_2024_1129-33_2056_5728.gdb.zip/swissBUILDINGS3D_3-0_1129-33.gdb/a0000000b.gdbtable|layername=Roof_solid"},"geometry":{"type":"MultiPolygon","coordinates":[[[[2641083.598999999463558,1218703.035000000149012,585.262000000002445],[2641074.951999999582767,1218707.206000000238419,574.664099999994505],[2641074.497999999672174,1218708.458000000566244,574.464099999997416],[2641075.168999999761581,1218709.708999998867512,574.664099999994505],[2641075.179999999701977,1218709.739,574.664099999994505],[2641076.427999999374151,1218710.146000001579523,574.664099999994505],[2641080.964999999850988,1218711.651999998837709,574.664099999994505],[2641083.622000001370907,1218710.340999998152256,574.664099999994505],[2641085.550000000745058,1218704.734000001102686,574.664099999994505],[2641085.032999999821186,1218703.5,574.464099999997416],[2641083.616999998688698,1218702.965999998152256,574.464099999997416],[2641083.598999999463558,1218703.035000000149012,585.262000000002445]]]]}},
{"type":"Feature","properties":{"fid":3,"OBJECTID":1,"UUID":"{0241BDAF-FECA-476C-BB76-2B1614C5FEC1}","OBJEKTART":"Gebaeude Einzelhaus","NAME_KOMPLETT":null,"GEBAEUDE_NUTZUNG":null,"GRUND_AENDERUNG":"Verbessert","HERKUNFT":"swisstopo","HERKUNFT_JAHR":2024,"HERKUNFT_MONAT":6,"ORIGINAL_HERKUNFT":"swisstopo","ERSTELLUNG_JAHR":2024,"ERSTELLUNG_MONAT":6,"REVISION_JAHR":2024,"REVISION_MONAT":6,"DATUM_AENDERUNG":"2025-07-08T11:55:40Z","DATUM_ERSTELLUNG":"2025-07-08T11:55:40Z","DACH_MAX":571.05,"DACH_MIN":567.57,"EGID":187524,"GEBAEUDEEINHEIT":"{0161A195-33E8-41ED-A8F7-CD5593D4FBF9}","layer":"swissbuildings3d_3_0_2024_1129-33_2056_5728.gdb — swissBUILDINGS3D_3-0_1129-33.gdb/a0000000b.gdbtable","path":"/vsizip//Users/wulf/Downloads/swissbuildings3d_3_0_2024_1129-33_2056_5728.gdb.zip/swissBUILDINGS3D_3-0_1129-33.gdb/a0000000b.gdbtable|layername=Roof_solid"},"geometry":{"type":"MultiPolygon","coordinates":[[[[2641116.778999999165535,1218768.331000000238419,572.847299999993993],[2641112.659000001847744,1218780.243000000715256,572.847299999993993],[2641118.644999999552965,1218782.309999998658895,572.847299999993993],[2641120.640000000596046,1218776.528999999165535,572.847299999993993],[2641124.965999998152256,1218778.022999998182058,573.047300000005635],[2641125.734999999403954,1218775.793999999761581,572.847299999993993],[2641128.774999998509884,1218776.844000000506639,572.847299999993993],[2641131.730000000447035,1218768.285999998450279,573.047300000005635],[2641117.278999999165535,1218763.298000000417233,572.847299999993993],[2641117.27885469282046,1218763.298420809675008,572.947299999999814],[2641102.37464621802792,1218758.153731275582686,573.994722795088592],[2641107.785999998450279,1218742.480999998748302,574.948099999994156],[2641105.681000001728535,1218738.953000001609325,576.263000000006286],[2641106.760000001639128,1218735.829999998211861,576.462899999998626],[2641105.497999999672174,1218735.394999999552965,576.90690000000177],[2641103.800999999046326,1218734.809000000357628,577.7728000000061],[2641102.125999998301268,1218734.230999998748302,578.827699999994365],[2641094.631000000983477,1218731.64299999922514,574.948099999994156],[2641086.124000001698732,1218756.282999999821186,574.948099999994156],[2641086.444020845461637,1218756.393702073954046,573.969949374143653],[2641083.094000000506639,1218766.094999998807907,573.002299999992829],[2641086.021000001579523,1218767.105000000447035,573.20230000000447],[2641084.378688950557262,1218771.861905657220632,576.676960253738798],[2641062.19,1218764.201706245774403,577.643246400856469],[2641062.19,1218781.527597330510616,573.269424582949455],[2641062.693999998271465,1218781.818,573.157300000006217],[2641063.649999998509884,1218782.217999998480082,573.157300000006217],[2641064.649999998509884,1218782.493999999016523,573.157300000006217],[2641065.675999999046326,1218782.644000001251698,573.157300000006217],[2641066.712999999523163,1218782.662999998778105,573.157300000006217],[2641067.743999999016523,1218782.552999999374151,573.357300000003306],[2641068.752999998629093,1218782.313999999314547,573.357300000003306],[2641069.723999999463558,1218781.949999999254942,573.357300000003306],[2641070.640999998897314,1218781.467999998480082,573.157300000006217],[2641071.49100000038743,1218780.874000001698732,573.357300000003306],[2641072.261,1218780.179000001400709,573.157300000006217],[2641072.936000000685453,1218779.39299999922514,573.157300000006217],[2641073.0760000012815,1218779.181000001728535,573.357300000003306],[2641074.343847422394902,1218779.618546935264021,576.088505472574525],[2641073.640000000596046,1218781.655999999493361,578.08980000000156],[2641089.252999998629093,1218787.046,578.08980000000156],[2641089.443137892056257,1218786.496160949347541,578.284912682205686],[2641110.883948809001595,1218793.894200655631721,575.497599999995145],[2641109.668000001460314,1218797.344999998807907,572.517399999996996],[2641122.857506804168224,1218801.991428331239149,575.505548558705414],[2641122.738000001758337,1218802.331999998539686,580.558600000003935],[2641122.23200000077486,1218802.153999999165535,580.758600000001024],[2641121.38399999961257,1218804.568999998271465,580.758600000001024],[2641125.736999999731779,1218806.096999999135733,580.758600000001024],[2641125.199000000953674,1218807.631999999284744,580.758600000001024],[2641130.190000001341105,1218809.38399999961257,580.758600000001024],[2641132.639621259644628,1218802.403896412113681,582.97130639972579],[2641132.6739999987185,1218802.416000001132488,583.674299999998766],[2641135.602000001817942,1218803.443999998271465,583.624299999995856],[2641136.618000000715256,1218800.550000000745058,583.678199999994831],[2641136.941972638480365,1218799.626143960282207,582.2254702777484],[2641143.403000000864267,1218801.894000001251698,580.758499999996275],[2641142.61600000038743,1218804.136999998241663,580.758499999996275],[2641142.182,1218805.372000001370907,578.130799999998999],[2641142.0760000012815,1218805.675000000745058,578.1478000000061],[2641142.032000001519918,1218805.7989999987185,578.149799999999232],[2641147.006000000983477,1218807.543000001460314,578.149799999999232],[2641146.543000001460314,1218808.864,577.97280000000319],[2641156.480999998748302,1218812.352000001817942,578.172800000000279],[2641159.449999999254942,1218803.894999999552965,578.0288],[2641157.070000000298023,1218803.059000000357628,578.0288],[2641156.864,1218803.600999999791384,577.837799999993877],[2641153.728000000119209,1218802.500999998301268,578.037800000005518],[2641153.727687482722104,1218802.501890402287245,579.298189522538905],[2641152.287999998778105,1218801.997000001370907,580.758499999996275],[2641153.802000001072884,1218797.684999998658895,580.758499999996275],[2641151.320999998599291,1218796.815000001341105,580.558600000003935],[2641151.142000000923872,1218797.324000000953674,580.758499999996275],[2641146.699999999254942,1218795.765000000596046,580.758499999996275],[2641148.260000001639128,1218791.320000000298023,580.758499999996275],[2641145.738000001758337,1218790.407000001519918,580.558600000003935],[2641145.552000001072884,1218790.938000001013279,580.558600000003935],[2641142.401999998837709,1218789.833000000566244,580.558600000003935],[2641142.411642078775913,1218789.805542098358274,579.270592009500433],[2641142.412999998778105,1218789.806000001728535,578.172800000000279],[2641144.497999999672174,1218783.866999998688698,577.97280000000319],[2641138.144000001251698,1218781.636999998241663,578.172800000000279],[2641136.120000001043081,1218780.925999999046326,578.172800000000279],[2641135.271999999880791,1218783.339999999850988,578.172800000000279],[2641135.925000000745058,1218783.568999998271465,578.172800000000279],[2641134.829,1218786.51799999922514,578.172800000000279],[2641140.179999999701977,1218788.396000001579523,578.172800000000279],[2641134.723000001162291,1218786.480999998748302,580.758499999996275],[2641134.171,1218788.054999999701977,580.758499999996275],[2641129.784000001847744,1218786.515000000596046,580.758499999996275],[2641128.89299999922514,1218789.052000001072884,580.558600000003935],[2641129.342999998480082,1218789.21000000089407,580.758499999996275],[2641127.767000000923872,1218793.699999999254942,580.558600000003935],[2641123.443,1218792.182,580.758499999996275],[2641122.602000001817942,1218794.578000001609325,580.758499999996275],[2641123.109000001102686,1218794.756999999284744,580.758499999996275],[2641122.043678677640855,1218797.791123114060611,576.580616508521416],[2641115.655999999493361,1218795.537000000476837,572.517399999996996],[2641115.279063373804092,1218795.404022356960922,575.497553094446289],[2641119.675999999046326,1218782.666000001132488,578.277799999996205],[2641093.382181430701166,1218773.588431551121175,575.840049999998882],[2641097.947000000625849,1218760.364999998360872,573.002299999992829],[2641088.507785467430949,1218757.105913163628429,574.604710192856828],[2641093.620000001043081,1218758.870000001043081,578.627699999997276],[2641097.420000001788139,1218760.18299999833107,576.737899999992806],[2641098.149999998509884,1218760.434999998658895,576.51600000000326],[2641101.221000000834465,1218761.495000001043081,574.948099999994156],[2641101.345097393263131,1218761.135580683592707,574.056743038759123],[2641116.249236106872559,1218766.280211623525247,573.011800000000221],[2641115.673000000417233,1218767.949000000953674,572.847299999993993],[2641116.778999999165535,1218768.331000000238419,572.847299999993993]],[[2641092.896584909874946,1218774.802583342418075,577.090375257680989],[2641084.51799999922514,1218771.910000000149012,578.066800000000512],[2641092.896614182274789,1218774.802498590201139,574.47776030010823],[2641092.896584909874946,1218774.802583342418075,577.090375257680989]],[[2641122.978327000979334,1218801.64711373928003,576.438000000001921],[2641122.978000000119209,1218801.646999999880791,572.3174],[2641123.78999999910593,1218799.333999998867512,572.517399999996996],[2641122.978327000979334,1218801.64711373928003,576.438000000001921]]]]}},
{"type":"Feature","properties":{"fid":4,"OBJECTID":1,"UUID":"{0241BDAF-FECA-476C-BB76-2B1614C5FEC1}","OBJEKTART":"Gebaeude Einzelhaus","NAME_KOMPLETT":null,"GEBAEUDE_NUTZUNG":null,"GRUND_AENDERUNG":"Verbessert","HERKUNFT":"swisstopo","HERKUNFT_JAHR":2024,"HERKUNFT_MONAT":6,"ORIGINAL_HERKUNFT":"swisstopo","ERSTELLUNG_JAHR":2024,"ERSTELLUNG_MONAT":6,"REVISION_JAHR":2024,"REVISION_MONAT":6,"DATUM_AENDERUNG":"2025-07-08T11:55:40Z","DATUM_ERSTELLUNG":"2025-07-08T11:55:40Z","DACH_MAX":571.05,"DACH_MIN":567.57,"EGID":187524,"GEBAEUDEEINHEIT":"{0161A195-33E8-41ED-A8F7-CD5593D4FBF9}","layer":"swissbuildings3d_3_0_2024_1129-33_2056_5728.gdb — swissBUILDINGS3D_3-0_1129-33.gdb/a0000000b.gdbtable","path":"/vsizip//Users/wulf/Downloads/swissbuildings3d_3_0_2024_1129-33_2056_5728.gdb.zip/swissBUILDINGS3D_3-0_1129-33.gdb/a0000000b.gdbtable|layername=Roof_solid"},"geometry":{"type":"MultiPolygon","coordinates":[[[[2641085.168000001460314,1218822.894000001251698,576.854999999995925],[2641078.620000001043081,1218820.160000000149012,576.654999999998836],[2641073.515000000596046,1218832.386999998241663,576.654999999998836],[2641072.002000000327826,1218836.021999999880791,576.854999999995925],[2641071.940999999642372,1218836.155999999493361,576.854999999995925],[2641072.963478087913245,1218836.582787036895752,575.16460032731834],[2641072.63399999961257,1218837.370999999344349,573.674299999998766],[2641062.19,1218833.010914930375293,573.674299999998766],[2641062.19,1218840.147696456871927,573.674299999998766],[2641077.589999999850988,1218846.578000001609325,573.674299999998766],[2641080.127999998629093,1218840.499000001698732,573.474400000006426],[2641077.603999998420477,1218839.445999998599291,573.674299999998766],[2641077.933325910009444,1218838.657224280992523,574.798417621561612],[2641078.49100000038743,1218838.890000000596046,576.654999999998836],[2641085.168000001460314,1218822.894000001251698,576.854999999995925]]]]}},
{"type":"Feature","properties":{"fid":5,"OBJECTID":1,"UUID":"{0241BDAF-FECA-476C-BB76-2B1614C5FEC1}","OBJEKTART":"Gebaeude Einzelhaus","NAME_KOMPLETT":null,"GEBAEUDE_NUTZUNG":null,"GRUND_AENDERUNG":"Verbessert","HERKUNFT":"swisstopo","HERKUNFT_JAHR":2024,"HERKUNFT_MONAT":6,"ORIGINAL_HERKUNFT":"swisstopo","ERSTELLUNG_JAHR":2024,"ERSTELLUNG_MONAT":6,"REVISION_JAHR":2024,"REVISION_MONAT":6,"DATUM_AENDERUNG":"2025-07-08T11:55:40Z","DATUM_ERSTELLUNG":"2025-07-08T11:55:40Z","DACH_MAX":571.05,"DACH_MIN":567.57,"EGID":187524,"GEBAEUDEEINHEIT":"{0161A195-33E8-41ED-A8F7-CD5593D4FBF9}","layer":"swissbuildings3d_3_0_2024_1129-33_2056_5728.gdb — swissBUILDINGS3D_3-0_1129-33.gdb/a0000000b.gdbtable","path":"/vsizip//Users/wulf/Downloads/swissbuildings3d_3_0_2024_1129-33_2056_5728.gdb.zip/swissBUILDINGS3D_3-0_1129-33.gdb/a0000000b.gdbtable|layername=Roof_solid"},"geometry":{"type":"MultiPolygon","coordinates":[[[[2641125.940999999642372,1218667.883000001311302,574.850000000005821],[2641123.340999998152256,1218662.78999999910593,577.877699999997276],[2641122.083999998867512,1218663.43299999833107,577.877699999997276],[2641116.625,1218652.736000001430511,577.677700000000186],[2641107.624000001698732,1218657.331000000238419,577.877699999997276],[2641111.087999999523163,1218664.118999999016523,577.877699999997276],[2641109.717999998480082,1218664.818999998271465,577.877699999997276],[2641114.313000001013279,1218673.818999998271465,577.877699999997276],[2641119.884020058438182,1218670.975039295852184,576.363849694147348],[2641126.438999999314547,1218683.815999999642372,574.650099999998929],[2641134.019000001251698,1218679.945999998599291,574.850000000005821],[2641128.056000001728535,1218668.265000000596046,574.649999999994179],[2641126.532999999821186,1218669.043000001460314,574.649999999994179],[2641125.940999999642372,1218667.883000001311302,574.850000000005821]]]]}},
{"type":"Feature","properties":{"fid":6,"OBJECTID":1,"UUID":"{0241BDAF-FECA-476C-BB76-2B1614C5FEC1}","OBJEKTART":"Gebaeude Einzelhaus","NAME_KOMPLETT":null,"GEBAEUDE_NUTZUNG":null,"GRUND_AENDERUNG":"Verbessert","HERKUNFT":"swisstopo","HERKUNFT_JAHR":2024,"HERKUNFT_MONAT":6,"ORIGINAL_HERKUNFT":"swisstopo","ERSTELLUNG_JAHR":2024,"ERSTELLUNG_MONAT":6,"REVISION_JAHR":2024,"REVISION_MONAT":6,"DATUM_AENDERUNG":"2025-07-08T11:55:40Z","DATUM_ERSTELLUNG":"2025-07-08T11:55:40Z","DACH_MAX":571.05,"DACH_MIN":567.57,"EGID":187524,"GEBAEUDEEINHEIT":"{0161A195-33E8-41ED-A8F7-CD5593D4FBF9}","layer":"swissbuildings3d_3_0_2024_1129-33_2056_5728.gdb — swissBUILDINGS3D_3-0_1129-33.gdb/a0000000b.gdbtable","path":"/vsizip//Users/wulf/Downloads/swissbuildings3d_3_0_2024_1129-33_2056_5728.gdb.zip/swissBUILDINGS3D_3-0_1129-33.gdb/a0000000b.gdbtable|layername=Roof_solid"},"geometry":{"type":"MultiPolygon","coordinates":[[[[2641140.348999999463558,1218709.96000000089407,577.109800000005635],[2641144.399999998509884,1218707.833000000566244,573.065199999997276],[2641141.153000000864267,1218701.649999998509884,573.065199999997276],[2641140.289000000804663,1218702.103999998420477,573.928100000004633],[2641135.907999999821186,1218693.75899999961257,573.728199999997742],[2641131.407999999821186,1218696.122999999672174,578.419699999998556],[2641126.864,1218698.50899999961257,574.385099999999511],[2641131.693,1218707.704,574.385099999999511],[2641133.524795715231448,1218706.742236028192565,574.779934468722558],[2641136.324999999254942,1218712.074000000953674,573.487200000003213],[2641140.348999999463558,1218709.96000000089407,577.109800000005635]]]]}},
{"type":"Feature","properties":{"fid":7,"OBJECTID":1,"UUID":"{0241BDAF-FECA-476C-BB76-2B1614C5FEC1}","OBJEKTART":"Gebaeude Einzelhaus","NAME_KOMPLETT":null,"GEBAEUDE_NUTZUNG":null,"GRUND_AENDERUNG":"Verbessert","HERKUNFT":"swisstopo","HERKUNFT_JAHR":2024,"HERKUNFT_MONAT":6,"ORIGINAL_HERKUNFT":"swisstopo","ERSTELLUNG_JAHR":2024,"ERSTELLUNG_MONAT":6,"REVISION_JAHR":2024,"REVISION_MONAT":6,"DATUM_AENDERUNG":"2025-07-08T11:55:40Z","DATUM_ERSTELLUNG":"2025-07-08T11:55:40Z","DACH_MAX":571.05,"DACH_MIN":567.57,"EGID":187524,"GEBAEUDEEINHEIT":"{0161A195-33E8-41ED-A8F7-CD5593D4FBF9}","layer":"swissbuildings3d_3_0_2024_1129-33_2056_5728.gdb — swissBUILDINGS3D_3-0_1129-33.gdb/a0000000b.gdbtable","path":"/vsizip//Users/wulf/Downloads/swissbuildings3d_3_0_2024_1129-33_2056_5728.gdb.zip/swissBUILDINGS3D_3-0_1129-33.gdb/a0000000b.gdbtable|layername=Roof_solid"},"geometry":{"type":"MultiPolygon","coordinates":[[[[2641108.960999999195337,1218848.100999999791384,573.697299999999814],[2641110.337000001221895,1218844.840999998152256,573.359400000001187],[2641110.74100000038743,1218843.883000001311302,573.0283999999956],[2641110.795000001788139,1218843.754000000655651,573.008400000006077],[2641104.856656753923744,1218841.248731366824359,573.100691224170646],[2641105.085999999195337,1218840.704999998211861,573.053400000004331],[2641103.384586555883288,1218839.986980268266052,573.978846679375465],[2641103.385000001639128,1218839.986000001430511,575.104200000001583],[2641097.978999998420477,1218837.704999998211861,575.104200000001583],[2641097.978731788694859,1218837.705635663354769,574.971944625204515],[2641095.282999999821186,1218836.568,572.853400000007241],[2641093.219000000506639,1218841.458999998867512,575.337199999994482],[2641090.754999998956919,1218847.296,577.322000000000116],[2641089.721000000834465,1218849.745999999344349,573.008400000006077],[2641097.778205682057887,1218853.145894882036373,573.05851908889008],[2641102.905785909853876,1218855.31,573.024274478083612],[2641111.921519697643816,1218855.31,577.057156011968573],[2641114.054999999701977,1218850.250999998301268,575.337199999994482],[2641113.929999999701977,1218850.197999998927116,575.487099999998463],[2641113.804999999701977,1218850.144999999552965,575.337199999994482],[2641103.022999998182058,1218845.596000000834465,575.337199999994482],[2641108.960999999195337,1218848.100999999791384,573.697299999999814]]]]}},
{"type":"Feature","properties":{"fid":8,"OBJECTID":1,"UUID":"{0241BDAF-FECA-476C-BB76-2B1614C5FEC1}","OBJEKTART":"Gebaeude Einzelhaus","NAME_KOMPLETT":null,"GEBAEUDE_NUTZUNG":null,"GRUND_AENDERUNG":"Verbessert","HERKUNFT":"swisstopo","HERKUNFT_JAHR":2024,"HERKUNFT_MONAT":6,"ORIGINAL_HERKUNFT":"swisstopo","ERSTELLUNG_JAHR":2024,"ERSTELLUNG_MONAT":6,"REVISION_JAHR":2024,"REVISION_MONAT":6,"DATUM_AENDERUNG":"2025-07-08T11:55:40Z","DATUM_ERSTELLUNG":"2025-07-08T11:55:40Z","DACH_MAX":571.05,"DACH_MIN":567.57,"EGID":187524,"GEBAEUDEEINHEIT":"{0161A195-33E8-41ED-A8F7-CD5593D4FBF9}","layer":"swissbuildings3d_3_0_2024_1129-33_2056_5728.gdb — swissBUILDINGS3D_3-0_1129-33.gdb/a0000000b.gdbtable","path":"/vsizip//Users/wulf/Downloads/swissbuildings3d_3_0_2024_1129-33_2056_5728.gdb.zip/swissBUILDINGS3D_3-0_1129-33.gdb/a0000000b.gdbtable|layername=Roof_solid"},"geometry":{"type":"MultiPolygon","coordinates":[[[[2641120.871811167802662,1218855.31,572.989866091410022],[2641129.700708065181971,1218855.31,571.656086871442312],[2641128.881999999284744,1218855.022999998182058,570.91359999999986],[2641129.2010000012815,1218854.114,572.188500000003842],[2641130.013000000268221,1218851.796,571.11359999999695],[2641122.969000000506639,1218849.328000001609325,571.11359999999695],[2641121.344000000506639,1218853.962999999523163,573.363400000002002],[2641120.871811167802662,1218855.31,572.989866091410022]]],[[[2641145.686000000685453,1218854.681000001728535,574.915200000003097],[2641133.085999999195337,1218850.265000000596046,574.715200000006007],[2641131.403000000864267,1218855.068,576.654999999998836],[2641131.31809323001653,1218855.31,575.458496115754087],[2641145.465622988063842,1218855.31,574.736133487412985],[2641145.686000000685453,1218854.681000001728535,574.915200000003097]]]]}},
{"type":"Feature","properties":{"fid":9,"OBJECTID":1,"UUID":"{0241BDAF-FECA-476C-BB76-2B1614C5FEC1}","OBJEKTART":"Gebaeude Einzelhaus","NAME_KOMPLETT":null,"GEBAEUDE_NUTZUNG":null,"GRUND_AENDERUNG":"Verbessert","HERKUNFT":"swisstopo","HERKUNFT_JAHR":2024,"HERKUNFT_MONAT":6,"ORIGINAL_HERKUNFT":"swisstopo","ERSTELLUNG_JAHR":2024,"ERSTELLUNG_MONAT":6,"REVISION_JAHR":2024,"REVISION_MONAT":6,"DATUM_AENDERUNG":"2025-07-08T11:55:40Z","DATUM_ERSTELLUNG":"2025-07-08T11:55:40Z","DACH_MAX":571.05,"DACH_MIN":567.57,"EGID":187524,"GEBAEUDEEINHEIT":"{0161A195-33E8-41ED-A8F7-CD5593D4FBF9}","layer":"swissbuildings3d_3_0_2024_1129-33_2056_5728.gdb — swissBUILDINGS3D_3-0_1129-33.gdb/a0000000b.gdbtable","path":"/vsizip//Users/wulf/Downloads/swissbuildings3d_3_0_2024_1129-33_2056_5728.gdb.zip/swissBUILDINGS3D_3-0_1129-33.gdb/a0000000b.gdbtable|layername=Roof_solid"},"geometry":{"type":"MultiPolygon","coordinates":[[[[2641180.921999998390675,1218549.409000001847744,605.146800000002258],[2641183.532000001519918,1218550.256000000983477,606.415699999997742],[2641186.197999998927116,1218551.043999999761581,605.049799999993411],[2641189.011999998241663,1218541.964000001549721,605.049799999993411],[2641186.366999998688698,1218541.105000000447035,606.215700000000652],[2641183.734999999403954,1218540.329,605.146800000002258],[2641180.921999998390675,1218549.409000001847744,605.146800000002258]]]]}},
{"type":"Feature","properties":{"fid":10,"OBJECTID":1,"UUID":"{0241BDAF-FECA-476C-BB76-2B1614C5FEC1}","OBJEKTART":"Gebaeude Einzelhaus","NAME_KOMPLETT":null,"GEBAEUDE_NUTZUNG":null,"GRUND_AENDERUNG":"Verbessert","HERKUNFT":"swisstopo","HERKUNFT_JAHR":2024,"HERKUNFT_MONAT":6,"ORIGINAL_HERKUNFT":"swisstopo","ERSTELLUNG_JAHR":2024,"ERSTELLUNG_MONAT":6,"REVISION_JAHR":2024,"REVISION_MONAT":6,"DATUM_AENDERUNG":"2025-07-08T11:55:40Z","DATUM_ERSTELLUNG":"2025-07-08T11:55:40Z","DACH_MAX":571.05,"DACH_MIN":567.57,"EGID":187524,"GEBAEUDEEINHEIT":"{0161A195-33E8-41ED-A8F7-CD5593D4FBF9}","layer":"swissbuildings3d_3_0_2024_1129-33_2056_5728.gdb — swissBUILDINGS3D_3-0_1129-33.gdb/a0000000b.gdbtable","path":"/vsizip//Users/wulf/Downloads/swissbuildings3d_3_0_2024_1129-33_2056_5728.gdb.zip/swissBUILDINGS3D_3-0_1129-33.gdb/a0000000b.gdbtable|layername=Roof_solid"},"geometry":{"type":"MultiPolygon","coordinates":[[[[2641184.01841395534575,1218591.855023168958724,605.018852421026622],[2641186.618000000715256,1218590.118000000715256,607.810599999997066],[2641190.329,1218587.636,607.810500000006869],[2641192.131000000983477,1218586.431000001728535,605.970700000005309],[2641192.776000000536442,1218586.0,605.240799999999581],[2641195.857999999076128,1218583.940000001341105,602.710099999996601],[2641193.252000000327826,1218580.041999999433756,602.760099999999511],[2641191.949000000953674,1218578.092999998480082,602.860000000000582],[2641190.646000001579523,1218576.144000001251698,602.910000000003492],[2641190.183732740115374,1218576.452930517261848,603.936802341113889],[2641190.234164846595377,1218576.419210948282853,605.343922698548909],[2641191.083997721783817,1218575.851001522038132,605.950303534217483],[2641191.083999998867512,1218575.850999999791384,605.895699999993667],[2641192.454,1218574.934999998658895,605.874700000000303],[2641191.34947185497731,1218573.283703959546983,607.084908957185007],[2641191.361000001430511,1218573.276000000536442,606.93859999999404],[2641189.765999998897314,1218570.890000000596046,608.700400000001537],[2641186.454999998211861,1218565.938000001013279,608.700400000001537],[2641184.859999999403954,1218563.550999999046326,606.93859999999404],[2641183.725276082754135,1218564.309552163816988,605.806660615722535],[2641183.725000001490116,1218564.309000000357628,605.325800000005984],[2641183.107874158304185,1218563.386215357342735,605.590430315528693],[2641182.568999998271465,1218562.579999998211861,605.525800000003073],[2641171.708999998867512,1218569.839999999850988,605.325800000005984],[2641172.865377340465784,1218571.569412813987583,605.406712035617488],[2641171.638438443187624,1218572.390206157695502,606.860281731066152],[2641171.065663021989167,1218572.773024484980851,606.600549726099416],[2641170.747999999672174,1218572.984999999403954,604.643899999995483],[2641169.431000001728535,1218573.86600000038743,602.866099999999278],[2641169.431065644137561,1218573.866098206257448,603.215303263989313],[2641167.813999999314547,1218574.947999998927116,602.439100000003236],[2641169.266910118982196,1218577.121865518623963,602.464879415117593],[2641167.239999998360872,1218576.427999999374151,602.142099999997299],[2641161.83500000089407,1218592.212000001221895,602.142099999997299],[2641167.065000001341105,1218594.002999998629093,602.124100000000908],[2641171.633474734146148,1218580.661508188117296,602.159331325272092],[2641180.631000000983477,1218594.118999999016523,602.439100000003236],[2641183.842000000178814,1218591.973000001162291,604.868900000001304],[2641184.01841395534575,1218591.855023168958724,605.018852421026622]],[[2641175.089000001549721,1218570.083999998867512,609.842300000003888],[2641173.153423445764929,1218571.377655683318153,607.283507435150796],[2641173.153000000864267,1218571.377000000327826,605.525800000003073],[2641175.932579944375902,1218569.519389872206375,607.936060660334647],[2641175.655000001192093,1218569.704999998211861,610.321299999995972],[2641175.089000001549721,1218570.083999998867512,609.842300000003888]],[[2641178.36435618577525,1218584.371037186123431,605.841972378487526],[2641178.364228983875364,1218584.370846956502646,606.924679015096217],[2641178.736588792875409,1218584.12197775952518,606.184402074568879],[2641178.36435618577525,1218584.371037186123431,605.841972378487526]]]]}},
{"type":"Feature","properties":{"fid":11,"OBJECTID":1,"UUID":"{0241BDAF-FECA-476C-BB76-2B1614C5FEC1}","OBJEKTART":"Gebaeude Einzelhaus","NAME_KOMPLETT":null,"GEBAEUDE_NUTZUNG":null,"GRUND_AENDERUNG":"Verbessert","HERKUNFT":"swisstopo","HERKUNFT_JAHR":2024,"HERKUNFT_MONAT":6,"ORIGINAL_HERKUNFT":"swisstopo","ERSTELLUNG_JAHR":2024,"ERSTELLUNG_MONAT":6,"REVISION_JAHR":2024,"REVISION_MONAT":6,"DATUM_AENDERUNG":"2025-07-08T11:55:40Z","DATUM_ERSTELLUNG":"2025-07-08T11:55:40Z","DACH_MAX":571.05,"DACH_MIN":567.57,"EGID":187524,"GEBAEUDEEINHEIT":"{0161A195-33E8-41ED-A8F7-CD5593D4FBF9}","layer":"swissbuildings3d_3_0_2024_1129-33_2056_5728.gdb — swissBUILDINGS3D_3-0_1129-33.gdb/a0000000b.gdbtable","path":"/vsizip//Users/wulf/Downloads/swissbuildings3d_3_0_2024_1129-33_2056_5728.gdb.zip/swissBUILDINGS3D_3-0_1129-33.gdb/a0000000b.gdbtable|layername=Roof_solid"},"geometry":{"type":"MultiPolygon","coordinates":[[[[2641167.370000001043081,1218633.475000001490116,602.631099999998696],[2641168.570999998599291,1218634.254999998956919,602.431200000006356],[2641169.859999999403954,1218634.879999998956919,602.631099999998696],[2641171.217999998480082,1218635.337999999523163,602.631099999998696],[2641172.670000001788139,1218635.625,602.631099999998696],[2641173.055815926287323,1218632.63642586953938,603.318487475907546],[2641178.063000001013279,1218633.280999999493361,606.687699999994948],[2641179.510000001639128,1218633.467000000178814,606.993700000006356],[2641180.587999999523163,1218633.605999998748302,607.183699999994133],[2641182.537999998778105,1218618.464000001549721,607.183600000003935],[2641172.886,1218617.221000000834465,605.478799999997136],[2641172.897999998182058,1218617.127999998629093,605.328800000002957],[2641173.057,1218615.892000000923872,605.328800000002957],[2641173.570000000298023,1218611.905000001192093,605.478799999997136],[2641167.677999999374151,1218611.146000001579523,604.236900000003516],[2641167.015000000596046,1218616.28999999910593,604.436900000000605],[2641166.287000000476837,1218621.943,604.436900000000605],[2641165.649000000208616,1218626.892000000923872,604.436900000000605],[2641165.5760000012815,1218627.46000000089407,604.436900000000605],[2641165.585999999195337,1218627.381000000983477,602.631099999998696],[2641163.127999998629093,1218627.063999999314547,602.631099999998696],[2641163.28999999910593,1218627.725000001490116,602.431200000006356],[2641163.802999999374151,1218629.063999999314547,602.631099999998696],[2641164.478999998420477,1218630.3260000012815,602.431200000006356],[2641165.30799999833107,1218631.493999999016523,602.631099999998696],[2641166.276000000536442,1218632.5489999987185,602.431200000006356],[2641167.370000001043081,1218633.475000001490116,602.631099999998696]]]]}},
{"type":"Feature","properties":{"fid":12,"OBJECTID":1,"UUID":"{0241BDAF-FECA-476C-BB76-2B1614C5FEC1}","OBJEKTART":"Gebaeude Einzelhaus","NAME_KOMPLETT":null,"GEBAEUDE_NUTZUNG":null,"GRUND_AENDERUNG":"Verbessert","HERKUNFT":"swisstopo","HERKUNFT_JAHR":2024,"HERKUNFT_MONAT":6,"ORIGINAL_HERKUNFT":"swisstopo","ERSTELLUNG_JAHR":2024,"ERSTELLUNG_MONAT":6,"REVISION_JAHR":2024,"REVISION_MONAT":6,"DATUM_AENDERUNG":"2025-07-08T11:55:40Z","DATUM_ERSTELLUNG":"2025-07-08T11:55:40Z","DACH_MAX":571.05,"DACH_MIN":567.57,"EGID":187524,"GEBAEUDEEINHEIT":"{0161A195-33E8-41ED-A8F7-CD5593D4FBF9}","layer":"swissbuildings3d_3_0_2024_1129-33_2056_5728.gdb — swissBUILDINGS3D_3-0_1129-33.gdb/a0000000b.gdbtable","path":"/vsizip//Users/wulf/Downloads/swissbuildings3d_3_0_2024_1129-33_2056_5728.gdb.zip/swissBUILDINGS3D_3-0_1129-33.gdb/a0000000b.gdbtable|layername=Roof_solid"},"geometry":{"type":"MultiPolygon","coordinates":[[[[2641160.475000001490116,1218736.375999998301268,573.600200000000768],[2641159.809000000357628,1218738.265000000596046,572.323300000003655],[2641163.949999999254942,1218739.725999999791384,572.323300000003655],[2641165.170000001788139,1218736.265999998897314,574.297099999996135],[2641170.489,1218738.14299999922514,574.497099999993225],[2641172.772999998182058,1218731.670000001788139,578.187699999994948],[2641174.285000000149012,1218727.379000000655651,575.782000000006519],[2641156.609577919356525,1218721.14468240737915,574.705957777229742],[2641157.967000000178814,1218718.793000001460314,573.443199999994249],[2641150.982999999076128,1218714.760000001639128,573.643200000005891],[2641145.618999999016523,1218724.0489999987185,573.443199999994249],[2641145.626982877962291,1218724.053610472008586,572.200349999999162],[2641144.008000001311302,1218726.896999999880791,570.957500000004075],[2641148.250999998301268,1218729.311999998986721,570.957500000004075],[2641147.749000001698732,1218730.736000001430511,570.957500000004075],[2641149.3260000012815,1218731.295000001788139,570.957500000004075],[2641151.631895110011101,1218732.106963066617027,572.570448273672127],[2641151.627999998629093,1218732.118000000715256,574.177100000000792],[2641151.271000001579523,1218733.129999998956919,573.600200000000768],[2641160.475000001490116,1218736.375999998301268,573.600200000000768]],[[2641145.66499999910593,1218724.0760000012815,570.957500000004075],[2641145.665187483187765,1218724.075675358064473,572.200977803235219],[2641152.975999999791384,1218728.298000000417233,573.643200000005891],[2641145.66499999910593,1218724.0760000012815,570.957500000004075]],[[2641155.273935253266245,1218721.781078753527254,574.913445828104386],[2641155.243000000715256,1218721.868999999016523,576.33289999999397],[2641154.109000001102686,1218725.087999999523163,578.187699999994948],[2641152.247908896300942,1218730.36146652745083,573.068349299194779],[2641152.975999999791384,1218728.298000000417233,573.643200000005891],[2641155.273935253266245,1218721.781078753527254,574.913445828104386]]]]}},
{"type":"Feature","properties":{"fid":13,"OBJECTID":1,"UUID":"{0241BDAF-FECA-476C-BB76-2B1614C5FEC1}","OBJEKTART":"Gebaeude Einzelhaus","NAME_KOMPLETT":null,"GEBAEUDE_NUTZUNG":null,"GRUND_AENDERUNG":"Verbessert","HERKUNFT":"swisstopo","HERKUNFT_JAHR":2024,"HERKUNFT_MONAT":6,"ORIGINAL_HERKUNFT":"swisstopo","ERSTELLUNG_JAHR":2024,"ERSTELLUNG_MONAT":6,"REVISION_JAHR":2024,"REVISION_MONAT":6,"DATUM_AENDERUNG":"2025-07-08T11:55:40Z","DATUM_ERSTELLUNG":"2025-07-08T11:55:40Z","DACH_MAX":571.05,"DACH_MIN":567.57,"EGID":187524,"GEBAEUDEEINHEIT":"{0161A195-33E8-41ED-A8F7-CD5593D4FBF9}","layer":"swissbuildings3d_3_0_2024_1129-33_2056_5728.gdb — swissBUILDINGS3D_3-0_1129-33.gdb/a0000000b.gdbtable","path":"/vsizip//Users/wulf/Downloads/swissbuildings3d_3_0_2024_1129-33_2056_5728.gdb.zip/swissBUILDINGS3D_3-0_1129-33.gdb/a0000000b.gdbtable|layername=Roof_solid"},"geometry":{"type":"MultiPolygon","coordinates":[[[[2641191.515000000596046,1218734.269999999552965,570.892500000001746],[2641183.256999999284744,1218731.379999998956919,571.092399999994086],[2641180.131000000983477,1218740.309999998658895,571.092499999998836],[2641188.390000000596046,1218743.2010000012815,570.892500000001746],[2641191.515000000596046,1218734.269999999552965,570.892500000001746]]]]}},
{"type":"Feature","properties":{"fid":14,"OBJECTID":1,"UUID":"{0241BDAF-FECA-476C-BB76-2B1614C5FEC1}","OBJEKTART":"Gebaeude Einzelhaus","NAME_KOMPLETT":null,"GEBAEUDE_NUTZUNG":null,"GRUND_AENDERUNG":"Verbessert","HERKUNFT":"swisstopo","HERKUNFT_JAHR":2024,"HERKUNFT_MONAT":6,"ORIGINAL_HERKUNFT":"swisstopo","ERSTELLUNG_JAHR":2024,"ERSTELLUNG_MONAT":6,"REVISION_JAHR":2024,"REVISION_MONAT":6,"DATUM_AENDERUNG":"2025-07-08T11:55:40Z","DATUM_ERSTELLUNG":"2025-07-08T11:55:40Z","DACH_MAX":571.05,"DACH_MIN":567.57,"EGID":187524,"GEBAEUDEEINHEIT":"{0161A195-33E8-41ED-A8F7-CD5593D4FBF9}","layer":"swissbuildings3d_3_0_2024_1129-33_2056_5728.gdb — swissBUILDINGS3D_3-0_1129-33.gdb/a0000000b.gdbtable","path":"/vsizip//Users/wulf/Downloads/swissbuildings3d_3_0_2024_1129-33_2056_5728.gdb.zip/swissBUILDINGS3D_3-0_1129-33.gdb/a0000000b.gdbtable|layername=Roof_solid"},"geometry":{"type":"MultiPolygon","coordinates":[[[[2641176.070999998599291,1218773.910000000149012,573.719200000006822],[2641182.217999998480082,1218776.045000001788139,578.064799999992829],[2641187.151000000536442,1218777.75899999961257,574.899099999995087],[2641187.263000000268221,1218777.436999998986721,574.899099999995087],[2641187.364999998360872,1218777.14299999922514,574.749100000000908],[2641188.006000000983477,1218775.295000001788139,574.699099999997998],[2641188.289000000804663,1218775.39299999922514,574.706099999995786],[2641190.464999999850988,1218776.149999998509884,573.222299999993993],[2641193.528000000864267,1218767.333000000566244,573.022299999996903],[2641193.471000000834465,1218767.313000001013279,573.21129999999539],[2641193.414000000804663,1218767.293000001460314,573.300199999997858],[2641186.135000001639128,1218764.765000000596046,578.264699999999721],[2641179.989,1218762.629999998956919,573.099300000001676],[2641184.28999999910593,1218764.124000001698732,573.299199999994016],[2641185.0489999987185,1218761.940000001341105,573.299199999994016],[2641177.318,1218759.254999998956919,573.299199999994016],[2641172.784000001847744,1218772.309000000357628,573.099300000001676],[2641176.212999999523163,1218773.5,573.099300000001676],[2641176.615236339624971,1218772.342079179594293,573.59679558777384],[2641176.184000000357628,1218773.583999998867512,573.919200000003912],[2641176.070999998599291,1218773.910000000149012,573.719200000006822]]]]}},
{"type":"Feature","properties":{"fid":15,"OBJECTID":1,"UUID":"{0241BDAF-FECA-476C-BB76-2B1614C5FEC1}","OBJEKTART":"Gebaeude Einzelhaus","NAME_KOMPLETT":null,"GEBAEUDE_NUTZUNG":null,"GRUND_AENDERUNG":"Verbessert","HERKUNFT":"swisstopo","HERKUNFT_JAHR":2024,"HERKUNFT_MONAT":6,"ORIGINAL_HERKUNFT":"swisstopo","ERSTELLUNG_JAHR":2024,"ERSTELLUNG_MONAT":6,"REVISION_JAHR":2024,"REVISION_MONAT":6,"DATUM_AENDERUNG":"2025-07-08T11:55:40Z","DATUM_ERSTELLUNG":"2025-07-08T11:55:40Z","DACH_MAX":571.05,"DACH_MIN":567.57,"EGID":187524,"GEBAEUDEEINHEIT":"{0161A195-33E8-41ED-A8F7-CD5593D4FBF9}","layer":"swissbuildings3d_3_0_2024_1129-33_2056_5728.gdb — swissBUILDINGS3D_3-0_1129-33.gdb/a0000000b.gdbtable","path":"/vsizip//Users/wulf/Downloads/swissbuildings3d_3_0_2024_1129-33_2056_5728.gdb.zip/swissBUILDINGS3D_3-0_1129-33.gdb/a0000000b.gdbtable|layername=Roof_solid"},"geometry":{"type":"MultiPolygon","coordinates":[[[[2641167.868036233820021,1218855.31,573.630773472716101],[2641180.244080778211355,1218855.31,573.698338893048799],[2641169.462000001221895,1218851.164000000804663,573.574299999992945],[2641167.868036233820021,1218855.31,573.630773472716101]]]]}},
{"type":"Feature","properties":{"fid":16,"OBJECTID":1,"UUID":"{0241BDAF-FECA-476C-BB76-2B1614C5FEC1}","OBJEKTART":"Gebaeude Einzelhaus","NAME_KOMPLETT":null,"GEBAEUDE_NUTZUNG":null,"GRUND_AENDERUNG":"Verbessert","HERKUNFT":"swisstopo","HERKUNFT_JAHR":2024,"HERKUNFT_MONAT":6,"ORIGINAL_HERKUNFT":"swisstopo","ERSTELLUNG_JAHR":2024,"ERSTELLUNG_MONAT":6,"REVISION_JAHR":2024,"REVISION_MONAT":6,"DATUM_AENDERUNG":"2025-07-08T11:55:40Z","DATUM_ERSTELLUNG":"2025-07-08T11:55:40Z","DACH_MAX":571.05,"DACH_MIN":567.57,"EGID":187524,"GEBAEUDEEINHEIT":"{0161A195-33E8-41ED-A8F7-CD5593D4FBF9}","layer":"swissbuildings3d_3_0_2024_1129-33_2056_5728.gdb — swissBUILDINGS3D_3-0_1129-33.gdb/a0000000b.gdbtable","path":"/vsizip//Users/wulf/Downloads/swissbuildings3d_3_0_2024_1129-33_2056_5728.gdb.zip/swissBUILDINGS3D_3-0_1129-33.gdb/a0000000b.gdbtable|layername=Roof_solid"},"geometry":{"type":"MultiPolygon","coordinates":[[[[2641213.918000001460314,1218506.8260000012815,613.199900000006892],[2641215.23440632596612,1218497.302144637797028,613.61562701038747],[2641216.340999998152256,1218497.454999998211861,612.99989999999525],[2641217.78999999910593,1218486.973000001162291,612.99989999999525],[2641210.320999998599291,1218485.940000001341105,619.478199999997742],[2641202.679000001400709,1218484.88399999961257,613.199900000006892],[2641201.289444793947041,1218494.935979073634371,613.631491976399502],[2641200.125,1218494.774999998509884,613.199900000006892],[2641198.749000001698732,1218504.730000000447035,613.199900000006892],[2641206.333999998867512,1218505.778999999165535,619.399300000004587],[2641213.918000001460314,1218506.8260000012815,613.199900000006892]],[[2641214.103000000119209,1218497.146000001579523,613.924799999993411],[2641209.888166982680559,1218496.563310788013041,618.198468912777571],[2641214.103017950896174,1218497.145864268299192,614.403213365917964],[2641214.103000000119209,1218497.146000001579523,613.924799999993411]],[[2641202.758000001311302,1218495.138999998569489,615.151700000002165],[2641207.953766870778054,1218495.857703791698441,618.764212098217058],[2641207.708999998867512,1218495.824000000953674,619.199299999992945],[2641202.758000001311302,1218495.138999998569489,615.151700000002165]]]]}},
{"type":"Feature","properties":{"fid":17,"OBJECTID":1,"UUID":"{0241BDAF-FECA-476C-BB76-2B1614C5FEC1}","OBJEKTART":"Gebaeude Einzelhaus","NAME_KOMPLETT":null,"GEBAEUDE_NUTZUNG":null,"GRUND_AENDERUNG":"Verbessert","HERKUNFT":"swisstopo","HERKUNFT_JAHR":2024,"HERKUNFT_MONAT":6,"ORIGINAL_HERKUNFT":"swisstopo","ERSTELLUNG_JAHR":2024,"ERSTELLUNG_MONAT":6,"REVISION_JAHR":2024,"REVISION_MONAT":6,"DATUM_AENDERUNG":"2025-07-08T11:55:40Z","DATUM_ERSTELLUNG":"2025-07-08T11:55:40Z","DACH_MAX":571.05,"DACH_MIN":567.57,"EGID":187524,"GEBAEUDEEINHEIT":"{0161A195-33E8-41ED-A8F7-CD5593D4FBF9}","layer":"swissbuildings3d_3_0_2024_1129-33_2056_5728.gdb — swissBUILDINGS3D_3-0_1129-33.gdb/a0000000b.gdbtable","path":"/vsizip//Users/wulf/Downloads/swissbuildings3d_3_0_2024_1129-33_2056_5728.gdb.zip/swissBUILDINGS3D_3-0_1129-33.gdb/a0000000b.gdbtable|layername=Roof_solid"},"geometry":{"type":"MultiPolygon","coordinates":[[[[2641209.690133040305227,1218536.328038392821327,612.092694839487649],[2641213.389957236126065,1218536.83962290873751,612.394109912058184],[2641213.265000000596046,1218537.745000001043081,611.863100000002305],[2641223.436000000685453,1218539.151000000536442,612.062999999994645],[2641224.412999998778105,1218532.094000000506639,618.183399999994435],[2641225.388999998569489,1218525.024999998509884,612.062999999994645],[2641211.517447324004024,1218523.106728924671188,612.377546853266608],[2641211.644000001251698,1218522.190000001341105,612.139999999999418],[2641201.346000000834465,1218520.76799999922514,612.139999999999418],[2641200.368999999016523,1218527.835999999195337,618.104399999996531],[2641199.39299999922514,1218534.905000001192093,611.940100000007078],[2641209.690000001341105,1218536.329,611.940100000007078],[2641209.690133040305227,1218536.328038392821327,612.092694839487649]]]]}},
{"type":"Feature","properties":{"fid":18,"OBJECTID":1,"UUID":"{0241BDAF-FECA-476C-BB76-2B1614C5FEC1}","OBJEKTART":"Gebaeude Einzelhaus","NAME_KOMPLETT":null,"GEBAEUDE_NUTZUNG":null,"GRUND_AENDERUNG":"Verbessert","HERKUNFT":"swisstopo","HERKUNFT_JAHR":2024,"HERKUNFT_MONAT":6,"ORIGINAL_HERKUNFT":"swisstopo","ERSTELLUNG_JAHR":2024,"ERSTELLUNG_MONAT":6,"REVISION_JAHR":2024,"REVISION_MONAT":6,"DATUM_AENDERUNG":"2025-07-08T11:55:40Z","DATUM_ERSTELLUNG":"2025-07-08T11:55:40Z","DACH_MAX":571.05,"DACH_MIN":567.57,"EGID":187524,"GEBAEUDEEINHEIT":"{0161A195-33E8-41ED-A8F7-CD5593D4FBF9}","layer":"swissbuildings3d_3_0_2024_1129-33_2056_5728.gdb — swissBUILDINGS3D_3-0_1129-33.gdb/a0000000b.gdbtable","path":"/vsizip//Users/wulf/Downloads/swissbuildings3d_3_0_2024_1129-33_2056_5728.gdb.zip/swissBUILDINGS3D_3-0_1129-33.gdb/a0000000b.gdbtable|layername=Roof_solid"},"geometry":{"type":"MultiPolygon","coordinates":[[[[2641194.179000001400709,1218625.276000000536442,607.104699999996228],[2641193.565999999642372,1218630.4239999987185,605.570800000001327],[2641207.651000000536442,1218632.098999999463558,605.570800000001327],[2641208.263000000268221,1218626.9510000012815,606.904699999999139],[2641208.795000001788139,1218622.480999998748302,605.693799999993644],[2641210.495999999344349,1218622.684000000357628,605.893800000005285],[2641211.170000001788139,1218617.01799999922514,604.358900000006543],[2641192.333000000566244,1218614.776000000536442,604.358900000006543],[2641191.125999998301268,1218624.914000000804663,606.904699999999139],[2641194.179000001400709,1218625.276000000536442,607.104699999996228]]]]}},
{"type":"Feature","properties":{"fid":19,"OBJECTID":1,"UUID":"{0241BDAF-FECA-476C-BB76-2B1614C5FEC1}","OBJEKTART":"Gebaeude Einzelhaus","NAME_KOMPLETT":null,"GEBAEUDE_NUTZUNG":null,"GRUND_AENDERUNG":"Verbessert","HERKUNFT":"swisstopo","HERKUNFT_JAHR":2024,"HERKUNFT_MONAT":6,"ORIGINAL_HERKUNFT":"swisstopo","ERSTELLUNG_JAHR":2024,"ERSTELLUNG_MONAT":6,"REVISION_JAHR":2024,"REVISION_MONAT":6,"DATUM_AENDERUNG":"2025-07-08T11:55:40Z","DATUM_ERSTELLUNG":"2025-07-08T11:55:40Z","DACH_MAX":571.05,"DACH_MIN":567.57,"EGID":187524,"GEBAEUDEEINHEIT":"{0161A195-33E8-41ED-A8F7-CD5593D4FBF9}","layer":"swissbuildings3d_3_0_2024_1129-33_2056_5728.gdb — swissBUILDINGS3D_3-0_1129-33.gdb/a0000000b.gdbtable","path":"/vsizip//Users/wulf/Downloads/swissbuildings3d_3_0_2024_1129-33_2056_5728.gdb.zip/swissBUILDINGS3D_3-0_1129-33.gdb/a0000000b.gdbtable|layername=Roof_solid"},"geometry":{"type":"MultiPolygon","coordinates":[[[[2641199.75899999961257,1218645.181000001728535,601.062300000005052],[2641191.840999998152256,1218644.28999999910593,600.862299999993411],[2641190.473000001162291,1218656.449999999254942,600.862299999993411],[2641206.638999998569489,1218658.269999999552965,601.062300000005052],[2641207.125236348714679,1218653.951056240359321,600.961050889549597],[2641207.666000001132488,1218649.149999998509884,600.882299999997485],[2641208.008000001311302,1218646.109999999403954,600.862299999993411],[2641206.493000000715256,1218645.940000001341105,600.862299999993411],[2641207.265999998897314,1218639.072999998927116,601.062300000005052],[2641200.530999999493361,1218638.313999999314547,600.862299999993411],[2641200.065000001341105,1218642.458999998867512,600.862299999993411],[2641199.75899999961257,1218645.181000001728535,601.062300000005052]]]]}},
{"type":"Feature","properties":{"fid":20,"OBJECTID":1,"UUID":"{0241BDAF-FECA-476C-BB76-2B1614C5FEC1}","OBJEKTART":"Gebaeude Einzelhaus","NAME_KOMPLETT":null,"GEBAEUDE_NUTZUNG":null,"GRUND_AENDERUNG":"Verbessert","HERKUNFT":"swisstopo","HERKUNFT_JAHR":2024,"HERKUNFT_MONAT":6,"ORIGINAL_HERKUNFT":"swisstopo","ERSTELLUNG_JAHR":2024,"ERSTELLUNG_MONAT":6,"REVISION_JAHR":2024,"REVISION_MONAT":6,"DATUM_AENDERUNG":"2025-07-08T11:55:40Z","DATUM_ERSTELLUNG":"2025-07-08T11:55:40Z","DACH_MAX":571.05,"DACH_MIN":567.57,"EGID":187524,"GEBAEUDEEINHEIT":"{0161A195-33E8-41ED-A8F7-CD5593D4FBF9}","layer":"swissbuildings3d_3_0_2024_1129-33_2056_5728.gdb — swissBUILDINGS3D_3-0_1129-33.gdb/a0000000b.gdbtable","path":"/vsizip//Users/wulf/Downloads/swissbuildings3d_3_0_2024_1129-33_2056_5728.gdb.zip/swissBUILDINGS3D_3-0_1129-33.gdb/a0000000b.gdbtable|layername=Roof_solid"},"geometry":{"type":"MultiPolygon","coordinates":[[[[2641208.7989999987185,1218750.958999998867512,572.794299999994109],[2641209.965999998152256,1218747.528999999165535,575.664999999993597],[2641211.41499999910593,1218743.271000001579523,575.464999999996508],[2641212.462999999523163,1218740.190999999642372,572.672300000005635],[2641195.359999999403954,1218734.370999999344349,572.872300000002724],[2641194.313000001013279,1218737.453000001609325,575.664999999993597],[2641192.864,1218741.71000000089407,575.464999999996508],[2641191.695999998599291,1218745.140000000596046,572.794299999994109],[2641208.7989999987185,1218750.958999998867512,572.794299999994109]]]]}},
{"type":"Feature","properties":{"fid":21,"OBJECTID":1,"UUID":"{0241BDAF-FECA-476C-BB76-2B1614C5FEC1}","OBJEKTART":"Gebaeude Einzelhaus","NAME_KOMPLETT":null,"GEBAEUDE_NUTZUNG":null,"GRUND_AENDERUNG":"Verbessert","HERKUNFT":"swisstopo","HERKUNFT_JAHR":2024,"HERKUNFT_MONAT":6,"ORIGINAL_HERKUNFT":"swisstopo","ERSTELLUNG_JAHR":2024,"ERSTELLUNG_MONAT":6,"REVISION_JAHR":2024,"REVISION_MONAT":6,"DATUM_AENDERUNG":"2025-07-08T11:55:40Z","DATUM_ERSTELLUNG":"2025-07-08T11:55:40Z","DACH_MAX":571.05,"DACH_MIN":567.57,"EGID":187524,"GEBAEUDEEINHEIT":"{0161A195-33E8-41ED-A8F7-CD5593D4FBF9}","layer":"swissbuildings3d_3_0_2024_1129-33_2056_5728.gdb — swissBUILDINGS3D_3-0_1129-33.gdb/a0000000b.gdbtable","path":"/vsizip//Users/wulf/Downloads/swissbuildings3d_3_0_2024_1129-33_2056_5728.gdb.zip/swissBUILDINGS3D_3-0_1129-33.gdb/a0000000b.gdbtable|layername=Roof_solid"},"geometry":{"type":"MultiPolygon","coordinates":[[[[2641216.778000000864267,1218788.135000001639128,572.134399999995367],[2641220.745000001043081,1218776.357999999076128,572.134399999995367],[2641217.019999999552965,1218775.103000000119209,574.41710000000603],[2641217.769000001251698,1218772.881000000983477,574.41710000000603],[2641214.526000000536442,1218771.789000000804663,576.402900000000955],[2641208.793999999761581,1218769.859000001102686,572.552299999995739],[2641206.552999999374151,1218776.515000000596046,572.552299999995739],[2641205.339000001549721,1218776.105999998748302,571.979399999996531],[2641203.223999999463558,1218782.386,571.979399999996531],[2641207.619379753246903,1218783.866315802792087,574.039131305981073],[2641207.261,1218784.929999999701977,573.299299999998766],[2641210.28999999910593,1218785.949999999254942,575.908999999999651],[2641216.778000000864267,1218788.135000001639128,572.134399999995367]],[[2641210.40328410314396,1218784.804070884827524,576.116424528785046],[2641209.546999998390675,1218784.515999998897314,575.088099999993574],[2641209.547149447258562,1218784.515567540191114,575.547462906441979],[2641210.168999999761581,1218784.725000001490116,576.402900000000955],[2641210.40328410314396,1218784.804070884827524,576.116424528785046]]]]}},
{"type":"Feature","properties":{"fid":22,"OBJECTID":1,"UUID":"{0241BDAF-FECA-476C-BB76-2B1614C5FEC1}","OBJEKTART":"Gebaeude Einzelhaus","NAME_KOMPLETT":null,"GEBAEUDE_NUTZUNG":null,"GRUND_AENDERUNG":"Verbessert","HERKUNFT":"swisstopo","HERKUNFT_JAHR":2024,"HERKUNFT_MONAT":6,"ORIGINAL_HERKUNFT":"swisstopo","ERSTELLUNG_JAHR":2024,"ERSTELLUNG_MONAT":6,"REVISION_JAHR":2024,"REVISION_MONAT":6,"DATUM_AENDERUNG":"2025-07-08T11:55:40Z","DATUM_ERSTELLUNG":"2025-07-08T11:55:40Z","DACH_MAX":571.05,"DACH_MIN":567.57,"EGID":187524,"GEBAEUDEEINHEIT":"{0161A195-33E8-41ED-A8F7-CD5593D4FBF9}","layer":"swissbuildings3d_3_0_2024_1129-33_2056_5728.gdb — swissBUILDINGS3D_3-0_1129-33.gdb/a0000000b.gdbtable","path":"/vsizip//Users/wulf/Downloads/swissbuildings3d_3_0_2024_1129-33_2056_5728.gdb.zip/swissBUILDINGS3D_3-0_1129-33.gdb/a0000000b.gdbtable|layername=Roof_solid"},"geometry":{"type":"MultiPolygon","coordinates":[[[[2641201.431000001728535,1218804.089999999850988,573.498300000006566],[2641200.5760000012815,1218806.668000001460314,573.498300000006566],[2641203.315000001341105,1218807.5760000012815,575.394100000004983],[2641203.592999998480082,1218807.668000001460314,575.049100000003818],[2641203.870894249994308,1218807.760319000575691,574.952382688465605],[2641202.603000000119209,1218811.58500000089407,570.815499999996973],[2641205.530000001192093,1218812.554999999701977,572.748300000006566],[2641208.030000001192093,1218813.385000001639128,571.193499999993946],[2641209.252999998629093,1218809.697999998927116,570.993499999996857],[2641209.901000000536442,1218809.912999998778105,570.738500000006752],[2641214.214000001549721,1218796.905999999493361,570.738500000006752],[2641207.581000000238419,1218794.708000000566244,575.194099999993341],[2641205.404965217690915,1218793.985064856242388,573.761954307621636],[2641205.089000001549721,1218793.879999998956919,573.618199999997159],[2641204.606873834040016,1218791.53863493935205,570.517357494475164],[2641204.555545449722558,1218791.288409071974456,570.502025000337767],[2641204.546,1218791.239999998360872,570.364600000000792],[2641203.943282210733742,1218791.040661199716851,570.38985365187682],[2641202.377000000327826,1218790.521000001579523,570.364600000000792],[2641201.986999999731779,1218790.392000000923872,570.564499999993131],[2641201.245000001043081,1218791.052000001072884,570.564499999993131],[2641200.969999998807907,1218791.296,570.414600000003702],[2641200.435374698601663,1218791.772000269033015,570.474461384471169],[2641199.973000001162291,1218792.18299999833107,570.364600000000792],[2641198.631999999284744,1218796.227000001817942,570.564599999997881],[2641198.728000000119209,1218796.25899999961257,570.564599999997881],[2641199.271000001579523,1218796.438999999314547,570.847500000003492],[2641199.741994369775057,1218796.59501688554883,570.993032129212452],[2641199.71000000089407,1218796.690999999642372,570.893500000005588],[2641197.670000001788139,1218802.842999998480082,570.693499999993946],[2641201.431000001728535,1218804.089999999850988,573.498300000006566]]]]}},
{"type":"Feature","properties":{"fid":23,"OBJECTID":1,"UUID":"{0241BDAF-FECA-476C-BB76-2B1614C5FEC1}","OBJEKTART":"Gebaeude Einzelhaus","NAME_KOMPLETT":null,"GEBAEUDE_NUTZUNG":null,"GRUND_AENDERUNG":"Verbessert","HERKUNFT":"swisstopo","HERKUNFT_JAHR":2024,"HERKUNFT_MONAT":6,"ORIGINAL_HERKUNFT":"swisstopo","ERSTELLUNG_JAHR":2024,"ERSTELLUNG_MONAT":6,"REVISION_JAHR":2024,"REVISION_MONAT":6,"DATUM_AENDERUNG":"2025-07-08T11:55:40Z","DATUM_ERSTELLUNG":"2025-07-08T11:55:40Z","DACH_MAX":571.05,"DACH_MIN":567.57,"EGID":187524,"GEBAEUDEEINHEIT":"{0161A195-33E8-41ED-A8F7-CD5593D4FBF9}","layer":"swissbuildings3d_3_0_2024_1129-33_2056_5728.gdb — swissBUILDINGS3D_3-0_1129-33.gdb/a0000000b.gdbtable","path":"/vsizip//Users/wulf/Downloads/swissbuildings3d_3_0_2024_1129-33_2056_5728.gdb.zip/swissBUILDINGS3D_3-0_1129-33.gdb/a0000000b.gdbtable|layername=Roof_solid"},"geometry":{"type":"MultiPolygon","coordinates":[[[[2641241.639126309659332,1218472.065873066429049,619.574094838079645],[2641242.53999999910593,1218465.541000001132488,614.024699999994482],[2641228.668418901506811,1218463.62293481035158,614.448735105904007],[2641228.795000001788139,1218462.706000000238419,614.102700000003097],[2641218.497999999672174,1218461.284000001847744,614.102700000003097],[2641217.519999999552965,1218468.353000000119209,619.867199999993318],[2641216.543999999761581,1218475.421,613.902799999996205],[2641224.259009725879878,1218476.487929575843737,614.0777534144529],[2641224.25899999961257,1218476.488000001758337,614.102799999993294],[2641226.781286200042814,1218476.836742016021162,614.163244702553584],[2641226.840999998152256,1218476.844999998807907,614.102799999993294],[2641230.540934160817415,1218477.356566928327084,614.406772345912259],[2641230.416000001132488,1218478.261,614.024799999999232],[2641240.587999999523163,1218479.668000001460314,614.024799999999232],[2641241.481743142474443,1218473.204845179338008,619.104990891414218],[2641241.63399999961257,1218472.103999998420477,619.507199999992736],[2641241.639126309659332,1218472.065873066429049,619.574094838079645]]]]}},
{"type":"Feature","properties":{"fid":24,"OBJECTID":1,"UUID":"{0241BDAF-FECA-476C-BB76-2B1614C5FEC1}","OBJEKTART":"Gebaeude Einzelhaus","NAME_KOMPLETT":null,"GEBAEUDE_NUTZUNG":null,"GRUND_AENDERUNG":"Verbessert","HERKUNFT":"swisstopo","HERKUNFT_JAHR":2024,"HERKUNFT_MONAT":6,"ORIGINAL_HERKUNFT":"swisstopo","ERSTELLUNG_JAHR":2024,"ERSTELLUNG_MONAT":6,"REVISION_JAHR":2024,"REVISION_MONAT":6,"DATUM_AENDERUNG":"2025-07-08T11:55:40Z","DATUM_ERSTELLUNG":"2025-07-08T11:55:40Z","DACH_MAX":571.05,"DACH_MIN":567.57,"EGID":187524,"GEBAEUDEEINHEIT":"{0161A195-33E8-41ED-A8F7-CD5593D4FBF9}","layer":"swissbuildings3d_3_0_2024_1129-33_2056_5728.gdb — swissBUILDINGS3D_3-0_1129-33.gdb/a0000000b.gdbtable","path":"/vsizip//Users/wulf/Downloads/swissbuildings3d_3_0_2024_1129-33_2056_5728.gdb.zip/swissBUILDINGS3D_3-0_1129-33.gdb/a0000000b.gdbtable|layername=Roof_solid"},"geometry":{"type":"MultiPolygon","coordinates":[[[[2641255.18299999833107,1218487.291000001132488,619.478199999997742],[2641247.53999999910593,1218486.234999999403954,613.199800000002142],[2641246.15056346077472,1218496.287079517263919,613.631509472428206],[2641244.986000001430511,1218496.125999998301268,613.199900000006892],[2641243.609999999403954,1218506.081000000238419,612.99989999999525],[2641251.195000000298023,1218507.129999998956919,619.399300000004587],[2641258.778999999165535,1218508.177999999374151,613.199900000006892],[2641260.095566655043513,1218498.652984709711745,613.521982377906625],[2641261.203000001609325,1218498.806000001728535,613.199900000006892],[2641262.651000000536442,1218488.324000000953674,613.199800000002142],[2641255.18299999833107,1218487.291000001132488,619.478199999997742]],[[2641251.783790295477957,1218497.066253431374207,618.216583239193142],[2641252.045030121225864,1218497.102358589880168,618.131862655982331],[2641252.740636237896979,1218497.198496187105775,618.625148010924363],[2641252.570000000298023,1218497.175000000745058,619.399199999999837],[2641251.783790295477957,1218497.066253431374207,618.216583239193142]]]]}},
{"type":"Feature","properties":{"fid":25,"OBJECTID":1,"UUID":"{0241BDAF-FECA-476C-BB76-2B1614C5FEC1}","OBJEKTART":"Gebaeude Einzelhaus","NAME_KOMPLETT":null,"GEBAEUDE_NUTZUNG":null,"GRUND_AENDERUNG":"Verbessert","HERKUNFT":"swisstopo","HERKUNFT_JAHR":2024,"HERKUNFT_MONAT":6,"ORIGINAL_HERKUNFT":"swisstopo","ERSTELLUNG_JAHR":2024,"ERSTELLUNG_MONAT":6,"REVISION_JAHR":2024,"REVISION_MONAT":6,"DATUM_AENDERUNG":"2025-07-08T11:55:40Z","DATUM_ERSTELLUNG":"2025-07-08T11:55:40Z","DACH_MAX":571.05,"DACH_MIN":567.57,"EGID":187524,"GEBAEUDEEINHEIT":"{0161A195-33E8-41ED-A8F7-CD5593D4FBF9}","layer":"swissbuildings3d_3_0_2024_1129-33_2056_5728.gdb — swissBUILDINGS3D_3-0_1129-33.gdb/a0000000b.gdbtable","path":"/vsizip//Users/wulf/Downloads/swissbuildings3d_3_0_2024_1129-33_2056_5728.gdb.zip/swissBUILDINGS3D_3-0_1129-33.gdb/a0000000b.gdbtable|layername=Roof_solid"},"geometry":{"type":"MultiPolygon","coordinates":[[[[2641250.738000001758337,1218520.86600000038743,618.458400000003166],[2641243.094999998807907,1218519.809999998658895,612.179999999993015],[2641241.705563463736326,1218529.862079520244151,612.531041814841956],[2641240.541000001132488,1218529.7010000012815,612.179999999993015],[2641239.16499999910593,1218539.655999999493361,612.179999999993015],[2641246.75,1218540.704999998211861,618.379400000005262],[2641254.333999998867512,1218541.752999998629093,612.179999999993015],[2641255.650539641268551,1218532.228180143749341,612.597062800574804],[2641256.758000001311302,1218532.381000000983477,612.179999999993015],[2641258.206000000238419,1218521.899000000208616,612.179999999993015],[2641250.738000001758337,1218520.86600000038743,618.458400000003166]],[[2641248.339776647277176,1218530.779574211454019,617.747353147008084],[2641248.125,1218530.75,618.17939999999362],[2641245.46673533692956,1218530.382315449882299,615.631189795265868],[2641248.339776647277176,1218530.779574211454019,617.747353147008084]]]]}},
{"type":"Feature","properties":{"fid":26,"OBJECTID":1,"UUID":"{0241BDAF-FECA-476C-BB76-2B1614C5FEC1}","OBJEKTART":"Gebaeude Einzelhaus","NAME_KOMPLETT":null,"GEBAEUDE_NUTZUNG":null,"GRUND_AENDERUNG":"Verbessert","HERKUNFT":"swisstopo","HERKUNFT_JAHR":2024,"HERKUNFT_MONAT":6,"ORIGINAL_HERKUNFT":"swisstopo","ERSTELLUNG_JAHR":2024,"ERSTELLUNG_MONAT":6,"REVISION_JAHR":2024,"REVISION_MONAT":6,"DATUM_AENDERUNG":"2025-07-08T11:55:40Z","DATUM_ERSTELLUNG":"2025-07-08T11:55:40Z","DACH_MAX":571.05,"DACH_MIN":567.57,"EGID":187524,"GEBAEUDEEINHEIT":"{0161A195-33E8-41ED-A8F7-CD5593D4FBF9}","layer":"swissbuildings3d_3_0_2024_1129-33_2056_5728.gdb — swissBUILDINGS3D_3-0_1129-33.gdb/a0000000b.gdbtable","path":"/vsizip//Users/wulf/Downloads/swissbuildings3d_3_0_2024_1129-33_2056_5728.gdb.zip/swissBUILDINGS3D_3-0_1129-33.gdb/a0000000b.gdbtable|layername=Roof_solid"},"geometry":{"type":"MultiPolygon","coordinates":[[[[2641228.607999999076128,1218583.070999998599291,609.480400000000373],[2641231.027011736296117,1218586.152194111840799,608.92095262413352],[2641228.603999998420477,1218583.074000000953674,607.325599999996484],[2641229.230999998748302,1218577.596000000834465,607.325599999996484],[2641226.184000000357628,1218579.962999999523163,607.325599999996484],[2641228.602000001817942,1218583.0760000012815,607.125599999999395],[2641231.081560682039708,1218586.267434556270018,608.110482285618218],[2641224.818,1218591.13399999961257,608.89539999999397],[2641227.322999998927116,1218594.359000001102686,608.89539999999397],[2641227.897999998182058,1218589.315000001341105,608.69539999999688],[2641226.885000001639128,1218598.206000000238419,610.621299999998882],[2641238.322999998927116,1218599.508000001311302,610.621199999994133],[2641238.889105361886322,1218594.534000061452389,609.959633728321705],[2641238.756999999284744,1218595.695999998599291,608.89539999999397],[2641240.96000000089407,1218593.984000001102686,608.69539999999688],[2641239.208305765409023,1218591.729393548099324,610.143351383370828],[2641239.333999998867512,1218590.625,610.621199999994133],[2641240.068441628944129,1218584.165926043642685,610.453560904219671],[2641240.186059564352036,1218583.131953736534342,608.854543709200584],[2641242.649000000208616,1218581.219000000506639,607.125599999999395],[2641240.690021558664739,1218578.69702775334008,608.338060529736367],[2641240.696719029918313,1218578.637692343909293,609.566183894304913],[2641240.765000000596046,1218578.03999999910593,609.530299999998533],[2641241.079999998211861,1218575.272999998182058,609.480299999995623],[2641238.021000001579523,1218574.9239999987185,609.480299999995623],[2641236.936369220726192,1218574.800403486704454,608.472356803871207],[2641237.732999999076128,1218574.890999998897314,607.325599999996484],[2641235.844000000506639,1218572.458999998867512,607.325599999996484],[2641233.354293837677687,1218574.392771772341803,608.429983638342037],[2641232.549628677312285,1218574.301300566876307,609.535997393639718],[2641229.644000001251698,1218573.969999998807907,609.680300000007264],[2641229.243000000715256,1218577.491999998688698,609.680300000007264],[2641228.607999999076128,1218583.070999998599291,609.480400000000373]],[[2641240.618999999016523,1218579.3260000012815,607.325599999996484],[2641234.434000000357628,1218584.18299999833107,612.975999999995111],[2641233.758000001311302,1218584.713788247434422,610.703092195831232],[2641233.758000001311302,1218584.712999999523163,608.69539999999688],[2641240.618999999016523,1218579.3260000012815,607.325599999996484]]]]}},
{"type":"Feature","properties":{"fid":27,"OBJECTID":1,"UUID":"{0241BDAF-FECA-476C-BB76-2B1614C5FEC1}","OBJEKTART":"Gebaeude Einzelhaus","NAME_KOMPLETT":null,"GEBAEUDE_NUTZUNG":null,"GRUND_AENDERUNG":"Verbessert","HERKUNFT":"swisstopo","HERKUNFT_JAHR":2024,"HERKUNFT_MONAT":6,"ORIGINAL_HERKUNFT":"swisstopo","ERSTELLUNG_JAHR":2024,"ERSTELLUNG_MONAT":6,"REVISION_JAHR":2024,"REVISION_MONAT":6,"DATUM_AENDERUNG":"2025-07-08T11:55:40Z","DATUM_ERSTELLUNG":"2025-07-08T11:55:40Z","DACH_MAX":571.05,"DACH_MIN":567.57,"EGID":187524,"GEBAEUDEEINHEIT":"{0161A195-33E8-41ED-A8F7-CD5593D4FBF9}","layer":"swissbuildings3d_3_0_2024_1129-33_2056_5728.gdb — swissBUILDINGS3D_3-0_1129-33.gdb/a0000000b.gdbtable","path":"/vsizip//Users/wulf/Downloads/swissbuildings3d_3_0_2024_1129-33_2056_5728.gdb.zip/swissBUILDINGS3D_3-0_1129-33.gdb/a0000000b.gdbtable|layername=Roof_solid"},"geometry":{"type":"MultiPolygon","coordinates":[[[[2641234.421999998390675,1218599.063999999314547,608.89539999999397],[2641230.64299999922514,1218598.63399999961257,608.89539999999397],[2641232.274000000208616,1218600.732999999076128,608.89539999999397],[2641234.421999998390675,1218599.063999999314547,608.89539999999397]]]]}},
{"type":"Feature","properties":{"fid":28,"OBJECTID":1,"UUID":"{0241BDAF-FECA-476C-BB76-2B1614C5FEC1}","OBJEKTART":"Gebaeude Einzelhaus","NAME_KOMPLETT":null,"GEBAEUDE_NUTZUNG":null,"GRUND_AENDERUNG":"Verbessert","HERKUNFT":"swisstopo","HERKUNFT_JAHR":2024,"HERKUNFT_MONAT":6,"ORIGINAL_HERKUNFT":"swisstopo","ERSTELLUNG_JAHR":2024,"ERSTELLUNG_MONAT":6,"REVISION_JAHR":2024,"REVISION_MONAT":6,"DATUM_AENDERUNG":"2025-07-08T11:55:40Z","DATUM_ERSTELLUNG":"2025-07-08T11:55:40Z","DACH_MAX":571.05,"DACH_MIN":567.57,"EGID":187524,"GEBAEUDEEINHEIT":"{0161A195-33E8-41ED-A8F7-CD5593D4FBF9}","layer":"swissbuildings3d_3_0_2024_1129-33_2056_5728.gdb — swissBUILDINGS3D_3-0_1129-33.gdb/a0000000b.gdbtable","path":"/vsizip//Users/wulf/Downloads/swissbuildings3d_3_0_2024_1129-33_2056_5728.gdb.zip/swissBUILDINGS3D_3-0_1129-33.gdb/a0000000b.gdbtable|layername=Roof_solid"},"geometry":{"type":"MultiPolygon","coordinates":[[[[2641227.914136605802923,1218638.063886669231579,604.102265631328919],[2641222.627999998629093,1218637.43299999833107,603.494999999995343],[2641222.092999998480082,1218641.905000001192093,605.929799999998068],[2641221.556000001728535,1218646.394999999552965,603.521999999997206],[2641230.625,1218647.480000000447035,603.521999999997206],[2641230.699999999254942,1218646.850999999791384,603.887000000002445],[2641235.988000001758337,1218647.482999999076128,603.687000000005355],[2641236.618000000715256,1218642.212999999523163,606.748699999996461],[2641237.219999998807907,1218637.175000000745058,603.887000000002445],[2641228.149999998509884,1218636.089999999850988,603.887000000002445],[2641227.914136605802923,1218638.063886669231579,604.102265631328919]]]]}},
{"type":"Feature","properties":{"fid":29,"OBJECTID":1,"UUID":"{0241BDAF-FECA-476C-BB76-2B1614C5FEC1}","OBJEKTART":"Gebaeude Einzelhaus","NAME_KOMPLETT":null,"GEBAEUDE_NUTZUNG":null,"GRUND_AENDERUNG":"Verbessert","HERKUNFT":"swisstopo","HERKUNFT_JAHR":2024,"HERKUNFT_MONAT":6,"ORIGINAL_HERKUNFT":"swisstopo","ERSTELLUNG_JAHR":2024,"ERSTELLUNG_MONAT":6,"REVISION_JAHR":2024,"REVISION_MONAT":6,"DATUM_AENDERUNG":"2025-07-08T11:55:40Z","DATUM_ERSTELLUNG":"2025-07-08T11:55:40Z","DACH_MAX":571.05,"DACH_MIN":567.57,"EGID":187524,"GEBAEUDEEINHEIT":"{0161A195-33E8-41ED-A8F7-CD5593D4FBF9}","layer":"swissbuildings3d_3_0_2024_1129-33_2056_5728.gdb — swissBUILDINGS3D_3-0_1129-33.gdb/a0000000b.gdbtable","path":"/vsizip//Users/wulf/Downloads/swissbuildings3d_3_0_2024_1129-33_2056_5728.gdb.zip/swissBUILDINGS3D_3-0_1129-33.gdb/a0000000b.gdbtable|layername=Roof_solid"},"geometry":{"type":"MultiPolygon","coordinates":[[[[2641219.804000001400709,1218663.388000000268221,604.545899999997346],[2641219.559999998658895,1218665.436999998986721,602.549100000003818],[2641220.924674218520522,1218665.600354108726606,602.517949397531197],[2641220.285999998450279,1218670.965999998152256,600.358399999997346],[2641229.524999998509884,1218672.065999999642372,600.558399999994435],[2641229.525028050411493,1218672.065765161765739,600.48237455070398],[2641229.526999998837709,1218672.065999999642372,600.500400000004447],[2641229.744229608681053,1218670.241154495393857,600.938214270343678],[2641234.000999998301268,1218670.776000000536442,601.248300000006566],[2641234.340042545460165,1218667.934207024052739,601.990108498914424],[2641236.425000000745058,1218668.182,601.640199999994365],[2641236.754999998956919,1218665.405999999493361,604.346000000005006],[2641237.078000001609325,1218662.699000000953674,601.840200000006007],[2641236.846000000834465,1218662.671,601.640199999994365],[2641237.55799999833107,1218657.089000001549721,600.125400000004447],[2641237.386999998241663,1218657.074000000953674,599.922399999995832],[2641238.111000001430511,1218651.524000000208616,600.122399999992922],[2641232.280000001192093,1218650.771000001579523,599.796400000006543],[2641231.668161236681044,1218655.483167518395931,600.36220493544738],[2641226.671,1218654.888000000268221,603.122099999993225],[2641221.057,1218654.219999998807907,600.415399999998044],[2641220.609000001102686,1218654.166999999433756,600.415399999998044],[2641220.539000000804663,1218654.752999998629093,600.415399999998044],[2641220.531528998166323,1218654.815744748571888,600.342947257908918],[2641217.969999998807907,1218654.484999999403954,599.70339999999851],[2641217.177999999374151,1218660.625,599.50350000000617],[2641219.798946410883218,1218660.96829381887801,601.228494288128786],[2641219.515000000596046,1218663.353000000119209,603.349100000006729],[2641219.804000001400709,1218663.386999998241663,603.349100000006729],[2641219.876000704243779,1218662.781994083430618,603.641461034617123],[2641219.804000001400709,1218663.388000000268221,604.545899999997346]]]]}},
{"type":"Feature","properties":{"fid":30,"OBJECTID":1,"UUID":"{0241BDAF-FECA-476C-BB76-2B1614C5FEC1}","OBJEKTART":"Gebaeude Einzelhaus","NAME_KOMPLETT":null,"GEBAEUDE_NUTZUNG":null,"GRUND_AENDERUNG":"Verbessert","HERKUNFT":"swisstopo","HERKUNFT_JAHR":2024,"HERKUNFT_MONAT":6,"ORIGINAL_HERKUNFT":"swisstopo","ERSTELLUNG_JAHR":2024,"ERSTELLUNG_MONAT":6,"REVISION_JAHR":2024,"REVISION_MONAT":6,"DATUM_AENDERUNG":"2025-07-08T11:55:40Z","DATUM_ERSTELLUNG":"2025-07-08T11:55:40Z","DACH_MAX":571.05,"DACH_MIN":567.57,"EGID":187524,"GEBAEUDEEINHEIT":"{0161A195-33E8-41ED-A8F7-CD5593D4FBF9}","layer":"swissbuildings3d_3_0_2024_1129-33_2056_5728.gdb — swissBUILDINGS3D_3-0_1129-33.gdb/a0000000b.gdbtable","path":"/vsizip//Users/wulf/Downloads/swissbuildings3d_3_0_2024_1129-33_2056_5728.gdb.zip/swissBUILDINGS3D_3-0_1129-33.gdb/a0000000b.gdbtable|layername=Roof_solid"},"geometry":{"type":"MultiPolygon","coordinates":[[[[2641255.517000000923872,1218682.230000000447035,599.292499999995925],[2641258.425000000745058,1218682.609000001102686,599.492499999993015],[2641258.488000001758337,1218682.078000001609325,599.802400000000489],[2641258.528999999165535,1218681.736000001430511,600.001399999993737],[2641266.065000001341105,1218682.633000001311302,600.051399999996647],[2641266.537999998778105,1218682.688999999314547,599.854399999996531],[2641267.306000001728535,1218676.78999999910593,603.295100000003004],[2641267.684000000357628,1218673.899000000208616,601.925199999997858],[2641263.785999998450279,1218673.390999998897314,601.925199999997858],[2641263.26799999922514,1218673.324000000953674,601.925199999997858],[2641263.33500000089407,1218672.811999998986721,601.447199999995064],[2641263.449999999254942,1218671.9239999987185,600.965299999996205],[2641261.953000001609325,1218669.627999998629093,599.841400000004796],[2641257.177999999374151,1218669.006000000983477,600.041400000001886],[2641252.280999999493361,1218668.368000000715256,600.041400000001886],[2641250.548000000417233,1218669.688000001013279,600.667300000000978],[2641250.421,1218670.660999998450279,601.246299999998882],[2641250.364,1218671.100000001490116,601.435299999997369],[2641250.293999999761581,1218671.633000001311302,601.925199999997858],[2641249.763999998569489,1218671.563999999314547,601.925199999997858],[2641245.462999999523163,1218671.004000000655651,601.725200000000768],[2641245.085999999195337,1218673.894000001251698,603.295100000003004],[2641244.285000000149012,1218680.03999999910593,599.709400000007008],[2641245.217999998480082,1218680.151000000536442,599.715400000000955],[2641252.429999999701977,1218681.010000001639128,599.76140000000305],[2641252.405999999493361,1218681.210999999195337,599.794399999998859],[2641252.381999999284744,1218681.412000000476837,599.576499999995576],[2641252.33500000089407,1218681.815000001341105,599.292499999995925],[2641255.517000000923872,1218682.230000000447035,599.292499999995925]]]]}},
{"type":"Feature","properties":{"fid":31,"OBJECTID":1,"UUID":"{0241BDAF-FECA-476C-BB76-2B1614C5FEC1}","OBJEKTART":"Gebaeude Einzelhaus","NAME_KOMPLETT":null,"GEBAEUDE_NUTZUNG":null,"GRUND_AENDERUNG":"Verbessert","HERKUNFT":"swisstopo","HERKUNFT_JAHR":2024,"HERKUNFT_MONAT":6,"ORIGINAL_HERKUNFT":"swisstopo","ERSTELLUNG_JAHR":2024,"ERSTELLUNG_MONAT":6,"REVISION_JAHR":2024,"REVISION_MONAT":6,"DATUM_AENDERUNG":"2025-07-08T11:55:40Z","DATUM_ERSTELLUNG":"2025-07-08T11:55:40Z","DACH_MAX":571.05,"DACH_MIN":567.57,"EGID":187524,"GEBAEUDEEINHEIT":"{0161A195-33E8-41ED-A8F7-CD5593D4FBF9}","layer":"swissbuildings3d_3_0_2024_1129-33_2056_5728.gdb — swissBUILDINGS3D_3-0_1129-33.gdb/a0000000b.gdbtable","path":"/vsizip//Users/wulf/Downloads/swissbuildings3d_3_0_2024_1129-33_2056_5728.gdb.zip/swissBUILDINGS3D_3-0_1129-33.gdb/a0000000b.gdbtable|layername=Roof_solid"},"geometry":{"type":"MultiPolygon","coordinates":[[[[2641239.720921536441892,1218745.110434353351593,575.081270323688614],[2641240.594999998807907,1218742.583999998867512,572.635299999994459],[2641229.181000001728535,1218738.635000001639128,572.635299999994459],[2641228.307275858242065,1218741.161257676547393,574.901466386487073],[2641227.846999999135733,1218741.002000000327826,577.696800000005169],[2641225.037999998778105,1218749.120999999344349,578.90559999999823],[2641222.697999998927116,1218755.886,577.696800000005169],[2641223.764252276159823,1218756.254928451264277,574.546270375610902],[2641222.125999998301268,1218760.99100000038743,571.013500000000931],[2641232.473999999463558,1218764.570999998599291,571.213399999993271],[2641234.11254727980122,1218759.835488635580987,573.653358906509197],[2641235.087999999523163,1218760.173000000417233,577.896800000002258],[2641237.429000001400709,1218753.407000001519918,579.10559999999532],[2641240.236999999731779,1218745.289000000804663,577.696800000005169],[2641239.720921536441892,1218745.110434353351593,575.081270323688614]]]]}},
{"type":"Feature","properties":{"fid":32,"OBJECTID":1,"UUID":"{0241BDAF-FECA-476C-BB76-2B1614C5FEC1}","OBJEKTART":"Gebaeude Einzelhaus","NAME_KOMPLETT":null,"GEBAEUDE_NUTZUNG":null,"GRUND_AENDERUNG":"Verbessert","HERKUNFT":"swisstopo","HERKUNFT_JAHR":2024,"HERKUNFT_MONAT":6,"ORIGINAL_HERKUNFT":"swisstopo","ERSTELLUNG_JAHR":2024,"ERSTELLUNG_MONAT":6,"REVISION_JAHR":2024,"REVISION_MONAT":6,"DATUM_AENDERUNG":"2025-07-08T11:55:40Z","DATUM_ERSTELLUNG":"2025-07-08T11:55:40Z","DACH_MAX":571.05,"DACH_MIN":567.57,"EGID":187524,"GEBAEUDEEINHEIT":"{0161A195-33E8-41ED-A8F7-CD5593D4FBF9}","layer":"swissbuildings3d_3_0_2024_1129-33_2056_5728.gdb — swissBUILDINGS3D_3-0_1129-33.gdb/a0000000b.gdbtable","path":"/vsizip//Users/wulf/Downloads/swissbuildings3d_3_0_2024_1129-33_2056_5728.gdb.zip/swissBUILDINGS3D_3-0_1129-33.gdb/a0000000b.gdbtable|layername=Roof_solid"},"geometry":{"type":"MultiPolygon","coordinates":[[[[2641253.7989999987185,1218805.239999998360872,573.525200000003679],[2641257.734000001102686,1218793.556000001728535,573.525200000003679],[2641251.938000001013279,1218791.605000000447035,576.518899999995483],[2641242.7010000012815,1218788.493999999016523,572.174400000003516],[2641238.765999998897314,1218800.177999999374151,571.974400000006426],[2641248.004000000655651,1218803.287999998778105,576.318899999998393],[2641253.7989999987185,1218805.239999998360872,573.525200000003679]]]]}},
{"type":"Feature","properties":{"fid":33,"OBJECTID":1,"UUID":"{0241BDAF-FECA-476C-BB76-2B1614C5FEC1}","OBJEKTART":"Gebaeude Einzelhaus","NAME_KOMPLETT":null,"GEBAEUDE_NUTZUNG":null,"GRUND_AENDERUNG":"Verbessert","HERKUNFT":"swisstopo","HERKUNFT_JAHR":2024,"HERKUNFT_MONAT":6,"ORIGINAL_HERKUNFT":"swisstopo","ERSTELLUNG_JAHR":2024,"ERSTELLUNG_MONAT":6,"REVISION_JAHR":2024,"REVISION_MONAT":6,"DATUM_AENDERUNG":"2025-07-08T11:55:40Z","DATUM_ERSTELLUNG":"2025-07-08T11:55:40Z","DACH_MAX":571.05,"DACH_MIN":567.57,"EGID":187524,"GEBAEUDEEINHEIT":"{0161A195-33E8-41ED-A8F7-CD5593D4FBF9}","layer":"swissbuildings3d_3_0_2024_1129-33_2056_5728.gdb — swissBUILDINGS3D_3-0_1129-33.gdb/a0000000b.gdbtable","path":"/vsizip//Users/wulf/Downloads/swissbuildings3d_3_0_2024_1129-33_2056_5728.gdb.zip/swissBUILDINGS3D_3-0_1129-33.gdb/a0000000b.gdbtable|layername=Roof_solid"},"geometry":{"type":"MultiPolygon","coordinates":[[[[2641232.497999999672174,1218820.392000000923872,570.57060000000638],[2641236.822000000625849,1218821.828000001609325,573.796199999997043],[2641236.421999998390675,1218823.026999998837709,573.795199999993201],[2641239.094999998807907,1218823.916000001132488,575.466100000005099],[2641243.337000001221895,1218825.326999999582767,572.697299999999814],[2641243.896999999880791,1218823.64299999922514,572.697299999999814],[2641247.454,1218824.8260000012815,570.008600000001024],[2641249.86600000038743,1218817.572000000625849,570.208599999998114],[2641246.603999998420477,1218816.486999999731779,572.491399999998976],[2641247.146999999880791,1218815.076999999582767,572.444399999993038],[2641242.543000001460314,1218813.546,575.665999999997439],[2641235.614,1218811.241999998688698,570.817500000004657],[2641232.497999999672174,1218820.392000000923872,570.57060000000638]]]]}},
{"type":"Feature","properties":{"fid":34,"OBJECTID":1,"UUID":"{0241BDAF-FECA-476C-BB76-2B1614C5FEC1}","OBJEKTART":"Gebaeude Einzelhaus","NAME_KOMPLETT":null,"GEBAEUDE_NUTZUNG":null,"GRUND_AENDERUNG":"Verbessert","HERKUNFT":"swisstopo","HERKUNFT_JAHR":2024,"HERKUNFT_MONAT":6,"ORIGINAL_HERKUNFT":"swisstopo","ERSTELLUNG_JAHR":2024,"ERSTELLUNG_MONAT":6,"REVISION_JAHR":2024,"REVISION_MONAT":6,"DATUM_AENDERUNG":"2025-07-08T11:55:40Z","DATUM_ERSTELLUNG":"2025-07-08T11:55:40Z","DACH_MAX":571.05,"DACH_MIN":567.57,"EGID":187524,"GEBAEUDEEINHEIT":"{0161A195-33E8-41ED-A8F7-CD5593D4FBF9}","layer":"swissbuildings3d_3_0_2024_1129-33_2056_5728.gdb — swissBUILDINGS3D_3-0_1129-33.gdb/a0000000b.gdbtable","path":"/vsizip//Users/wulf/Downloads/swissbuildings3d_3_0_2024_1129-33_2056_5728.gdb.zip/swissBUILDINGS3D_3-0_1129-33.gdb/a0000000b.gdbtable|layername=Roof_solid"},"geometry":{"type":"MultiPolygon","coordinates":[[[[2641275.038741060532629,1218535.150736381066963,607.070105263072492],[2641274.085999999195337,1218542.035999998450279,605.97960000000603],[2641280.890999998897314,1218542.975999999791384,612.686000000001513],[2641287.695000000298023,1218543.918000001460314,605.779699999999139],[2641288.739,1218536.364999998360872,605.97960000000603],[2641288.006000000983477,1218536.263999998569489,606.523600000000442],[2641287.037999998778105,1218536.129999998956919,607.556500000006054],[2641286.745077893137932,1218536.089474228443578,607.046395442811672],[2641286.752999998629093,1218536.035999998450279,606.086599999995087],[2641286.982999999076128,1218534.368000000715256,606.086599999995087],[2641287.569739546161145,1218530.120835246052593,607.422429890663579],[2641289.800000000745058,1218530.429000001400709,606.450599999996484],[2641290.844000000506639,1218522.875999998301268,606.450599999996484],[2641288.780504737515002,1218522.590919818729162,607.682409779442878],[2641289.544547247700393,1218517.067937317071483,607.105254092463383],[2641289.545000001788139,1218517.068,607.235499999995227],[2641290.456933015491813,1218510.47367029869929,608.124335882970627],[2641292.340999998152256,1218510.734000001102686,607.506500000003143],[2641293.385000001639128,1218503.181000001728535,607.506399999998393],[2641289.559863373637199,1218502.652541971998289,609.668443240290685],[2641289.98200000077486,1218499.589999999850988,607.835399999996298],[2641286.798000000417233,1218498.135000001639128,607.835399999996298],[2641283.723000001162291,1218496.728999998420477,607.635399999999208],[2641281.686000000685453,1218496.460999999195337,607.835399999996298],[2641280.997560342773795,1218501.46869120770134,608.052777233588813],[2641279.778000000864267,1218501.300000000745058,607.506500000003143],[2641279.054000001400709,1218506.535999998450279,607.556500000006054],[2641278.866457145661116,1218507.89448349759914,608.353041310127537],[2641276.980999998748302,1218507.63399999961257,607.235499999995227],[2641275.936000000685453,1218515.186000000685453,607.035499999998137],[2641275.9367182594724,1218515.186099216341972,607.031256286008556],[2641275.118000000715256,1218521.10700000077486,607.000499999994645],[2641275.644000001251698,1218521.177999999374151,607.334499999997206],[2641276.820000000298023,1218521.337999999523163,608.577399999994668],[2641280.42909499630332,1218521.82863896805793,610.928875818299048],[2641277.18299999833107,1218521.388000000268221,606.250599999999395],[2641276.319259312935174,1218527.631447090534493,607.321418219496763],[2641274.089000001549721,1218527.322999998927116,605.936600000000908],[2641273.045000001788139,1218534.875,606.136599999997998],[2641275.038741060532629,1218535.150736381066963,607.070105263072492]]]]}},
{"type":"Feature","properties":{"fid":35,"OBJECTID":1,"UUID":"{0241BDAF-FECA-476C-BB76-2B1614C5FEC1}","OBJEKTART":"Gebaeude Einzelhaus","NAME_KOMPLETT":null,"GEBAEUDE_NUTZUNG":null,"GRUND_AENDERUNG":"Verbessert","HERKUNFT":"swisstopo","HERKUNFT_JAHR":2024,"HERKUNFT_MONAT":6,"ORIGINAL_HERKUNFT":"swisstopo","ERSTELLUNG_JAHR":2024,"ERSTELLUNG_MONAT":6,"REVISION_JAHR":2024,"REVISION_MONAT":6,"DATUM_AENDERUNG":"2025-07-08T11:55:40Z","DATUM_ERSTELLUNG":"2025-07-08T11:55:40Z","DACH_MAX":571.05,"DACH_MIN":567.57,"EGID":187524,"GEBAEUDEEINHEIT":"{0161A195-33E8-41ED-A8F7-CD5593D4FBF9}","layer":"swissbuildings3d_3_0_2024_1129-33_2056_5728.gdb — swissBUILDINGS3D_3-0_1129-33.gdb/a0000000b.gdbtable","path":"/vsizip//Users/wulf/Downloads/swissbuildings3d_3_0_2024_1129-33_2056_5728.gdb.zip/swissBUILDINGS3D_3-0_1129-33.gdb/a0000000b.gdbtable|layername=Roof_solid"},"geometry":{"type":"MultiPolygon","coordinates":[[[[2641286.397999998182058,1218581.388999998569489,603.35899999999674],[2641282.842999998480082,1218579.923000000417233,605.758700000005774],[2641283.504999998956919,1218574.675999999046326,605.558699999994133],[2641281.048000000417233,1218574.36600000038743,607.226599999994505],[2641280.026999998837709,1218574.236999999731779,607.686499999996158],[2641279.68279786920175,1218574.193653095513582,607.935833915331045],[2641276.723000001162291,1218573.820000000298023,609.611300000004121],[2641276.5489999987185,1218573.798000000417233,609.715299999996205],[2641269.497999999672174,1218572.905999999493361,605.441699999995762],[2641268.798000000417233,1218578.445999998599291,605.241800000003423],[2641269.632034674752504,1218578.55144272535108,605.566905919978126],[2641269.02268635481596,1218583.371280719060451,604.729145447901146],[2641268.188999999314547,1218583.265999998897314,605.241800000003423],[2641267.464999999850988,1218588.997999999672174,605.241800000003423],[2641274.515000000596046,1218589.888999998569489,609.915299999993294],[2641279.094000000506639,1218590.467999998480082,607.17960000000312],[2641285.36600000038743,1218589.55799999833107,603.558900000003632],[2641286.397999998182058,1218581.388999998569489,603.35899999999674]]]]}},
{"type":"Feature","properties":{"fid":36,"OBJECTID":1,"UUID":"{0241BDAF-FECA-476C-BB76-2B1614C5FEC1}","OBJEKTART":"Gebaeude Einzelhaus","NAME_KOMPLETT":null,"GEBAEUDE_NUTZUNG":null,"GRUND_AENDERUNG":"Verbessert","HERKUNFT":"swisstopo","HERKUNFT_JAHR":2024,"HERKUNFT_MONAT":6,"ORIGINAL_HERKUNFT":"swisstopo","ERSTELLUNG_JAHR":2024,"ERSTELLUNG_MONAT":6,"REVISION_JAHR":2024,"REVISION_MONAT":6,"DATUM_AENDERUNG":"2025-07-08T11:55:40Z","DATUM_ERSTELLUNG":"2025-07-08T11:55:40Z","DACH_MAX":571.05,"DACH_MIN":567.57,"EGID":187524,"GEBAEUDEEINHEIT":"{0161A195-33E8-41ED-A8F7-CD5593D4FBF9}","layer":"swissbuildings3d_3_0_2024_1129-33_2056_5728.gdb — swissBUILDINGS3D_3-0_1129-33.gdb/a0000000b.gdbtable","path":"/vsizip//Users/wulf/Downloads/swissbuildings3d_3_0_2024_1129-33_2056_5728.gdb.zip/swissBUILDINGS3D_3-0_1129-33.gdb/a0000000b.gdbtable|layername=Roof_solid"},"geometry":{"type":"MultiPolygon","coordinates":[[[[2641269.840999998152256,1218613.822000000625849,605.166800000006333],[2641268.947999998927116,1218621.059999998658895,604.966799999994691],[2641272.258082686923444,1218621.468225822085515,607.224082911548635],[2641272.203000001609325,1218621.659000001847744,608.855400000000373],[2641272.440000001341105,1218622.625999998301268,608.855400000000373],[2641273.129999998956919,1218623.346000000834465,608.855400000000373],[2641274.085999999195337,1218623.624000001698732,608.855400000000373],[2641274.645096181426197,1218623.485766771482304,608.780977620664771],[2641274.813000001013279,1218623.445000000298023,608.805399999997462],[2641275.054999999701977,1218623.386,608.655499999993481],[2641275.776000000536442,1218622.697999998927116,608.855400000000373],[2641275.844000000506639,1218622.458000000566244,608.805399999997462],[2641275.893798024393618,1218622.282242267858237,608.828399469168517],[2641275.99600581638515,1218621.929043188225478,608.338959318839443],[2641279.306000001728535,1218622.337999999523163,605.166800000006333],[2641280.818999998271465,1218610.070999998599291,605.166800000006333],[2641278.920000001788139,1218607.346000000834465,606.340700000000652],[2641278.822000000625849,1218607.333999998867512,606.343699999997625],[2641278.57197575038299,1218607.303367889951915,606.420789411641181],[2641278.571530637331307,1218607.303312975680456,606.461175001995116],[2641278.543031139299273,1218607.299796945648268,604.808405732706433],[2641278.756000000983477,1218605.910999998450279,603.414999999993597],[2641278.379999998956919,1218604.940000001341105,603.214999999996508],[2641278.247999999672174,1218604.600999999791384,603.414999999993597],[2641277.861999999731779,1218604.291999999433756,603.414999999993597],[2641277.379675984848291,1218603.905411375453696,603.302867599336196],[2641277.149999998509884,1218603.721000000834465,603.414999999993597],[2641275.761,1218603.508000001311302,603.414999999993597],[2641274.449999999254942,1218604.01799999922514,603.214999999996508],[2641273.570000000298023,1218605.114,603.414999999993597],[2641273.355999998748302,1218606.504000000655651,603.414999999993597],[2641273.419583169743419,1218606.667800354305655,604.92867657168199],[2641272.989,1218606.614999998360872,606.078699999998207],[2641270.488000001758337,1218608.574000000953674,605.166800000006333],[2641269.840999998152256,1218613.822000000625849,605.166800000006333]],[[2641276.688999999314547,1218607.070999998599291,603.953899999993155],[2641277.11685176147148,1218607.123846845701337,604.624315763840855],[2641276.546595194377005,1218607.053493353305385,605.337627699277846],[2641276.688999999314547,1218607.070999998599291,603.953899999993155]],[[2641274.524999998509884,1218619.877999998629093,607.835500000001048],[2641275.124000001698732,1218620.052999999374151,607.509600000004866],[2641274.168000001460314,1218619.774000000208616,608.855400000000373],[2641274.524999998509884,1218619.877999998629093,607.835500000001048]]]]}},
{"type":"Feature","properties":{"fid":37,"OBJECTID":1,"UUID":"{0241BDAF-FECA-476C-BB76-2B1614C5FEC1}","OBJEKTART":"Gebaeude Einzelhaus","NAME_KOMPLETT":null,"GEBAEUDE_NUTZUNG":null,"GRUND_AENDERUNG":"Verbessert","HERKUNFT":"swisstopo","HERKUNFT_JAHR":2024,"HERKUNFT_MONAT":6,"ORIGINAL_HERKUNFT":"swisstopo","ERSTELLUNG_JAHR":2024,"ERSTELLUNG_MONAT":6,"REVISION_JAHR":2024,"REVISION_MONAT":6,"DATUM_AENDERUNG":"2025-07-08T11:55:40Z","DATUM_ERSTELLUNG":"2025-07-08T11:55:40Z","DACH_MAX":571.05,"DACH_MIN":567.57,"EGID":187524,"GEBAEUDEEINHEIT":"{0161A195-33E8-41ED-A8F7-CD5593D4FBF9}","layer":"swissbuildings3d_3_0_2024_1129-33_2056_5728.gdb — swissBUILDINGS3D_3-0_1129-33.gdb/a0000000b.gdbtable","path":"/vsizip//Users/wulf/Downloads/swissbuildings3d_3_0_2024_1129-33_2056_5728.gdb.zip/swissBUILDINGS3D_3-0_1129-33.gdb/a0000000b.gdbtable|layername=Roof_solid"},"geometry":{"type":"MultiPolygon","coordinates":[[[[2641261.147999998182058,1218612.684000000357628,607.635599999994156],[2641261.473999999463558,1218610.030000001192093,607.835500000001048],[2641262.140000000596046,1218604.627999998629093,603.946899999995367],[2641249.894999999552965,1218603.118000000715256,603.946899999995367],[2641249.228999998420477,1218608.519999999552965,607.835500000001048],[2641248.903000000864267,1218611.1739999987185,607.835500000001048],[2641248.236000001430511,1218616.5760000012815,604.146900000007008],[2641260.480999998748302,1218618.085999999195337,604.146900000007008],[2641261.147999998182058,1218612.684000000357628,607.635599999994156]]]]}},
{"type":"Feature","properties":{"fid":38,"OBJECTID":1,"UUID":"{0241BDAF-FECA-476C-BB76-2B1614C5FEC1}","OBJEKTART":"Gebaeude Einzelhaus","NAME_KOMPLETT":null,"GEBAEUDE_NUTZUNG":null,"GRUND_AENDERUNG":"Verbessert","HERKUNFT":"swisstopo","HERKUNFT_JAHR":2024,"HERKUNFT_MONAT":6,"ORIGINAL_HERKUNFT":"swisstopo","ERSTELLUNG_JAHR":2024,"ERSTELLUNG_MONAT":6,"REVISION_JAHR":2024,"REVISION_MONAT":6,"DATUM_AENDERUNG":"2025-07-08T11:55:40Z","DATUM_ERSTELLUNG":"2025-07-08T11:55:40Z","DACH_MAX":571.05,"DACH_MIN":567.57,"EGID":187524,"GEBAEUDEEINHEIT":"{0161A195-33E8-41ED-A8F7-CD5593D4FBF9}","layer":"swissbuildings3d_3_0_2024_1129-33_2056_5728.gdb — swissBUILDINGS3D_3-0_1129-33.gdb/a0000000b.gdbtable","path":"/vsizip//Users/wulf/Downloads/swissbuildings3d_3_0_2024_1129-33_2056_5728.gdb.zip/swissBUILDINGS3D_3-0_1129-33.gdb/a0000000b.gdbtable|layername=Roof_solid"},"geometry":{"type":"MultiPolygon","coordinates":[[[[2641266.927999999374151,1218645.881000000983477,602.16710000000603],[2641267.028999999165535,1218645.114,602.31710000000021],[2641264.449000000953674,1218644.774000000208616,602.31710000000021],[2641259.534000001847744,1218644.125999998301268,602.117199999993318],[2641257.675999999046326,1218643.881000000983477,602.16710000000603],[2641248.322999998927116,1218642.647999998182058,602.31710000000021],[2641246.934999998658895,1218653.166000001132488,602.31710000000021],[2641265.640999998897314,1218655.63399999961257,602.31710000000021],[2641266.554000001400709,1218648.714999999850988,602.117199999993318],[2641266.731969883199781,1218647.36556954216212,602.181993519661773],[2641266.927999999374151,1218645.881000000983477,602.16710000000603]]]]}},
{"type":"Feature","properties":{"fid":39,"OBJECTID":1,"UUID":"{0241BDAF-FECA-476C-BB76-2B1614C5FEC1}","OBJEKTART":"Gebaeude Einzelhaus","NAME_KOMPLETT":null,"GEBAEUDE_NUTZUNG":null,"GRUND_AENDERUNG":"Verbessert","HERKUNFT":"swisstopo","HERKUNFT_JAHR":2024,"HERKUNFT_MONAT":6,"ORIGINAL_HERKUNFT":"swisstopo","ERSTELLUNG_JAHR":2024,"ERSTELLUNG_MONAT":6,"REVISION_JAHR":2024,"REVISION_MONAT":6,"DATUM_AENDERUNG":"2025-07-08T11:55:40Z","DATUM_ERSTELLUNG":"2025-07-08T11:55:40Z","DACH_MAX":571.05,"DACH_MIN":567.57,"EGID":187524,"GEBAEUDEEINHEIT":"{0161A195-33E8-41ED-A8F7-CD5593D4FBF9}","layer":"swissbuildings3d_3_0_2024_1129-33_2056_5728.gdb — swissBUILDINGS3D_3-0_1129-33.gdb/a0000000b.gdbtable","path":"/vsizip//Users/wulf/Downloads/swissbuildings3d_3_0_2024_1129-33_2056_5728.gdb.zip/swissBUILDINGS3D_3-0_1129-33.gdb/a0000000b.gdbtable|layername=Roof_solid"},"geometry":{"type":"MultiPolygon","coordinates":[[[[2641285.000999998301268,1218699.094999998807907,598.531600000002072],[2641289.015999998897314,1218699.543000001460314,598.531600000002072],[2641288.765000000596046,1218701.802999999374151,598.531600000002072],[2641293.995999999344349,1218702.385000001639128,598.531600000002072],[2641295.703000001609325,1218687.056000001728535,598.331600000004983],[2641290.675999999046326,1218686.497999999672174,598.331600000004983],[2641290.497999999672174,1218688.105999998748302,598.331600000004983],[2641282.089999999850988,1218687.170000001788139,598.331600000004983],[2641282.269000001251698,1218685.561000000685453,598.331600000004983],[2641275.1739999987185,1218684.771000001579523,598.531600000002072],[2641274.673000000417233,1218689.269999999552965,598.531600000002072],[2641277.664000000804663,1218689.603000000119209,598.531600000002072],[2641277.4510000012815,1218691.510000001639128,598.531600000002072],[2641281.888999998569489,1218692.004000000655651,598.531600000002072],[2641281.695999998599291,1218693.732999999076128,598.531600000002072],[2641281.914000000804663,1218693.761999998241663,598.531600000002072],[2641285.550999999046326,1218694.162999998778105,598.531600000002072],[2641285.000999998301268,1218699.094999998807907,598.531600000002072]]]]}},
{"type":"Feature","properties":{"fid":40,"OBJECTID":1,"UUID":"{0241BDAF-FECA-476C-BB76-2B1614C5FEC1}","OBJEKTART":"Gebaeude Einzelhaus","NAME_KOMPLETT":null,"GEBAEUDE_NUTZUNG":null,"GRUND_AENDERUNG":"Verbessert","HERKUNFT":"swisstopo","HERKUNFT_JAHR":2024,"HERKUNFT_MONAT":6,"ORIGINAL_HERKUNFT":"swisstopo","ERSTELLUNG_JAHR":2024,"ERSTELLUNG_MONAT":6,"REVISION_JAHR":2024,"REVISION_MONAT":6,"DATUM_AENDERUNG":"2025-07-08T11:55:40Z","DATUM_ERSTELLUNG":"2025-07-08T11:55:40Z","DACH_MAX":571.05,"DACH_MIN":567.57,"EGID":187524,"GEBAEUDEEINHEIT":"{0161A195-33E8-41ED-A8F7-CD5593D4FBF9}","layer":"swissbuildings3d_3_0_2024_1129-33_2056_5728.gdb — swissBUILDINGS3D_3-0_1129-33.gdb/a0000000b.gdbtable","path":"/vsizip//Users/wulf/Downloads/swissbuildings3d_3_0_2024_1129-33_2056_5728.gdb.zip/swissBUILDINGS3D_3-0_1129-33.gdb/a0000000b.gdbtable|layername=Roof_solid"},"geometry":{"type":"MultiPolygon","coordinates":[[[[2641267.379000000655651,1218767.361000001430511,572.095300000000861],[2641260.269000001251698,1218764.899000000208616,576.396900000007008],[2641252.949000000953674,1218762.361000001430511,571.708400000003166],[2641249.383000001311302,1218772.653999999165535,571.708400000003166],[2641255.337999999523163,1218774.715999998152256,575.48399999999674],[2641255.081000000238419,1218775.458000000566244,575.68399999999383],[2641256.445999998599291,1218775.931000001728535,576.396900000007008],[2641260.41499999910593,1218777.306000001728535,574.084099999992759],[2641260.708000000566244,1218776.460999999195337,573.885200000004261],[2641263.848999999463558,1218777.550000000745058,572.095300000000861],[2641267.379000000655651,1218767.361000001430511,572.095300000000861]]]]}},
{"type":"Feature","properties":{"fid":41,"OBJECTID":1,"UUID":"{0241BDAF-FECA-476C-BB76-2B1614C5FEC1}","OBJEKTART":"Gebaeude Einzelhaus","NAME_KOMPLETT":null,"GEBAEUDE_NUTZUNG":null,"GRUND_AENDERUNG":"Verbessert","HERKUNFT":"swisstopo","HERKUNFT_JAHR":2024,"HERKUNFT_MONAT":6,"ORIGINAL_HERKUNFT":"swisstopo","ERSTELLUNG_JAHR":2024,"ERSTELLUNG_MONAT":6,"REVISION_JAHR":2024,"REVISION_MONAT":6,"DATUM_AENDERUNG":"2025-07-08T11:55:40Z","DATUM_ERSTELLUNG":"2025-07-08T11:55:40Z","DACH_MAX":571.05,"DACH_MIN":567.57,"EGID":187524,"GEBAEUDEEINHEIT":"{0161A195-33E8-41ED-A8F7-CD5593D4FBF9}","layer":"swissbuildings3d_3_0_2024_1129-33_2056_5728.gdb — swissBUILDINGS3D_3-0_1129-33.gdb/a0000000b.gdbtable","path":"/vsizip//Users/wulf/Downloads/swissbuildings3d_3_0_2024_1129-33_2056_5728.gdb.zip/swissBUILDINGS3D_3-0_1129-33.gdb/a0000000b.gdbtable|layername=Roof_solid"},"geometry":{"type":"MultiPolygon","coordinates":[[[[2641287.311999998986721,1218780.784000001847744,574.381099999998696],[2641284.045000001788139,1218779.646000001579523,571.239400000005844],[2641279.833682654425502,1218791.733507050666958,571.106449999999313],[2641270.065000001341105,1218788.329999998211861,570.973499999992782],[2641268.695999998599291,1218792.25899999961257,571.173500000004424],[2641278.822000000625849,1218795.787000000476837,571.173500000004424],[2641279.724279471673071,1218793.197477687848732,571.311986601476292],[2641282.750999998301268,1218794.252000000327826,574.487099999998463],[2641286.625,1218795.602000001817942,574.287100000001374],[2641290.00899999961257,1218796.780999999493361,571.239400000005844],[2641294.686999998986721,1218783.353999998420477,571.239400000005844],[2641291.421,1218782.215999998152256,574.381099999998696],[2641287.311999998986721,1218780.784000001847744,574.381099999998696]]]]}},
{"type":"Feature","properties":{"fid":42,"OBJECTID":1,"UUID":"{0241BDAF-FECA-476C-BB76-2B1614C5FEC1}","OBJEKTART":"Gebaeude Einzelhaus","NAME_KOMPLETT":null,"GEBAEUDE_NUTZUNG":null,"GRUND_AENDERUNG":"Verbessert","HERKUNFT":"swisstopo","HERKUNFT_JAHR":2024,"HERKUNFT_MONAT":6,"ORIGINAL_HERKUNFT":"swisstopo","ERSTELLUNG_JAHR":2024,"ERSTELLUNG_MONAT":6,"REVISION_JAHR":2024,"REVISION_MONAT":6,"DATUM_AENDERUNG":"2025-07-08T11:55:40Z","DATUM_ERSTELLUNG":"2025-07-08T11:55:40Z","DACH_MAX":571.05,"DACH_MIN":567.57,"EGID":187524,"GEBAEUDEEINHEIT":"{0161A195-33E8-41ED-A8F7-CD5593D4FBF9}","layer":"swissbuildings3d_3_0_2024_1129-33_2056_5728.gdb — swissBUILDINGS3D_3-0_1129-33.gdb/a0000000b.gdbtable","path":"/vsizip//Users/wulf/Downloads/swissbuildings3d_3_0_2024_1129-33_2056_5728.gdb.zip/swissBUILDINGS3D_3-0_1129-33.gdb/a0000000b.gdbtable|layername=Roof_solid"},"geometry":{"type":"MultiPolygon","coordinates":[[[[2641285.157000001519918,1218817.644999999552965,580.95350000000326],[2641274.140999998897314,1218813.75899999961257,580.95350000000326],[2641268.175000000745058,1218830.681000001728535,581.153500000000349],[2641269.734000001102686,1218831.230999998748302,580.95350000000326],[2641281.888999998569489,1218835.51799999922514,583.899199999999837],[2641284.91499999910593,1218836.58500000089407,580.95350000000326],[2641290.883000001311302,1218819.664000000804663,581.1533999999956],[2641285.157000001519918,1218817.644999999552965,580.95350000000326]],[[2641279.975000001490116,1218816.462999999523163,580.95350000000326],[2641279.974909940734506,1218816.463259976590052,582.389526388813579],[2641275.499000001698732,1218814.885000001639128,583.899199999999837],[2641279.975000001490116,1218816.462999999523163,580.95350000000326]],[[2641284.957889819517732,1218818.220318944659084,582.448448878590852],[2641284.958000000566244,1218818.219999998807907,581.1533999999956],[2641287.653999999165535,1218819.171,583.699200000002747],[2641284.957889819517732,1218818.220318944659084,582.448448878590852]]]]}},
{"type":"Feature","properties":{"fid":43,"OBJECTID":1,"UUID":"{0241BDAF-FECA-476C-BB76-2B1614C5FEC1}","OBJEKTART":"Gebaeude Einzelhaus","NAME_KOMPLETT":null,"GEBAEUDE_NUTZUNG":null,"GRUND_AENDERUNG":"Verbessert","HERKUNFT":"swisstopo","HERKUNFT_JAHR":2024,"HERKUNFT_MONAT":6,"ORIGINAL_HERKUNFT":"swisstopo","ERSTELLUNG_JAHR":2024,"ERSTELLUNG_MONAT":6,"REVISION_JAHR":2024,"REVISION_MONAT":6,"DATUM_AENDERUNG":"2025-07-08T11:55:40Z","DATUM_ERSTELLUNG":"2025-07-08T11:55:40Z","DACH_MAX":571.05,"DACH_MIN":567.57,"EGID":187524,"GEBAEUDEEINHEIT":"{0161A195-33E8-41ED-A8F7-CD5593D4FBF9}","layer":"swissbuildings3d_3_0_2024_1129-33_2056_5728.gdb — swissBUILDINGS3D_3-0_1129-33.gdb/a0000000b.gdbtable","path":"/vsizip//Users/wulf/Downloads/swissbuildings3d_3_0_2024_1129-33_2056_5728.gdb.zip/swissBUILDINGS3D_3-0_1129-33.gdb/a0000000b.gdbtable|layername=Roof_solid"},"geometry":{"type":"MultiPolygon","coordinates":[[[[2641291.181000001728535,1218343.659000001847744,625.207500000004075],[2641289.579,1218347.175999999046326,625.057499999995343],[2641288.503890911582857,1218349.53748166654259,625.153171884117796],[2641283.868999999016523,1218359.715999998152256,625.207500000004075],[2641290.153999999165535,1218362.579,631.835800000000745],[2641298.284000001847744,1218366.280000001192093,624.266600000002654],[2641305.896000001579523,1218349.559000000357628,624.266600000002654],[2641297.76799999922514,1218345.857999999076128,632.035799999997835],[2641291.482999999076128,1218342.995999999344349,625.007500000006985],[2641291.181000001728535,1218343.659000001847744,625.207500000004075]]]]}},
{"type":"Feature","properties":{"fid":44,"OBJECTID":1,"UUID":"{0241BDAF-FECA-476C-BB76-2B1614C5FEC1}","OBJEKTART":"Gebaeude Einzelhaus","NAME_KOMPLETT":null,"GEBAEUDE_NUTZUNG":null,"GRUND_AENDERUNG":"Verbessert","HERKUNFT":"swisstopo","HERKUNFT_JAHR":2024,"HERKUNFT_MONAT":6,"ORIGINAL_HERKUNFT":"swisstopo","ERSTELLUNG_JAHR":2024,"ERSTELLUNG_MONAT":6,"REVISION_JAHR":2024,"REVISION_MONAT":6,"DATUM_AENDERUNG":"2025-07-08T11:55:40Z","DATUM_ERSTELLUNG":"2025-07-08T11:55:40Z","DACH_MAX":571.05,"DACH_MIN":567.57,"EGID":187524,"GEBAEUDEEINHEIT":"{0161A195-33E8-41ED-A8F7-CD5593D4FBF9}","layer":"swissbuildings3d_3_0_2024_1129-33_2056_5728.gdb — swissBUILDINGS3D_3-0_1129-33.gdb/a0000000b.gdbtable","path":"/vsizip//Users/wulf/Downloads/swissbuildings3d_3_0_2024_1129-33_2056_5728.gdb.zip/swissBUILDINGS3D_3-0_1129-33.gdb/a0000000b.gdbtable|layername=Roof_solid"},"geometry":{"type":"MultiPolygon","coordinates":[[[[2641288.86600000038743,1218384.629999998956919,622.067800000004354],[2641291.673000000417233,1218385.660999998450279,622.067800000004354],[2641294.146999999880791,1218386.570000000298023,621.917799999995623],[2641296.743223137687892,1218387.523554124403745,621.955299999964836],[2641299.427999999374151,1218388.510000001639128,621.867800000007264],[2641301.094999998807907,1218383.971000000834465,625.442500000004657],[2641302.609999999403954,1218379.850000001490116,622.382800000006682],[2641292.0489999987185,1218375.969999998807907,622.382800000006682],[2641290.534000001847744,1218380.090999998152256,625.442500000004657],[2641288.86600000038743,1218384.629999998956919,622.067800000004354]]]]}},
{"type":"Feature","properties":{"fid":45,"OBJECTID":1,"UUID":"{0241BDAF-FECA-476C-BB76-2B1614C5FEC1}","OBJEKTART":"Gebaeude Einzelhaus","NAME_KOMPLETT":null,"GEBAEUDE_NUTZUNG":null,"GRUND_AENDERUNG":"Verbessert","HERKUNFT":"swisstopo","HERKUNFT_JAHR":2024,"HERKUNFT_MONAT":6,"ORIGINAL_HERKUNFT":"swisstopo","ERSTELLUNG_JAHR":2024,"ERSTELLUNG_MONAT":6,"REVISION_JAHR":2024,"REVISION_MONAT":6,"DATUM_AENDERUNG":"2025-07-08T11:55:40Z","DATUM_ERSTELLUNG":"2025-07-08T11:55:40Z","DACH_MAX":571.05,"DACH_MIN":567.57,"EGID":187524,"GEBAEUDEEINHEIT":"{0161A195-33E8-41ED-A8F7-CD5593D4FBF9}","layer":"swissbuildings3d_3_0_2024_1129-33_2056_5728.gdb — swissBUILDINGS3D_3-0_1129-33.gdb/a0000000b.gdbtable","path":"/vsizip//Users/wulf/Downloads/swissbuildings3d_3_0_2024_1129-33_2056_5728.gdb.zip/swissBUILDINGS3D_3-0_1129-33.gdb/a0000000b.gdbtable|layername=Roof_solid"},"geometry":{"type":"MultiPolygon","coordinates":[[[[2641322.820999998599291,1218454.943999998271465,614.909599999999045],[2641324.545000001788139,1218449.094999998807907,614.909599999999045],[2641324.868999999016523,1218449.184999998658895,614.709600000001956],[2641326.0,1218449.524000000208616,614.709600000001956],[2641328.429000001400709,1218441.285000000149012,614.909599999999045],[2641319.896000001579523,1218438.769000001251698,614.909599999999045],[2641319.149057125207037,1218441.30180629552342,616.162422896881822],[2641314.592999998480082,1218439.958999998867512,617.735300000000279],[2641313.610282942187041,1218443.291642463300377,616.25510594197408],[2641314.135000001639128,1218441.511999998241663,614.832599999994272],[2641310.269999999552965,1218440.372999999672174,614.832599999994272],[2641307.320999998599291,1218450.372999999672174,614.632599999997183],[2641311.186058769933879,1218451.512800699099898,616.083951724954204],[2641311.186000000685453,1218451.513000000268221,617.53530000000319],[2641317.510996598750353,1218453.37799899559468,616.891374973998836],[2641322.820999998599291,1218454.943999998271465,614.909599999999045]],[[2641322.18299999833107,1218442.195999998599291,617.53530000000319],[2641318.875,1218453.416999999433756,614.909599999999045],[2641318.874520794022828,1218453.416862115263939,616.319558283140395],[2641322.18299999833107,1218442.195999998599291,617.53530000000319]]]]}},
{"type":"Feature","properties":{"fid":46,"OBJECTID":1,"UUID":"{0241BDAF-FECA-476C-BB76-2B1614C5FEC1}","OBJEKTART":"Gebaeude Einzelhaus","NAME_KOMPLETT":null,"GEBAEUDE_NUTZUNG":null,"GRUND_AENDERUNG":"Verbessert","HERKUNFT":"swisstopo","HERKUNFT_JAHR":2024,"HERKUNFT_MONAT":6,"ORIGINAL_HERKUNFT":"swisstopo","ERSTELLUNG_JAHR":2024,"ERSTELLUNG_MONAT":6,"REVISION_JAHR":2024,"REVISION_MONAT":6,"DATUM_AENDERUNG":"2025-07-08T11:55:40Z","DATUM_ERSTELLUNG":"2025-07-08T11:55:40Z","DACH_MAX":571.05,"DACH_MIN":567.57,"EGID":187524,"GEBAEUDEEINHEIT":"{0161A195-33E8-41ED-A8F7-CD5593D4FBF9}","layer":"swissbuildings3d_3_0_2024_1129-33_2056_5728.gdb — swissBUILDINGS3D_3-0_1129-33.gdb/a0000000b.gdbtable","path":"/vsizip//Users/wulf/Downloads/swissbuildings3d_3_0_2024_1129-33_2056_5728.gdb.zip/swissBUILDINGS3D_3-0_1129-33.gdb/a0000000b.gdbtable|layername=Roof_solid"},"geometry":{"type":"MultiPolygon","coordinates":[[[[2641317.004999998956919,1218493.649999998509884,610.044099999999162],[2641328.75899999961257,1218495.480000000447035,610.044099999999162],[2641329.693999998271465,1218489.478000000119209,615.773499999995693],[2641330.629000000655651,1218483.475999999791384,610.044099999999162],[2641322.561999998986721,1218482.219000000506639,609.994099999996251],[2641320.639999661594629,1218481.919581849360839,610.549747354806641],[2641320.960999999195337,1218479.859000001102686,610.35910000000149],[2641310.941946001723409,1218478.299187269993126,611.073720803102447],[2641311.234999999403954,1218476.418000001460314,610.6731],[2641299.480999998748302,1218474.587999999523163,610.473100000002887],[2641299.247000001370907,1218476.087999999523163,612.054900000002817],[2641299.013000000268221,1218477.589000001549721,613.386799999992945],[2641298.546,1218480.589999999850988,616.200500000006286],[2641297.844999998807907,1218485.092000000178814,611.954899999996996],[2641297.708000000566244,1218485.971000000834465,611.216000000000349],[2641297.611000001430511,1218486.592999998480082,610.6731],[2641307.630978246685117,1218488.152985647553578,611.322036355915429],[2641307.337999999523163,1218490.034000001847744,610.35910000000149],[2641316.648423986975104,1218491.484315653564408,610.584202433806468],[2641317.325913667213172,1218491.589974509784952,611.127080573597141],[2641317.004999998956919,1218493.649999998509884,610.044099999999162]]]]}},
{"type":"Feature","properties":{"fid":47,"OBJECTID":1,"UUID":"{0241BDAF-FECA-476C-BB76-2B1614C5FEC1}","OBJEKTART":"Gebaeude Einzelhaus","NAME_KOMPLETT":null,"GEBAEUDE_NUTZUNG":null,"GRUND_AENDERUNG":"Verbessert","HERKUNFT":"swisstopo","HERKUNFT_JAHR":2024,"HERKUNFT_MONAT":6,"ORIGINAL_HERKUNFT":"swisstopo","ERSTELLUNG_JAHR":2024,"ERSTELLUNG_MONAT":6,"REVISION_JAHR":2024,"REVISION_MONAT":6,"DATUM_AENDERUNG":"2025-07-08T11:55:40Z","DATUM_ERSTELLUNG":"2025-07-08T11:55:40Z","DACH_MAX":571.05,"DACH_MIN":567.57,"EGID":187524,"GEBAEUDEEINHEIT":"{0161A195-33E8-41ED-A8F7-CD5593D4FBF9}","layer":"swissbuildings3d_3_0_2024_1129-33_2056_5728.gdb — swissBUILDINGS3D_3-0_1129-33.gdb/a0000000b.gdbtable","path":"/vsizip//Users/wulf/Downloads/swissbuildings3d_3_0_2024_1129-33_2056_5728.gdb.zip/swissBUILDINGS3D_3-0_1129-33.gdb/a0000000b.gdbtable|layername=Roof_solid"},"geometry":{"type":"MultiPolygon","coordinates":[[[[2641318.693,1218538.493999999016523,606.31359999999404],[2641319.630951820872724,1218531.695876580663025,607.520047223879601],[2641321.579,1218531.964999999850988,606.826499999995576],[2641322.644000001251698,1218524.263999998569489,606.826499999995576],[2641320.543262481223792,1218523.973782503046095,607.973166067744387],[2641320.725000001490116,1218522.659000001847744,606.990499999999884],[2641321.177000001072884,1218519.388999998569489,606.990499999999884],[2641321.315817138180137,1218518.384725577197969,608.247170445051438],[2641323.328000001609325,1218518.662999998778105,607.333499999993364],[2641324.390999998897314,1218510.960999999195337,607.333499999993364],[2641317.471000000834465,1218510.004999998956919,614.082800000003772],[2641310.552999999374151,1218509.0489999987185,607.533400000000256],[2641309.62001339206472,1218515.796250985004008,608.318140895218903],[2641307.607999999076128,1218515.51799999922514,607.140499999994063],[2641306.543999999761581,1218523.219999998807907,607.140499999994063],[2641308.643675959203392,1218523.510112763382494,607.273179706920246],[2641308.530000001192093,1218524.331999998539686,606.676500000001397],[2641308.078000001609325,1218527.600999999791384,606.676500000001397],[2641307.864054081961513,1218529.147847934393212,607.124156379897613],[2641305.918000001460314,1218528.879000000655651,606.513600000005681],[2641304.853000000119209,1218536.579999998211861,606.513600000005681],[2641311.772999998182058,1218537.537999998778105,613.062900000004447],[2641318.693,1218538.493999999016523,606.31359999999404]]]]}},
{"type":"Feature","properties":{"fid":48,"OBJECTID":1,"UUID":"{0241BDAF-FECA-476C-BB76-2B1614C5FEC1}","OBJEKTART":"Gebaeude Einzelhaus","NAME_KOMPLETT":null,"GEBAEUDE_NUTZUNG":null,"GRUND_AENDERUNG":"Verbessert","HERKUNFT":"swisstopo","HERKUNFT_JAHR":2024,"HERKUNFT_MONAT":6,"ORIGINAL_HERKUNFT":"swisstopo","ERSTELLUNG_JAHR":2024,"ERSTELLUNG_MONAT":6,"REVISION_JAHR":2024,"REVISION_MONAT":6,"DATUM_AENDERUNG":"2025-07-08T11:55:40Z","DATUM_ERSTELLUNG":"2025-07-08T11:55:40Z","DACH_MAX":571.05,"DACH_MIN":567.57,"EGID":187524,"GEBAEUDEEINHEIT":"{0161A195-33E8-41ED-A8F7-CD5593D4FBF9}","layer":"swissbuildings3d_3_0_2024_1129-33_2056_5728.gdb — swissBUILDINGS3D_3-0_1129-33.gdb/a0000000b.gdbtable","path":"/vsizip//Users/wulf/Downloads/swissbuildings3d_3_0_2024_1129-33_2056_5728.gdb.zip/swissBUILDINGS3D_3-0_1129-33.gdb/a0000000b.gdbtable|layername=Roof_solid"},"geometry":{"type":"MultiPolygon","coordinates":[[[[2641306.905999999493361,1218580.094999998807907,606.646599999992759],[2641310.568,1218580.508000001311302,603.943899999998393],[2641312.065000001341105,1218567.230000000447035,603.743900000001304],[2641308.403000000864267,1218566.815999999642372,606.646599999992759],[2641303.96000000089407,1218566.315999999642372,606.646599999992759],[2641300.298000000417233,1218565.903000000864267,603.943899999998393],[2641298.800000000745058,1218579.181000001728535,603.943899999998393],[2641302.462999999523163,1218579.594000000506639,606.8466000000044],[2641306.905999999493361,1218580.094999998807907,606.646599999992759]]]]}},
{"type":"Feature","properties":{"fid":49,"OBJECTID":1,"UUID":"{0241BDAF-FECA-476C-BB76-2B1614C5FEC1}","OBJEKTART":"Gebaeude Einzelhaus","NAME_KOMPLETT":null,"GEBAEUDE_NUTZUNG":null,"GRUND_AENDERUNG":"Verbessert","HERKUNFT":"swisstopo","HERKUNFT_JAHR":2024,"HERKUNFT_MONAT":6,"ORIGINAL_HERKUNFT":"swisstopo","ERSTELLUNG_JAHR":2024,"ERSTELLUNG_MONAT":6,"REVISION_JAHR":2024,"REVISION_MONAT":6,"DATUM_AENDERUNG":"2025-07-08T11:55:40Z","DATUM_ERSTELLUNG":"2025-07-08T11:55:40Z","DACH_MAX":571.05,"DACH_MIN":567.57,"EGID":187524,"GEBAEUDEEINHEIT":"{0161A195-33E8-41ED-A8F7-CD5593D4FBF9}","layer":"swissbuildings3d_3_0_2024_1129-33_2056_5728.gdb — swissBUILDINGS3D_3-0_1129-33.gdb/a0000000b.gdbtable","path":"/vsizip//Users/wulf/Downloads/swissbuildings3d_3_0_2024_1129-33_2056_5728.gdb.zip/swissBUILDINGS3D_3-0_1129-33.gdb/a0000000b.gdbtable|layername=Roof_solid"},"geometry":{"type":"MultiPolygon","coordinates":[[[[2641300.109000001102686,1218599.743999999016523,612.219100000002072],[2641292.425999999046326,1218598.784000001847744,605.904699999999139],[2641291.720067047979683,1218604.437383381882682,606.409413446481722],[2641289.901000000536442,1218604.21000000089407,605.826700000005076],[2641288.089999999850988,1218618.708000000566244,605.626799999998184],[2641295.690000001341105,1218619.657999999821186,612.261100000003353],[2641303.28999999910593,1218620.605999998748302,605.826700000005076],[2641303.342999998480082,1218620.184000000357628,605.776700000002165],[2641303.521538010332733,1218618.751410994445905,605.753494736862876],[2641303.897999998182058,1218615.736000001430511,605.826700000005076],[2641303.897999998182058,1218615.73570809001103,606.740231159579025],[2641306.085999999195337,1218616.00899999961257,605.904699999999139],[2641307.995999999344349,1218600.728999998420477,605.904699999999139],[2641300.109000001102686,1218599.743999999016523,612.219100000002072]],[[2641293.885984773747623,1218604.708123097196221,608.371008420994031],[2641293.886,1218604.708000000566244,607.541500000006636],[2641294.757001913618296,1218604.817000239621848,608.814162668893346],[2641293.885984773747623,1218604.708123097196221,608.371008420994031]]]]}},
{"type":"Feature","properties":{"fid":50,"OBJECTID":1,"UUID":"{0241BDAF-FECA-476C-BB76-2B1614C5FEC1}","OBJEKTART":"Gebaeude Einzelhaus","NAME_KOMPLETT":null,"GEBAEUDE_NUTZUNG":null,"GRUND_AENDERUNG":"Verbessert","HERKUNFT":"swisstopo","HERKUNFT_JAHR":2024,"HERKUNFT_MONAT":6,"ORIGINAL_HERKUNFT":"swisstopo","ERSTELLUNG_JAHR":2024,"ERSTELLUNG_MONAT":6,"REVISION_JAHR":2024,"REVISION_MONAT":6,"DATUM_AENDERUNG":"2025-07-08T11:55:40Z","DATUM_ERSTELLUNG":"2025-07-08T11:55:40Z","DACH_MAX":571.05,"DACH_MIN":567.57,"EGID":187524,"GEBAEUDEEINHEIT":"{0161A195-33E8-41ED-A8F7-CD5593D4FBF9}","layer":"swissbuildings3d_3_0_2024_1129-33_2056_5728.gdb — swissBUILDINGS3D_3-0_1129-33.gdb/a0000000b.gdbtable","path":"/vsizip//Users/wulf/Downloads/swissbuildings3d_3_0_2024_1129-33_2056_5728.gdb.zip/swissBUILDINGS3D_3-0_1129-33.gdb/a0000000b.gdbtable|layername=Roof_solid"},"geometry":{"type":"MultiPolygon","coordinates":[[[[2641314.765999998897314,1218611.55799999833107,606.685599999997066],[2641312.493999999016523,1218630.320000000298023,606.885599999994156],[2641331.107999999076128,1218632.574999999254942,606.685599999997066],[2641333.379999998956919,1218613.811000000685453,606.885599999994156],[2641314.765999998897314,1218611.55799999833107,606.685599999997066]]]]}},
{"type":"Feature","properties":{"fid":51,"OBJECTID":1,"UUID":"{0241BDAF-FECA-476C-BB76-2B1614C5FEC1}","OBJEKTART":"Gebaeude Einzelhaus","NAME_KOMPLETT":null,"GEBAEUDE_NUTZUNG":null,"GRUND_AENDERUNG":"Verbessert","HERKUNFT":"swisstopo","HERKUNFT_JAHR":2024,"HERKUNFT_MONAT":6,"ORIGINAL_HERKUNFT":"swisstopo","ERSTELLUNG_JAHR":2024,"ERSTELLUNG_MONAT":6,"REVISION_JAHR":2024,"REVISION_MONAT":6,"DATUM_AENDERUNG":"2025-07-08T11:55:40Z","DATUM_ERSTELLUNG":"2025-07-08T11:55:40Z","DACH_MAX":571.05,"DACH_MIN":567.57,"EGID":187524,"GEBAEUDEEINHEIT":"{0161A195-33E8-41ED-A8F7-CD5593D4FBF9}","layer":"swissbuildings3d_3_0_2024_1129-33_2056_5728.gdb — swissBUILDINGS3D_3-0_1129-33.gdb/a0000000b.gdbtable","path":"/vsizip//Users/wulf/Downloads/swissbuildings3d_3_0_2024_1129-33_2056_5728.gdb.zip/swissBUILDINGS3D_3-0_1129-33.gdb/a0000000b.gdbtable|layername=Roof_solid"},"geometry":{"type":"MultiPolygon","coordinates":[[[[2641284.160999998450279,1218657.105000000447035,604.805900000006659],[2641283.708999998867512,1218661.00899999961257,605.005900000003749],[2641283.219999998807907,1218665.225999999791384,601.196299999995972],[2641293.881000000983477,1218666.460999999195337,601.396200000002864],[2641294.370000001043081,1218662.243999999016523,604.805900000006659],[2641294.820999998599291,1218658.339000001549721,605.005900000003749],[2641295.309999998658895,1218654.120999999344349,601.396200000002864],[2641284.649000000208616,1218652.888000000268221,601.396200000002864],[2641284.160999998450279,1218657.105000000447035,604.805900000006659]]]]}},
{"type":"Feature","properties":{"fid":52,"OBJECTID":1,"UUID":"{0241BDAF-FECA-476C-BB76-2B1614C5FEC1}","OBJEKTART":"Gebaeude Einzelhaus","NAME_KOMPLETT":null,"GEBAEUDE_NUTZUNG":null,"GRUND_AENDERUNG":"Verbessert","HERKUNFT":"swisstopo","HERKUNFT_JAHR":2024,"HERKUNFT_MONAT":6,"ORIGINAL_HERKUNFT":"swisstopo","ERSTELLUNG_JAHR":2024,"ERSTELLUNG_MONAT":6,"REVISION_JAHR":2024,"REVISION_MONAT":6,"DATUM_AENDERUNG":"2025-07-08T11:55:40Z","DATUM_ERSTELLUNG":"2025-07-08T11:55:40Z","DACH_MAX":571.05,"DACH_MIN":567.57,"EGID":187524,"GEBAEUDEEINHEIT":"{0161A195-33E8-41ED-A8F7-CD5593D4FBF9}","layer":"swissbuildings3d_3_0_2024_1129-33_2056_5728.gdb — swissBUILDINGS3D_3-0_1129-33.gdb/a0000000b.gdbtable","path":"/vsizip//Users/wulf/Downloads/swissbuildings3d_3_0_2024_1129-33_2056_5728.gdb.zip/swissBUILDINGS3D_3-0_1129-33.gdb/a0000000b.gdbtable|layername=Roof_solid"},"geometry":{"type":"MultiPolygon","coordinates":[[[[2641293.925999999046326,1218671.868000000715256,599.556400000001304],[2641289.784000001847744,1218671.377999998629093,598.749500000005355],[2641289.078000001609325,1218677.348000001162291,598.749500000005355],[2641293.219999998807907,1218677.837999999523163,599.756399999998393],[2641296.420000001788139,1218678.215999998152256,598.947499999994761],[2641297.697000000625849,1218676.328000001609325,598.749500000005355],[2641298.16499999910593,1218672.370000001043081,598.949500000002445],[2641293.925999999046326,1218671.868000000715256,599.556400000001304]]]]}},
{"type":"Feature","properties":{"fid":53,"OBJECTID":1,"UUID":"{0241BDAF-FECA-476C-BB76-2B1614C5FEC1}","OBJEKTART":"Gebaeude Einzelhaus","NAME_KOMPLETT":null,"GEBAEUDE_NUTZUNG":null,"GRUND_AENDERUNG":"Verbessert","HERKUNFT":"swisstopo","HERKUNFT_JAHR":2024,"HERKUNFT_MONAT":6,"ORIGINAL_HERKUNFT":"swisstopo","ERSTELLUNG_JAHR":2024,"ERSTELLUNG_MONAT":6,"REVISION_JAHR":2024,"REVISION_MONAT":6,"DATUM_AENDERUNG":"2025-07-08T11:55:40Z","DATUM_ERSTELLUNG":"2025-07-08T11:55:40Z","DACH_MAX":571.05,"DACH_MIN":567.57,"EGID":187524,"GEBAEUDEEINHEIT":"{0161A195-33E8-41ED-A8F7-CD5593D4FBF9}","layer":"swissbuildings3d_3_0_2024_1129-33_2056_5728.gdb — swissBUILDINGS3D_3-0_1129-33.gdb/a0000000b.gdbtable","path":"/vsizip//Users/wulf/Downloads/swissbuildings3d_3_0_2024_1129-33_2056_5728.gdb.zip/swissBUILDINGS3D_3-0_1129-33.gdb/a0000000b.gdbtable|layername=Roof_solid"},"geometry":{"type":"MultiPolygon","coordinates":[[[[2641325.247999999672174,1218716.0,597.942599999994854],[2641325.644999999552965,1218712.896000001579523,600.296400000006543],[2641326.405000001192093,1218706.954999998211861,600.296400000006543],[2641326.802999999374151,1218703.850999999791384,597.942599999994854],[2641311.809000000357628,1218701.931000001728535,597.942599999994854],[2641311.769999999552965,1218702.230999998748302,598.020600000003469],[2641311.742162091191858,1218702.450772961834446,596.353529970667751],[2641302.842999998480082,1218701.311999998986721,595.447899999999208],[2641302.818999998271465,1218701.453000001609325,595.6478000000061],[2641302.517000000923872,1218703.859999999403954,595.647899999996298],[2641301.506999999284744,1218711.752000000327826,595.647899999996298],[2641310.405918150674552,1218712.890741748036817,597.195147807334479],[2641310.353000000119209,1218713.304999999701977,598.481599999999162],[2641310.254000000655651,1218714.081000000238419,597.942599999994854],[2641325.247999999672174,1218716.0,597.942599999994854]],[[2641310.651000000536442,1218710.978000000119209,600.096399999994901],[2641310.555171127896756,1218711.725368892541155,597.673745633979934],[2641310.843129760585725,1218709.475595833733678,598.105774245063458],[2641310.651000000536442,1218710.978000000119209,600.096399999994901]]]]}},
{"type":"Feature","properties":{"fid":54,"OBJECTID":1,"UUID":"{0241BDAF-FECA-476C-BB76-2B1614C5FEC1}","OBJEKTART":"Gebaeude Einzelhaus","NAME_KOMPLETT":null,"GEBAEUDE_NUTZUNG":null,"GRUND_AENDERUNG":"Verbessert","HERKUNFT":"swisstopo","HERKUNFT_JAHR":2024,"HERKUNFT_MONAT":6,"ORIGINAL_HERKUNFT":"swisstopo","ERSTELLUNG_JAHR":2024,"ERSTELLUNG_MONAT":6,"REVISION_JAHR":2024,"REVISION_MONAT":6,"DATUM_AENDERUNG":"2025-07-08T11:55:40Z","DATUM_ERSTELLUNG":"2025-07-08T11:55:40Z","DACH_MAX":571.05,"DACH_MIN":567.57,"EGID":187524,"GEBAEUDEEINHEIT":"{0161A195-33E8-41ED-A8F7-CD5593D4FBF9}","layer":"swissbuildings3d_3_0_2024_1129-33_2056_5728.gdb — swissBUILDINGS3D_3-0_1129-33.gdb/a0000000b.gdbtable","path":"/vsizip//Users/wulf/Downloads/swissbuildings3d_3_0_2024_1129-33_2056_5728.gdb.zip/swissBUILDINGS3D_3-0_1129-33.gdb/a0000000b.gdbtable|layername=Roof_solid"},"geometry":{"type":"MultiPolygon","coordinates":[[[[2641335.403999999165535,1218365.274000000208616,628.233099999997648],[2641333.859999999403954,1218370.208000000566244,631.383799999995972],[2641332.289000000804663,1218375.230000000447035,628.209199999997509],[2641343.122999999672174,1218378.620000001043081,628.209199999997509],[2641343.515999998897314,1218377.364,628.903099999995902],[2641343.905000001192093,1218376.120999999344349,629.737999999997555],[2641344.693999998271465,1218373.598000001162291,631.583799999993062],[2641345.978000000119209,1218369.493000000715256,628.764100000000326],[2641346.809999998658895,1218366.83500000089407,627.267200000002049],[2641340.278999999165535,1218364.793000001460314,627.267200000002049],[2641339.706000000238419,1218366.618999999016523,628.233099999997648],[2641335.403999999165535,1218365.274000000208616,628.233099999997648]]]]}},
{"type":"Feature","properties":{"fid":55,"OBJECTID":1,"UUID":"{0241BDAF-FECA-476C-BB76-2B1614C5FEC1}","OBJEKTART":"Gebaeude Einzelhaus","NAME_KOMPLETT":null,"GEBAEUDE_NUTZUNG":null,"GRUND_AENDERUNG":"Verbessert","HERKUNFT":"swisstopo","HERKUNFT_JAHR":2024,"HERKUNFT_MONAT":6,"ORIGINAL_HERKUNFT":"swisstopo","ERSTELLUNG_JAHR":2024,"ERSTELLUNG_MONAT":6,"REVISION_JAHR":2024,"REVISION_MONAT":6,"DATUM_AENDERUNG":"2025-07-08T11:55:40Z","DATUM_ERSTELLUNG":"2025-07-08T11:55:40Z","DACH_MAX":571.05,"DACH_MIN":567.57,"EGID":187524,"GEBAEUDEEINHEIT":"{0161A195-33E8-41ED-A8F7-CD5593D4FBF9}","layer":"swissbuildings3d_3_0_2024_1129-33_2056_5728.gdb — swissBUILDINGS3D_3-0_1129-33.gdb/a0000000b.gdbtable","path":"/vsizip//Users/wulf/Downloads/swissbuildings3d_3_0_2024_1129-33_2056_5728.gdb.zip/swissBUILDINGS3D_3-0_1129-33.gdb/a0000000b.gdbtable|layername=Roof_solid"},"geometry":{"type":"MultiPolygon","coordinates":[[[[2641336.305144696962088,1218424.483042111387476,619.575049999999464],[2641341.136,1218425.888999998569489,618.1021999999939],[2641343.993999999016523,1218416.068999998271465,618.1021999999939],[2641339.162000000476837,1218414.662999998778105,618.302200000005541],[2641338.981189771555364,1218415.284475828520954,620.211473249478104],[2641339.449999999254942,1218413.673000000417233,620.847899999993388],[2641331.646999999880791,1218411.401000000536442,620.847999999998137],[2641330.469000000506639,1218415.403999999165535,621.047900000005029],[2641328.181000001728535,1218423.284000001847744,621.047900000005029],[2641335.993000000715256,1218425.556000001728535,621.047900000005029],[2641336.305144696962088,1218424.483042111387476,619.575049999999464]]]]}},
{"type":"Feature","properties":{"fid":56,"OBJECTID":1,"UUID":"{0241BDAF-FECA-476C-BB76-2B1614C5FEC1}","OBJEKTART":"Gebaeude Einzelhaus","NAME_KOMPLETT":null,"GEBAEUDE_NUTZUNG":null,"GRUND_AENDERUNG":"Verbessert","HERKUNFT":"swisstopo","HERKUNFT_JAHR":2024,"HERKUNFT_MONAT":6,"ORIGINAL_HERKUNFT":"swisstopo","ERSTELLUNG_JAHR":2024,"ERSTELLUNG_MONAT":6,"REVISION_JAHR":2024,"REVISION_MONAT":6,"DATUM_AENDERUNG":"2025-07-08T11:55:40Z","DATUM_ERSTELLUNG":"2025-07-08T11:55:40Z","DACH_MAX":571.05,"DACH_MIN":567.57,"EGID":187524,"GEBAEUDEEINHEIT":"{0161A195-33E8-41ED-A8F7-CD5593D4FBF9}","layer":"swissbuildings3d_3_0_2024_1129-33_2056_5728.gdb — swissBUILDINGS3D_3-0_1129-33.gdb/a0000000b.gdbtable","path":"/vsizip//Users/wulf/Downloads/swissbuildings3d_3_0_2024_1129-33_2056_5728.gdb.zip/swissBUILDINGS3D_3-0_1129-33.gdb/a0000000b.gdbtable|layername=Roof_solid"},"geometry":{"type":"MultiPolygon","coordinates":[[[[2641344.436000000685453,1218448.33500000089407,614.128700000001118],[2641341.517000000923872,1218447.55799999833107,614.128700000001118],[2641340.132439582142979,1218452.762516920920461,615.63719916132618],[2641335.475999999791384,1218451.524000000208616,616.963399999993271],[2641333.359999999403954,1218459.471999999135733,617.26140000000305],[2641345.969000000506639,1218462.828000001609325,617.06140000000596],[2641347.820999998599291,1218455.872000001370907,617.175399999992806],[2641348.46000000089407,1218456.041000001132488,614.1137000000017],[2641348.617999902460724,1218456.082999974489212,614.088700000000244],[2641348.673000000417233,1218456.098000001162291,614.063699999998789],[2641350.322000000625849,1218449.901999998837709,614.328599999993457],[2641348.120999999344349,1218449.315999999642372,614.178700000004028],[2641344.436000000685453,1218448.33500000089407,614.128700000001118]]]]}},
{"type":"Feature","properties":{"fid":57,"OBJECTID":1,"UUID":"{0241BDAF-FECA-476C-BB76-2B1614C5FEC1}","OBJEKTART":"Gebaeude Einzelhaus","NAME_KOMPLETT":null,"GEBAEUDE_NUTZUNG":null,"GRUND_AENDERUNG":"Verbessert","HERKUNFT":"swisstopo","HERKUNFT_JAHR":2024,"HERKUNFT_MONAT":6,"ORIGINAL_HERKUNFT":"swisstopo","ERSTELLUNG_JAHR":2024,"ERSTELLUNG_MONAT":6,"REVISION_JAHR":2024,"REVISION_MONAT":6,"DATUM_AENDERUNG":"2025-07-08T11:55:40Z","DATUM_ERSTELLUNG":"2025-07-08T11:55:40Z","DACH_MAX":571.05,"DACH_MIN":567.57,"EGID":187524,"GEBAEUDEEINHEIT":"{0161A195-33E8-41ED-A8F7-CD5593D4FBF9}","layer":"swissbuildings3d_3_0_2024_1129-33_2056_5728.gdb — swissBUILDINGS3D_3-0_1129-33.gdb/a0000000b.gdbtable","path":"/vsizip//Users/wulf/Downloads/swissbuildings3d_3_0_2024_1129-33_2056_5728.gdb.zip/swissBUILDINGS3D_3-0_1129-33.gdb/a0000000b.gdbtable|layername=Roof_solid"},"geometry":{"type":"MultiPolygon","coordinates":[[[[2641350.506000000983477,1218490.872999999672174,611.282000000006519],[2641351.879000000655651,1218482.252999998629093,611.30000000000291],[2641351.360824873670936,1218482.170455333311111,610.322879586485215],[2641351.361000001430511,1218482.170000001788139,609.1682],[2641348.66974795749411,1218481.741741609759629,611.607531454517471],[2641341.103000000119209,1218480.535999998450279,608.253299999996671],[2641339.732999999076128,1218489.13399999961257,608.253299999996671],[2641342.868999999016523,1218489.63399999961257,609.848100000002887],[2641342.53999999910593,1218491.695000000298023,609.848199999993085],[2641337.68299999833107,1218490.920000001788139,607.376399999993737],[2641336.30799999833107,1218499.545000001788139,607.376399999993737],[2641344.197999998927116,1218500.800999999046326,611.388999999995576],[2641352.315999999642372,1218502.094999998807907,607.376399999993737],[2641353.659000001847744,1218493.668999999761581,607.376399999993737],[2641352.782000001519918,1218493.528999999165535,607.760399999999208],[2641350.149378494825214,1218493.110060230828822,610.657238455135939],[2641350.506000000983477,1218490.872999999672174,611.282000000006519]],[[2641347.090982552617788,1218493.276045378297567,611.301265741951966],[2641347.4239999987185,1218493.329,612.19890000000305],[2641350.048000000417233,1218493.745999999344349,611.30000000000291],[2641347.107999999076128,1218493.278999999165535,610.362099999998463],[2641344.197999998927116,1218500.800999999046326,611.388999999995576],[2641347.090982552617788,1218493.276045378297567,611.301265741951966]]]]}},
{"type":"Feature","properties":{"fid":58,"OBJECTID":1,"UUID":"{0241BDAF-FECA-476C-BB76-2B1614C5FEC1}","OBJEKTART":"Gebaeude Einzelhaus","NAME_KOMPLETT":null,"GEBAEUDE_NUTZUNG":null,"GRUND_AENDERUNG":"Verbessert","HERKUNFT":"swisstopo","HERKUNFT_JAHR":2024,"HERKUNFT_MONAT":6,"ORIGINAL_HERKUNFT":"swisstopo","ERSTELLUNG_JAHR":2024,"ERSTELLUNG_MONAT":6,"REVISION_JAHR":2024,"REVISION_MONAT":6,"DATUM_AENDERUNG":"2025-07-08T11:55:40Z","DATUM_ERSTELLUNG":"2025-07-08T11:55:40Z","DACH_MAX":571.05,"DACH_MIN":567.57,"EGID":187524,"GEBAEUDEEINHEIT":"{0161A195-33E8-41ED-A8F7-CD5593D4FBF9}","layer":"swissbuildings3d_3_0_2024_1129-33_2056_5728.gdb — swissBUILDINGS3D_3-0_1129-33.gdb/a0000000b.gdbtable","path":"/vsizip//Users/wulf/Downloads/swissbuildings3d_3_0_2024_1129-33_2056_5728.gdb.zip/swissBUILDINGS3D_3-0_1129-33.gdb/a0000000b.gdbtable|layername=Roof_solid"},"geometry":{"type":"MultiPolygon","coordinates":[[[[2641354.495000001043081,1218535.958000000566244,607.690400000006775],[2641355.49100000038743,1218528.769999999552965,611.221099999995204],[2641356.208999998867512,1218523.594000000506639,608.479300000006333],[2641344.480999998748302,1218521.969000000506639,608.679300000003423],[2641344.18912186101079,1218524.07605891325511,609.142093191627055],[2641344.131000000983477,1218524.068,608.635299999994459],[2641342.01799999922514,1218523.774999998509884,608.78530000000319],[2641333.535999998450279,1218522.600000001490116,608.635299999994459],[2641332.820000000298023,1218527.774999998509884,611.379100000005565],[2641331.824000000953674,1218534.964000001549721,607.846399999994901],[2641343.550999999046326,1218536.587999999523163,607.646399999997811],[2641343.843112485017627,1218534.48197738523595,607.974845155339835],[2641354.495000001043081,1218535.958000000566244,607.690400000006775]]]]}},
{"type":"Feature","properties":{"fid":59,"OBJECTID":1,"UUID":"{0241BDAF-FECA-476C-BB76-2B1614C5FEC1}","OBJEKTART":"Gebaeude Einzelhaus","NAME_KOMPLETT":null,"GEBAEUDE_NUTZUNG":null,"GRUND_AENDERUNG":"Verbessert","HERKUNFT":"swisstopo","HERKUNFT_JAHR":2024,"HERKUNFT_MONAT":6,"ORIGINAL_HERKUNFT":"swisstopo","ERSTELLUNG_JAHR":2024,"ERSTELLUNG_MONAT":6,"REVISION_JAHR":2024,"REVISION_MONAT":6,"DATUM_AENDERUNG":"2025-07-08T11:55:40Z","DATUM_ERSTELLUNG":"2025-07-08T11:55:40Z","DACH_MAX":571.05,"DACH_MIN":567.57,"EGID":187524,"GEBAEUDEEINHEIT":"{0161A195-33E8-41ED-A8F7-CD5593D4FBF9}","layer":"swissbuildings3d_3_0_2024_1129-33_2056_5728.gdb — swissBUILDINGS3D_3-0_1129-33.gdb/a0000000b.gdbtable","path":"/vsizip//Users/wulf/Downloads/swissbuildings3d_3_0_2024_1129-33_2056_5728.gdb.zip/swissBUILDINGS3D_3-0_1129-33.gdb/a0000000b.gdbtable|layername=Roof_solid"},"geometry":{"type":"MultiPolygon","coordinates":[[[[2641326.464999999850988,1218588.232999999076128,609.044399999998859],[2641333.605000000447035,1218589.070999998599291,602.452000000004773],[2641334.414497659076005,1218582.173537265975028,603.506030836956597],[2641336.38399999961257,1218582.405000001192093,602.922000000005937],[2641337.280000001192093,1218574.778999999165535,602.922000000005937],[2641335.285036165267229,1218574.544577778782696,604.07420453911584],[2641335.950273278634995,1218568.880558925447986,604.70289479883013],[2641338.043999999761581,1218569.125999998301268,603.864900000000489],[2641338.938999999314547,1218561.500999998301268,603.864900000000489],[2641331.7989999987185,1218560.662999998778105,610.456200000000536],[2641324.763000000268221,1218559.835999999195337,603.864900000000489],[2641323.984846341889352,1218566.45073985052295,604.684524086223291],[2641321.890999998897314,1218566.204999998211861,603.628899999996065],[2641320.995999999344349,1218573.829999998211861,603.628899999996065],[2641322.991558734327555,1218574.064804977038875,604.200038865050146],[2641322.495999999344349,1218578.287000000476837,602.771999999997206],[2641322.296999998390675,1218579.986000001430511,602.872000000003027],[2641322.293999999761581,1218580.011,602.922000000005937],[2641325.836027055978775,1218580.427134789293632,606.443299636086408],[2641321.464000001549721,1218579.914000000804663,603.319900000002235],[2641320.324000000953674,1218579.780000001192093,602.452000000004773],[2641319.427999999374151,1218587.405999999493361,602.452000000004773],[2641326.464999999850988,1218588.232999999076128,609.044399999998859]]]]}},
{"type":"Feature","properties":{"fid":60,"OBJECTID":1,"UUID":"{0241BDAF-FECA-476C-BB76-2B1614C5FEC1}","OBJEKTART":"Gebaeude Einzelhaus","NAME_KOMPLETT":null,"GEBAEUDE_NUTZUNG":null,"GRUND_AENDERUNG":"Verbessert","HERKUNFT":"swisstopo","HERKUNFT_JAHR":2024,"HERKUNFT_MONAT":6,"ORIGINAL_HERKUNFT":"swisstopo","ERSTELLUNG_JAHR":2024,"ERSTELLUNG_MONAT":6,"REVISION_JAHR":2024,"REVISION_MONAT":6,"DATUM_AENDERUNG":"2025-07-08T11:55:40Z","DATUM_ERSTELLUNG":"2025-07-08T11:55:40Z","DACH_MAX":571.05,"DACH_MIN":567.57,"EGID":187524,"GEBAEUDEEINHEIT":"{0161A195-33E8-41ED-A8F7-CD5593D4FBF9}","layer":"swissbuildings3d_3_0_2024_1129-33_2056_5728.gdb — swissBUILDINGS3D_3-0_1129-33.gdb/a0000000b.gdbtable","path":"/vsizip//Users/wulf/Downloads/swissbuildings3d_3_0_2024_1129-33_2056_5728.gdb.zip/swissBUILDINGS3D_3-0_1129-33.gdb/a0000000b.gdbtable|layername=Roof_solid"},"geometry":{"type":"MultiPolygon","coordinates":[[[[2641326.583999998867512,1218671.285999998450279,600.846300000004703],[2641325.363017230760306,1218671.136859247228131,600.141986340009453],[2641326.55972251528874,1218661.360501748276874,600.213771676568513],[2641327.780999999493361,1218661.510000001639128,600.804300000003423],[2641328.278000000864267,1218657.454,605.790800000002491],[2641328.774999998509884,1218653.397999998182058,601.004199999995762],[2641328.736999999731779,1218653.39299999922514,601.004199999995762],[2641325.925999999046326,1218653.0489999987185,600.954199999992852],[2641320.224740161560476,1218652.351600674446672,600.909083334452134],[2641317.379000000655651,1218652.002999998629093,600.804300000003423],[2641316.883000001311302,1218656.059000000357628,605.590800000005402],[2641316.385000001639128,1218660.114999998360872,601.004300000000512],[2641318.372238191310316,1218660.358260553097352,600.279911967445287],[2641317.791999999433756,1218665.094000000506639,599.590400000000955],[2641317.175000000745058,1218670.13399999961257,599.390400000003865],[2641322.83004325022921,1218670.826722077094018,600.072783732551443],[2641316.715999998152256,1218670.078000001609325,600.846300000004703],[2641315.188000001013279,1218669.890999998897314,600.646299999993062],[2641314.690999999642372,1218673.947999998927116,605.633799999995972],[2641314.195000000298023,1218678.004000000655651,600.646299999993062],[2641325.589999999850988,1218679.399000000208616,600.846300000004703],[2641326.087999999523163,1218675.342999998480082,605.633799999995972],[2641326.583999998867512,1218671.285999998450279,600.846300000004703]]]]}},
{"type":"Feature","properties":{"fid":61,"OBJECTID":1,"UUID":"{0241BDAF-FECA-476C-BB76-2B1614C5FEC1}","OBJEKTART":"Gebaeude Einzelhaus","NAME_KOMPLETT":null,"GEBAEUDE_NUTZUNG":null,"GRUND_AENDERUNG":"Verbessert","HERKUNFT":"swisstopo","HERKUNFT_JAHR":2024,"HERKUNFT_MONAT":6,"ORIGINAL_HERKUNFT":"swisstopo","ERSTELLUNG_JAHR":2024,"ERSTELLUNG_MONAT":6,"REVISION_JAHR":2024,"REVISION_MONAT":6,"DATUM_AENDERUNG":"2025-07-08T11:55:40Z","DATUM_ERSTELLUNG":"2025-07-08T11:55:40Z","DACH_MAX":571.05,"DACH_MIN":567.57,"EGID":187524,"GEBAEUDEEINHEIT":"{0161A195-33E8-41ED-A8F7-CD5593D4FBF9}","layer":"swissbuildings3d_3_0_2024_1129-33_2056_5728.gdb — swissBUILDINGS3D_3-0_1129-33.gdb/a0000000b.gdbtable","path":"/vsizip//Users/wulf/Downloads/swissbuildings3d_3_0_2024_1129-33_2056_5728.gdb.zip/swissBUILDINGS3D_3-0_1129-33.gdb/a0000000b.gdbtable|layername=Roof_solid"},"geometry":{"type":"MultiPolygon","coordinates":[[[[2641361.899999998509884,1218665.385000001639128,599.709400000007008],[2641362.58500000089407,1218659.699999999254942,603.319000000003143],[2641363.223000001162291,1218654.405999999493361,599.709400000007008],[2641352.445999998599291,1218653.107999999076128,599.709400000007008],[2641351.809000000357628,1218658.403000000864267,603.319000000003143],[2641351.124000001698732,1218664.087999999523163,599.509399999995367],[2641361.899999998509884,1218665.385000001639128,599.709400000007008]]]]}},
{"type":"Feature","properties":{"fid":62,"OBJECTID":1,"UUID":"{0241BDAF-FECA-476C-BB76-2B1614C5FEC1}","OBJEKTART":"Gebaeude Einzelhaus","NAME_KOMPLETT":null,"GEBAEUDE_NUTZUNG":null,"GRUND_AENDERUNG":"Verbessert","HERKUNFT":"swisstopo","HERKUNFT_JAHR":2024,"HERKUNFT_MONAT":6,"ORIGINAL_HERKUNFT":"swisstopo","ERSTELLUNG_JAHR":2024,"ERSTELLUNG_MONAT":6,"REVISION_JAHR":2024,"REVISION_MONAT":6,"DATUM_AENDERUNG":"2025-07-08T11:55:40Z","DATUM_ERSTELLUNG":"2025-07-08T11:55:40Z","DACH_MAX":571.05,"DACH_MIN":567.57,"EGID":187524,"GEBAEUDEEINHEIT":"{0161A195-33E8-41ED-A8F7-CD5593D4FBF9}","layer":"swissbuildings3d_3_0_2024_1129-33_2056_5728.gdb — swissBUILDINGS3D_3-0_1129-33.gdb/a0000000b.gdbtable","path":"/vsizip//Users/wulf/Downloads/swissbuildings3d_3_0_2024_1129-33_2056_5728.gdb.zip/swissBUILDINGS3D_3-0_1129-33.gdb/a0000000b.gdbtable|layername=Roof_solid"},"geometry":{"type":"MultiPolygon","coordinates":[[[[2641360.4239999987185,1218685.486000001430511,597.939599999997881],[2641361.535999998450279,1218676.374000001698732,603.86699999999837],[2641361.804000001400709,1218674.177999999374151,598.139500000004773],[2641347.570000000298023,1218672.440000001341105,598.139500000004773],[2641347.302999999374151,1218674.636,603.667000000001281],[2641346.190000001341105,1218683.749000001698732,597.939599999997881],[2641360.4239999987185,1218685.486000001430511,597.939599999997881]]]]}},
{"type":"Feature","properties":{"fid":63,"OBJECTID":1,"UUID":"{0241BDAF-FECA-476C-BB76-2B1614C5FEC1}","OBJEKTART":"Gebaeude Einzelhaus","NAME_KOMPLETT":null,"GEBAEUDE_NUTZUNG":null,"GRUND_AENDERUNG":"Verbessert","HERKUNFT":"swisstopo","HERKUNFT_JAHR":2024,"HERKUNFT_MONAT":6,"ORIGINAL_HERKUNFT":"swisstopo","ERSTELLUNG_JAHR":2024,"ERSTELLUNG_MONAT":6,"REVISION_JAHR":2024,"REVISION_MONAT":6,"DATUM_AENDERUNG":"2025-07-08T11:55:40Z","DATUM_ERSTELLUNG":"2025-07-08T11:55:40Z","DACH_MAX":571.05,"DACH_MIN":567.57,"EGID":187524,"GEBAEUDEEINHEIT":"{0161A195-33E8-41ED-A8F7-CD5593D4FBF9}","layer":"swissbuildings3d_3_0_2024_1129-33_2056_5728.gdb — swissBUILDINGS3D_3-0_1129-33.gdb/a0000000b.gdbtable","path":"/vsizip//Users/wulf/Downloads/swissbuildings3d_3_0_2024_1129-33_2056_5728.gdb.zip/swissBUILDINGS3D_3-0_1129-33.gdb/a0000000b.gdbtable|layername=Roof_solid"},"geometry":{"type":"MultiPolygon","coordinates":[[[[2641343.278999999165535,1218721.399000000208616,600.135399999999208],[2641343.559000000357628,1218721.436999998986721,600.135399999999208],[2641349.208999998867512,1218722.078000001609325,600.135399999999208],[2641349.197999998927116,1218722.1739999987185,600.353400000007241],[2641349.019000001251698,1218723.738000001758337,600.450400000001537],[2641355.855999998748302,1218724.519999999552965,600.650299999993877],[2641357.418000001460314,1218710.877999998629093,598.060599999997066],[2641357.984999999403954,1218705.925000000745058,597.510599999994156],[2641352.927000001072884,1218705.346000000834465,597.510599999994156],[2641351.147999998182058,1218705.14299999922514,597.310700000001816],[2641350.581278367433697,1218710.095391424605623,597.675236410235584],[2641335.804000001400709,1218708.403999999165535,597.8606],[2641335.138000000268221,1218714.223999999463558,598.965500000005704],[2641337.771000001579523,1218714.526000000536442,599.165500000002794],[2641337.309000000357628,1218718.570999998599291,599.934399999998277],[2641343.519999999552965,1218719.282999999821186,599.934399999998277],[2641343.502999998629093,1218719.429999999701977,599.962400000003981],[2641343.278999999165535,1218721.399000000208616,600.135399999999208]]]]}},
{"type":"Feature","properties":{"fid":64,"OBJECTID":1,"UUID":"{0241BDAF-FECA-476C-BB76-2B1614C5FEC1}","OBJEKTART":"Gebaeude Einzelhaus","NAME_KOMPLETT":null,"GEBAEUDE_NUTZUNG":null,"GRUND_AENDERUNG":"Verbessert","HERKUNFT":"swisstopo","HERKUNFT_JAHR":2024,"HERKUNFT_MONAT":6,"ORIGINAL_HERKUNFT":"swisstopo","ERSTELLUNG_JAHR":2024,"ERSTELLUNG_MONAT":6,"REVISION_JAHR":2024,"REVISION_MONAT":6,"DATUM_AENDERUNG":"2025-07-08T11:55:40Z","DATUM_ERSTELLUNG":"2025-07-08T11:55:40Z","DACH_MAX":571.05,"DACH_MIN":567.57,"EGID":187524,"GEBAEUDEEINHEIT":"{0161A195-33E8-41ED-A8F7-CD5593D4FBF9}","layer":"swissbuildings3d_3_0_2024_1129-33_2056_5728.gdb — swissBUILDINGS3D_3-0_1129-33.gdb/a0000000b.gdbtable","path":"/vsizip//Users/wulf/Downloads/swissbuildings3d_3_0_2024_1129-33_2056_5728.gdb.zip/swissBUILDINGS3D_3-0_1129-33.gdb/a0000000b.gdbtable|layername=Roof_solid"},"geometry":{"type":"MultiPolygon","coordinates":[[[[2641363.478000000119209,1218790.86600000038743,569.829500000007101],[2641359.94200000166893,1218789.635000001639128,571.309399999998277],[2641356.734000001102686,1218788.519000001251698,569.829500000007101],[2641354.60107645438984,1218794.644899943610653,574.358943609772268],[2641351.497000001370907,1218793.563999999314547,580.998399999996764],[2641341.978000000119209,1218790.25,575.211999999999534],[2641340.190000001341105,1218795.38399999961257,575.211999999999534],[2641341.021999999880791,1218795.6739999987185,575.717999999993481],[2641338.370999999344349,1218803.465999998152256,575.751000000003842],[2641337.484000001102686,1218803.157000001519918,575.211999999999534],[2641334.219999998807907,1218812.534000001847744,575.211999999999534],[2641343.739999998360872,1218815.848000001162291,580.998399999996764],[2641352.489999998360872,1218818.894000001251698,575.785000000003492],[2641355.021999999880791,1218811.618999999016523,575.785000000003492],[2641355.982999999076128,1218811.954,575.211999999999534],[2641358.170207947026938,1218805.67105209059082,572.63643083546242],[2641358.30799999833107,1218805.719000000506639,569.829599999997299],[2641363.478000000119209,1218790.86600000038743,569.829500000007101]]]]}},
{"type":"Feature","properties":{"fid":65,"OBJECTID":1,"UUID":"{0241BDAF-FECA-476C-BB76-2B1614C5FEC1}","OBJEKTART":"Gebaeude Einzelhaus","NAME_KOMPLETT":null,"GEBAEUDE_NUTZUNG":null,"GRUND_AENDERUNG":"Verbessert","HERKUNFT":"swisstopo","HERKUNFT_JAHR":2024,"HERKUNFT_MONAT":6,"ORIGINAL_HERKUNFT":"swisstopo","ERSTELLUNG_JAHR":2024,"ERSTELLUNG_MONAT":6,"REVISION_JAHR":2024,"REVISION_MONAT":6,"DATUM_AENDERUNG":"2025-07-08T11:55:40Z","DATUM_ERSTELLUNG":"2025-07-08T11:55:40Z","DACH_MAX":571.05,"DACH_MIN":567.57,"EGID":187524,"GEBAEUDEEINHEIT":"{0161A195-33E8-41ED-A8F7-CD5593D4FBF9}","layer":"swissbuildings3d_3_0_2024_1129-33_2056_5728.gdb — swissBUILDINGS3D_3-0_1129-33.gdb/a0000000b.gdbtable","path":"/vsizip//Users/wulf/Downloads/swissbuildings3d_3_0_2024_1129-33_2056_5728.gdb.zip/swissBUILDINGS3D_3-0_1129-33.gdb/a0000000b.gdbtable|layername=Roof_solid"},"geometry":{"type":"MultiPolygon","coordinates":[[[[2641336.857999999076128,1218839.324000000953674,583.821200000005774],[2641331.223000001162291,1218837.337000001221895,583.821200000005774],[2641326.197000000625849,1218835.563999999314547,583.621199999994133],[2641320.118000000715256,1218833.420000001788139,583.821200000005774],[2641314.149999998509884,1218850.339999999850988,583.821200000005774],[2641315.708999998867512,1218850.890000000596046,583.621199999994133],[2641320.1739999987185,1218852.464999999850988,586.367899999997462],[2641326.199999999254942,1218854.589999999850988,583.821200000005774],[2641326.200191262643784,1218854.58944792044349,585.172913995616796],[2641327.864,1218855.175999999046326,586.567899999994552],[2641333.629000000655651,1218838.829999998211861,586.567899999994552],[2641327.864,1218855.177000001072884,583.621199999994133],[2641328.24118650238961,1218855.31,583.621199999994133],[2641331.219439243897796,1218855.31,583.632240189109893],[2641336.857999999076128,1218839.324000000953674,583.821200000005774]]]]}},
{"type":"Feature","properties":{"fid":66,"OBJECTID":1,"UUID":"{0241BDAF-FECA-476C-BB76-2B1614C5FEC1}","OBJEKTART":"Gebaeude Einzelhaus","NAME_KOMPLETT":null,"GEBAEUDE_NUTZUNG":null,"GRUND_AENDERUNG":"Verbessert","HERKUNFT":"swisstopo","HERKUNFT_JAHR":2024,"HERKUNFT_MONAT":6,"ORIGINAL_HERKUNFT":"swisstopo","ERSTELLUNG_JAHR":2024,"ERSTELLUNG_MONAT":6,"REVISION_JAHR":2024,"REVISION_MONAT":6,"DATUM_AENDERUNG":"2025-07-08T11:55:40Z","DATUM_ERSTELLUNG":"2025-07-08T11:55:40Z","DACH_MAX":571.05,"DACH_MIN":567.57,"EGID":187524,"GEBAEUDEEINHEIT":"{0161A195-33E8-41ED-A8F7-CD5593D4FBF9}","layer":"swissbuildings3d_3_0_2024_1129-33_2056_5728.gdb — swissBUILDINGS3D_3-0_1129-33.gdb/a0000000b.gdbtable","path":"/vsizip//Users/wulf/Downloads/swissbuildings3d_3_0_2024_1129-33_2056_5728.gdb.zip/swissBUILDINGS3D_3-0_1129-33.gdb/a0000000b.gdbtable|layername=Roof_solid"},"geometry":{"type":"MultiPolygon","coordinates":[[[[2641360.120999999344349,1218424.947000000625849,620.654999999998836],[2641358.688999999314547,1218431.186000000685453,620.654999999998836],[2641358.480000000447035,1218432.098000001162291,620.455000000001746],[2641367.984000001102686,1218434.276000000536442,619.435100000002421],[2641371.225000001490116,1218420.140999998897314,619.435100000002421],[2641371.098999999463558,1218420.118000000715256,619.448099999994156],[2641366.400003645569086,1218419.039466709829867,619.978044867959511],[2641364.834661693777889,1218418.678850390017033,620.168503651490937],[2641361.723000001162291,1218417.960999999195337,620.654999999998836],[2641360.120999999344349,1218424.947000000625849,620.654999999998836]]]]}},
{"type":"Feature","properties":{"fid":67,"OBJECTID":1,"UUID":"{0241BDAF-FECA-476C-BB76-2B1614C5FEC1}","OBJEKTART":"Gebaeude Einzelhaus","NAME_KOMPLETT":null,"GEBAEUDE_NUTZUNG":null,"GRUND_AENDERUNG":"Verbessert","HERKUNFT":"swisstopo","HERKUNFT_JAHR":2024,"HERKUNFT_MONAT":6,"ORIGINAL_HERKUNFT":"swisstopo","ERSTELLUNG_JAHR":2024,"ERSTELLUNG_MONAT":6,"REVISION_JAHR":2024,"REVISION_MONAT":6,"DATUM_AENDERUNG":"2025-07-08T11:55:40Z","DATUM_ERSTELLUNG":"2025-07-08T11:55:40Z","DACH_MAX":571.05,"DACH_MIN":567.57,"EGID":187524,"GEBAEUDEEINHEIT":"{0161A195-33E8-41ED-A8F7-CD5593D4FBF9}","layer":"swissbuildings3d_3_0_2024_1129-33_2056_5728.gdb — swissBUILDINGS3D_3-0_1129-33.gdb/a0000000b.gdbtable","path":"/vsizip//Users/wulf/Downloads/swissbuildings3d_3_0_2024_1129-33_2056_5728.gdb.zip/swissBUILDINGS3D_3-0_1129-33.gdb/a0000000b.gdbtable|layername=Roof_solid"},"geometry":{"type":"MultiPolygon","coordinates":[[[[2641393.350000001490116,1218438.579,619.164099999994505],[2641394.636,1218426.383000001311302,619.164099999994505],[2641384.747999999672174,1218425.339999999850988,618.964099999997416],[2641384.265999998897314,1218429.912000000476837,618.964099999997416],[2641383.572999998927116,1218436.477000001817942,618.964099999997416],[2641383.460999999195337,1218437.537999998778105,618.964099999997416],[2641393.350000001490116,1218438.579,619.164099999994505]]]]}},
{"type":"Feature","properties":{"fid":68,"OBJECTID":1,"UUID":"{0241BDAF-FECA-476C-BB76-2B1614C5FEC1}","OBJEKTART":"Gebaeude Einzelhaus","NAME_KOMPLETT":null,"GEBAEUDE_NUTZUNG":null,"GRUND_AENDERUNG":"Verbessert","HERKUNFT":"swisstopo","HERKUNFT_JAHR":2024,"HERKUNFT_MONAT":6,"ORIGINAL_HERKUNFT":"swisstopo","ERSTELLUNG_JAHR":2024,"ERSTELLUNG_MONAT":6,"REVISION_JAHR":2024,"REVISION_MONAT":6,"DATUM_AENDERUNG":"2025-07-08T11:55:40Z","DATUM_ERSTELLUNG":"2025-07-08T11:55:40Z","DACH_MAX":571.05,"DACH_MIN":567.57,"EGID":187524,"GEBAEUDEEINHEIT":"{0161A195-33E8-41ED-A8F7-CD5593D4FBF9}","layer":"swissbuildings3d_3_0_2024_1129-33_2056_5728.gdb — swissBUILDINGS3D_3-0_1129-33.gdb/a0000000b.gdbtable","path":"/vsizip//Users/wulf/Downloads/swissbuildings3d_3_0_2024_1129-33_2056_5728.gdb.zip/swissBUILDINGS3D_3-0_1129-33.gdb/a0000000b.gdbtable|layername=Roof_solid"},"geometry":{"type":"MultiPolygon","coordinates":[[[[2641368.675999999046326,1218467.475999999791384,616.873399999996764],[2641369.793999999761581,1218461.954,616.763399999996182],[2641370.178789014462382,1218460.053458910202608,615.59484791627699],[2641371.133000001311302,1218460.245999999344349,614.197700000004261],[2641371.136,1218460.199000000953674,614.399600000004284],[2641371.497000001370907,1218458.451999999582767,614.41359999999986],[2641371.552999999374151,1218458.177999999374151,614.273700000005192],[2641371.864999998360872,1218456.636,614.380600000004051],[2641372.55799999833107,1218453.204999998211861,614.657600000005914],[2641360.337999999523163,1218450.73200000077486,614.457599999994272],[2641359.646118429955095,1218454.15302397008054,616.185380999306858],[2641359.646000001579523,1218454.153000000864267,616.803400000004331],[2641357.412000000476837,1218465.195999998599291,616.873399999996764],[2641368.675999999046326,1218467.475999999791384,616.873399999996764]]]]}},
{"type":"Feature","properties":{"fid":69,"OBJECTID":1,"UUID":"{0241BDAF-FECA-476C-BB76-2B1614C5FEC1}","OBJEKTART":"Gebaeude Einzelhaus","NAME_KOMPLETT":null,"GEBAEUDE_NUTZUNG":null,"GRUND_AENDERUNG":"Verbessert","HERKUNFT":"swisstopo","HERKUNFT_JAHR":2024,"HERKUNFT_MONAT":6,"ORIGINAL_HERKUNFT":"swisstopo","ERSTELLUNG_JAHR":2024,"ERSTELLUNG_MONAT":6,"REVISION_JAHR":2024,"REVISION_MONAT":6,"DATUM_AENDERUNG":"2025-07-08T11:55:40Z","DATUM_ERSTELLUNG":"2025-07-08T11:55:40Z","DACH_MAX":571.05,"DACH_MIN":567.57,"EGID":187524,"GEBAEUDEEINHEIT":"{0161A195-33E8-41ED-A8F7-CD5593D4FBF9}","layer":"swissbuildings3d_3_0_2024_1129-33_2056_5728.gdb — swissBUILDINGS3D_3-0_1129-33.gdb/a0000000b.gdbtable","path":"/vsizip//Users/wulf/Downloads/swissbuildings3d_3_0_2024_1129-33_2056_5728.gdb.zip/swissBUILDINGS3D_3-0_1129-33.gdb/a0000000b.gdbtable|layername=Roof_solid"},"geometry":{"type":"MultiPolygon","coordinates":[[[[2641382.686999998986721,1218459.204999998211861,616.649399999994785],[2641381.363000001758337,1218469.596000000834465,616.649399999994785],[2641392.769999999552965,1218471.0489999987185,616.449399999997695],[2641393.409641575533897,1218466.029456216143444,615.114049999996496],[2641394.168000001460314,1218466.125999998301268,613.578699999998207],[2641395.572000000625849,1218455.105999998748302,613.378700000001118],[2641388.719000000506639,1218454.232999999076128,613.578699999998207],[2641388.103000000119209,1218459.06700000166893,613.578699999998207],[2641382.909000001847744,1218458.405999999493361,613.578699999998207],[2641382.805281595792621,1218459.220084188040346,615.098732881485489],[2641382.686999998986721,1218459.204999998211861,616.649399999994785]]]]}},
{"type":"Feature","properties":{"fid":70,"OBJECTID":1,"UUID":"{0241BDAF-FECA-476C-BB76-2B1614C5FEC1}","OBJEKTART":"Gebaeude Einzelhaus","NAME_KOMPLETT":null,"GEBAEUDE_NUTZUNG":null,"GRUND_AENDERUNG":"Verbessert","HERKUNFT":"swisstopo","HERKUNFT_JAHR":2024,"HERKUNFT_MONAT":6,"ORIGINAL_HERKUNFT":"swisstopo","ERSTELLUNG_JAHR":2024,"ERSTELLUNG_MONAT":6,"REVISION_JAHR":2024,"REVISION_MONAT":6,"DATUM_AENDERUNG":"2025-07-08T11:55:40Z","DATUM_ERSTELLUNG":"2025-07-08T11:55:40Z","DACH_MAX":571.05,"DACH_MIN":567.57,"EGID":187524,"GEBAEUDEEINHEIT":"{0161A195-33E8-41ED-A8F7-CD5593D4FBF9}","layer":"swissbuildings3d_3_0_2024_1129-33_2056_5728.gdb — swissBUILDINGS3D_3-0_1129-33.gdb/a0000000b.gdbtable","path":"/vsizip//Users/wulf/Downloads/swissbuildings3d_3_0_2024_1129-33_2056_5728.gdb.zip/swissBUILDINGS3D_3-0_1129-33.gdb/a0000000b.gdbtable|layername=Roof_solid"},"geometry":{"type":"MultiPolygon","coordinates":[[[[2641360.656245815567672,1218501.425602477509528,608.125398749314627],[2641360.076999999582767,1218505.065000001341105,605.645600000003469],[2641370.261999998241663,1218506.686999998986721,605.645600000003469],[2641370.841647932771593,1218503.047094127396122,608.202419920517741],[2641372.688000001013279,1218503.340999998152256,607.533400000000256],[2641374.550000000745058,1218491.649000000208616,607.533400000000256],[2641367.559000000357628,1218490.535000000149012,612.869800000000396],[2641360.33500000089407,1218489.38399999961257,607.533400000000256],[2641358.473000001162291,1218501.078000001609325,607.533400000000256],[2641360.656245815567672,1218501.425602477509528,608.125398749314627]]]]}},
{"type":"Feature","properties":{"fid":71,"OBJECTID":1,"UUID":"{0241BDAF-FECA-476C-BB76-2B1614C5FEC1}","OBJEKTART":"Gebaeude Einzelhaus","NAME_KOMPLETT":null,"GEBAEUDE_NUTZUNG":null,"GRUND_AENDERUNG":"Verbessert","HERKUNFT":"swisstopo","HERKUNFT_JAHR":2024,"HERKUNFT_MONAT":6,"ORIGINAL_HERKUNFT":"swisstopo","ERSTELLUNG_JAHR":2024,"ERSTELLUNG_MONAT":6,"REVISION_JAHR":2024,"REVISION_MONAT":6,"DATUM_AENDERUNG":"2025-07-08T11:55:40Z","DATUM_ERSTELLUNG":"2025-07-08T11:55:40Z","DACH_MAX":571.05,"DACH_MIN":567.57,"EGID":187524,"GEBAEUDEEINHEIT":"{0161A195-33E8-41ED-A8F7-CD5593D4FBF9}","layer":"swissbuildings3d_3_0_2024_1129-33_2056_5728.gdb — swissBUILDINGS3D_3-0_1129-33.gdb/a0000000b.gdbtable","path":"/vsizip//Users/wulf/Downloads/swissbuildings3d_3_0_2024_1129-33_2056_5728.gdb.zip/swissBUILDINGS3D_3-0_1129-33.gdb/a0000000b.gdbtable|layername=Roof_solid"},"geometry":{"type":"MultiPolygon","coordinates":[[[[2641387.068999998271465,1218507.256000000983477,608.481299999999464],[2641390.396000001579523,1218507.785999998450279,608.581300000005285],[2641393.340999998152256,1218508.254999998956919,608.431299999996554],[2641393.723000001162291,1218508.315999999642372,608.631299999993644],[2641394.399999998509884,1218504.068,611.020999999993364],[2641394.899999998509884,1218500.929000001400709,609.814199999993434],[2641392.649999998509884,1218500.570000000298023,610.014100000000326],[2641393.449999999254942,1218495.550000000745058,607.883300000001327],[2641382.39299999922514,1218493.789000000804663,607.883300000001327],[2641381.092999998480082,1218501.947999998927116,611.020999999993364],[2641380.41499999910593,1218506.195000000298023,608.631299999993644],[2641387.068999998271465,1218507.256000000983477,608.481299999999464]]]]}},
{"type":"Feature","properties":{"fid":72,"OBJECTID":1,"UUID":"{0241BDAF-FECA-476C-BB76-2B1614C5FEC1}","OBJEKTART":"Gebaeude Einzelhaus","NAME_KOMPLETT":null,"GEBAEUDE_NUTZUNG":null,"GRUND_AENDERUNG":"Verbessert","HERKUNFT":"swisstopo","HERKUNFT_JAHR":2024,"HERKUNFT_MONAT":6,"ORIGINAL_HERKUNFT":"swisstopo","ERSTELLUNG_JAHR":2024,"ERSTELLUNG_MONAT":6,"REVISION_JAHR":2024,"REVISION_MONAT":6,"DATUM_AENDERUNG":"2025-07-08T11:55:40Z","DATUM_ERSTELLUNG":"2025-07-08T11:55:40Z","DACH_MAX":571.05,"DACH_MIN":567.57,"EGID":187524,"GEBAEUDEEINHEIT":"{0161A195-33E8-41ED-A8F7-CD5593D4FBF9}","layer":"swissbuildings3d_3_0_2024_1129-33_2056_5728.gdb — swissBUILDINGS3D_3-0_1129-33.gdb/a0000000b.gdbtable","path":"/vsizip//Users/wulf/Downloads/swissbuildings3d_3_0_2024_1129-33_2056_5728.gdb.zip/swissBUILDINGS3D_3-0_1129-33.gdb/a0000000b.gdbtable|layername=Roof_solid"},"geometry":{"type":"MultiPolygon","coordinates":[[[[2641378.006999999284744,1218525.421,607.140499999994063],[2641371.159000001847744,1218524.545000001788139,607.140499999994063],[2641370.826999999582767,1218527.14299999922514,607.140499999994063],[2641370.614,1218528.809000000357628,607.140499999994063],[2641369.793999999761581,1218535.221000000834465,607.140499999994063],[2641369.478000000119209,1218537.688000001013279,607.140499999994063],[2641379.565999999642372,1218538.978999998420477,606.960500000001048],[2641382.820999998599291,1218539.396000001579523,606.990499999999884],[2641382.927999999374151,1218539.409000001847744,607.140499999994063],[2641383.592999998480082,1218534.208000000566244,606.940499999996973],[2641384.241999998688698,1218529.133000001311302,607.140499999994063],[2641384.609000001102686,1218526.265999998897314,607.140499999994063],[2641378.006999999284744,1218525.421,607.140499999994063]]]]}},
{"type":"Feature","properties":{"fid":73,"OBJECTID":1,"UUID":"{0241BDAF-FECA-476C-BB76-2B1614C5FEC1}","OBJEKTART":"Gebaeude Einzelhaus","NAME_KOMPLETT":null,"GEBAEUDE_NUTZUNG":null,"GRUND_AENDERUNG":"Verbessert","HERKUNFT":"swisstopo","HERKUNFT_JAHR":2024,"HERKUNFT_MONAT":6,"ORIGINAL_HERKUNFT":"swisstopo","ERSTELLUNG_JAHR":2024,"ERSTELLUNG_MONAT":6,"REVISION_JAHR":2024,"REVISION_MONAT":6,"DATUM_AENDERUNG":"2025-07-08T11:55:40Z","DATUM_ERSTELLUNG":"2025-07-08T11:55:40Z","DACH_MAX":571.05,"DACH_MIN":567.57,"EGID":187524,"GEBAEUDEEINHEIT":"{0161A195-33E8-41ED-A8F7-CD5593D4FBF9}","layer":"swissbuildings3d_3_0_2024_1129-33_2056_5728.gdb — swissBUILDINGS3D_3-0_1129-33.gdb/a0000000b.gdbtable","path":"/vsizip//Users/wulf/Downloads/swissbuildings3d_3_0_2024_1129-33_2056_5728.gdb.zip/swissBUILDINGS3D_3-0_1129-33.gdb/a0000000b.gdbtable|layername=Roof_solid"},"geometry":{"type":"MultiPolygon","coordinates":[[[[2641364.478999998420477,1218578.427999999374151,601.860100000005332],[2641363.697000000625849,1218585.08500000089407,602.060100000002421],[2641362.782999999821186,1218592.874000001698732,602.060100000002421],[2641369.818999998271465,1218593.699999999254942,608.451400000005378],[2641376.958999998867512,1218594.537999998778105,602.060100000002421],[2641377.861000001430511,1218586.859000001102686,602.059999999997672],[2641378.525616875849664,1218581.192312542581931,602.767981593539162],[2641380.659000001847744,1218581.443,602.373999999996158],[2641381.554999999701977,1218573.815999999642372,602.373999999996158],[2641379.38713892409578,1218573.56186838587746,603.755512390337344],[2641380.085690656211227,1218567.610570513177663,604.331171502503366],[2641382.318999998271465,1218567.872999999672174,603.628899999996065],[2641383.214000001549721,1218560.245999999344349,603.628899999996065],[2641376.074999999254942,1218559.407999999821186,610.2212],[2641370.14299999922514,1218558.710999999195337,604.663799999994808],[2641369.037999998778105,1218558.581000000238419,603.628899999996065],[2641368.552999999374151,1218562.706000000238419,603.428899999998976],[2641368.364999998360872,1218564.300999999046326,603.578899999993155],[2641368.223573276773095,1218565.505021245451644,604.053380024164767],[2641365.99100000038743,1218565.243000000715256,603.158899999994901],[2641365.096000000834465,1218572.868000000715256,603.158899999994901],[2641367.264459140133113,1218573.122840942582116,603.70700810174435],[2641367.241496278438717,1218573.318462657742202,602.85837797823865],[2641366.612115671858191,1218578.678419776028022,603.046514785998625],[2641364.478999998420477,1218578.427999999374151,601.860100000005332]]]]}},
{"type":"Feature","properties":{"fid":74,"OBJECTID":1,"UUID":"{0241BDAF-FECA-476C-BB76-2B1614C5FEC1}","OBJEKTART":"Gebaeude Einzelhaus","NAME_KOMPLETT":null,"GEBAEUDE_NUTZUNG":null,"GRUND_AENDERUNG":"Verbessert","HERKUNFT":"swisstopo","HERKUNFT_JAHR":2024,"HERKUNFT_MONAT":6,"ORIGINAL_HERKUNFT":"swisstopo","ERSTELLUNG_JAHR":2024,"ERSTELLUNG_MONAT":6,"REVISION_JAHR":2024,"REVISION_MONAT":6,"DATUM_AENDERUNG":"2025-07-08T11:55:40Z","DATUM_ERSTELLUNG":"2025-07-08T11:55:40Z","DACH_MAX":571.05,"DACH_MIN":567.57,"EGID":187524,"GEBAEUDEEINHEIT":"{0161A195-33E8-41ED-A8F7-CD5593D4FBF9}","layer":"swissbuildings3d_3_0_2024_1129-33_2056_5728.gdb — swissBUILDINGS3D_3-0_1129-33.gdb/a0000000b.gdbtable","path":"/vsizip//Users/wulf/Downloads/swissbuildings3d_3_0_2024_1129-33_2056_5728.gdb.zip/swissBUILDINGS3D_3-0_1129-33.gdb/a0000000b.gdbtable|layername=Roof_solid"},"geometry":{"type":"MultiPolygon","coordinates":[[[[2641373.638999998569489,1218614.289000000804663,606.100699999995413],[2641355.024999998509884,1218612.035000000149012,606.100699999995413],[2641352.752999998629093,1218630.7989999987185,606.100699999995413],[2641371.36600000038743,1218633.052999999374151,606.100699999995413],[2641373.638999998569489,1218614.289000000804663,606.100699999995413]]]]}},
{"type":"Feature","properties":{"fid":75,"OBJECTID":1,"UUID":"{0241BDAF-FECA-476C-BB76-2B1614C5FEC1}","OBJEKTART":"Gebaeude Einzelhaus","NAME_KOMPLETT":null,"GEBAEUDE_NUTZUNG":null,"GRUND_AENDERUNG":"Verbessert","HERKUNFT":"swisstopo","HERKUNFT_JAHR":2024,"HERKUNFT_MONAT":6,"ORIGINAL_HERKUNFT":"swisstopo","ERSTELLUNG_JAHR":2024,"ERSTELLUNG_MONAT":6,"REVISION_JAHR":2024,"REVISION_MONAT":6,"DATUM_AENDERUNG":"2025-07-08T11:55:40Z","DATUM_ERSTELLUNG":"2025-07-08T11:55:40Z","DACH_MAX":571.05,"DACH_MIN":567.57,"EGID":187524,"GEBAEUDEEINHEIT":"{0161A195-33E8-41ED-A8F7-CD5593D4FBF9}","layer":"swissbuildings3d_3_0_2024_1129-33_2056_5728.gdb — swissBUILDINGS3D_3-0_1129-33.gdb/a0000000b.gdbtable","path":"/vsizip//Users/wulf/Downloads/swissbuildings3d_3_0_2024_1129-33_2056_5728.gdb.zip/swissBUILDINGS3D_3-0_1129-33.gdb/a0000000b.gdbtable|layername=Roof_solid"},"geometry":{"type":"MultiPolygon","coordinates":[[[[2641376.760000001639128,1218668.879000000655651,600.257299999997485],[2641376.157999999821186,1218672.927999999374151,597.981499999994412],[2641393.028000000864267,1218675.438999999314547,597.981499999994412],[2641393.631000000983477,1218671.388999998569489,600.257299999997485],[2641394.344000000506639,1218666.598000001162291,598.517500000001746],[2641385.410000000149012,1218665.269000001251698,598.317500000004657],[2641385.629999998956919,1218663.793999999761581,597.981499999994412],[2641377.693,1218662.613000001758337,597.781600000002072],[2641377.63399999961257,1218663.006999999284744,597.924499999993714],[2641376.87948909169063,1218668.079342236742377,599.89149976473675],[2641376.760000001639128,1218668.879000000655651,600.257299999997485]]]]}},
{"type":"Feature","properties":{"fid":76,"OBJECTID":1,"UUID":"{0241BDAF-FECA-476C-BB76-2B1614C5FEC1}","OBJEKTART":"Gebaeude Einzelhaus","NAME_KOMPLETT":null,"GEBAEUDE_NUTZUNG":null,"GRUND_AENDERUNG":"Verbessert","HERKUNFT":"swisstopo","HERKUNFT_JAHR":2024,"HERKUNFT_MONAT":6,"ORIGINAL_HERKUNFT":"swisstopo","ERSTELLUNG_JAHR":2024,"ERSTELLUNG_MONAT":6,"REVISION_JAHR":2024,"REVISION_MONAT":6,"DATUM_AENDERUNG":"2025-07-08T11:55:40Z","DATUM_ERSTELLUNG":"2025-07-08T11:55:40Z","DACH_MAX":571.05,"DACH_MIN":567.57,"EGID":187524,"GEBAEUDEEINHEIT":"{0161A195-33E8-41ED-A8F7-CD5593D4FBF9}","layer":"swissbuildings3d_3_0_2024_1129-33_2056_5728.gdb — swissBUILDINGS3D_3-0_1129-33.gdb/a0000000b.gdbtable","path":"/vsizip//Users/wulf/Downloads/swissbuildings3d_3_0_2024_1129-33_2056_5728.gdb.zip/swissBUILDINGS3D_3-0_1129-33.gdb/a0000000b.gdbtable|layername=Roof_solid"},"geometry":{"type":"MultiPolygon","coordinates":[[[[2641378.493485022801906,1218683.763363328529522,598.724137714313201],[2641373.427000001072884,1218683.103000000119209,597.172600000005332],[2641372.579,1218689.611999999731779,596.97269999999844],[2641378.057,1218690.3260000012815,597.172600000005332],[2641378.057057506870478,1218690.325557569274679,597.874163158714282],[2641386.389307609759271,1218691.411184416618198,598.504135361120916],[2641387.400944720488042,1218691.543433473445475,598.411895234436088],[2641386.965999998152256,1218694.954,594.642900000006193],[2641394.831999998539686,1218695.519000001251698,594.842900000003283],[2641395.717000000178814,1218688.594000000506639,594.842900000003283],[2641388.774000000208616,1218687.646000001579523,601.985100000005332],[2641388.804999999701977,1218687.407999999821186,602.138099999996484],[2641388.835999999195337,1218687.168999999761581,602.391099999993457],[2641389.4239999987185,1218682.651999998837709,598.575500000006286],[2641378.818999998271465,1218681.269999999552965,598.575500000006286],[2641378.524000000208616,1218683.528999999165535,600.433300000004238],[2641378.493485022801906,1218683.763363328529522,598.724137714313201]],[[2641377.713142728898674,1218689.756486702244729,598.835759238389528],[2641377.76799999922514,1218689.33500000089407,597.651599999997416],[2641377.79933810280636,1218689.094516374869272,598.498139723993972],[2641377.722367502748966,1218689.685656483052298,598.890686866530132],[2641377.713142728898674,1218689.756486702244729,598.835759238389528]]]]}},
{"type":"Feature","properties":{"fid":77,"OBJECTID":1,"UUID":"{0241BDAF-FECA-476C-BB76-2B1614C5FEC1}","OBJEKTART":"Gebaeude Einzelhaus","NAME_KOMPLETT":null,"GEBAEUDE_NUTZUNG":null,"GRUND_AENDERUNG":"Verbessert","HERKUNFT":"swisstopo","HERKUNFT_JAHR":2024,"HERKUNFT_MONAT":6,"ORIGINAL_HERKUNFT":"swisstopo","ERSTELLUNG_JAHR":2024,"ERSTELLUNG_MONAT":6,"REVISION_JAHR":2024,"REVISION_MONAT":6,"DATUM_AENDERUNG":"2025-07-08T11:55:40Z","DATUM_ERSTELLUNG":"2025-07-08T11:55:40Z","DACH_MAX":571.05,"DACH_MIN":567.57,"EGID":187524,"GEBAEUDEEINHEIT":"{0161A195-33E8-41ED-A8F7-CD5593D4FBF9}","layer":"swissbuildings3d_3_0_2024_1129-33_2056_5728.gdb — swissBUILDINGS3D_3-0_1129-33.gdb/a0000000b.gdbtable","path":"/vsizip//Users/wulf/Downloads/swissbuildings3d_3_0_2024_1129-33_2056_5728.gdb.zip/swissBUILDINGS3D_3-0_1129-33.gdb/a0000000b.gdbtable|layername=Roof_solid"},"geometry":{"type":"MultiPolygon","coordinates":[[[[2641393.565000001341105,1218715.50899999961257,596.372700000007171],[2641394.089000001549721,1218709.684999998658895,600.846300000004703],[2641394.806000001728535,1218701.71000000089407,596.686700000005658],[2641384.434000000357628,1218700.778000000864267,596.686700000005658],[2641383.715999998152256,1218708.752999998629093,600.846300000004703],[2641383.193,1218714.5760000012815,596.372700000007171],[2641393.565000001341105,1218715.50899999961257,596.372700000007171]]]]}},
{"type":"Feature","properties":{"fid":78,"OBJECTID":1,"UUID":"{0241BDAF-FECA-476C-BB76-2B1614C5FEC1}","OBJEKTART":"Gebaeude Einzelhaus","NAME_KOMPLETT":null,"GEBAEUDE_NUTZUNG":null,"GRUND_AENDERUNG":"Verbessert","HERKUNFT":"swisstopo","HERKUNFT_JAHR":2024,"HERKUNFT_MONAT":6,"ORIGINAL_HERKUNFT":"swisstopo","ERSTELLUNG_JAHR":2024,"ERSTELLUNG_MONAT":6,"REVISION_JAHR":2024,"REVISION_MONAT":6,"DATUM_AENDERUNG":"2025-07-08T11:55:40Z","DATUM_ERSTELLUNG":"2025-07-08T11:55:40Z","DACH_MAX":571.05,"DACH_MIN":567.57,"EGID":187524,"GEBAEUDEEINHEIT":"{0161A195-33E8-41ED-A8F7-CD5593D4FBF9}","layer":"swissbuildings3d_3_0_2024_1129-33_2056_5728.gdb — swissBUILDINGS3D_3-0_1129-33.gdb/a0000000b.gdbtable","path":"/vsizip//Users/wulf/Downloads/swissbuildings3d_3_0_2024_1129-33_2056_5728.gdb.zip/swissBUILDINGS3D_3-0_1129-33.gdb/a0000000b.gdbtable|layername=Roof_solid"},"geometry":{"type":"MultiPolygon","coordinates":[[[[2641363.289000000804663,1218726.315000001341105,596.006800000002841],[2641362.589000001549721,1218733.287999998778105,595.806800000005751],[2641369.449999999254942,1218733.975999999791384,595.806800000005751],[2641370.149999998509884,1218727.004000000655651,596.006800000002841],[2641363.289000000804663,1218726.315000001341105,596.006800000002841]]]]}},
{"type":"Feature","properties":{"fid":79,"OBJECTID":1,"UUID":"{0241BDAF-FECA-476C-BB76-2B1614C5FEC1}","OBJEKTART":"Gebaeude Einzelhaus","NAME_KOMPLETT":null,"GEBAEUDE_NUTZUNG":null,"GRUND_AENDERUNG":"Verbessert","HERKUNFT":"swisstopo","HERKUNFT_JAHR":2024,"HERKUNFT_MONAT":6,"ORIGINAL_HERKUNFT":"swisstopo","ERSTELLUNG_JAHR":2024,"ERSTELLUNG_MONAT":6,"REVISION_JAHR":2024,"REVISION_MONAT":6,"DATUM_AENDERUNG":"2025-07-08T11:55:40Z","DATUM_ERSTELLUNG":"2025-07-08T11:55:40Z","DACH_MAX":571.05,"DACH_MIN":567.57,"EGID":187524,"GEBAEUDEEINHEIT":"{0161A195-33E8-41ED-A8F7-CD5593D4FBF9}","layer":"swissbuildings3d_3_0_2024_1129-33_2056_5728.gdb — swissBUILDINGS3D_3-0_1129-33.gdb/a0000000b.gdbtable","path":"/vsizip//Users/wulf/Downloads/swissbuildings3d_3_0_2024_1129-33_2056_5728.gdb.zip/swissBUILDINGS3D_3-0_1129-33.gdb/a0000000b.gdbtable|layername=Roof_solid"},"geometry":{"type":"MultiPolygon","coordinates":[[[[2641395.973000001162291,1218722.309000000357628,596.765700000003562],[2641383.350999999791384,1218720.984999999403954,596.765700000003562],[2641381.629999998956919,1218737.394000001251698,596.765700000003562],[2641394.252999998629093,1218738.717999998480082,596.565700000006473],[2641395.973000001162291,1218722.309000000357628,596.765700000003562]]]]}},
{"type":"Feature","properties":{"fid":80,"OBJECTID":1,"UUID":"{0241BDAF-FECA-476C-BB76-2B1614C5FEC1}","OBJEKTART":"Gebaeude Einzelhaus","NAME_KOMPLETT":null,"GEBAEUDE_NUTZUNG":null,"GRUND_AENDERUNG":"Verbessert","HERKUNFT":"swisstopo","HERKUNFT_JAHR":2024,"HERKUNFT_MONAT":6,"ORIGINAL_HERKUNFT":"swisstopo","ERSTELLUNG_JAHR":2024,"ERSTELLUNG_MONAT":6,"REVISION_JAHR":2024,"REVISION_MONAT":6,"DATUM_AENDERUNG":"2025-07-08T11:55:40Z","DATUM_ERSTELLUNG":"2025-07-08T11:55:40Z","DACH_MAX":571.05,"DACH_MIN":567.57,"EGID":187524,"GEBAEUDEEINHEIT":"{0161A195-33E8-41ED-A8F7-CD5593D4FBF9}","layer":"swissbuildings3d_3_0_2024_1129-33_2056_5728.gdb — swissBUILDINGS3D_3-0_1129-33.gdb/a0000000b.gdbtable","path":"/vsizip//Users/wulf/Downloads/swissbuildings3d_3_0_2024_1129-33_2056_5728.gdb.zip/swissBUILDINGS3D_3-0_1129-33.gdb/a0000000b.gdbtable|layername=Roof_solid"},"geometry":{"type":"MultiPolygon","coordinates":[[[[2641380.671,1218826.874000001698732,575.514999999999418],[2641377.407000001519918,1218836.250999998301268,575.315000000002328],[2641386.927000001072884,1218839.565000001341105,581.101399999999558],[2641395.677000001072884,1218842.611000001430511,575.888000000006286],[2641398.208999998867512,1218835.335999999195337,575.887900000001537],[2641399.170000001788139,1218835.671,575.514999999999418],[2641401.916999999433756,1218827.780000001192093,575.514999999999418],[2641400.956000000238419,1218827.445000000298023,576.087899999998626],[2641403.434000000357628,1218820.326999999582767,576.087899999998626],[2641394.684000000357628,1218817.280999999493361,581.101399999999558],[2641385.16499999910593,1218813.967000000178814,575.514999999999418],[2641383.377000000327826,1218819.100999999791384,575.514999999999418],[2641384.208999998867512,1218819.390999998897314,576.020900000003166],[2641381.55799999833107,1218827.18299999833107,575.854000000006636],[2641380.671,1218826.874000001698732,575.514999999999418]]]]}},
{"type":"Feature","properties":{"fid":81,"OBJECTID":1,"UUID":"{0241BDAF-FECA-476C-BB76-2B1614C5FEC1}","OBJEKTART":"Gebaeude Einzelhaus","NAME_KOMPLETT":null,"GEBAEUDE_NUTZUNG":null,"GRUND_AENDERUNG":"Verbessert","HERKUNFT":"swisstopo","HERKUNFT_JAHR":2024,"HERKUNFT_MONAT":6,"ORIGINAL_HERKUNFT":"swisstopo","ERSTELLUNG_JAHR":2024,"ERSTELLUNG_MONAT":6,"REVISION_JAHR":2024,"REVISION_MONAT":6,"DATUM_AENDERUNG":"2025-07-08T11:55:40Z","DATUM_ERSTELLUNG":"2025-07-08T11:55:40Z","DACH_MAX":571.05,"DACH_MIN":567.57,"EGID":187524,"GEBAEUDEEINHEIT":"{0161A195-33E8-41ED-A8F7-CD5593D4FBF9}","layer":"swissbuildings3d_3_0_2024_1129-33_2056_5728.gdb — swissBUILDINGS3D_3-0_1129-33.gdb/a0000000b.gdbtable","path":"/vsizip//Users/wulf/Downloads/swissbuildings3d_3_0_2024_1129-33_2056_5728.gdb.zip/swissBUILDINGS3D_3-0_1129-33.gdb/a0000000b.gdbtable|layername=Roof_solid"},"geometry":{"type":"MultiPolygon","coordinates":[[[[2641411.572999998927116,1218441.318999998271465,619.827999999994063],[2641416.480999998748302,1218441.909000001847744,618.615200000000186],[2641418.0489999987185,1218428.863000001758337,618.615200000000186],[2641413.140000000596046,1218428.272999998182058,620.028000000005704],[2641408.039000000804663,1218427.659000001847744,618.615200000000186],[2641406.471000000834465,1218440.706000000238419,618.415200000003097],[2641411.572999998927116,1218441.318999998271465,619.827999999994063]]]]}},
{"type":"Feature","properties":{"fid":82,"OBJECTID":1,"UUID":"{0241BDAF-FECA-476C-BB76-2B1614C5FEC1}","OBJEKTART":"Gebaeude Einzelhaus","NAME_KOMPLETT":null,"GEBAEUDE_NUTZUNG":null,"GRUND_AENDERUNG":"Verbessert","HERKUNFT":"swisstopo","HERKUNFT_JAHR":2024,"HERKUNFT_MONAT":6,"ORIGINAL_HERKUNFT":"swisstopo","ERSTELLUNG_JAHR":2024,"ERSTELLUNG_MONAT":6,"REVISION_JAHR":2024,"REVISION_MONAT":6,"DATUM_AENDERUNG":"2025-07-08T11:55:40Z","DATUM_ERSTELLUNG":"2025-07-08T11:55:40Z","DACH_MAX":571.05,"DACH_MIN":567.57,"EGID":187524,"GEBAEUDEEINHEIT":"{0161A195-33E8-41ED-A8F7-CD5593D4FBF9}","layer":"swissbuildings3d_3_0_2024_1129-33_2056_5728.gdb — swissBUILDINGS3D_3-0_1129-33.gdb/a0000000b.gdbtable","path":"/vsizip//Users/wulf/Downloads/swissbuildings3d_3_0_2024_1129-33_2056_5728.gdb.zip/swissBUILDINGS3D_3-0_1129-33.gdb/a0000000b.gdbtable|layername=Roof_solid"},"geometry":{"type":"MultiPolygon","coordinates":[[[[2641411.488597421906888,1218463.62241289159283,615.349579879280327],[2641403.5760000012815,1218462.651999998837709,615.924499999993714],[2641402.407999999821186,1218472.177999999374151,616.021500000002561],[2641415.368000000715256,1218473.767000000923872,616.221399999994901],[2641415.951999999582767,1218469.004000000655651,616.085500000001048],[2641416.243999999016523,1218466.622000001370907,616.098499999992782],[2641416.378049204591662,1218465.52800600300543,614.539432261341517],[2641417.247000001370907,1218465.63399999961257,612.991800000003423],[2641418.048000000417233,1218459.098000001162291,613.191699999995762],[2641412.131999999284744,1218458.372999999672174,613.191699999995762],[2641411.488597421906888,1218463.62241289159283,615.349579879280327]],[[2641416.535999998450279,1218464.24100000038743,616.124400000000605],[2641416.404180982150137,1218465.314740976318717,613.865009872555106],[2641416.454999326728284,1218464.900005480041727,616.105689835751377],[2641416.535999998450279,1218464.24100000038743,616.124400000000605]]]]}},
{"type":"Feature","properties":{"fid":83,"OBJECTID":1,"UUID":"{0241BDAF-FECA-476C-BB76-2B1614C5FEC1}","OBJEKTART":"Gebaeude Einzelhaus","NAME_KOMPLETT":null,"GEBAEUDE_NUTZUNG":null,"GRUND_AENDERUNG":"Verbessert","HERKUNFT":"swisstopo","HERKUNFT_JAHR":2024,"HERKUNFT_MONAT":6,"ORIGINAL_HERKUNFT":"swisstopo","ERSTELLUNG_JAHR":2024,"ERSTELLUNG_MONAT":6,"REVISION_JAHR":2024,"REVISION_MONAT":6,"DATUM_AENDERUNG":"2025-07-08T11:55:40Z","DATUM_ERSTELLUNG":"2025-07-08T11:55:40Z","DACH_MAX":571.05,"DACH_MIN":567.57,"EGID":187524,"GEBAEUDEEINHEIT":"{0161A195-33E8-41ED-A8F7-CD5593D4FBF9}","layer":"swissbuildings3d_3_0_2024_1129-33_2056_5728.gdb — swissBUILDINGS3D_3-0_1129-33.gdb/a0000000b.gdbtable","path":"/vsizip//Users/wulf/Downloads/swissbuildings3d_3_0_2024_1129-33_2056_5728.gdb.zip/swissBUILDINGS3D_3-0_1129-33.gdb/a0000000b.gdbtable|layername=Roof_solid"},"geometry":{"type":"MultiPolygon","coordinates":[[[[2641419.081000000238419,1218499.550999999046326,607.533400000000256],[2641408.013000000268221,1218497.787999998778105,607.533400000000256],[2641407.925504820886999,1218498.33538719965145,607.584183601226414],[2641403.719999998807907,1218497.66499999910593,607.298399999999674],[2641402.842999998480082,1218503.173000000417233,610.75109999999404],[2641401.969999998807907,1218508.649999998509884,606.705499999996391],[2641406.175535894930363,1218509.319433079333976,607.307156184897622],[2641406.083000000566244,1218509.899000000208616,607.333400000003166],[2641417.151000000536442,1218511.662999998778105,607.333400000003166],[2641418.11600000038743,1218505.605999998748302,611.457999999998719],[2641419.081000000238419,1218499.550999999046326,607.533400000000256]]]]}},
{"type":"Feature","properties":{"fid":84,"OBJECTID":1,"UUID":"{0241BDAF-FECA-476C-BB76-2B1614C5FEC1}","OBJEKTART":"Gebaeude Einzelhaus","NAME_KOMPLETT":null,"GEBAEUDE_NUTZUNG":null,"GRUND_AENDERUNG":"Verbessert","HERKUNFT":"swisstopo","HERKUNFT_JAHR":2024,"HERKUNFT_MONAT":6,"ORIGINAL_HERKUNFT":"swisstopo","ERSTELLUNG_JAHR":2024,"ERSTELLUNG_MONAT":6,"REVISION_JAHR":2024,"REVISION_MONAT":6,"DATUM_AENDERUNG":"2025-07-08T11:55:40Z","DATUM_ERSTELLUNG":"2025-07-08T11:55:40Z","DACH_MAX":571.05,"DACH_MIN":567.57,"EGID":187524,"GEBAEUDEEINHEIT":"{0161A195-33E8-41ED-A8F7-CD5593D4FBF9}","layer":"swissbuildings3d_3_0_2024_1129-33_2056_5728.gdb — swissBUILDINGS3D_3-0_1129-33.gdb/a0000000b.gdbtable","path":"/vsizip//Users/wulf/Downloads/swissbuildings3d_3_0_2024_1129-33_2056_5728.gdb.zip/swissBUILDINGS3D_3-0_1129-33.gdb/a0000000b.gdbtable|layername=Roof_solid"},"geometry":{"type":"MultiPolygon","coordinates":[[[[2641420.918999999761581,1218530.554000001400709,604.985700000004726],[2641417.261,1218530.037999998778105,608.124400000000605],[2641412.510000001639128,1218529.368000000715256,608.124400000000605],[2641408.853000000119209,1218528.850999999791384,604.985700000004726],[2641408.601066672708839,1218530.637376988306642,605.142650000001595],[2641403.86600000038743,1218529.969000000506639,605.299599999998463],[2641403.386,1218533.370000001043081,607.968399999997928],[2641402.688000001013279,1218538.324000000953674,608.168399999995017],[2641402.208000000566244,1218541.725999999791384,605.299700000003213],[2641406.941776216961443,1218542.394297817721963,605.41035909794914],[2641406.752999998629093,1218543.734000001102686,605.185700000001816],[2641410.410999998450279,1218544.25,608.324299999992945],[2641415.162999998778105,1218544.920000001788139,608.324299999992945],[2641418.820000000298023,1218545.436000000685453,605.185700000001816],[2641419.344999998807907,1218541.715999998152256,605.135699999998906],[2641419.870000001043081,1218537.995000001043081,605.035699999993085],[2641420.374000001698732,1218534.420000001788139,605.135699999998906],[2641420.918999999761581,1218530.554000001400709,604.985700000004726]]]]}},
{"type":"Feature","properties":{"fid":85,"OBJECTID":1,"UUID":"{0241BDAF-FECA-476C-BB76-2B1614C5FEC1}","OBJEKTART":"Gebaeude Einzelhaus","NAME_KOMPLETT":null,"GEBAEUDE_NUTZUNG":null,"GRUND_AENDERUNG":"Verbessert","HERKUNFT":"swisstopo","HERKUNFT_JAHR":2024,"HERKUNFT_MONAT":6,"ORIGINAL_HERKUNFT":"swisstopo","ERSTELLUNG_JAHR":2024,"ERSTELLUNG_MONAT":6,"REVISION_JAHR":2024,"REVISION_MONAT":6,"DATUM_AENDERUNG":"2025-07-08T11:55:40Z","DATUM_ERSTELLUNG":"2025-07-08T11:55:40Z","DACH_MAX":571.05,"DACH_MIN":567.57,"EGID":187524,"GEBAEUDEEINHEIT":"{0161A195-33E8-41ED-A8F7-CD5593D4FBF9}","layer":"swissbuildings3d_3_0_2024_1129-33_2056_5728.gdb — swissBUILDINGS3D_3-0_1129-33.gdb/a0000000b.gdbtable","path":"/vsizip//Users/wulf/Downloads/swissbuildings3d_3_0_2024_1129-33_2056_5728.gdb.zip/swissBUILDINGS3D_3-0_1129-33.gdb/a0000000b.gdbtable|layername=Roof_solid"},"geometry":{"type":"MultiPolygon","coordinates":[[[[2641407.276940505485982,1218570.771433474728838,603.557373978669375],[2641407.363000001758337,1218570.250999998301268,603.040900000007241],[2641398.804000001400709,1218568.837999999523163,603.040900000007241],[2641399.024000000208616,1218567.508000001311302,602.745899999994435],[2641392.83500000089407,1218566.486000001430511,602.546000000002095],[2641391.138999998569489,1218576.769000001251698,605.021699999997509],[2641390.403999999165535,1218581.221000000834465,602.860000000000582],[2641401.737753651570529,1218583.092997369356453,603.696732097621407],[2641401.660000000149012,1218583.563999999314547,605.558699999994133],[2641401.364999998360872,1218585.350999999791384,604.864700000005541],[2641407.739,1218586.403000000864267,604.864700000005541],[2641411.079,1218584.46000000089407,606.010599999994156],[2641411.857999999076128,1218579.739,608.239400000005844],[2641413.177999999374151,1218571.745999999344349,604.158800000004703],[2641407.276940505485982,1218570.771433474728838,603.557373978669375]],[[2641402.545000001788139,1218578.203000001609325,608.239400000005844],[2641402.534648697357625,1218578.265704344725236,606.45978158719322],[2641402.850999999791384,1218576.344999998807907,604.513800000000629],[2641402.545000001788139,1218578.203000001609325,608.239400000005844]]]]}},
{"type":"Feature","properties":{"fid":86,"OBJECTID":1,"UUID":"{0241BDAF-FECA-476C-BB76-2B1614C5FEC1}","OBJEKTART":"Gebaeude Einzelhaus","NAME_KOMPLETT":null,"GEBAEUDE_NUTZUNG":null,"GRUND_AENDERUNG":"Verbessert","HERKUNFT":"swisstopo","HERKUNFT_JAHR":2024,"HERKUNFT_MONAT":6,"ORIGINAL_HERKUNFT":"swisstopo","ERSTELLUNG_JAHR":2024,"ERSTELLUNG_MONAT":6,"REVISION_JAHR":2024,"REVISION_MONAT":6,"DATUM_AENDERUNG":"2025-07-08T11:55:40Z","DATUM_ERSTELLUNG":"2025-07-08T11:55:40Z","DACH_MAX":571.05,"DACH_MIN":567.57,"EGID":187524,"GEBAEUDEEINHEIT":"{0161A195-33E8-41ED-A8F7-CD5593D4FBF9}","layer":"swissbuildings3d_3_0_2024_1129-33_2056_5728.gdb — swissBUILDINGS3D_3-0_1129-33.gdb/a0000000b.gdbtable","path":"/vsizip//Users/wulf/Downloads/swissbuildings3d_3_0_2024_1129-33_2056_5728.gdb.zip/swissBUILDINGS3D_3-0_1129-33.gdb/a0000000b.gdbtable|layername=Roof_solid"},"geometry":{"type":"MultiPolygon","coordinates":[[[[2641410.489,1218611.486000001430511,602.525999999998021],[2641411.449000000953674,1218605.374000001698732,604.801800000001094],[2641412.372999999672174,1218599.480000000447035,602.725999999995111],[2641398.636,1218597.324000000953674,602.725999999995111],[2641397.710999999195337,1218603.217999998480082,605.001799999998184],[2641396.750999998301268,1218609.329999998211861,602.525999999998021],[2641410.489,1218611.486000001430511,602.525999999998021]]]]}},
{"type":"Feature","properties":{"fid":87,"OBJECTID":1,"UUID":"{0241BDAF-FECA-476C-BB76-2B1614C5FEC1}","OBJEKTART":"Gebaeude Einzelhaus","NAME_KOMPLETT":null,"GEBAEUDE_NUTZUNG":null,"GRUND_AENDERUNG":"Verbessert","HERKUNFT":"swisstopo","HERKUNFT_JAHR":2024,"HERKUNFT_MONAT":6,"ORIGINAL_HERKUNFT":"swisstopo","ERSTELLUNG_JAHR":2024,"ERSTELLUNG_MONAT":6,"REVISION_JAHR":2024,"REVISION_MONAT":6,"DATUM_AENDERUNG":"2025-07-08T11:55:40Z","DATUM_ERSTELLUNG":"2025-07-08T11:55:40Z","DACH_MAX":571.05,"DACH_MIN":567.57,"EGID":187524,"GEBAEUDEEINHEIT":"{0161A195-33E8-41ED-A8F7-CD5593D4FBF9}","layer":"swissbuildings3d_3_0_2024_1129-33_2056_5728.gdb — swissBUILDINGS3D_3-0_1129-33.gdb/a0000000b.gdbtable","path":"/vsizip//Users/wulf/Downloads/swissbuildings3d_3_0_2024_1129-33_2056_5728.gdb.zip/swissBUILDINGS3D_3-0_1129-33.gdb/a0000000b.gdbtable|layername=Roof_solid"},"geometry":{"type":"MultiPolygon","coordinates":[[[[2641405.107999999076128,1218636.508000001311302,603.630900000003749],[2641405.151000000536442,1218636.065999999642372,603.630900000003749],[2641405.679000001400709,1218634.629000000655651,603.630900000003749],[2641406.546999998390675,1218633.370000001043081,603.630900000003749],[2641407.703000001609325,1218632.361000001430511,603.630900000003749],[2641409.070999998599291,1218631.675000000745058,603.630900000003749],[2641409.80799999833107,1218631.515000000596046,603.430900000006659],[2641410.568,1218631.350000001490116,603.630900000003749],[2641412.098000001162291,1218631.407999999821186,603.630900000003749],[2641413.565000001341105,1218631.844000000506639,603.630900000003749],[2641414.537999998778105,1218632.427000001072884,603.630900000003749],[2641414.879000000655651,1218632.631000000983477,603.630900000003749],[2641415.954999998211861,1218633.721000000834465,603.630900000003749],[2641416.725999999791384,1218635.043999999761581,603.630900000003749],[2641417.144000001251698,1218636.515999998897314,603.430900000006659],[2641417.109999999403954,1218638.364999998360872,603.630900000003749],[2641421.220806728582829,1218638.936486557824537,605.062523115038175],[2641421.219000000506639,1218639.0,607.265499999994063],[2641423.506000000983477,1218639.352000001817942,606.206600000004983],[2641425.979323260020465,1218639.73200353467837,605.297516909604155],[2641426.464249852579087,1218639.807488391175866,605.081561790488877],[2641427.008166473824531,1218639.892155779292807,604.813780559334418],[2641430.36600000038743,1218640.416000001132488,603.430900000006659],[2641430.504999998956919,1218635.545000001788139,603.430900000006659],[2641429.425999999046326,1218630.780000001192093,603.430900000006659],[2641427.195000000298023,1218626.43299999833107,603.630900000003749],[2641423.954,1218622.776000000536442,603.430900000006659],[2641419.905000001192093,1218620.043000001460314,603.630900000003749],[2641415.302999999374151,1218618.399999998509884,603.430900000006659],[2641410.438000001013279,1218617.954,603.630900000003749],[2641405.614,1218618.732999999076128,603.630900000003749],[2641401.135000001639128,1218620.684999998658895,603.630900000003749],[2641397.282999999821186,1218623.690999999642372,603.630900000003749],[2641394.2989999987185,1218627.559999998658895,603.630900000003749],[2641392.370999999344349,1218632.050000000745058,603.430900000006659],[2641391.993999999016523,1218634.478000000119209,603.630900000003749],[2641400.134005109313875,1218635.737965538399294,605.615922466325401],[2641400.13399999961257,1218635.738000001758337,604.520799999998417],[2641405.107999999076128,1218636.508000001311302,603.630900000003749]],[[2641410.407167908269912,1218627.263168242760003,605.519069582002203],[2641410.340999998152256,1218627.274000000208616,604.315799999996671],[2641408.214999999850988,1218627.618000000715256,604.519799999994575],[2641410.407167908269912,1218627.263168242760003,605.519069582002203]],[[2641401.26799999922514,1218634.614999998360872,604.519799999994575],[2641402.278000000864267,1218632.256000000983477,607.265499999994063],[2641402.11600000038743,1218632.635000001639128,604.315799999996671],[2641401.26799999922514,1218634.614999998360872,604.519799999994575]],[[2641403.638408679049462,1218630.489641892025247,605.790613483479092],[2641403.592000000178814,1218630.550000000745058,604.316800000000512],[2641402.278000000864267,1218632.256000000983477,607.265499999994063],[2641403.638408679049462,1218630.489641892025247,605.790613483479092]],[[2641405.68615198507905,1218628.783952011261135,605.698523600842236],[2641405.541000001132488,1218628.897999998182058,604.315799999996671],[2641403.842999998480082,1218630.223999999463558,607.265499999994063],[2641405.68615198507905,1218628.783952011261135,605.698523600842236]],[[2641401.236000001430511,1218634.822999998927116,604.513800000000629],[2641401.211999960709363,1218634.977285974426195,605.631505541599381],[2641401.238517926074564,1218634.805730966152623,606.478083160655956],[2641401.238691611215472,1218634.804607328260317,605.490660835987001],[2641401.236000001430511,1218634.822999998927116,604.513800000000629]],[[2641410.747999999672174,1218627.208000000566244,607.265499999994063],[2641412.985955859534442,1218627.411211648723111,605.823003894855674],[2641412.89299999922514,1218627.403000000864267,604.315799999996671],[2641410.747999999672174,1218627.208000000566244,607.265499999994063]],[[2641417.637834035791457,1218629.595167846651748,605.689849359937739],[2641417.504000000655651,1218629.504999998956919,604.315799999996671],[2641415.719000000506639,1218628.300000000745058,604.519799999994575],[2641417.637834035791457,1218629.595167846651748,605.689849359937739]],[[2641419.5489999987185,1218631.653000000864267,607.265499999994063],[2641419.276000000536442,1218631.346000000834465,604.315799999996671],[2641417.844999998807907,1218629.734999999403954,604.518800000005285],[2641419.5489999987185,1218631.653000000864267,607.265499999994063]],[[2641420.590780773200095,1218633.681450275005773,605.734480048007867],[2641420.532999999821186,1218633.568999998271465,604.315799999996671],[2641419.5489999987185,1218631.653000000864267,607.265499999994063],[2641420.590780773200095,1218633.681450275005773,605.734480048007867]]]]}},
{"type":"Feature","properties":{"fid":88,"OBJECTID":1,"UUID":"{0241BDAF-FECA-476C-BB76-2B1614C5FEC1}","OBJEKTART":"Gebaeude Einzelhaus","NAME_KOMPLETT":null,"GEBAEUDE_NUTZUNG":null,"GRUND_AENDERUNG":"Verbessert","HERKUNFT":"swisstopo","HERKUNFT_JAHR":2024,"HERKUNFT_MONAT":6,"ORIGINAL_HERKUNFT":"swisstopo","ERSTELLUNG_JAHR":2024,"ERSTELLUNG_MONAT":6,"REVISION_JAHR":2024,"REVISION_MONAT":6,"DATUM_AENDERUNG":"2025-07-08T11:55:40Z","DATUM_ERSTELLUNG":"2025-07-08T11:55:40Z","DACH_MAX":571.05,"DACH_MIN":567.57,"EGID":187524,"GEBAEUDEEINHEIT":"{0161A195-33E8-41ED-A8F7-CD5593D4FBF9}","layer":"swissbuildings3d_3_0_2024_1129-33_2056_5728.gdb — swissBUILDINGS3D_3-0_1129-33.gdb/a0000000b.gdbtable","path":"/vsizip//Users/wulf/Downloads/swissbuildings3d_3_0_2024_1129-33_2056_5728.gdb.zip/swissBUILDINGS3D_3-0_1129-33.gdb/a0000000b.gdbtable|layername=Roof_solid"},"geometry":{"type":"MultiPolygon","coordinates":[[[[2641414.035999998450279,1218717.556000001728535,593.861999999993714],[2641414.559999998658895,1218711.732999999076128,598.335500000001048],[2641415.278000000864267,1218703.758000001311302,594.175900000002002],[2641404.905000001192093,1218702.824999999254942,594.176000000006752],[2641404.188000001013279,1218710.800000000745058,598.135599999994156],[2641403.664000000804663,1218716.624000001698732,593.861999999993714],[2641414.035999998450279,1218717.556000001728535,593.861999999993714]]]]}},
{"type":"Feature","properties":{"fid":89,"OBJECTID":1,"UUID":"{0241BDAF-FECA-476C-BB76-2B1614C5FEC1}","OBJEKTART":"Gebaeude Einzelhaus","NAME_KOMPLETT":null,"GEBAEUDE_NUTZUNG":null,"GRUND_AENDERUNG":"Verbessert","HERKUNFT":"swisstopo","HERKUNFT_JAHR":2024,"HERKUNFT_MONAT":6,"ORIGINAL_HERKUNFT":"swisstopo","ERSTELLUNG_JAHR":2024,"ERSTELLUNG_MONAT":6,"REVISION_JAHR":2024,"REVISION_MONAT":6,"DATUM_AENDERUNG":"2025-07-08T11:55:40Z","DATUM_ERSTELLUNG":"2025-07-08T11:55:40Z","DACH_MAX":571.05,"DACH_MIN":567.57,"EGID":187524,"GEBAEUDEEINHEIT":"{0161A195-33E8-41ED-A8F7-CD5593D4FBF9}","layer":"swissbuildings3d_3_0_2024_1129-33_2056_5728.gdb — swissBUILDINGS3D_3-0_1129-33.gdb/a0000000b.gdbtable","path":"/vsizip//Users/wulf/Downloads/swissbuildings3d_3_0_2024_1129-33_2056_5728.gdb.zip/swissBUILDINGS3D_3-0_1129-33.gdb/a0000000b.gdbtable|layername=Roof_solid"},"geometry":{"type":"MultiPolygon","coordinates":[[[[2641428.438999999314547,1218381.772999998182058,628.502099999997881],[2641438.793000001460314,1218382.318999998271465,628.60109999999986],[2641439.55799999833107,1218367.820999998599291,628.801000000006752],[2641429.203000001609325,1218367.274999998509884,628.502099999997881],[2641428.438999999314547,1218381.772999998182058,628.502099999997881]]]]}},
{"type":"Feature","properties":{"fid":90,"OBJECTID":1,"UUID":"{0241BDAF-FECA-476C-BB76-2B1614C5FEC1}","OBJEKTART":"Gebaeude Einzelhaus","NAME_KOMPLETT":null,"GEBAEUDE_NUTZUNG":null,"GRUND_AENDERUNG":"Verbessert","HERKUNFT":"swisstopo","HERKUNFT_JAHR":2024,"HERKUNFT_MONAT":6,"ORIGINAL_HERKUNFT":"swisstopo","ERSTELLUNG_JAHR":2024,"ERSTELLUNG_MONAT":6,"REVISION_JAHR":2024,"REVISION_MONAT":6,"DATUM_AENDERUNG":"2025-07-08T11:55:40Z","DATUM_ERSTELLUNG":"2025-07-08T11:55:40Z","DACH_MAX":571.05,"DACH_MIN":567.57,"EGID":187524,"GEBAEUDEEINHEIT":"{0161A195-33E8-41ED-A8F7-CD5593D4FBF9}","layer":"swissbuildings3d_3_0_2024_1129-33_2056_5728.gdb — swissBUILDINGS3D_3-0_1129-33.gdb/a0000000b.gdbtable","path":"/vsizip//Users/wulf/Downloads/swissbuildings3d_3_0_2024_1129-33_2056_5728.gdb.zip/swissBUILDINGS3D_3-0_1129-33.gdb/a0000000b.gdbtable|layername=Roof_solid"},"geometry":{"type":"MultiPolygon","coordinates":[[[[2641441.125999635551125,1218460.890999978873879,612.700049934812796],[2641440.960109785199165,1218460.881876593688503,612.602894307732868],[2641434.943,1218460.550000000745058,612.568799999993644],[2641434.748097500298172,1218464.088188122725114,614.00670271007084],[2641434.199000000953674,1218464.05799999833107,615.585500000001048],[2641433.524999998509884,1218464.021000001579523,615.435500000006869],[2641433.361000001430511,1218467.015999998897314,615.452499999999418],[2641429.493000000715256,1218466.802999999374151,615.602499999993597],[2641428.219999998807907,1218466.732999999076128,615.602499999993597],[2641428.203000001609325,1218466.73200000077486,615.652499999996508],[2641427.756999999284744,1218474.846000000834465,615.700500000006286],[2641439.379000000655651,1218475.486000001430511,615.700500000006286],[2641439.50570945860818,1218473.186757303774357,614.103166006135666],[2641440.519000001251698,1218473.243000000715256,612.703800000002957],[2641441.199000000953674,1218460.894999999552965,612.568799999993644],[2641441.125999635551125,1218460.890999978873879,612.700049934812796]]]]}},
{"type":"Feature","properties":{"fid":91,"OBJECTID":1,"UUID":"{0241BDAF-FECA-476C-BB76-2B1614C5FEC1}","OBJEKTART":"Gebaeude Einzelhaus","NAME_KOMPLETT":null,"GEBAEUDE_NUTZUNG":null,"GRUND_AENDERUNG":"Verbessert","HERKUNFT":"swisstopo","HERKUNFT_JAHR":2024,"HERKUNFT_MONAT":6,"ORIGINAL_HERKUNFT":"swisstopo","ERSTELLUNG_JAHR":2024,"ERSTELLUNG_MONAT":6,"REVISION_JAHR":2024,"REVISION_MONAT":6,"DATUM_AENDERUNG":"2025-07-08T11:55:40Z","DATUM_ERSTELLUNG":"2025-07-08T11:55:40Z","DACH_MAX":571.05,"DACH_MIN":567.57,"EGID":187524,"GEBAEUDEEINHEIT":"{0161A195-33E8-41ED-A8F7-CD5593D4FBF9}","layer":"swissbuildings3d_3_0_2024_1129-33_2056_5728.gdb — swissBUILDINGS3D_3-0_1129-33.gdb/a0000000b.gdbtable","path":"/vsizip//Users/wulf/Downloads/swissbuildings3d_3_0_2024_1129-33_2056_5728.gdb.zip/swissBUILDINGS3D_3-0_1129-33.gdb/a0000000b.gdbtable|layername=Roof_solid"},"geometry":{"type":"MultiPolygon","coordinates":[[[[2641433.532999999821186,1218511.429999999701977,612.12390000000596],[2641440.109000001102686,1218512.484000001102686,607.729399999996531],[2641442.239,1218499.204,607.729300000006333],[2641435.662999998778105,1218498.149000000208616,611.923899999994319],[2641429.085999999195337,1218497.094000000506639,607.729300000006333],[2641426.956000000238419,1218510.375,607.729399999996531],[2641433.532999999821186,1218511.429999999701977,612.12390000000596]]]]}},
{"type":"Feature","properties":{"fid":92,"OBJECTID":1,"UUID":"{0241BDAF-FECA-476C-BB76-2B1614C5FEC1}","OBJEKTART":"Gebaeude Einzelhaus","NAME_KOMPLETT":null,"GEBAEUDE_NUTZUNG":null,"GRUND_AENDERUNG":"Verbessert","HERKUNFT":"swisstopo","HERKUNFT_JAHR":2024,"HERKUNFT_MONAT":6,"ORIGINAL_HERKUNFT":"swisstopo","ERSTELLUNG_JAHR":2024,"ERSTELLUNG_MONAT":6,"REVISION_JAHR":2024,"REVISION_MONAT":6,"DATUM_AENDERUNG":"2025-07-08T11:55:40Z","DATUM_ERSTELLUNG":"2025-07-08T11:55:40Z","DACH_MAX":571.05,"DACH_MIN":567.57,"EGID":187524,"GEBAEUDEEINHEIT":"{0161A195-33E8-41ED-A8F7-CD5593D4FBF9}","layer":"swissbuildings3d_3_0_2024_1129-33_2056_5728.gdb — swissBUILDINGS3D_3-0_1129-33.gdb/a0000000b.gdbtable","path":"/vsizip//Users/wulf/Downloads/swissbuildings3d_3_0_2024_1129-33_2056_5728.gdb.zip/swissBUILDINGS3D_3-0_1129-33.gdb/a0000000b.gdbtable|layername=Roof_solid"},"geometry":{"type":"MultiPolygon","coordinates":[[[[2641424.350000001490116,1218581.824999999254942,603.37390000000596],[2641428.289000000804663,1218582.475999999791384,607.061499999996158],[2641432.228000000119209,1218583.125999998301268,603.37390000000596],[2641432.299212532117963,1218582.694732912583277,602.281215834222735],[2641436.945000000298023,1218583.4239999987185,601.642099999997299],[2641440.744956969283521,1218584.020580274984241,602.448239279832023],[2641440.587999999523163,1218584.971000000834465,603.609899999995832],[2641443.712999999523163,1218585.486000001430511,606.278600000005099],[2641446.627999998629093,1218585.967999998480082,606.278600000005099],[2641449.750999998301268,1218586.484000001102686,603.409899999998743],[2641451.831000000238419,1218573.888999998569489,603.609800000005635],[2641448.706000000238419,1218573.372999999672174,606.278600000005099],[2641445.793000001460314,1218572.890999998897314,606.078599999993457],[2641442.668000001460314,1218572.375999998301268,603.409899999998743],[2641442.403251552022994,1218573.979128227103502,602.538678290820599],[2641438.604974740650505,1218573.383152944967151,601.742115026634792],[2641438.605000000447035,1218573.383000001311302,601.842000000004191],[2641433.956999998539686,1218572.653000000864267,601.842000000004191],[2641438.605999998748302,1218573.383000001311302,600.367199999993318],[2641438.868000000715256,1218571.791999999433756,600.167199999996228],[2641434.224990552291274,1218571.026059845229611,601.770445009302421],[2641434.225000001490116,1218571.026000000536442,603.173899999994319],[2641430.285999998450279,1218570.375999998301268,606.861499999999069],[2641426.348000001162291,1218569.725999999791384,603.37390000000596],[2641424.350000001490116,1218581.824999999254942,603.37390000000596]],[[2641433.394000001251698,1218576.063999999314547,601.642099999997299],[2641434.215999998152256,1218571.083000000566244,603.37390000000596],[2641433.956999998539686,1218572.653000000864267,601.842000000004191],[2641433.394000001251698,1218576.063999999314547,601.642099999997299]]]]}},
{"type":"Feature","properties":{"fid":93,"OBJECTID":1,"UUID":"{0241BDAF-FECA-476C-BB76-2B1614C5FEC1}","OBJEKTART":"Gebaeude Einzelhaus","NAME_KOMPLETT":null,"GEBAEUDE_NUTZUNG":null,"GRUND_AENDERUNG":"Verbessert","HERKUNFT":"swisstopo","HERKUNFT_JAHR":2024,"HERKUNFT_MONAT":6,"ORIGINAL_HERKUNFT":"swisstopo","ERSTELLUNG_JAHR":2024,"ERSTELLUNG_MONAT":6,"REVISION_JAHR":2024,"REVISION_MONAT":6,"DATUM_AENDERUNG":"2025-07-08T11:55:40Z","DATUM_ERSTELLUNG":"2025-07-08T11:55:40Z","DACH_MAX":571.05,"DACH_MIN":567.57,"EGID":187524,"GEBAEUDEEINHEIT":"{0161A195-33E8-41ED-A8F7-CD5593D4FBF9}","layer":"swissbuildings3d_3_0_2024_1129-33_2056_5728.gdb — swissBUILDINGS3D_3-0_1129-33.gdb/a0000000b.gdbtable","path":"/vsizip//Users/wulf/Downloads/swissbuildings3d_3_0_2024_1129-33_2056_5728.gdb.zip/swissBUILDINGS3D_3-0_1129-33.gdb/a0000000b.gdbtable|layername=Roof_solid"},"geometry":{"type":"MultiPolygon","coordinates":[[[[2641434.754999998956919,1218610.008000001311302,600.800199999997858],[2641434.755164246074855,1218610.006952926749364,602.530620190146465],[2641444.175000000745058,1218611.484999999403954,604.060800000006566],[2641444.839184573851526,1218607.253871703753248,604.029636348894314],[2641444.839999999850988,1218607.254000000655651,603.154899999994086],[2641445.813000001013279,1218601.059000000357628,601.94100000000617],[2641432.798000000417233,1218599.015999998897314,601.741099999999278],[2641432.74100000038743,1218599.377999998629093,601.974000000001979],[2641432.620000001043081,1218600.147999998182058,602.048999999999069],[2641432.601952007506043,1218600.262992467964068,600.546682962420618],[2641428.300999999046326,1218599.587999999523163,598.916400000001886],[2641427.619074895977974,1218603.935979593312368,600.743149999994785],[2641426.912999998778105,1218603.824999999254942,602.369999999995343],[2641426.153999999165535,1218608.657999999821186,601.000199999994948],[2641434.754999998956919,1218610.008000001311302,600.800199999997858]],[[2641438.258012672420591,1218604.512501987861469,603.852284668091102],[2641432.086593692190945,1218603.544093161122873,603.577221998804362],[2641432.544508477207273,1218600.628992896992713,599.841264979217726],[2641432.087000001221895,1218603.543999999761581,602.774999999994179],[2641438.258012672420591,1218604.512501987861469,603.852284668091102]]]]}},
{"type":"Feature","properties":{"fid":94,"OBJECTID":1,"UUID":"{0241BDAF-FECA-476C-BB76-2B1614C5FEC1}","OBJEKTART":"Gebaeude Einzelhaus","NAME_KOMPLETT":null,"GEBAEUDE_NUTZUNG":null,"GRUND_AENDERUNG":"Verbessert","HERKUNFT":"swisstopo","HERKUNFT_JAHR":2024,"HERKUNFT_MONAT":6,"ORIGINAL_HERKUNFT":"swisstopo","ERSTELLUNG_JAHR":2024,"ERSTELLUNG_MONAT":6,"REVISION_JAHR":2024,"REVISION_MONAT":6,"DATUM_AENDERUNG":"2025-07-08T11:55:40Z","DATUM_ERSTELLUNG":"2025-07-08T11:55:40Z","DACH_MAX":571.05,"DACH_MIN":567.57,"EGID":187524,"GEBAEUDEEINHEIT":"{0161A195-33E8-41ED-A8F7-CD5593D4FBF9}","layer":"swissbuildings3d_3_0_2024_1129-33_2056_5728.gdb — swissBUILDINGS3D_3-0_1129-33.gdb/a0000000b.gdbtable","path":"/vsizip//Users/wulf/Downloads/swissbuildings3d_3_0_2024_1129-33_2056_5728.gdb.zip/swissBUILDINGS3D_3-0_1129-33.gdb/a0000000b.gdbtable|layername=Roof_solid"},"geometry":{"type":"MultiPolygon","coordinates":[[[[2641421.704999998211861,1218685.644000001251698,593.156000000002678],[2641416.127999998629093,1218685.383000001311302,596.844700000001467],[2641410.421,1218685.114999998360872,593.156000000002678],[2641409.88399999961257,1218696.589999999850988,593.156000000002678],[2641415.589999999850988,1218696.857999999076128,596.644700000004377],[2641421.166000001132488,1218697.118999999016523,592.956099999995786],[2641421.704999998211861,1218685.644000001251698,593.156000000002678]]]]}},
{"type":"Feature","properties":{"fid":95,"OBJECTID":1,"UUID":"{0241BDAF-FECA-476C-BB76-2B1614C5FEC1}","OBJEKTART":"Gebaeude Einzelhaus","NAME_KOMPLETT":null,"GEBAEUDE_NUTZUNG":null,"GRUND_AENDERUNG":"Verbessert","HERKUNFT":"swisstopo","HERKUNFT_JAHR":2024,"HERKUNFT_MONAT":6,"ORIGINAL_HERKUNFT":"swisstopo","ERSTELLUNG_JAHR":2024,"ERSTELLUNG_MONAT":6,"REVISION_JAHR":2024,"REVISION_MONAT":6,"DATUM_AENDERUNG":"2025-07-08T11:55:40Z","DATUM_ERSTELLUNG":"2025-07-08T11:55:40Z","DACH_MAX":571.05,"DACH_MIN":567.57,"EGID":187524,"GEBAEUDEEINHEIT":"{0161A195-33E8-41ED-A8F7-CD5593D4FBF9}","layer":"swissbuildings3d_3_0_2024_1129-33_2056_5728.gdb — swissBUILDINGS3D_3-0_1129-33.gdb/a0000000b.gdbtable","path":"/vsizip//Users/wulf/Downloads/swissbuildings3d_3_0_2024_1129-33_2056_5728.gdb.zip/swissBUILDINGS3D_3-0_1129-33.gdb/a0000000b.gdbtable|layername=Roof_solid"},"geometry":{"type":"MultiPolygon","coordinates":[[[[2641433.282003504689783,1218710.180429412052035,587.817606495450264],[2641433.359999999403954,1218709.006999999284744,587.459600000001956],[2641433.583999998867512,1218705.638999998569489,586.510699999998906],[2641426.177999999374151,1218705.146000001579523,586.510699999998906],[2641425.730000000447035,1218711.885000001639128,588.708499999993364],[2641425.254000000655651,1218719.043000001460314,585.726800000004005],[2641432.660000000149012,1218719.535000000149012,585.526800000006915],[2641433.136,1218712.375999998301268,588.508499999996275],[2641433.210999999195337,1218711.252999998629093,588.342499999998836],[2641433.282003504689783,1218710.180429412052035,587.817606495450264]]]]}},
{"type":"Feature","properties":{"fid":96,"OBJECTID":1,"UUID":"{0241BDAF-FECA-476C-BB76-2B1614C5FEC1}","OBJEKTART":"Gebaeude Einzelhaus","NAME_KOMPLETT":null,"GEBAEUDE_NUTZUNG":null,"GRUND_AENDERUNG":"Verbessert","HERKUNFT":"swisstopo","HERKUNFT_JAHR":2024,"HERKUNFT_MONAT":6,"ORIGINAL_HERKUNFT":"swisstopo","ERSTELLUNG_JAHR":2024,"ERSTELLUNG_MONAT":6,"REVISION_JAHR":2024,"REVISION_MONAT":6,"DATUM_AENDERUNG":"2025-07-08T11:55:40Z","DATUM_ERSTELLUNG":"2025-07-08T11:55:40Z","DACH_MAX":571.05,"DACH_MIN":567.57,"EGID":187524,"GEBAEUDEEINHEIT":"{0161A195-33E8-41ED-A8F7-CD5593D4FBF9}","layer":"swissbuildings3d_3_0_2024_1129-33_2056_5728.gdb — swissBUILDINGS3D_3-0_1129-33.gdb/a0000000b.gdbtable","path":"/vsizip//Users/wulf/Downloads/swissbuildings3d_3_0_2024_1129-33_2056_5728.gdb.zip/swissBUILDINGS3D_3-0_1129-33.gdb/a0000000b.gdbtable|layername=Roof_solid"},"geometry":{"type":"MultiPolygon","coordinates":[[[[2641420.412999998778105,1218770.785000000149012,582.074200000002747],[2641430.467999998480082,1218772.346999999135733,582.074200000002747],[2641431.425000000745058,1218766.18299999833107,584.672999999995227],[2641432.353000000119209,1218760.21000000089407,581.98420000000624],[2641422.298000000417233,1218758.647999998182058,581.98420000000624],[2641421.370000001043081,1218764.620999999344349,584.672999999995227],[2641420.412999998778105,1218770.785000000149012,582.074200000002747]]]]}},
{"type":"Feature","properties":{"fid":97,"OBJECTID":1,"UUID":"{0241BDAF-FECA-476C-BB76-2B1614C5FEC1}","OBJEKTART":"Gebaeude Einzelhaus","NAME_KOMPLETT":null,"GEBAEUDE_NUTZUNG":null,"GRUND_AENDERUNG":"Verbessert","HERKUNFT":"swisstopo","HERKUNFT_JAHR":2024,"HERKUNFT_MONAT":6,"ORIGINAL_HERKUNFT":"swisstopo","ERSTELLUNG_JAHR":2024,"ERSTELLUNG_MONAT":6,"REVISION_JAHR":2024,"REVISION_MONAT":6,"DATUM_AENDERUNG":"2025-07-08T11:55:40Z","DATUM_ERSTELLUNG":"2025-07-08T11:55:40Z","DACH_MAX":571.05,"DACH_MIN":567.57,"EGID":187524,"GEBAEUDEEINHEIT":"{0161A195-33E8-41ED-A8F7-CD5593D4FBF9}","layer":"swissbuildings3d_3_0_2024_1129-33_2056_5728.gdb — swissBUILDINGS3D_3-0_1129-33.gdb/a0000000b.gdbtable","path":"/vsizip//Users/wulf/Downloads/swissbuildings3d_3_0_2024_1129-33_2056_5728.gdb.zip/swissBUILDINGS3D_3-0_1129-33.gdb/a0000000b.gdbtable|layername=Roof_solid"},"geometry":{"type":"MultiPolygon","coordinates":[[[[2641424.159000001847744,1218808.245999999344349,568.773600000000442],[2641420.010000001639128,1218820.08500000089407,568.773700000005192],[2641426.230000000447035,1218822.265999998897314,568.573699999993551],[2641430.379999998956919,1218810.425999999046326,568.573699999993551],[2641424.159000001847744,1218808.245999999344349,568.773600000000442]]]]}},
{"type":"Feature","properties":{"fid":98,"OBJECTID":1,"UUID":"{0241BDAF-FECA-476C-BB76-2B1614C5FEC1}","OBJEKTART":"Gebaeude Einzelhaus","NAME_KOMPLETT":null,"GEBAEUDE_NUTZUNG":null,"GRUND_AENDERUNG":"Verbessert","HERKUNFT":"swisstopo","HERKUNFT_JAHR":2024,"HERKUNFT_MONAT":6,"ORIGINAL_HERKUNFT":"swisstopo","ERSTELLUNG_JAHR":2024,"ERSTELLUNG_MONAT":6,"REVISION_JAHR":2024,"REVISION_MONAT":6,"DATUM_AENDERUNG":"2025-07-08T11:55:40Z","DATUM_ERSTELLUNG":"2025-07-08T11:55:40Z","DACH_MAX":571.05,"DACH_MIN":567.57,"EGID":187524,"GEBAEUDEEINHEIT":"{0161A195-33E8-41ED-A8F7-CD5593D4FBF9}","layer":"swissbuildings3d_3_0_2024_1129-33_2056_5728.gdb — swissBUILDINGS3D_3-0_1129-33.gdb/a0000000b.gdbtable","path":"/vsizip//Users/wulf/Downloads/swissbuildings3d_3_0_2024_1129-33_2056_5728.gdb.zip/swissBUILDINGS3D_3-0_1129-33.gdb/a0000000b.gdbtable|layername=Roof_solid"},"geometry":{"type":"MultiPolygon","coordinates":[[[[2641428.131000000983477,1218828.320000000298023,574.580100000006496],[2641426.706999998539686,1218832.614999998360872,574.380099999994854],[2641426.550000000745058,1218833.094999998807907,574.580100000006496],[2641421.818,1218847.359999999403954,574.580100000006496],[2641433.247999999672174,1218851.149999998509884,574.380099999994854],[2641436.635000001639128,1218840.932,574.380099999994854],[2641439.563000001013279,1218832.111000001430511,574.380099999994854],[2641428.131000000983477,1218828.320000000298023,574.580100000006496]]]]}},
{"type":"Feature","properties":{"fid":99,"OBJECTID":1,"UUID":"{0241BDAF-FECA-476C-BB76-2B1614C5FEC1}","OBJEKTART":"Gebaeude Einzelhaus","NAME_KOMPLETT":null,"GEBAEUDE_NUTZUNG":null,"GRUND_AENDERUNG":"Verbessert","HERKUNFT":"swisstopo","HERKUNFT_JAHR":2024,"HERKUNFT_MONAT":6,"ORIGINAL_HERKUNFT":"swisstopo","ERSTELLUNG_JAHR":2024,"ERSTELLUNG_MONAT":6,"REVISION_JAHR":2024,"REVISION_MONAT":6,"DATUM_AENDERUNG":"2025-07-08T11:55:40Z","DATUM_ERSTELLUNG":"2025-07-08T11:55:40Z","DACH_MAX":571.05,"DACH_MIN":567.57,"EGID":187524,"GEBAEUDEEINHEIT":"{0161A195-33E8-41ED-A8F7-CD5593D4FBF9}","layer":"swissbuildings3d_3_0_2024_1129-33_2056_5728.gdb — swissBUILDINGS3D_3-0_1129-33.gdb/a0000000b.gdbtable","path":"/vsizip//Users/wulf/Downloads/swissbuildings3d_3_0_2024_1129-33_2056_5728.gdb.zip/swissBUILDINGS3D_3-0_1129-33.gdb/a0000000b.gdbtable|layername=Roof_solid"},"geometry":{"type":"MultiPolygon","coordinates":[[[[2641450.031852856744081,1218407.15518123563379,623.277648635574451],[2641442.535999998450279,1218406.75,624.402499999996508],[2641442.353000000119209,1218410.16499999910593,625.92939999999362],[2641442.054000001400709,1218415.695999998599291,624.402499999996508],[2641454.708000000566244,1218416.379000000655651,624.202600000004168],[2641455.006000000983477,1218410.848999999463558,626.129400000005262],[2641455.137968080118299,1218408.399701142916456,623.521818272842552],[2641456.598000001162291,1218408.478999998420477,622.152799999996205],[2641457.107999999076128,1218399.035000000149012,622.152700000006007],[2641450.489999998360872,1218398.677999999374151,622.152700000006007],[2641450.031852856744081,1218407.15518123563379,623.277648635574451]]]]}},
{"type":"Feature","properties":{"fid":100,"OBJECTID":1,"UUID":"{0241BDAF-FECA-476C-BB76-2B1614C5FEC1}","OBJEKTART":"Gebaeude Einzelhaus","NAME_KOMPLETT":null,"GEBAEUDE_NUTZUNG":null,"GRUND_AENDERUNG":"Verbessert","HERKUNFT":"swisstopo","HERKUNFT_JAHR":2024,"HERKUNFT_MONAT":6,"ORIGINAL_HERKUNFT":"swisstopo","ERSTELLUNG_JAHR":2024,"ERSTELLUNG_MONAT":6,"REVISION_JAHR":2024,"REVISION_MONAT":6,"DATUM_AENDERUNG":"2025-07-08T11:55:40Z","DATUM_ERSTELLUNG":"2025-07-08T11:55:40Z","DACH_MAX":571.05,"DACH_MIN":567.57,"EGID":187524,"GEBAEUDEEINHEIT":"{0161A195-33E8-41ED-A8F7-CD5593D4FBF9}","layer":"swissbuildings3d_3_0_2024_1129-33_2056_5728.gdb — swissBUILDINGS3D_3-0_1129-33.gdb/a0000000b.gdbtable","path":"/vsizip//Users/wulf/Downloads/swissbuildings3d_3_0_2024_1129-33_2056_5728.gdb.zip/swissBUILDINGS3D_3-0_1129-33.gdb/a0000000b.gdbtable|layername=Roof_solid"},"geometry":{"type":"MultiPolygon","coordinates":[[[[2641440.572999998927116,1218442.756000000983477,618.855100000000675],[2641441.065000001341105,1218434.445999998599291,618.85910000000149],[2641427.359999999403954,1218433.63399999961257,618.85910000000149],[2641426.868000000715256,1218441.945000000298023,618.855100000000675],[2641440.572999998927116,1218442.756000000983477,618.855100000000675]]]]}},
{"type":"Feature","properties":{"fid":101,"OBJECTID":1,"UUID":"{0241BDAF-FECA-476C-BB76-2B1614C5FEC1}","OBJEKTART":"Gebaeude Einzelhaus","NAME_KOMPLETT":null,"GEBAEUDE_NUTZUNG":null,"GRUND_AENDERUNG":"Verbessert","HERKUNFT":"swisstopo","HERKUNFT_JAHR":2024,"HERKUNFT_MONAT":6,"ORIGINAL_HERKUNFT":"swisstopo","ERSTELLUNG_JAHR":2024,"ERSTELLUNG_MONAT":6,"REVISION_JAHR":2024,"REVISION_MONAT":6,"DATUM_AENDERUNG":"2025-07-08T11:55:40Z","DATUM_ERSTELLUNG":"2025-07-08T11:55:40Z","DACH_MAX":571.05,"DACH_MIN":567.57,"EGID":187524,"GEBAEUDEEINHEIT":"{0161A195-33E8-41ED-A8F7-CD5593D4FBF9}","layer":"swissbuildings3d_3_0_2024_1129-33_2056_5728.gdb — swissBUILDINGS3D_3-0_1129-33.gdb/a0000000b.gdbtable","path":"/vsizip//Users/wulf/Downloads/swissbuildings3d_3_0_2024_1129-33_2056_5728.gdb.zip/swissBUILDINGS3D_3-0_1129-33.gdb/a0000000b.gdbtable|layername=Roof_solid"},"geometry":{"type":"MultiPolygon","coordinates":[[[[2641437.934000000357628,1218534.743000000715256,607.84440000000177],[2641437.749000001698732,1218535.883000001311302,608.001399999993737],[2641437.239999998360872,1218539.024000000208616,608.799299999998766],[2641443.111000001430511,1218539.973999999463558,608.799299999998766],[2641442.999000001698732,1218540.668000001460314,609.186199999996461],[2641443.254999998956919,1218540.71000000089407,609.004300000000512],[2641443.989999998360872,1218540.828000001609325,608.986300000004121],[2641444.017000000923872,1218540.660999998450279,609.091199999995297],[2641444.048924895003438,1218540.463566436199471,609.06299779625715],[2641445.118999999016523,1218533.850999999791384,607.30439999999362],[2641444.489999998360872,1218533.749000001698732,607.254400000005262],[2641443.583237031940371,1218533.602882579900324,607.179400000000896],[2641438.258000001311302,1218532.74100000038743,607.104399999996531],[2641437.934000000357628,1218534.743000000715256,607.84440000000177]]]]}},
{"type":"Feature","properties":{"fid":102,"OBJECTID":1,"UUID":"{0241BDAF-FECA-476C-BB76-2B1614C5FEC1}","OBJEKTART":"Gebaeude Einzelhaus","NAME_KOMPLETT":null,"GEBAEUDE_NUTZUNG":null,"GRUND_AENDERUNG":"Verbessert","HERKUNFT":"swisstopo","HERKUNFT_JAHR":2024,"HERKUNFT_MONAT":6,"ORIGINAL_HERKUNFT":"swisstopo","ERSTELLUNG_JAHR":2024,"ERSTELLUNG_MONAT":6,"REVISION_JAHR":2024,"REVISION_MONAT":6,"DATUM_AENDERUNG":"2025-07-08T11:55:40Z","DATUM_ERSTELLUNG":"2025-07-08T11:55:40Z","DACH_MAX":571.05,"DACH_MIN":567.57,"EGID":187524,"GEBAEUDEEINHEIT":"{0161A195-33E8-41ED-A8F7-CD5593D4FBF9}","layer":"swissbuildings3d_3_0_2024_1129-33_2056_5728.gdb — swissBUILDINGS3D_3-0_1129-33.gdb/a0000000b.gdbtable","path":"/vsizip//Users/wulf/Downloads/swissbuildings3d_3_0_2024_1129-33_2056_5728.gdb.zip/swissBUILDINGS3D_3-0_1129-33.gdb/a0000000b.gdbtable|layername=Roof_solid"},"geometry":{"type":"MultiPolygon","coordinates":[[[[2641442.129999998956919,1218546.039000000804663,607.64539999999397],[2641443.111000001430511,1218539.973999999463558,608.799299999998766],[2641436.274000000208616,1218538.868000000715256,610.208100000003469],[2641435.291999999433756,1218544.932,607.64539999999397],[2641434.997999999672174,1218546.745999999344349,606.922500000000582],[2641434.964999999850988,1218546.953000001609325,606.990499999999884],[2641441.802999999374151,1218548.059999998658895,606.990499999999884],[2641441.848999999463558,1218547.778999999165535,607.052500000005239],[2641442.129999998956919,1218546.039000000804663,607.64539999999397]]]]}},
{"type":"Feature","properties":{"fid":103,"OBJECTID":1,"UUID":"{0241BDAF-FECA-476C-BB76-2B1614C5FEC1}","OBJEKTART":"Gebaeude Einzelhaus","NAME_KOMPLETT":null,"GEBAEUDE_NUTZUNG":null,"GRUND_AENDERUNG":"Verbessert","HERKUNFT":"swisstopo","HERKUNFT_JAHR":2024,"HERKUNFT_MONAT":6,"ORIGINAL_HERKUNFT":"swisstopo","ERSTELLUNG_JAHR":2024,"ERSTELLUNG_MONAT":6,"REVISION_JAHR":2024,"REVISION_MONAT":6,"DATUM_AENDERUNG":"2025-07-08T11:55:40Z","DATUM_ERSTELLUNG":"2025-07-08T11:55:40Z","DACH_MAX":571.05,"DACH_MIN":567.57,"EGID":187524,"GEBAEUDEEINHEIT":"{0161A195-33E8-41ED-A8F7-CD5593D4FBF9}","layer":"swissbuildings3d_3_0_2024_1129-33_2056_5728.gdb — swissBUILDINGS3D_3-0_1129-33.gdb/a0000000b.gdbtable","path":"/vsizip//Users/wulf/Downloads/swissbuildings3d_3_0_2024_1129-33_2056_5728.gdb.zip/swissBUILDINGS3D_3-0_1129-33.gdb/a0000000b.gdbtable|layername=Roof_solid"},"geometry":{"type":"MultiPolygon","coordinates":[[[[2641451.554000001400709,1218709.949000000953674,582.240200000000186],[2641449.774000000208616,1218715.265000000596046,582.240200000000186],[2641452.598665442783386,1218716.21082003088668,583.529457885592592],[2641452.291000001132488,1218717.131000000983477,584.970900000000256],[2641459.140999998897314,1218719.4239999987185,585.165900000007241],[2641462.761999998241663,1218708.60700000077486,585.165900000007241],[2641462.548000000417233,1218708.543000001460314,585.159899999998743],[2641455.912000000476837,1218706.313999999314547,585.170899999997346],[2641455.896000001579523,1218706.348999999463558,585.170899999997346],[2641454.376336170826107,1218710.894080561352894,583.66339566350166],[2641451.554000001400709,1218709.949000000953674,582.240200000000186]]]]}},
{"type":"Feature","properties":{"fid":104,"OBJECTID":1,"UUID":"{0241BDAF-FECA-476C-BB76-2B1614C5FEC1}","OBJEKTART":"Gebaeude Einzelhaus","NAME_KOMPLETT":null,"GEBAEUDE_NUTZUNG":null,"GRUND_AENDERUNG":"Verbessert","HERKUNFT":"swisstopo","HERKUNFT_JAHR":2024,"HERKUNFT_MONAT":6,"ORIGINAL_HERKUNFT":"swisstopo","ERSTELLUNG_JAHR":2024,"ERSTELLUNG_MONAT":6,"REVISION_JAHR":2024,"REVISION_MONAT":6,"DATUM_AENDERUNG":"2025-07-08T11:55:40Z","DATUM_ERSTELLUNG":"2025-07-08T11:55:40Z","DACH_MAX":571.05,"DACH_MIN":567.57,"EGID":187524,"GEBAEUDEEINHEIT":"{0161A195-33E8-41ED-A8F7-CD5593D4FBF9}","layer":"swissbuildings3d_3_0_2024_1129-33_2056_5728.gdb — swissBUILDINGS3D_3-0_1129-33.gdb/a0000000b.gdbtable","path":"/vsizip//Users/wulf/Downloads/swissbuildings3d_3_0_2024_1129-33_2056_5728.gdb.zip/swissBUILDINGS3D_3-0_1129-33.gdb/a0000000b.gdbtable|layername=Roof_solid"},"geometry":{"type":"MultiPolygon","coordinates":[[[[2641428.287999998778105,1218805.905999999493361,573.920100000003004],[2641437.44983670162037,1218810.468900491949171,574.62629752167993],[2641436.776999998837709,1218811.820000000298023,574.188099999999395],[2641444.550000000745058,1218815.690999999642372,574.188099999999395],[2641448.28999999910593,1218808.18299999833107,579.838499999998021],[2641452.028999999165535,1218800.6739999987185,574.188099999999395],[2641444.500119880307466,1218796.924573143944144,574.287548891182496],[2641445.177000001072884,1218795.565000001341105,573.9091000000044],[2641435.769999999552965,1218790.881000000983477,574.10910000000149],[2641432.030999999493361,1218798.390000000596046,579.631500000003143],[2641428.287999998778105,1218805.905999999493361,573.920100000003004]],[[2641441.438000001013279,1218803.074999999254942,579.431500000006054],[2641444.129000000655651,1218797.670000001788139,575.45690000000468],[2641441.343780985567719,1218803.264473403571174,579.160235350309677],[2641441.438000001013279,1218803.074999999254942,579.431500000006054]]]]}},
{"type":"Feature","properties":{"fid":105,"OBJECTID":1,"UUID":"{0241BDAF-FECA-476C-BB76-2B1614C5FEC1}","OBJEKTART":"Gebaeude Einzelhaus","NAME_KOMPLETT":null,"GEBAEUDE_NUTZUNG":null,"GRUND_AENDERUNG":"Verbessert","HERKUNFT":"swisstopo","HERKUNFT_JAHR":2024,"HERKUNFT_MONAT":6,"ORIGINAL_HERKUNFT":"swisstopo","ERSTELLUNG_JAHR":2024,"ERSTELLUNG_MONAT":6,"REVISION_JAHR":2024,"REVISION_MONAT":6,"DATUM_AENDERUNG":"2025-07-08T11:55:40Z","DATUM_ERSTELLUNG":"2025-07-08T11:55:40Z","DACH_MAX":571.05,"DACH_MIN":567.57,"EGID":187524,"GEBAEUDEEINHEIT":"{0161A195-33E8-41ED-A8F7-CD5593D4FBF9}","layer":"swissbuildings3d_3_0_2024_1129-33_2056_5728.gdb — swissBUILDINGS3D_3-0_1129-33.gdb/a0000000b.gdbtable","path":"/vsizip//Users/wulf/Downloads/swissbuildings3d_3_0_2024_1129-33_2056_5728.gdb.zip/swissBUILDINGS3D_3-0_1129-33.gdb/a0000000b.gdbtable|layername=Roof_solid"},"geometry":{"type":"MultiPolygon","coordinates":[[[[2641446.083000000566244,1218830.719999998807907,567.827699999994365],[2641444.407999999821186,1218836.956000000238419,567.827799999999115],[2641456.105999998748302,1218843.86600000038743,568.027700000006007],[2641459.269999999552965,1218838.510000001639128,568.027700000006007],[2641446.083000000566244,1218830.719999998807907,567.827699999994365]]]]}},
{"type":"Feature","properties":{"fid":106,"OBJECTID":1,"UUID":"{0241BDAF-FECA-476C-BB76-2B1614C5FEC1}","OBJEKTART":"Gebaeude Einzelhaus","NAME_KOMPLETT":null,"GEBAEUDE_NUTZUNG":null,"GRUND_AENDERUNG":"Verbessert","HERKUNFT":"swisstopo","HERKUNFT_JAHR":2024,"HERKUNFT_MONAT":6,"ORIGINAL_HERKUNFT":"swisstopo","ERSTELLUNG_JAHR":2024,"ERSTELLUNG_MONAT":6,"REVISION_JAHR":2024,"REVISION_MONAT":6,"DATUM_AENDERUNG":"2025-07-08T11:55:40Z","DATUM_ERSTELLUNG":"2025-07-08T11:55:40Z","DACH_MAX":571.05,"DACH_MIN":567.57,"EGID":187524,"GEBAEUDEEINHEIT":"{0161A195-33E8-41ED-A8F7-CD5593D4FBF9}","layer":"swissbuildings3d_3_0_2024_1129-33_2056_5728.gdb — swissBUILDINGS3D_3-0_1129-33.gdb/a0000000b.gdbtable","path":"/vsizip//Users/wulf/Downloads/swissbuildings3d_3_0_2024_1129-33_2056_5728.gdb.zip/swissBUILDINGS3D_3-0_1129-33.gdb/a0000000b.gdbtable|layername=Roof_solid"},"geometry":{"type":"MultiPolygon","coordinates":[[[[2641453.771000001579523,1218844.614999998360872,573.674199999994016],[2641450.223964048549533,1218855.31,573.674199999994016],[2641463.695870052091777,1218855.31,573.674199999994016],[2641465.907999999821186,1218848.640000000596046,573.674199999994016],[2641453.771000001579523,1218844.614999998360872,573.674199999994016]]]]}},
{"type":"Feature","properties":{"fid":107,"OBJECTID":1,"UUID":"{0241BDAF-FECA-476C-BB76-2B1614C5FEC1}","OBJEKTART":"Gebaeude Einzelhaus","NAME_KOMPLETT":null,"GEBAEUDE_NUTZUNG":null,"GRUND_AENDERUNG":"Verbessert","HERKUNFT":"swisstopo","HERKUNFT_JAHR":2024,"HERKUNFT_MONAT":6,"ORIGINAL_HERKUNFT":"swisstopo","ERSTELLUNG_JAHR":2024,"ERSTELLUNG_MONAT":6,"REVISION_JAHR":2024,"REVISION_MONAT":6,"DATUM_AENDERUNG":"2025-07-08T11:55:40Z","DATUM_ERSTELLUNG":"2025-07-08T11:55:40Z","DACH_MAX":571.05,"DACH_MIN":567.57,"EGID":187524,"GEBAEUDEEINHEIT":"{0161A195-33E8-41ED-A8F7-CD5593D4FBF9}","layer":"swissbuildings3d_3_0_2024_1129-33_2056_5728.gdb — swissBUILDINGS3D_3-0_1129-33.gdb/a0000000b.gdbtable","path":"/vsizip//Users/wulf/Downloads/swissbuildings3d_3_0_2024_1129-33_2056_5728.gdb.zip/swissBUILDINGS3D_3-0_1129-33.gdb/a0000000b.gdbtable|layername=Roof_solid"},"geometry":{"type":"MultiPolygon","coordinates":[[[[2641468.859999999403954,1218369.221999999135733,628.261100000003353],[2641458.381999999284744,1218368.721000000834465,628.457099999999627],[2641457.684999998658895,1218383.298000000417233,628.457099999999627],[2641468.162999998778105,1218383.7989999987185,628.061100000006263],[2641468.859999999403954,1218369.221999999135733,628.261100000003353]]]]}},
{"type":"Feature","properties":{"fid":108,"OBJECTID":1,"UUID":"{0241BDAF-FECA-476C-BB76-2B1614C5FEC1}","OBJEKTART":"Gebaeude Einzelhaus","NAME_KOMPLETT":null,"GEBAEUDE_NUTZUNG":null,"GRUND_AENDERUNG":"Verbessert","HERKUNFT":"swisstopo","HERKUNFT_JAHR":2024,"HERKUNFT_MONAT":6,"ORIGINAL_HERKUNFT":"swisstopo","ERSTELLUNG_JAHR":2024,"ERSTELLUNG_MONAT":6,"REVISION_JAHR":2024,"REVISION_MONAT":6,"DATUM_AENDERUNG":"2025-07-08T11:55:40Z","DATUM_ERSTELLUNG":"2025-07-08T11:55:40Z","DACH_MAX":571.05,"DACH_MIN":567.57,"EGID":187524,"GEBAEUDEEINHEIT":"{0161A195-33E8-41ED-A8F7-CD5593D4FBF9}","layer":"swissbuildings3d_3_0_2024_1129-33_2056_5728.gdb — swissBUILDINGS3D_3-0_1129-33.gdb/a0000000b.gdbtable","path":"/vsizip//Users/wulf/Downloads/swissbuildings3d_3_0_2024_1129-33_2056_5728.gdb.zip/swissBUILDINGS3D_3-0_1129-33.gdb/a0000000b.gdbtable|layername=Roof_solid"},"geometry":{"type":"MultiPolygon","coordinates":[[[[2641464.282999999821186,1218417.675999999046326,623.539600000003702],[2641465.622000001370907,1218417.747000001370907,623.389599999994971],[2641467.046689095906913,1218417.821499017998576,623.506453381167603],[2641476.445999998599291,1218418.315000001341105,623.539600000003702],[2641476.719000000506639,1218413.127000000327826,625.661399999997229],[2641476.812373221386224,1218411.35114035778679,623.208561274432213],[2641479.396999999880791,1218411.486999999731779,621.551800000001094],[2641479.730000000447035,1218405.140000000596046,621.351800000004005],[2641474.489,1218404.864999998360872,621.351800000004005],[2641474.368000000715256,1218407.175000000745058,621.551800000001094],[2641470.011999998241663,1218406.947000000625849,621.551800000001094],[2641469.970576676540077,1218407.737622944172472,622.095743285354274],[2641466.474819356109947,1218407.553983604768291,622.269889430746957],[2641466.511999998241663,1218406.848999999463558,621.551800000001094],[2641462.416999999433756,1218406.63399999961257,621.351800000004005],[2641462.160999998450279,1218411.497000001370907,621.551800000001094],[2641464.600409866776317,1218411.62518047937192,623.413023240022085],[2641464.554999999701977,1218412.489,625.661399999997229],[2641464.530999999493361,1218412.943,625.425399999992806],[2641464.506999999284744,1218413.397999998182058,625.089500000001863],[2641464.282999999821186,1218417.675999999046326,623.539600000003702]]]]}},
{"type":"Feature","properties":{"fid":109,"OBJECTID":1,"UUID":"{0241BDAF-FECA-476C-BB76-2B1614C5FEC1}","OBJEKTART":"Gebaeude Einzelhaus","NAME_KOMPLETT":null,"GEBAEUDE_NUTZUNG":null,"GRUND_AENDERUNG":"Verbessert","HERKUNFT":"swisstopo","HERKUNFT_JAHR":2024,"HERKUNFT_MONAT":6,"ORIGINAL_HERKUNFT":"swisstopo","ERSTELLUNG_JAHR":2024,"ERSTELLUNG_MONAT":6,"REVISION_JAHR":2024,"REVISION_MONAT":6,"DATUM_AENDERUNG":"2025-07-08T11:55:40Z","DATUM_ERSTELLUNG":"2025-07-08T11:55:40Z","DACH_MAX":571.05,"DACH_MIN":567.57,"EGID":187524,"GEBAEUDEEINHEIT":"{0161A195-33E8-41ED-A8F7-CD5593D4FBF9}","layer":"swissbuildings3d_3_0_2024_1129-33_2056_5728.gdb — swissBUILDINGS3D_3-0_1129-33.gdb/a0000000b.gdbtable","path":"/vsizip//Users/wulf/Downloads/swissbuildings3d_3_0_2024_1129-33_2056_5728.gdb.zip/swissBUILDINGS3D_3-0_1129-33.gdb/a0000000b.gdbtable|layername=Roof_solid"},"geometry":{"type":"MultiPolygon","coordinates":[[[[2641465.58500000089407,1218444.495000001043081,617.77719999999681],[2641466.078000001609325,1218434.903000000864267,617.9771999999939],[2641461.206000000238419,1218434.653000000864267,620.817899999994552],[2641453.271000001579523,1218434.245000001043081,618.075200000006589],[2641453.249000001698732,1218434.664000000804663,618.075200000006589],[2641453.146999999880791,1218436.64299999922514,618.025200000003679],[2641452.888999998569489,1218441.666999999433756,618.075200000006589],[2641452.778000000864267,1218443.837000001221895,617.875199999994948],[2641460.712999999523163,1218444.243999999016523,620.817899999994552],[2641465.58500000089407,1218444.495000001043081,617.77719999999681]]]]}},
{"type":"Feature","properties":{"fid":110,"OBJECTID":1,"UUID":"{0241BDAF-FECA-476C-BB76-2B1614C5FEC1}","OBJEKTART":"Gebaeude Einzelhaus","NAME_KOMPLETT":null,"GEBAEUDE_NUTZUNG":null,"GRUND_AENDERUNG":"Verbessert","HERKUNFT":"swisstopo","HERKUNFT_JAHR":2024,"HERKUNFT_MONAT":6,"ORIGINAL_HERKUNFT":"swisstopo","ERSTELLUNG_JAHR":2024,"ERSTELLUNG_MONAT":6,"REVISION_JAHR":2024,"REVISION_MONAT":6,"DATUM_AENDERUNG":"2025-07-08T11:55:40Z","DATUM_ERSTELLUNG":"2025-07-08T11:55:40Z","DACH_MAX":571.05,"DACH_MIN":567.57,"EGID":187524,"GEBAEUDEEINHEIT":"{0161A195-33E8-41ED-A8F7-CD5593D4FBF9}","layer":"swissbuildings3d_3_0_2024_1129-33_2056_5728.gdb — swissBUILDINGS3D_3-0_1129-33.gdb/a0000000b.gdbtable","path":"/vsizip//Users/wulf/Downloads/swissbuildings3d_3_0_2024_1129-33_2056_5728.gdb.zip/swissBUILDINGS3D_3-0_1129-33.gdb/a0000000b.gdbtable|layername=Roof_solid"},"geometry":{"type":"MultiPolygon","coordinates":[[[[2641455.609000001102686,1218465.168999999761581,612.644799999994575],[2641462.710999999195337,1218465.574999999254942,612.644799999994575],[2641462.592000000178814,1218467.66499999910593,612.644799999994575],[2641463.598000001162291,1218467.706999998539686,612.644799999994575],[2641463.864,1218461.372999999672174,612.644799999994575],[2641455.782999999821186,1218461.034000001847744,612.644799999994575],[2641455.609000001102686,1218465.168999999761581,612.644799999994575]]]]}},
{"type":"Feature","properties":{"fid":111,"OBJECTID":1,"UUID":"{0241BDAF-FECA-476C-BB76-2B1614C5FEC1}","OBJEKTART":"Gebaeude Einzelhaus","NAME_KOMPLETT":null,"GEBAEUDE_NUTZUNG":null,"GRUND_AENDERUNG":"Verbessert","HERKUNFT":"swisstopo","HERKUNFT_JAHR":2024,"HERKUNFT_MONAT":6,"ORIGINAL_HERKUNFT":"swisstopo","ERSTELLUNG_JAHR":2024,"ERSTELLUNG_MONAT":6,"REVISION_JAHR":2024,"REVISION_MONAT":6,"DATUM_AENDERUNG":"2025-07-08T11:55:40Z","DATUM_ERSTELLUNG":"2025-07-08T11:55:40Z","DACH_MAX":571.05,"DACH_MIN":567.57,"EGID":187524,"GEBAEUDEEINHEIT":"{0161A195-33E8-41ED-A8F7-CD5593D4FBF9}","layer":"swissbuildings3d_3_0_2024_1129-33_2056_5728.gdb — swissBUILDINGS3D_3-0_1129-33.gdb/a0000000b.gdbtable","path":"/vsizip//Users/wulf/Downloads/swissbuildings3d_3_0_2024_1129-33_2056_5728.gdb.zip/swissBUILDINGS3D_3-0_1129-33.gdb/a0000000b.gdbtable|layername=Roof_solid"},"geometry":{"type":"MultiPolygon","coordinates":[[[[2641462.710999999195337,1218465.574999999254942,612.644799999994575],[2641450.473000001162291,1218464.875999998301268,615.205499999996391],[2641449.850000001490116,1218475.778000000864267,615.005600000004051],[2641462.087999999523163,1218476.478000000119209,615.005600000004051],[2641462.710999999195337,1218465.574999999254942,612.644799999994575]]]]}},
{"type":"Feature","properties":{"fid":112,"OBJECTID":1,"UUID":"{0241BDAF-FECA-476C-BB76-2B1614C5FEC1}","OBJEKTART":"Gebaeude Einzelhaus","NAME_KOMPLETT":null,"GEBAEUDE_NUTZUNG":null,"GRUND_AENDERUNG":"Verbessert","HERKUNFT":"swisstopo","HERKUNFT_JAHR":2024,"HERKUNFT_MONAT":6,"ORIGINAL_HERKUNFT":"swisstopo","ERSTELLUNG_JAHR":2024,"ERSTELLUNG_MONAT":6,"REVISION_JAHR":2024,"REVISION_MONAT":6,"DATUM_AENDERUNG":"2025-07-08T11:55:40Z","DATUM_ERSTELLUNG":"2025-07-08T11:55:40Z","DACH_MAX":571.05,"DACH_MIN":567.57,"EGID":187524,"GEBAEUDEEINHEIT":"{0161A195-33E8-41ED-A8F7-CD5593D4FBF9}","layer":"swissbuildings3d_3_0_2024_1129-33_2056_5728.gdb — swissBUILDINGS3D_3-0_1129-33.gdb/a0000000b.gdbtable","path":"/vsizip//Users/wulf/Downloads/swissbuildings3d_3_0_2024_1129-33_2056_5728.gdb.zip/swissBUILDINGS3D_3-0_1129-33.gdb/a0000000b.gdbtable|layername=Roof_solid"},"geometry":{"type":"MultiPolygon","coordinates":[[[[2641466.758000001311302,1218504.170000001788139,608.121299999998882],[2641466.16991956718266,1218504.079526087734848,607.810794422621711],[2641467.083000000566244,1218498.118000000715256,607.529299999994691],[2641462.28999999910593,1218497.379999998956919,612.045899999997346],[2641457.620999999344349,1218496.662999998778105,607.729300000006333],[2641456.70337073225528,1218502.623810883844271,607.701769436001314],[2641448.653000000864267,1218501.385000001639128,608.121299999998882],[2641447.903999999165535,1218506.256000000983477,611.845900000000256],[2641447.153999999165535,1218511.127999998629093,608.121299999998882],[2641456.836684930603951,1218512.61812807014212,607.948276720227],[2641458.153999999165535,1218512.820999998599291,607.921300000001793],[2641460.732999999076128,1218513.217999998480082,607.971300000004703],[2641465.25899999961257,1218513.914000000804663,608.121299999998882],[2641466.00899999961257,1218509.041000001132488,612.045899999997346],[2641466.758000001311302,1218504.170000001788139,608.121299999998882]]]]}},
{"type":"Feature","properties":{"fid":113,"OBJECTID":1,"UUID":"{0241BDAF-FECA-476C-BB76-2B1614C5FEC1}","OBJEKTART":"Gebaeude Einzelhaus","NAME_KOMPLETT":null,"GEBAEUDE_NUTZUNG":null,"GRUND_AENDERUNG":"Verbessert","HERKUNFT":"swisstopo","HERKUNFT_JAHR":2024,"HERKUNFT_MONAT":6,"ORIGINAL_HERKUNFT":"swisstopo","ERSTELLUNG_JAHR":2024,"ERSTELLUNG_MONAT":6,"REVISION_JAHR":2024,"REVISION_MONAT":6,"DATUM_AENDERUNG":"2025-07-08T11:55:40Z","DATUM_ERSTELLUNG":"2025-07-08T11:55:40Z","DACH_MAX":571.05,"DACH_MIN":567.57,"EGID":187524,"GEBAEUDEEINHEIT":"{0161A195-33E8-41ED-A8F7-CD5593D4FBF9}","layer":"swissbuildings3d_3_0_2024_1129-33_2056_5728.gdb — swissBUILDINGS3D_3-0_1129-33.gdb/a0000000b.gdbtable","path":"/vsizip//Users/wulf/Downloads/swissbuildings3d_3_0_2024_1129-33_2056_5728.gdb.zip/swissBUILDINGS3D_3-0_1129-33.gdb/a0000000b.gdbtable|layername=Roof_solid"},"geometry":{"type":"MultiPolygon","coordinates":[[[[2641472.296259320806712,1218548.647533357143402,608.805644318195391],[2641473.311000000685453,1218541.811999998986721,611.137000000002445],[2641472.159000001847744,1218541.642000000923872,610.937000000005355],[2641473.072000000625849,1218535.467000000178814,608.167300000000978],[2641465.627000000327826,1218534.36600000038743,608.167300000000978],[2641465.377000000327826,1218534.329,608.167300000000978],[2641465.104564112611115,1218536.172935557551682,608.00789455975837],[2641458.446416563354433,1218535.188576287124306,606.745735807419919],[2641458.552999999374151,1218534.4510000012815,605.03870000000461],[2641451.929000001400709,1218533.495000001043081,605.03870000000461],[2641451.090999998152256,1218539.293000001460314,605.03870000000461],[2641455.657004767563194,1218541.599887326592579,607.691611120575658],[2641454.427000001072884,1218549.916000001132488,607.541400000001886],[2641462.497000001370907,1218551.109999999403954,607.341400000004796],[2641462.771000001579523,1218549.254999998956919,608.167300000000978],[2641463.458999998867512,1218549.35700000077486,607.967399999994086],[2641472.00899999961257,1218550.620999999344349,607.967399999994086],[2641472.059029020369053,1218550.261379631701857,608.146681294897235],[2641472.296259320806712,1218548.647533357143402,608.805644318195391]]]]}},
{"type":"Feature","properties":{"fid":114,"OBJECTID":1,"UUID":"{0241BDAF-FECA-476C-BB76-2B1614C5FEC1}","OBJEKTART":"Gebaeude Einzelhaus","NAME_KOMPLETT":null,"GEBAEUDE_NUTZUNG":null,"GRUND_AENDERUNG":"Verbessert","HERKUNFT":"swisstopo","HERKUNFT_JAHR":2024,"HERKUNFT_MONAT":6,"ORIGINAL_HERKUNFT":"swisstopo","ERSTELLUNG_JAHR":2024,"ERSTELLUNG_MONAT":6,"REVISION_JAHR":2024,"REVISION_MONAT":6,"DATUM_AENDERUNG":"2025-07-08T11:55:40Z","DATUM_ERSTELLUNG":"2025-07-08T11:55:40Z","DACH_MAX":571.05,"DACH_MIN":567.57,"EGID":187524,"GEBAEUDEEINHEIT":"{0161A195-33E8-41ED-A8F7-CD5593D4FBF9}","layer":"swissbuildings3d_3_0_2024_1129-33_2056_5728.gdb — swissBUILDINGS3D_3-0_1129-33.gdb/a0000000b.gdbtable","path":"/vsizip//Users/wulf/Downloads/swissbuildings3d_3_0_2024_1129-33_2056_5728.gdb.zip/swissBUILDINGS3D_3-0_1129-33.gdb/a0000000b.gdbtable|layername=Roof_solid"},"geometry":{"type":"MultiPolygon","coordinates":[[[[2641481.230000000447035,1218586.074999999254942,605.728600000002189],[2641481.870999999344349,1218583.155000001192093,605.728600000002189],[2641479.052002284210175,1218582.534989655716345,604.229191202059155],[2641479.149999998509884,1218582.090999998152256,602.859899999995832],[2641479.33036245033145,1218581.270630803890526,602.969713079251051],[2641479.633000001311302,1218579.896000001579523,603.009900000004563],[2641480.212999999523163,1218577.256000000983477,602.859899999995832],[2641465.791000001132488,1218574.083999998867512,603.059899999992922],[2641465.332435476593673,1218576.169173686997965,601.788549999997485],[2641458.697000000625849,1218574.743999999016523,600.517200000002049],[2641456.697000000625849,1218584.054999999701977,600.517200000002049],[2641463.286813438404351,1218585.470977509627119,601.788549999997485],[2641462.833999998867512,1218587.530000001192093,603.059899999992922],[2641477.254999998956919,1218590.703000001609325,603.059899999992922],[2641478.410000000149012,1218585.454999998211861,603.059899999992922],[2641477.556110676378012,1218585.267189468024299,605.387706996838006],[2641481.230000000447035,1218586.074999999254942,605.728600000002189]]]]}},
{"type":"Feature","properties":{"fid":115,"OBJECTID":1,"UUID":"{0241BDAF-FECA-476C-BB76-2B1614C5FEC1}","OBJEKTART":"Gebaeude Einzelhaus","NAME_KOMPLETT":null,"GEBAEUDE_NUTZUNG":null,"GRUND_AENDERUNG":"Verbessert","HERKUNFT":"swisstopo","HERKUNFT_JAHR":2024,"HERKUNFT_MONAT":6,"ORIGINAL_HERKUNFT":"swisstopo","ERSTELLUNG_JAHR":2024,"ERSTELLUNG_MONAT":6,"REVISION_JAHR":2024,"REVISION_MONAT":6,"DATUM_AENDERUNG":"2025-07-08T11:55:40Z","DATUM_ERSTELLUNG":"2025-07-08T11:55:40Z","DACH_MAX":571.05,"DACH_MIN":567.57,"EGID":187524,"GEBAEUDEEINHEIT":"{0161A195-33E8-41ED-A8F7-CD5593D4FBF9}","layer":"swissbuildings3d_3_0_2024_1129-33_2056_5728.gdb — swissBUILDINGS3D_3-0_1129-33.gdb/a0000000b.gdbtable","path":"/vsizip//Users/wulf/Downloads/swissbuildings3d_3_0_2024_1129-33_2056_5728.gdb.zip/swissBUILDINGS3D_3-0_1129-33.gdb/a0000000b.gdbtable|layername=Roof_solid"},"geometry":{"type":"MultiPolygon","coordinates":[[[[2641471.198778154328465,1218613.296122102532536,602.010306730320508],[2641477.092999998480082,1218614.221000000834465,599.744300000005751],[2641478.096000000834465,1218607.824999999254942,599.744300000005751],[2641464.668999999761581,1218605.717999998480082,599.544299999994109],[2641464.563647199887782,1218606.388512034201995,600.814307990904354],[2641455.353000000119209,1218604.943,602.68399999999383],[2641454.545000001788139,1218610.08500000089407,604.253800000005867],[2641453.660999998450279,1218615.715999998152256,602.68399999999383],[2641470.407999999821186,1218618.344000000506639,602.883900000000722],[2641470.467999998480082,1218617.964000001549721,602.939899999997579],[2641470.57114046253264,1218617.301322521176189,603.0551449796219],[2641471.198778154328465,1218613.296122102532536,602.010306730320508]]]]}},
{"type":"Feature","properties":{"fid":116,"OBJECTID":1,"UUID":"{0241BDAF-FECA-476C-BB76-2B1614C5FEC1}","OBJEKTART":"Gebaeude Einzelhaus","NAME_KOMPLETT":null,"GEBAEUDE_NUTZUNG":null,"GRUND_AENDERUNG":"Verbessert","HERKUNFT":"swisstopo","HERKUNFT_JAHR":2024,"HERKUNFT_MONAT":6,"ORIGINAL_HERKUNFT":"swisstopo","ERSTELLUNG_JAHR":2024,"ERSTELLUNG_MONAT":6,"REVISION_JAHR":2024,"REVISION_MONAT":6,"DATUM_AENDERUNG":"2025-07-08T11:55:40Z","DATUM_ERSTELLUNG":"2025-07-08T11:55:40Z","DACH_MAX":571.05,"DACH_MIN":567.57,"EGID":187524,"GEBAEUDEEINHEIT":"{0161A195-33E8-41ED-A8F7-CD5593D4FBF9}","layer":"swissbuildings3d_3_0_2024_1129-33_2056_5728.gdb — swissBUILDINGS3D_3-0_1129-33.gdb/a0000000b.gdbtable","path":"/vsizip//Users/wulf/Downloads/swissbuildings3d_3_0_2024_1129-33_2056_5728.gdb.zip/swissBUILDINGS3D_3-0_1129-33.gdb/a0000000b.gdbtable|layername=Roof_solid"},"geometry":{"type":"MultiPolygon","coordinates":[[[[2641475.615235864184797,1218723.82959540723823,585.165178266223393],[2641469.918605039361864,1218727.415372564923018,583.647846263573456],[2641466.741999998688698,1218722.368999999016523,582.045199999993201],[2641463.93299999833107,1218724.136999998241663,582.245200000004843],[2641467.109900291543454,1218729.183841604040936,583.615505564755381],[2641466.745999999344349,1218729.412999998778105,585.267900000006193],[2641466.681000001728535,1218729.454,585.267900000006193],[2641470.993999999016523,1218736.306000001728535,585.170899999997346],[2641480.243000000715256,1218730.484000001102686,585.170899999997346],[2641475.929000001400709,1218723.631999999284744,585.267800000001444],[2641475.615235864184797,1218723.82959540723823,585.165178266223393]]]]}},
{"type":"Feature","properties":{"fid":117,"OBJECTID":1,"UUID":"{0241BDAF-FECA-476C-BB76-2B1614C5FEC1}","OBJEKTART":"Gebaeude Einzelhaus","NAME_KOMPLETT":null,"GEBAEUDE_NUTZUNG":null,"GRUND_AENDERUNG":"Verbessert","HERKUNFT":"swisstopo","HERKUNFT_JAHR":2024,"HERKUNFT_MONAT":6,"ORIGINAL_HERKUNFT":"swisstopo","ERSTELLUNG_JAHR":2024,"ERSTELLUNG_MONAT":6,"REVISION_JAHR":2024,"REVISION_MONAT":6,"DATUM_AENDERUNG":"2025-07-08T11:55:40Z","DATUM_ERSTELLUNG":"2025-07-08T11:55:40Z","DACH_MAX":571.05,"DACH_MIN":567.57,"EGID":187524,"GEBAEUDEEINHEIT":"{0161A195-33E8-41ED-A8F7-CD5593D4FBF9}","layer":"swissbuildings3d_3_0_2024_1129-33_2056_5728.gdb — swissBUILDINGS3D_3-0_1129-33.gdb/a0000000b.gdbtable","path":"/vsizip//Users/wulf/Downloads/swissbuildings3d_3_0_2024_1129-33_2056_5728.gdb.zip/swissBUILDINGS3D_3-0_1129-33.gdb/a0000000b.gdbtable|layername=Roof_solid"},"geometry":{"type":"MultiPolygon","coordinates":[[[[2641453.839000001549721,1218764.011,575.936900000000605],[2641452.958999998867512,1218773.41499999910593,575.936900000000605],[2641456.853000000119209,1218773.780000001192093,578.143599999995786],[2641458.495000001043081,1218773.934000000357628,579.074500000002445],[2641459.868999999016523,1218774.063000001013279,578.140599999998813],[2641460.758000001311302,1218774.146000001579523,577.782699999996112],[2641463.989999998360872,1218774.447999998927116,575.936900000000605],[2641464.870000001043081,1218765.043999999761581,575.936799999995856],[2641464.449399240780622,1218765.004657180747017,575.861686133061085],[2641464.706000000238419,1218761.594999998807907,575.710900000005495],[2641458.703000001609325,1218761.144000001251698,575.710900000005495],[2641458.455015352461487,1218764.443751440150663,576.242494918619514],[2641453.839000001549721,1218764.011,575.936900000000605]]]]}},
{"type":"Feature","properties":{"fid":118,"OBJECTID":1,"UUID":"{0241BDAF-FECA-476C-BB76-2B1614C5FEC1}","OBJEKTART":"Gebaeude Einzelhaus","NAME_KOMPLETT":null,"GEBAEUDE_NUTZUNG":null,"GRUND_AENDERUNG":"Verbessert","HERKUNFT":"swisstopo","HERKUNFT_JAHR":2024,"HERKUNFT_MONAT":6,"ORIGINAL_HERKUNFT":"swisstopo","ERSTELLUNG_JAHR":2024,"ERSTELLUNG_MONAT":6,"REVISION_JAHR":2024,"REVISION_MONAT":6,"DATUM_AENDERUNG":"2025-07-08T11:55:40Z","DATUM_ERSTELLUNG":"2025-07-08T11:55:40Z","DACH_MAX":571.05,"DACH_MIN":567.57,"EGID":187524,"GEBAEUDEEINHEIT":"{0161A195-33E8-41ED-A8F7-CD5593D4FBF9}","layer":"swissbuildings3d_3_0_2024_1129-33_2056_5728.gdb — swissBUILDINGS3D_3-0_1129-33.gdb/a0000000b.gdbtable","path":"/vsizip//Users/wulf/Downloads/swissbuildings3d_3_0_2024_1129-33_2056_5728.gdb.zip/swissBUILDINGS3D_3-0_1129-33.gdb/a0000000b.gdbtable|layername=Roof_solid"},"geometry":{"type":"MultiPolygon","coordinates":[[[[2641464.811999998986721,1218828.975000001490116,573.920100000003004],[2641465.544247765559703,1218829.333127797581255,574.187972859110005],[2641465.015999998897314,1218830.412999998778105,573.835099999996601],[2641471.80799999833107,1218833.734000001102686,573.835099999996601],[2641475.059999998658895,1218827.083000000566244,577.523700000005192],[2641478.313999999314547,1218820.429999999701977,573.635099999999511],[2641473.590602164156735,1218818.120277949143201,573.850464736646927],[2641472.858535403385758,1218817.761934345820919,573.864449111603449],[2641473.386,1218816.68299999833107,573.8701],[2641467.678018660284579,1218813.891042310278863,574.166413845502007],[2641467.646265718154609,1218813.875499062240124,574.280630137351295],[2641468.048000000417233,1218813.054000001400709,574.263099999996484],[2641461.258000001311302,1218809.732999999076128,574.263099999996484],[2641458.004000000655651,1218816.385000001639128,577.951700000005076],[2641454.75,1218823.037999998778105,574.463099999993574],[2641460.49008072167635,1218825.845212699379772,574.431096609361248],[2641460.089000001549721,1218826.66499999910593,574.070099999997183],[2641464.64324607513845,1218828.892445667181164,574.071029271634302],[2641464.811999998986721,1218828.975000001490116,573.920100000003004]]]]}},
{"type":"Feature","properties":{"fid":119,"OBJECTID":1,"UUID":"{0241BDAF-FECA-476C-BB76-2B1614C5FEC1}","OBJEKTART":"Gebaeude Einzelhaus","NAME_KOMPLETT":null,"GEBAEUDE_NUTZUNG":null,"GRUND_AENDERUNG":"Verbessert","HERKUNFT":"swisstopo","HERKUNFT_JAHR":2024,"HERKUNFT_MONAT":6,"ORIGINAL_HERKUNFT":"swisstopo","ERSTELLUNG_JAHR":2024,"ERSTELLUNG_MONAT":6,"REVISION_JAHR":2024,"REVISION_MONAT":6,"DATUM_AENDERUNG":"2025-07-08T11:55:40Z","DATUM_ERSTELLUNG":"2025-07-08T11:55:40Z","DACH_MAX":571.05,"DACH_MIN":567.57,"EGID":187524,"GEBAEUDEEINHEIT":"{0161A195-33E8-41ED-A8F7-CD5593D4FBF9}","layer":"swissbuildings3d_3_0_2024_1129-33_2056_5728.gdb — swissBUILDINGS3D_3-0_1129-33.gdb/a0000000b.gdbtable","path":"/vsizip//Users/wulf/Downloads/swissbuildings3d_3_0_2024_1129-33_2056_5728.gdb.zip/swissBUILDINGS3D_3-0_1129-33.gdb/a0000000b.gdbtable|layername=Roof_solid"},"geometry":{"type":"MultiPolygon","coordinates":[[[[2641470.221999999135733,1218469.655999999493361,612.400800000003073],[2641471.162954383995384,1218469.704036708921194,614.051960372047574],[2641470.719999998807907,1218478.421,615.691500000000815],[2641479.568999998271465,1218478.866999998688698,615.691500000000815],[2641479.596000000834465,1218478.872000001370907,615.691500000000815],[2641480.160000000149012,1218467.864,615.691500000000815],[2641480.157999999821186,1218467.833000000566244,615.691500000000815],[2641479.735354000236839,1218467.811479668132961,614.104923145016983],[2641479.809000000357628,1218466.368999999016523,612.400800000003073],[2641470.412000000476837,1218465.892000000923872,612.600800000000163],[2641470.221999999135733,1218469.655999999493361,612.400800000003073]]]]}},
{"type":"Feature","properties":{"fid":120,"OBJECTID":1,"UUID":"{0241BDAF-FECA-476C-BB76-2B1614C5FEC1}","OBJEKTART":"Gebaeude Einzelhaus","NAME_KOMPLETT":null,"GEBAEUDE_NUTZUNG":null,"GRUND_AENDERUNG":"Verbessert","HERKUNFT":"swisstopo","HERKUNFT_JAHR":2024,"HERKUNFT_MONAT":6,"ORIGINAL_HERKUNFT":"swisstopo","ERSTELLUNG_JAHR":2024,"ERSTELLUNG_MONAT":6,"REVISION_JAHR":2024,"REVISION_MONAT":6,"DATUM_AENDERUNG":"2025-07-08T11:55:40Z","DATUM_ERSTELLUNG":"2025-07-08T11:55:40Z","DACH_MAX":571.05,"DACH_MIN":567.57,"EGID":187524,"GEBAEUDEEINHEIT":"{0161A195-33E8-41ED-A8F7-CD5593D4FBF9}","layer":"swissbuildings3d_3_0_2024_1129-33_2056_5728.gdb — swissBUILDINGS3D_3-0_1129-33.gdb/a0000000b.gdbtable","path":"/vsizip//Users/wulf/Downloads/swissbuildings3d_3_0_2024_1129-33_2056_5728.gdb.zip/swissBUILDINGS3D_3-0_1129-33.gdb/a0000000b.gdbtable|layername=Roof_solid"},"geometry":{"type":"MultiPolygon","coordinates":[[[[2641479.666000001132488,1218502.515000000596046,608.941200000001118],[2641479.622000001370907,1218504.164000000804663,608.941200000001118],[2641479.595651450101286,1218505.157372502610087,609.037227408053809],[2641479.526999998837709,1218507.736000001430511,609.118199999997159],[2641479.388999998569489,1218512.958000000566244,609.141199999998207],[2641495.859000001102686,1218513.394999999552965,609.141199999998207],[2641496.136,1218502.953000001609325,609.141199999998207],[2641494.825038011651486,1218502.917868439108133,609.328071731685213],[2641495.028999999165535,1218495.225999999791384,609.456099999995786],[2641486.467999998480082,1218494.999000001698732,609.256099999998696],[2641486.361000001430511,1218498.995999999344349,609.406099999992875],[2641486.301943446975201,1218501.222877754829824,609.344344235657445],[2641486.285613592714071,1218501.837288563139737,609.262410594461926],[2641486.262923644855618,1218502.690997907659039,609.071470996349262],[2641485.897999998182058,1218502.681000001728535,608.941200000001118],[2641479.666000001132488,1218502.515000000596046,608.941200000001118]]]]}},
{"type":"Feature","properties":{"fid":121,"OBJECTID":1,"UUID":"{0241BDAF-FECA-476C-BB76-2B1614C5FEC1}","OBJEKTART":"Gebaeude Einzelhaus","NAME_KOMPLETT":null,"GEBAEUDE_NUTZUNG":null,"GRUND_AENDERUNG":"Verbessert","HERKUNFT":"swisstopo","HERKUNFT_JAHR":2024,"HERKUNFT_MONAT":6,"ORIGINAL_HERKUNFT":"swisstopo","ERSTELLUNG_JAHR":2024,"ERSTELLUNG_MONAT":6,"REVISION_JAHR":2024,"REVISION_MONAT":6,"DATUM_AENDERUNG":"2025-07-08T11:55:40Z","DATUM_ERSTELLUNG":"2025-07-08T11:55:40Z","DACH_MAX":571.05,"DACH_MIN":567.57,"EGID":187524,"GEBAEUDEEINHEIT":"{0161A195-33E8-41ED-A8F7-CD5593D4FBF9}","layer":"swissbuildings3d_3_0_2024_1129-33_2056_5728.gdb — swissBUILDINGS3D_3-0_1129-33.gdb/a0000000b.gdbtable","path":"/vsizip//Users/wulf/Downloads/swissbuildings3d_3_0_2024_1129-33_2056_5728.gdb.zip/swissBUILDINGS3D_3-0_1129-33.gdb/a0000000b.gdbtable|layername=Roof_solid"},"geometry":{"type":"MultiPolygon","coordinates":[[[[2641473.629000000655651,1218644.078000001609325,599.047399999995832],[2641473.004999998956919,1218646.840999998152256,601.03519999999844],[2641471.289000000804663,1218654.440000001341105,599.047399999995832],[2641488.421,1218658.309999998658895,599.047399999995832],[2641490.138000000268221,1218650.71000000089407,601.235100000005332],[2641490.761,1218647.945999998599291,599.247300000002724],[2641473.629000000655651,1218644.078000001609325,599.047399999995832]]]]}},
{"type":"Feature","properties":{"fid":122,"OBJECTID":1,"UUID":"{0241BDAF-FECA-476C-BB76-2B1614C5FEC1}","OBJEKTART":"Gebaeude Einzelhaus","NAME_KOMPLETT":null,"GEBAEUDE_NUTZUNG":null,"GRUND_AENDERUNG":"Verbessert","HERKUNFT":"swisstopo","HERKUNFT_JAHR":2024,"HERKUNFT_MONAT":6,"ORIGINAL_HERKUNFT":"swisstopo","ERSTELLUNG_JAHR":2024,"ERSTELLUNG_MONAT":6,"REVISION_JAHR":2024,"REVISION_MONAT":6,"DATUM_AENDERUNG":"2025-07-08T11:55:40Z","DATUM_ERSTELLUNG":"2025-07-08T11:55:40Z","DACH_MAX":571.05,"DACH_MIN":567.57,"EGID":187524,"GEBAEUDEEINHEIT":"{0161A195-33E8-41ED-A8F7-CD5593D4FBF9}","layer":"swissbuildings3d_3_0_2024_1129-33_2056_5728.gdb — swissBUILDINGS3D_3-0_1129-33.gdb/a0000000b.gdbtable","path":"/vsizip//Users/wulf/Downloads/swissbuildings3d_3_0_2024_1129-33_2056_5728.gdb.zip/swissBUILDINGS3D_3-0_1129-33.gdb/a0000000b.gdbtable|layername=Roof_solid"},"geometry":{"type":"MultiPolygon","coordinates":[[[[2641486.057,1218699.399000000208616,596.543699999994715],[2641487.291000001132488,1218696.131000000983477,596.543699999994715],[2641489.875,1218688.993000000715256,596.343699999997625],[2641489.874559018295258,1218688.992833324475214,599.988190649099238],[2641490.75899999961257,1218686.5489999987185,605.398700000005192],[2641493.08500000089407,1218680.120000001043081,601.489100000006147],[2641475.46000000089407,1218673.741999998688698,601.489100000006147],[2641473.133000001311302,1218680.171999998390675,605.398700000005192],[2641471.375,1218685.030000001192093,601.489199999996345],[2641480.422971830703318,1218688.304512416943908,598.916449999996985],[2641478.714000001549721,1218692.828000001609325,596.343699999997625],[2641486.057,1218699.399000000208616,596.543699999994715]]]]}},
{"type":"Feature","properties":{"fid":123,"OBJECTID":1,"UUID":"{0241BDAF-FECA-476C-BB76-2B1614C5FEC1}","OBJEKTART":"Gebaeude Einzelhaus","NAME_KOMPLETT":null,"GEBAEUDE_NUTZUNG":null,"GRUND_AENDERUNG":"Verbessert","HERKUNFT":"swisstopo","HERKUNFT_JAHR":2024,"HERKUNFT_MONAT":6,"ORIGINAL_HERKUNFT":"swisstopo","ERSTELLUNG_JAHR":2024,"ERSTELLUNG_MONAT":6,"REVISION_JAHR":2024,"REVISION_MONAT":6,"DATUM_AENDERUNG":"2025-07-08T11:55:40Z","DATUM_ERSTELLUNG":"2025-07-08T11:55:40Z","DACH_MAX":571.05,"DACH_MIN":567.57,"EGID":187524,"GEBAEUDEEINHEIT":"{0161A195-33E8-41ED-A8F7-CD5593D4FBF9}","layer":"swissbuildings3d_3_0_2024_1129-33_2056_5728.gdb — swissBUILDINGS3D_3-0_1129-33.gdb/a0000000b.gdbtable","path":"/vsizip//Users/wulf/Downloads/swissbuildings3d_3_0_2024_1129-33_2056_5728.gdb.zip/swissBUILDINGS3D_3-0_1129-33.gdb/a0000000b.gdbtable|layername=Roof_solid"},"geometry":{"type":"MultiPolygon","coordinates":[[[[2641487.848000001162291,1218752.405000001192093,579.319499999997788],[2641487.847918371669948,1218752.40487049263902,581.952698037751816],[2641491.695000000298023,1218749.973999999463558,584.585900000005495],[2641486.272999998182058,1218741.394000001251698,584.68289999999979],[2641486.225999999791384,1218741.4239999987185,584.532900000005611],[2641484.131999999284744,1218742.747000001370907,584.63289999999688],[2641482.424804260954261,1218743.82569045946002,581.848314718192455],[2641481.822999998927116,1218742.874000001698732,578.87149999999383],[2641480.017000000923872,1218740.01799999922514,578.931500000006054],[2641479.977000001817942,1218739.949000000953674,578.729500000001281],[2641473.64299999922514,1218743.9510000012815,578.729500000001281],[2641473.688000001013279,1218744.021999999880791,578.731499999994412],[2641473.954,1218744.443999998271465,578.744500000000698],[2641479.024999998509884,1218752.469000000506639,579.146500000002561],[2641481.418999999761581,1218756.256000000983477,579.314499999993131],[2641481.513999998569489,1218756.407000001519918,579.319499999997788],[2641483.129984417464584,1218755.38597542908974,581.952305113635475],[2641483.129999998956919,1218755.386,584.585900000005495],[2641483.883459548931569,1218754.90990857151337,581.952700000001641],[2641487.848000001162291,1218752.405000001192093,579.319499999997788]]]]}},
{"type":"Feature","properties":{"fid":124,"OBJECTID":1,"UUID":"{0241BDAF-FECA-476C-BB76-2B1614C5FEC1}","OBJEKTART":"Gebaeude Einzelhaus","NAME_KOMPLETT":null,"GEBAEUDE_NUTZUNG":null,"GRUND_AENDERUNG":"Verbessert","HERKUNFT":"swisstopo","HERKUNFT_JAHR":2024,"HERKUNFT_MONAT":6,"ORIGINAL_HERKUNFT":"swisstopo","ERSTELLUNG_JAHR":2024,"ERSTELLUNG_MONAT":6,"REVISION_JAHR":2024,"REVISION_MONAT":6,"DATUM_AENDERUNG":"2025-07-08T11:55:40Z","DATUM_ERSTELLUNG":"2025-07-08T11:55:40Z","DACH_MAX":571.05,"DACH_MIN":567.57,"EGID":187524,"GEBAEUDEEINHEIT":"{0161A195-33E8-41ED-A8F7-CD5593D4FBF9}","layer":"swissbuildings3d_3_0_2024_1129-33_2056_5728.gdb — swissBUILDINGS3D_3-0_1129-33.gdb/a0000000b.gdbtable","path":"/vsizip//Users/wulf/Downloads/swissbuildings3d_3_0_2024_1129-33_2056_5728.gdb.zip/swissBUILDINGS3D_3-0_1129-33.gdb/a0000000b.gdbtable|layername=Roof_solid"},"geometry":{"type":"MultiPolygon","coordinates":[[[[2641474.004000000655651,1218772.962000001221895,574.615000000005239],[2641468.219999998807907,1218772.524000000208616,575.421900000001187],[2641467.539000000804663,1218781.530999999493361,575.621899999998277],[2641473.322999998927116,1218781.967999998480082,574.615000000005239],[2641474.004000000655651,1218772.962000001221895,574.615000000005239]]]]}},
{"type":"Feature","properties":{"fid":125,"OBJECTID":1,"UUID":"{0241BDAF-FECA-476C-BB76-2B1614C5FEC1}","OBJEKTART":"Gebaeude Einzelhaus","NAME_KOMPLETT":null,"GEBAEUDE_NUTZUNG":null,"GRUND_AENDERUNG":"Verbessert","HERKUNFT":"swisstopo","HERKUNFT_JAHR":2024,"HERKUNFT_MONAT":6,"ORIGINAL_HERKUNFT":"swisstopo","ERSTELLUNG_JAHR":2024,"ERSTELLUNG_MONAT":6,"REVISION_JAHR":2024,"REVISION_MONAT":6,"DATUM_AENDERUNG":"2025-07-08T11:55:40Z","DATUM_ERSTELLUNG":"2025-07-08T11:55:40Z","DACH_MAX":571.05,"DACH_MIN":567.57,"EGID":187524,"GEBAEUDEEINHEIT":"{0161A195-33E8-41ED-A8F7-CD5593D4FBF9}","layer":"swissbuildings3d_3_0_2024_1129-33_2056_5728.gdb — swissBUILDINGS3D_3-0_1129-33.gdb/a0000000b.gdbtable","path":"/vsizip//Users/wulf/Downloads/swissbuildings3d_3_0_2024_1129-33_2056_5728.gdb.zip/swissBUILDINGS3D_3-0_1129-33.gdb/a0000000b.gdbtable|layername=Roof_solid"},"geometry":{"type":"MultiPolygon","coordinates":[[[[2641491.131999999284744,1218840.454999998211861,574.93399999999383],[2641494.397999998182058,1218840.888999998569489,574.73399999999674],[2641503.741999998688698,1218842.129999998956919,574.93399999999383],[2641504.478000000119209,1218836.589999999850988,577.008799999995972],[2641505.140000000596046,1218831.596999999135733,574.73399999999674],[2641504.46000000089407,1218831.506999999284744,574.73399999999674],[2641504.749000001698732,1218829.329999998211861,574.724000000001979],[2641500.006000000983477,1218828.699999999254942,574.724000000001979],[2641499.717000000178814,1218830.877000000327826,574.73399999999674],[2641488.521999999880791,1218829.390999998897314,574.93399999999383],[2641488.811000000685453,1218827.214000001549721,574.452999999994063],[2641484.076999999582767,1218826.58500000089407,574.452999999994063],[2641483.787999998778105,1218828.761999998241663,574.93399999999383],[2641483.162000000476837,1218828.679000001400709,574.73399999999674],[2641482.499000001698732,1218833.671,577.008799999995972],[2641481.763000000268221,1218839.210999999195337,574.93399999999383],[2641487.258000001311302,1218839.940999999642372,574.783999999999651],[2641491.131999999284744,1218840.454999998211861,574.93399999999383]]]]}},
{"type":"Feature","properties":{"fid":126,"OBJECTID":1,"UUID":"{0241BDAF-FECA-476C-BB76-2B1614C5FEC1}","OBJEKTART":"Gebaeude Einzelhaus","NAME_KOMPLETT":null,"GEBAEUDE_NUTZUNG":null,"GRUND_AENDERUNG":"Verbessert","HERKUNFT":"swisstopo","HERKUNFT_JAHR":2024,"HERKUNFT_MONAT":6,"ORIGINAL_HERKUNFT":"swisstopo","ERSTELLUNG_JAHR":2024,"ERSTELLUNG_MONAT":6,"REVISION_JAHR":2024,"REVISION_MONAT":6,"DATUM_AENDERUNG":"2025-07-08T11:55:40Z","DATUM_ERSTELLUNG":"2025-07-08T11:55:40Z","DACH_MAX":571.05,"DACH_MIN":567.57,"EGID":187524,"GEBAEUDEEINHEIT":"{0161A195-33E8-41ED-A8F7-CD5593D4FBF9}","layer":"swissbuildings3d_3_0_2024_1129-33_2056_5728.gdb — swissBUILDINGS3D_3-0_1129-33.gdb/a0000000b.gdbtable","path":"/vsizip//Users/wulf/Downloads/swissbuildings3d_3_0_2024_1129-33_2056_5728.gdb.zip/swissBUILDINGS3D_3-0_1129-33.gdb/a0000000b.gdbtable|layername=Roof_solid"},"geometry":{"type":"MultiPolygon","coordinates":[[[[2641489.004000000655651,1218855.017000000923872,576.122900000002119],[2641486.765000000596046,1218854.690000001341105,576.122900000002119],[2641486.012621620669961,1218855.31,576.196629729735946],[2641489.204075413290411,1218855.31,576.088999173591901],[2641489.004000000655651,1218855.017000000923872,576.122900000002119]]]]}},
{"type":"Feature","properties":{"fid":127,"OBJECTID":1,"UUID":"{0241BDAF-FECA-476C-BB76-2B1614C5FEC1}","OBJEKTART":"Gebaeude Einzelhaus","NAME_KOMPLETT":null,"GEBAEUDE_NUTZUNG":null,"GRUND_AENDERUNG":"Verbessert","HERKUNFT":"swisstopo","HERKUNFT_JAHR":2024,"HERKUNFT_MONAT":6,"ORIGINAL_HERKUNFT":"swisstopo","ERSTELLUNG_JAHR":2024,"ERSTELLUNG_MONAT":6,"REVISION_JAHR":2024,"REVISION_MONAT":6,"DATUM_AENDERUNG":"2025-07-08T11:55:40Z","DATUM_ERSTELLUNG":"2025-07-08T11:55:40Z","DACH_MAX":571.05,"DACH_MIN":567.57,"EGID":187524,"GEBAEUDEEINHEIT":"{0161A195-33E8-41ED-A8F7-CD5593D4FBF9}","layer":"swissbuildings3d_3_0_2024_1129-33_2056_5728.gdb — swissBUILDINGS3D_3-0_1129-33.gdb/a0000000b.gdbtable","path":"/vsizip//Users/wulf/Downloads/swissbuildings3d_3_0_2024_1129-33_2056_5728.gdb.zip/swissBUILDINGS3D_3-0_1129-33.gdb/a0000000b.gdbtable|layername=Roof_solid"},"geometry":{"type":"MultiPolygon","coordinates":[[[[2641513.050000000745058,1218390.155000001192093,621.077799999999115],[2641513.131000000983477,1218385.28999999910593,621.077799999999115],[2641500.129999998956919,1218385.074999999254942,621.077799999999115],[2641500.0489999987185,1218389.938999999314547,620.877800000002026],[2641513.050000000745058,1218390.155000001192093,621.077799999999115]]]]}},
{"type":"Feature","properties":{"fid":128,"OBJECTID":1,"UUID":"{0241BDAF-FECA-476C-BB76-2B1614C5FEC1}","OBJEKTART":"Gebaeude Einzelhaus","NAME_KOMPLETT":null,"GEBAEUDE_NUTZUNG":null,"GRUND_AENDERUNG":"Verbessert","HERKUNFT":"swisstopo","HERKUNFT_JAHR":2024,"HERKUNFT_MONAT":6,"ORIGINAL_HERKUNFT":"swisstopo","ERSTELLUNG_JAHR":2024,"ERSTELLUNG_MONAT":6,"REVISION_JAHR":2024,"REVISION_MONAT":6,"DATUM_AENDERUNG":"2025-07-08T11:55:40Z","DATUM_ERSTELLUNG":"2025-07-08T11:55:40Z","DACH_MAX":571.05,"DACH_MIN":567.57,"EGID":187524,"GEBAEUDEEINHEIT":"{0161A195-33E8-41ED-A8F7-CD5593D4FBF9}","layer":"swissbuildings3d_3_0_2024_1129-33_2056_5728.gdb — swissBUILDINGS3D_3-0_1129-33.gdb/a0000000b.gdbtable","path":"/vsizip//Users/wulf/Downloads/swissbuildings3d_3_0_2024_1129-33_2056_5728.gdb.zip/swissBUILDINGS3D_3-0_1129-33.gdb/a0000000b.gdbtable|layername=Roof_solid"},"geometry":{"type":"MultiPolygon","coordinates":[[[[2641501.278000000864267,1218402.155000001192093,621.057799999995041],[2641494.837000001221895,1218401.81700000166893,621.057799999995041],[2641494.506999999284744,1218408.107999999076128,621.257800000006682],[2641500.947999998927116,1218408.447000000625849,621.257800000006682],[2641501.278000000864267,1218402.155000001192093,621.057799999995041]]]]}},
{"type":"Feature","properties":{"fid":129,"OBJECTID":1,"UUID":"{0241BDAF-FECA-476C-BB76-2B1614C5FEC1}","OBJEKTART":"Gebaeude Einzelhaus","NAME_KOMPLETT":null,"GEBAEUDE_NUTZUNG":null,"GRUND_AENDERUNG":"Verbessert","HERKUNFT":"swisstopo","HERKUNFT_JAHR":2024,"HERKUNFT_MONAT":6,"ORIGINAL_HERKUNFT":"swisstopo","ERSTELLUNG_JAHR":2024,"ERSTELLUNG_MONAT":6,"REVISION_JAHR":2024,"REVISION_MONAT":6,"DATUM_AENDERUNG":"2025-07-08T11:55:40Z","DATUM_ERSTELLUNG":"2025-07-08T11:55:40Z","DACH_MAX":571.05,"DACH_MIN":567.57,"EGID":187524,"GEBAEUDEEINHEIT":"{0161A195-33E8-41ED-A8F7-CD5593D4FBF9}","layer":"swissbuildings3d_3_0_2024_1129-33_2056_5728.gdb — swissBUILDINGS3D_3-0_1129-33.gdb/a0000000b.gdbtable","path":"/vsizip//Users/wulf/Downloads/swissbuildings3d_3_0_2024_1129-33_2056_5728.gdb.zip/swissBUILDINGS3D_3-0_1129-33.gdb/a0000000b.gdbtable|layername=Roof_solid"},"geometry":{"type":"MultiPolygon","coordinates":[[[[2641488.636999998241663,1218409.49100000038743,623.899600000004284],[2641488.147999998182058,1218418.796999998390675,623.699600000007194],[2641500.743999999016523,1218419.458000000566244,623.699600000007194],[2641501.23200000077486,1218410.151999998837709,623.899600000004284],[2641488.636999998241663,1218409.49100000038743,623.899600000004284]]]]}},
{"type":"Feature","properties":{"fid":130,"OBJECTID":1,"UUID":"{0241BDAF-FECA-476C-BB76-2B1614C5FEC1}","OBJEKTART":"Gebaeude Einzelhaus","NAME_KOMPLETT":null,"GEBAEUDE_NUTZUNG":null,"GRUND_AENDERUNG":"Verbessert","HERKUNFT":"swisstopo","HERKUNFT_JAHR":2024,"HERKUNFT_MONAT":6,"ORIGINAL_HERKUNFT":"swisstopo","ERSTELLUNG_JAHR":2024,"ERSTELLUNG_MONAT":6,"REVISION_JAHR":2024,"REVISION_MONAT":6,"DATUM_AENDERUNG":"2025-07-08T11:55:40Z","DATUM_ERSTELLUNG":"2025-07-08T11:55:40Z","DACH_MAX":571.05,"DACH_MIN":567.57,"EGID":187524,"GEBAEUDEEINHEIT":"{0161A195-33E8-41ED-A8F7-CD5593D4FBF9}","layer":"swissbuildings3d_3_0_2024_1129-33_2056_5728.gdb — swissBUILDINGS3D_3-0_1129-33.gdb/a0000000b.gdbtable","path":"/vsizip//Users/wulf/Downloads/swissbuildings3d_3_0_2024_1129-33_2056_5728.gdb.zip/swissBUILDINGS3D_3-0_1129-33.gdb/a0000000b.gdbtable|layername=Roof_solid"},"geometry":{"type":"MultiPolygon","coordinates":[[[[2641491.171999998390675,1218468.489,615.779500000004191],[2641495.364,1218468.725999999791384,612.600800000000163],[2641495.462000001221895,1218466.151999998837709,612.400800000003073],[2641490.324999999254942,1218465.956999998539686,612.600800000000163],[2641490.144999999552965,1218470.719000000506639,612.400800000003073],[2641491.042223083786666,1218470.753432904137298,614.190150000002177],[2641490.539000000804663,1218479.534000001847744,615.779500000004191],[2641499.375,1218480.034000001847744,615.779500000004191],[2641500.000999998301268,1218468.989,615.779399999999441],[2641491.171999998390675,1218468.489,615.779500000004191]]]]}},
{"type":"Feature","properties":{"fid":131,"OBJECTID":1,"UUID":"{0241BDAF-FECA-476C-BB76-2B1614C5FEC1}","OBJEKTART":"Gebaeude Einzelhaus","NAME_KOMPLETT":null,"GEBAEUDE_NUTZUNG":null,"GRUND_AENDERUNG":"Verbessert","HERKUNFT":"swisstopo","HERKUNFT_JAHR":2024,"HERKUNFT_MONAT":6,"ORIGINAL_HERKUNFT":"swisstopo","ERSTELLUNG_JAHR":2024,"ERSTELLUNG_MONAT":6,"REVISION_JAHR":2024,"REVISION_MONAT":6,"DATUM_AENDERUNG":"2025-07-08T11:55:40Z","DATUM_ERSTELLUNG":"2025-07-08T11:55:40Z","DACH_MAX":571.05,"DACH_MIN":567.57,"EGID":187524,"GEBAEUDEEINHEIT":"{0161A195-33E8-41ED-A8F7-CD5593D4FBF9}","layer":"swissbuildings3d_3_0_2024_1129-33_2056_5728.gdb — swissBUILDINGS3D_3-0_1129-33.gdb/a0000000b.gdbtable","path":"/vsizip//Users/wulf/Downloads/swissbuildings3d_3_0_2024_1129-33_2056_5728.gdb.zip/swissBUILDINGS3D_3-0_1129-33.gdb/a0000000b.gdbtable|layername=Roof_solid"},"geometry":{"type":"MultiPolygon","coordinates":[[[[2641512.460999999195337,1218542.440000001341105,606.005499999999302],[2641511.223999999463558,1218542.26799999922514,606.205499999996391],[2641503.074999999254942,1218541.138000000268221,606.005499999999302],[2641502.721000000834465,1218541.089000001549721,606.205499999996391],[2641502.405329258181155,1218543.365052407141775,606.779243832079487],[2641491.679999999701977,1218541.877999998629093,606.284499999994296],[2641490.625,1218549.484000001102686,608.71129999999539],[2641490.379000000655651,1218551.265999998897314,603.415800000002491],[2641491.920000001788139,1218551.480000000447035,603.415800000002491],[2641509.572000000625849,1218553.929000001400709,603.615799999999581],[2641510.844000000506639,1218554.105000000447035,603.615799999999581],[2641511.129000000655651,1218552.045000001788139,609.538199999995413],[2641512.460999999195337,1218542.440000001341105,606.005499999999302]],[[2641501.799096697941422,1218547.73650083411485,608.332833065927844],[2641501.388999998569489,1218550.693999998271465,609.738200000007055],[2641501.35843907808885,1218550.911060912534595,608.890215039064515],[2641501.358324500266463,1218550.911045016953722,608.842681485047024],[2641501.799096697941422,1218547.73650083411485,608.332833065927844]]]]}},
{"type":"Feature","properties":{"fid":132,"OBJECTID":1,"UUID":"{0241BDAF-FECA-476C-BB76-2B1614C5FEC1}","OBJEKTART":"Gebaeude Einzelhaus","NAME_KOMPLETT":null,"GEBAEUDE_NUTZUNG":null,"GRUND_AENDERUNG":"Verbessert","HERKUNFT":"swisstopo","HERKUNFT_JAHR":2024,"HERKUNFT_MONAT":6,"ORIGINAL_HERKUNFT":"swisstopo","ERSTELLUNG_JAHR":2024,"ERSTELLUNG_MONAT":6,"REVISION_JAHR":2024,"REVISION_MONAT":6,"DATUM_AENDERUNG":"2025-07-08T11:55:40Z","DATUM_ERSTELLUNG":"2025-07-08T11:55:40Z","DACH_MAX":571.05,"DACH_MIN":567.57,"EGID":187524,"GEBAEUDEEINHEIT":"{0161A195-33E8-41ED-A8F7-CD5593D4FBF9}","layer":"swissbuildings3d_3_0_2024_1129-33_2056_5728.gdb — swissBUILDINGS3D_3-0_1129-33.gdb/a0000000b.gdbtable","path":"/vsizip//Users/wulf/Downloads/swissbuildings3d_3_0_2024_1129-33_2056_5728.gdb.zip/swissBUILDINGS3D_3-0_1129-33.gdb/a0000000b.gdbtable|layername=Roof_solid"},"geometry":{"type":"MultiPolygon","coordinates":[[[[2641496.291000001132488,1218580.318,603.251900000002934],[2641493.333999998867512,1218593.763999998569489,603.4519],[2641507.754999998956919,1218596.936000000685453,603.251900000002934],[2641510.712999999523163,1218583.489999998360872,603.451799999995274],[2641496.291000001132488,1218580.318,603.251900000002934]]]]}},
{"type":"Feature","properties":{"fid":133,"OBJECTID":1,"UUID":"{0241BDAF-FECA-476C-BB76-2B1614C5FEC1}","OBJEKTART":"Gebaeude Einzelhaus","NAME_KOMPLETT":null,"GEBAEUDE_NUTZUNG":null,"GRUND_AENDERUNG":"Verbessert","HERKUNFT":"swisstopo","HERKUNFT_JAHR":2024,"HERKUNFT_MONAT":6,"ORIGINAL_HERKUNFT":"swisstopo","ERSTELLUNG_JAHR":2024,"ERSTELLUNG_MONAT":6,"REVISION_JAHR":2024,"REVISION_MONAT":6,"DATUM_AENDERUNG":"2025-07-08T11:55:40Z","DATUM_ERSTELLUNG":"2025-07-08T11:55:40Z","DACH_MAX":571.05,"DACH_MIN":567.57,"EGID":187524,"GEBAEUDEEINHEIT":"{0161A195-33E8-41ED-A8F7-CD5593D4FBF9}","layer":"swissbuildings3d_3_0_2024_1129-33_2056_5728.gdb — swissBUILDINGS3D_3-0_1129-33.gdb/a0000000b.gdbtable","path":"/vsizip//Users/wulf/Downloads/swissbuildings3d_3_0_2024_1129-33_2056_5728.gdb.zip/swissBUILDINGS3D_3-0_1129-33.gdb/a0000000b.gdbtable|layername=Roof_solid"},"geometry":{"type":"MultiPolygon","coordinates":[[[[2641513.443999998271465,1218594.247000001370907,600.735100000005332],[2641514.089999999850988,1218594.388999998569489,600.53509999999369],[2641514.111000001430511,1218594.293999999761581,600.670100000003004],[2641516.027254940010607,1218594.71483637415804,600.860917899217384],[2641516.026999998837709,1218594.715999998152256,601.052100000000792],[2641519.522999998182058,1218595.484999999403954,600.852100000003702],[2641524.738967468962073,1218596.631992845563218,602.252717211283425],[2641523.980999998748302,1218600.072999998927116,611.657000000006519],[2641531.028000000864267,1218601.625,611.657000000006519],[2641531.261999998241663,1218600.563000001013279,611.657000000006519],[2641533.965999998152256,1218601.157999999821186,611.456999999994878],[2641533.73200000077486,1218602.219999998807907,611.456999999994878],[2641540.793000001460314,1218603.774999998509884,611.657000000006519],[2641541.524999998509884,1218600.443,611.456999999994878],[2641543.853000000119209,1218589.877999998629093,611.657000000006519],[2641540.247000001370907,1218589.083999998867512,611.657000000006519],[2641540.370000001043081,1218588.467000000178814,611.456999999994878],[2641530.907999999821186,1218586.383000001311302,611.456999999994878],[2641530.747999999672174,1218587.111000001430511,611.657000000006519],[2641527.010000001639128,1218586.322000000625849,611.657000000006519],[2641524.861627608537674,1218596.075142539106309,606.254550000005111],[2641526.346999999135733,1218589.329999998211861,600.852100000003702],[2641517.629000000655651,1218587.412000000476837,600.852100000003702],[2641517.274011855013669,1218589.030434999614954,601.053025106162181],[2641517.361999999731779,1218588.627000000327826,601.112099999998463],[2641517.456999998539686,1218588.195000000298023,600.886100000003353],[2641517.590999998152256,1218587.583999998867512,600.900099999998929],[2641517.609999999403954,1218587.497999999672174,600.769100000004983],[2641515.048000000417233,1218586.936000000685453,600.769100000004983],[2641515.028999999165535,1218587.021999999880791,600.700100000001839],[2641514.975000001490116,1218587.265999998897314,601.012100000007194],[2641514.894999999552965,1218587.631999999284744,600.886100000003353],[2641514.800000000745058,1218588.063999999314547,601.112099999998463],[2641514.704999998211861,1218588.495999999344349,600.886100000003353],[2641514.625,1218588.861999999731779,600.812099999995553],[2641514.570999998599291,1218589.10700000077486,600.700100000001839],[2641514.552999999374151,1218589.193,600.569099999993341],[2641514.532000001519918,1218589.289000000804663,600.670100000003004],[2641514.471000000834465,1218589.563000001013279,600.98410000000149],[2641514.381999999284744,1218589.973000001162291,601.061100000006263],[2641514.274999998509884,1218590.456000000238419,601.088099999993574],[2641514.168999999761581,1218590.940000001341105,601.061100000006263],[2641514.079,1218591.350000001490116,600.98410000000149],[2641514.019000001251698,1218591.622999999672174,600.8701],[2641513.977000001817942,1218591.815999999642372,600.670100000003004],[2641513.916999999433756,1218592.089999999850988,600.7841000000044],[2641513.826999999582767,1218592.5,601.061100000006263],[2641513.721000000834465,1218592.982999999076128,600.888099999996484],[2641513.614999998360872,1218593.467000000178814,600.861099999994622],[2641513.524999998509884,1218593.877000000327826,600.98410000000149],[2641513.464999999850988,1218594.151000000536442,600.8701],[2641513.443999998271465,1218594.247000001370907,600.735100000005332]],[[2641517.076581812463701,1218589.930543058551848,600.862171060471837],[2641517.094000000506639,1218589.850999999791384,600.8701],[2641517.108399298042059,1218589.785483194515109,600.85815355066643],[2641517.076581812463701,1218589.930543058551848,600.862171060471837]],[[2641516.943999998271465,1218590.535000000149012,600.861099999994622],[2641516.884045058395714,1218590.808473714394495,600.900541251884988],[2641516.780453581828624,1218591.280778424581513,601.034439931526663],[2641516.777587936259806,1218591.293843764113262,601.02455152499715],[2641516.837999999523163,1218591.01799999922514,600.888099999996484],[2641516.943999998271465,1218590.535000000149012,600.861099999994622]]]]}},
{"type":"Feature","properties":{"fid":134,"OBJECTID":1,"UUID":"{0241BDAF-FECA-476C-BB76-2B1614C5FEC1}","OBJEKTART":"Gebaeude Einzelhaus","NAME_KOMPLETT":null,"GEBAEUDE_NUTZUNG":null,"GRUND_AENDERUNG":"Verbessert","HERKUNFT":"swisstopo","HERKUNFT_JAHR":2024,"HERKUNFT_MONAT":6,"ORIGINAL_HERKUNFT":"swisstopo","ERSTELLUNG_JAHR":2024,"ERSTELLUNG_MONAT":6,"REVISION_JAHR":2024,"REVISION_MONAT":6,"DATUM_AENDERUNG":"2025-07-08T11:55:40Z","DATUM_ERSTELLUNG":"2025-07-08T11:55:40Z","DACH_MAX":571.05,"DACH_MIN":567.57,"EGID":187524,"GEBAEUDEEINHEIT":"{0161A195-33E8-41ED-A8F7-CD5593D4FBF9}","layer":"swissbuildings3d_3_0_2024_1129-33_2056_5728.gdb — swissBUILDINGS3D_3-0_1129-33.gdb/a0000000b.gdbtable","path":"/vsizip//Users/wulf/Downloads/swissbuildings3d_3_0_2024_1129-33_2056_5728.gdb.zip/swissBUILDINGS3D_3-0_1129-33.gdb/a0000000b.gdbtable|layername=Roof_solid"},"geometry":{"type":"MultiPolygon","coordinates":[[[[2641491.883000001311302,1218631.291000001132488,609.378299999996671],[2641491.151000000536442,1218634.495999999344349,609.378299999996671],[2641507.754000000655651,1218638.289000000804663,609.378299999996671],[2641510.769999999552965,1218625.087999999523163,609.378299999996671],[2641506.508000001311302,1218624.114,609.378299999996671],[2641506.712999999523163,1218623.212999999523163,609.178299999999581],[2641498.434999998658895,1218621.320999998599291,609.378299999996671],[2641498.228999998420477,1218622.223000001162291,609.378299999996671],[2641494.168000001460314,1218621.295000001788139,609.378299999996671],[2641491.883000001311302,1218631.291000001132488,609.378299999996671]]]]}},
{"type":"Feature","properties":{"fid":135,"OBJECTID":1,"UUID":"{0241BDAF-FECA-476C-BB76-2B1614C5FEC1}","OBJEKTART":"Gebaeude Einzelhaus","NAME_KOMPLETT":null,"GEBAEUDE_NUTZUNG":null,"GRUND_AENDERUNG":"Verbessert","HERKUNFT":"swisstopo","HERKUNFT_JAHR":2024,"HERKUNFT_MONAT":6,"ORIGINAL_HERKUNFT":"swisstopo","ERSTELLUNG_JAHR":2024,"ERSTELLUNG_MONAT":6,"REVISION_JAHR":2024,"REVISION_MONAT":6,"DATUM_AENDERUNG":"2025-07-08T11:55:40Z","DATUM_ERSTELLUNG":"2025-07-08T11:55:40Z","DACH_MAX":571.05,"DACH_MIN":567.57,"EGID":187524,"GEBAEUDEEINHEIT":"{0161A195-33E8-41ED-A8F7-CD5593D4FBF9}","layer":"swissbuildings3d_3_0_2024_1129-33_2056_5728.gdb — swissBUILDINGS3D_3-0_1129-33.gdb/a0000000b.gdbtable","path":"/vsizip//Users/wulf/Downloads/swissbuildings3d_3_0_2024_1129-33_2056_5728.gdb.zip/swissBUILDINGS3D_3-0_1129-33.gdb/a0000000b.gdbtable|layername=Roof_solid"},"geometry":{"type":"MultiPolygon","coordinates":[[[[2641516.239,1218663.640999998897314,603.494900000005146],[2641517.002999998629093,1218660.3260000012815,603.694900000002235],[2641517.815000001341105,1218656.798000000417233,601.732099999993807],[2641509.88399999961257,1218654.971000000834465,601.532099999996717],[2641510.324999999254942,1218653.056000001728535,601.732099999993807],[2641507.046,1218652.300999999046326,603.536900000006426],[2641503.344999998807907,1218651.449000000953674,601.532099999996717],[2641502.905000001192093,1218653.364,601.532099999996717],[2641502.822000000625849,1218653.723000001162291,601.732099999993807],[2641502.090999998152256,1218656.89299999922514,603.494900000005146],[2641501.329,1218660.206000000238419,603.694900000002235],[2641500.515999998897314,1218663.736000001430511,601.732099999993807],[2641508.105999998748302,1218665.484000001102686,601.732099999993807],[2641509.388000000268221,1218668.136,600.287200000006123],[2641514.910999998450279,1218669.409000001847744,600.487200000003213],[2641515.360981971025467,1218667.454560230253264,601.446666846293851],[2641515.670000001788139,1218666.114,602.119999999995343],[2641516.239,1218663.640999998897314,603.494900000005146]]]]}},
{"type":"Feature","properties":{"fid":136,"OBJECTID":1,"UUID":"{0241BDAF-FECA-476C-BB76-2B1614C5FEC1}","OBJEKTART":"Gebaeude Einzelhaus","NAME_KOMPLETT":null,"GEBAEUDE_NUTZUNG":null,"GRUND_AENDERUNG":"Verbessert","HERKUNFT":"swisstopo","HERKUNFT_JAHR":2024,"HERKUNFT_MONAT":6,"ORIGINAL_HERKUNFT":"swisstopo","ERSTELLUNG_JAHR":2024,"ERSTELLUNG_MONAT":6,"REVISION_JAHR":2024,"REVISION_MONAT":6,"DATUM_AENDERUNG":"2025-07-08T11:55:40Z","DATUM_ERSTELLUNG":"2025-07-08T11:55:40Z","DACH_MAX":571.05,"DACH_MIN":567.57,"EGID":187524,"GEBAEUDEEINHEIT":"{0161A195-33E8-41ED-A8F7-CD5593D4FBF9}","layer":"swissbuildings3d_3_0_2024_1129-33_2056_5728.gdb — swissBUILDINGS3D_3-0_1129-33.gdb/a0000000b.gdbtable","path":"/vsizip//Users/wulf/Downloads/swissbuildings3d_3_0_2024_1129-33_2056_5728.gdb.zip/swissBUILDINGS3D_3-0_1129-33.gdb/a0000000b.gdbtable|layername=Roof_solid"},"geometry":{"type":"MultiPolygon","coordinates":[[[[2641505.265000000596046,1218696.49100000038743,598.431500000006054],[2641505.596000000834465,1218695.278999999165535,598.726399999999558],[2641513.021000001579523,1218697.309999998658895,598.526400000002468],[2641514.978999998420477,1218690.153000000864267,600.271299999993062],[2641515.802999999374151,1218687.14299999922514,598.980400000000373],[2641515.552000001072884,1218687.074000000953674,598.930399999997462],[2641512.545000001788139,1218686.250999998301268,598.830400000006193],[2641509.837999999523163,1218685.510000001639128,598.780400000003283],[2641502.769999999552965,1218683.5760000012815,598.780400000003283],[2641501.945999998599291,1218686.585999999195337,600.4712],[2641501.009769706055522,1218690.007755389902741,598.849470530956069],[2641499.460999999195337,1218689.583999998867512,598.249500000005355],[2641499.01799999922514,1218691.201999999582767,599.242400000002817],[2641498.10700000077486,1218694.532000001519918,598.431500000006054],[2641505.265000000596046,1218696.49100000038743,598.431500000006054]]]]}},
{"type":"Feature","properties":{"fid":137,"OBJECTID":1,"UUID":"{0241BDAF-FECA-476C-BB76-2B1614C5FEC1}","OBJEKTART":"Gebaeude Einzelhaus","NAME_KOMPLETT":null,"GEBAEUDE_NUTZUNG":null,"GRUND_AENDERUNG":"Verbessert","HERKUNFT":"swisstopo","HERKUNFT_JAHR":2024,"HERKUNFT_MONAT":6,"ORIGINAL_HERKUNFT":"swisstopo","ERSTELLUNG_JAHR":2024,"ERSTELLUNG_MONAT":6,"REVISION_JAHR":2024,"REVISION_MONAT":6,"DATUM_AENDERUNG":"2025-07-08T11:55:40Z","DATUM_ERSTELLUNG":"2025-07-08T11:55:40Z","DACH_MAX":571.05,"DACH_MIN":567.57,"EGID":187524,"GEBAEUDEEINHEIT":"{0161A195-33E8-41ED-A8F7-CD5593D4FBF9}","layer":"swissbuildings3d_3_0_2024_1129-33_2056_5728.gdb — swissBUILDINGS3D_3-0_1129-33.gdb/a0000000b.gdbtable","path":"/vsizip//Users/wulf/Downloads/swissbuildings3d_3_0_2024_1129-33_2056_5728.gdb.zip/swissBUILDINGS3D_3-0_1129-33.gdb/a0000000b.gdbtable|layername=Roof_solid"},"geometry":{"type":"MultiPolygon","coordinates":[[[[2641491.269000001251698,1218758.9510000012815,580.197400000004563],[2641486.006000000983477,1218763.693999998271465,580.197400000004563],[2641496.879000000655651,1218775.75899999961257,580.197400000004563],[2641496.903999999165535,1218775.743999999016523,580.197400000004563],[2641502.140999998897314,1218771.015999998897314,580.197400000004563],[2641501.021999999880791,1218769.774000000208616,579.997399999992922],[2641497.208000000566244,1218773.186999998986721,580.197400000004563],[2641505.756000000983477,1218765.537000000476837,586.048800000004121],[2641500.93299999833107,1218760.149000000208616,586.048800000004121],[2641496.183577344752848,1218764.400530681479722,582.967540356799645],[2641491.302000001072884,1218758.980000000447035,580.197400000004563],[2641491.269000001251698,1218758.9510000012815,580.197400000004563]]]]}},
{"type":"Feature","properties":{"fid":138,"OBJECTID":1,"UUID":"{0241BDAF-FECA-476C-BB76-2B1614C5FEC1}","OBJEKTART":"Gebaeude Einzelhaus","NAME_KOMPLETT":null,"GEBAEUDE_NUTZUNG":null,"GRUND_AENDERUNG":"Verbessert","HERKUNFT":"swisstopo","HERKUNFT_JAHR":2024,"HERKUNFT_MONAT":6,"ORIGINAL_HERKUNFT":"swisstopo","ERSTELLUNG_JAHR":2024,"ERSTELLUNG_MONAT":6,"REVISION_JAHR":2024,"REVISION_MONAT":6,"DATUM_AENDERUNG":"2025-07-08T11:55:40Z","DATUM_ERSTELLUNG":"2025-07-08T11:55:40Z","DACH_MAX":571.05,"DACH_MIN":567.57,"EGID":187524,"GEBAEUDEEINHEIT":"{0161A195-33E8-41ED-A8F7-CD5593D4FBF9}","layer":"swissbuildings3d_3_0_2024_1129-33_2056_5728.gdb — swissBUILDINGS3D_3-0_1129-33.gdb/a0000000b.gdbtable","path":"/vsizip//Users/wulf/Downloads/swissbuildings3d_3_0_2024_1129-33_2056_5728.gdb.zip/swissBUILDINGS3D_3-0_1129-33.gdb/a0000000b.gdbtable|layername=Roof_solid"},"geometry":{"type":"MultiPolygon","coordinates":[[[[2641509.609999999403954,1218784.840999998152256,586.438800000003539],[2641516.846999999135733,1218789.166999999433756,586.438800000003539],[2641522.315000001341105,1218780.019999999552965,586.043799999999464],[2641522.131000000983477,1218779.903999999165535,586.043799999999464],[2641515.074000000953674,1218775.699999999254942,586.243799999996554],[2641509.649999998509884,1218784.772999998182058,586.237800000002608],[2641509.609999999403954,1218784.840999998152256,586.438800000003539]]]]}},
{"type":"Feature","properties":{"fid":139,"OBJECTID":1,"UUID":"{0241BDAF-FECA-476C-BB76-2B1614C5FEC1}","OBJEKTART":"Gebaeude Einzelhaus","NAME_KOMPLETT":null,"GEBAEUDE_NUTZUNG":null,"GRUND_AENDERUNG":"Verbessert","HERKUNFT":"swisstopo","HERKUNFT_JAHR":2024,"HERKUNFT_MONAT":6,"ORIGINAL_HERKUNFT":"swisstopo","ERSTELLUNG_JAHR":2024,"ERSTELLUNG_MONAT":6,"REVISION_JAHR":2024,"REVISION_MONAT":6,"DATUM_AENDERUNG":"2025-07-08T11:55:40Z","DATUM_ERSTELLUNG":"2025-07-08T11:55:40Z","DACH_MAX":571.05,"DACH_MIN":567.57,"EGID":187524,"GEBAEUDEEINHEIT":"{0161A195-33E8-41ED-A8F7-CD5593D4FBF9}","layer":"swissbuildings3d_3_0_2024_1129-33_2056_5728.gdb — swissBUILDINGS3D_3-0_1129-33.gdb/a0000000b.gdbtable","path":"/vsizip//Users/wulf/Downloads/swissbuildings3d_3_0_2024_1129-33_2056_5728.gdb.zip/swissBUILDINGS3D_3-0_1129-33.gdb/a0000000b.gdbtable|layername=Roof_solid"},"geometry":{"type":"MultiPolygon","coordinates":[[[[2641535.651999998837709,1218835.894000001251698,574.777000000001863],[2641534.892000000923872,1218835.793000001460314,574.777000000001863],[2641535.210999999195337,1218833.386999998241663,573.953099999998813],[2641530.570000000298023,1218832.769999999552965,574.153099999995902],[2641530.25,1218835.177000001072884,574.577000000004773],[2641519.070000000298023,1218833.69200000166893,574.777000000001863],[2641519.390000000596046,1218831.285000000149012,574.288000000000466],[2641514.728000000119209,1218830.666000001132488,574.088099999993574],[2641514.409000001847744,1218833.072999998927116,574.577000000004773],[2641513.673000000417233,1218832.975000001490116,574.777000000001863],[2641513.00899999961257,1218837.967000000178814,577.052800000004936],[2641512.274000000208616,1218843.508000001311302,574.577000000004773],[2641517.769000001251698,1218844.238000001758337,574.626999999993131],[2641521.620000001043081,1218844.749000001698732,574.777000000001863],[2641524.872999999672174,1218845.181000001728535,574.777000000001863],[2641534.252999998629093,1218846.427000001072884,574.777000000001863],[2641534.988000001758337,1218840.886999998241663,576.852799999993294],[2641535.651999998837709,1218835.894000001251698,574.777000000001863]]]]}},
{"type":"Feature","properties":{"fid":140,"OBJECTID":1,"UUID":"{0241BDAF-FECA-476C-BB76-2B1614C5FEC1}","OBJEKTART":"Gebaeude Einzelhaus","NAME_KOMPLETT":null,"GEBAEUDE_NUTZUNG":null,"GRUND_AENDERUNG":"Verbessert","HERKUNFT":"swisstopo","HERKUNFT_JAHR":2024,"HERKUNFT_MONAT":6,"ORIGINAL_HERKUNFT":"swisstopo","ERSTELLUNG_JAHR":2024,"ERSTELLUNG_MONAT":6,"REVISION_JAHR":2024,"REVISION_MONAT":6,"DATUM_AENDERUNG":"2025-07-08T11:55:40Z","DATUM_ERSTELLUNG":"2025-07-08T11:55:40Z","DACH_MAX":571.05,"DACH_MIN":567.57,"EGID":187524,"GEBAEUDEEINHEIT":"{0161A195-33E8-41ED-A8F7-CD5593D4FBF9}","layer":"swissbuildings3d_3_0_2024_1129-33_2056_5728.gdb — swissBUILDINGS3D_3-0_1129-33.gdb/a0000000b.gdbtable","path":"/vsizip//Users/wulf/Downloads/swissbuildings3d_3_0_2024_1129-33_2056_5728.gdb.zip/swissBUILDINGS3D_3-0_1129-33.gdb/a0000000b.gdbtable|layername=Roof_solid"},"geometry":{"type":"MultiPolygon","coordinates":[[[[2641521.541000001132488,1218370.208000000566244,627.983099999997648],[2641521.329,1218384.969999998807907,627.983099999997648],[2641528.530999999493361,1218385.070000000298023,627.983099999997648],[2641528.738000001758337,1218370.309000000357628,627.983099999997648],[2641521.541000001132488,1218370.208000000566244,627.983099999997648]]]]}},
{"type":"Feature","properties":{"fid":141,"OBJECTID":1,"UUID":"{0241BDAF-FECA-476C-BB76-2B1614C5FEC1}","OBJEKTART":"Gebaeude Einzelhaus","NAME_KOMPLETT":null,"GEBAEUDE_NUTZUNG":null,"GRUND_AENDERUNG":"Verbessert","HERKUNFT":"swisstopo","HERKUNFT_JAHR":2024,"HERKUNFT_MONAT":6,"ORIGINAL_HERKUNFT":"swisstopo","ERSTELLUNG_JAHR":2024,"ERSTELLUNG_MONAT":6,"REVISION_JAHR":2024,"REVISION_MONAT":6,"DATUM_AENDERUNG":"2025-07-08T11:55:40Z","DATUM_ERSTELLUNG":"2025-07-08T11:55:40Z","DACH_MAX":571.05,"DACH_MIN":567.57,"EGID":187524,"GEBAEUDEEINHEIT":"{0161A195-33E8-41ED-A8F7-CD5593D4FBF9}","layer":"swissbuildings3d_3_0_2024_1129-33_2056_5728.gdb — swissBUILDINGS3D_3-0_1129-33.gdb/a0000000b.gdbtable","path":"/vsizip//Users/wulf/Downloads/swissbuildings3d_3_0_2024_1129-33_2056_5728.gdb.zip/swissBUILDINGS3D_3-0_1129-33.gdb/a0000000b.gdbtable|layername=Roof_solid"},"geometry":{"type":"MultiPolygon","coordinates":[[[[2641515.684999998658895,1218407.921999998390675,622.823699999993551],[2641515.537999998778105,1218418.375,624.976399999999558],[2641528.464999999850988,1218418.557,624.976399999999558],[2641528.601479673292488,1218408.85115981195122,622.320334074011726],[2641528.73200000077486,1218408.853000000119209,621.644799999994575],[2641528.831000000238419,1218401.804000001400709,621.351800000004005],[2641519.36600000038743,1218401.671999998390675,621.551800000001094],[2641519.277506538201123,1218407.972019428852946,622.143702447004898],[2641518.916999999433756,1218407.967000000178814,622.673699999999371],[2641515.684999998658895,1218407.921999998390675,622.823699999993551]]]]}},
{"type":"Feature","properties":{"fid":142,"OBJECTID":1,"UUID":"{0241BDAF-FECA-476C-BB76-2B1614C5FEC1}","OBJEKTART":"Gebaeude Einzelhaus","NAME_KOMPLETT":null,"GEBAEUDE_NUTZUNG":null,"GRUND_AENDERUNG":"Verbessert","HERKUNFT":"swisstopo","HERKUNFT_JAHR":2024,"HERKUNFT_MONAT":6,"ORIGINAL_HERKUNFT":"swisstopo","ERSTELLUNG_JAHR":2024,"ERSTELLUNG_MONAT":6,"REVISION_JAHR":2024,"REVISION_MONAT":6,"DATUM_AENDERUNG":"2025-07-08T11:55:40Z","DATUM_ERSTELLUNG":"2025-07-08T11:55:40Z","DACH_MAX":571.05,"DACH_MIN":567.57,"EGID":187524,"GEBAEUDEEINHEIT":"{0161A195-33E8-41ED-A8F7-CD5593D4FBF9}","layer":"swissbuildings3d_3_0_2024_1129-33_2056_5728.gdb — swissBUILDINGS3D_3-0_1129-33.gdb/a0000000b.gdbtable","path":"/vsizip//Users/wulf/Downloads/swissbuildings3d_3_0_2024_1129-33_2056_5728.gdb.zip/swissBUILDINGS3D_3-0_1129-33.gdb/a0000000b.gdbtable|layername=Roof_solid"},"geometry":{"type":"MultiPolygon","coordinates":[[[[2641523.184000000357628,1218445.624000001698732,616.545299999997951],[2641533.747999999672174,1218445.655999999493361,616.545299999997951],[2641533.750999998301268,1218444.879000000655651,616.805300000007264],[2641533.754000000655651,1218443.934999998658895,617.082299999994575],[2641533.769000001251698,1218438.769999999552965,619.292000000001281],[2641533.776999998837709,1218436.33500000089407,618.282099999996717],[2641533.782000001519918,1218434.888999998569489,617.633199999996577],[2641533.793999999761581,1218431.008000001311302,616.074399999997695],[2641521.063999999314547,1218430.969000000506639,616.074399999997695],[2641521.03999999910593,1218438.730000000447035,619.092099999994389],[2641523.25,1218438.763000000268221,619.082099999999627],[2641523.184000000357628,1218445.624000001698732,616.545299999997951]]]]}},
{"type":"Feature","properties":{"fid":143,"OBJECTID":1,"UUID":"{0241BDAF-FECA-476C-BB76-2B1614C5FEC1}","OBJEKTART":"Gebaeude Einzelhaus","NAME_KOMPLETT":null,"GEBAEUDE_NUTZUNG":null,"GRUND_AENDERUNG":"Verbessert","HERKUNFT":"swisstopo","HERKUNFT_JAHR":2024,"HERKUNFT_MONAT":6,"ORIGINAL_HERKUNFT":"swisstopo","ERSTELLUNG_JAHR":2024,"ERSTELLUNG_MONAT":6,"REVISION_JAHR":2024,"REVISION_MONAT":6,"DATUM_AENDERUNG":"2025-07-08T11:55:40Z","DATUM_ERSTELLUNG":"2025-07-08T11:55:40Z","DACH_MAX":571.05,"DACH_MIN":567.57,"EGID":187524,"GEBAEUDEEINHEIT":"{0161A195-33E8-41ED-A8F7-CD5593D4FBF9}","layer":"swissbuildings3d_3_0_2024_1129-33_2056_5728.gdb — swissBUILDINGS3D_3-0_1129-33.gdb/a0000000b.gdbtable","path":"/vsizip//Users/wulf/Downloads/swissbuildings3d_3_0_2024_1129-33_2056_5728.gdb.zip/swissBUILDINGS3D_3-0_1129-33.gdb/a0000000b.gdbtable|layername=Roof_solid"},"geometry":{"type":"MultiPolygon","coordinates":[[[[2641548.348999999463558,1218468.855000000447035,617.362299999993411],[2641548.364,1218468.0489999987185,617.562200000000303],[2641539.618000000715256,1218467.886,617.362299999993411],[2641539.600999999791384,1218468.693,617.362299999993411],[2641535.493999999016523,1218468.61600000038743,617.362299999993411],[2641535.282000001519918,1218479.886,617.362299999993411],[2641535.225000001490116,1218483.070000000298023,617.562300000005052],[2641542.381999999284744,1218483.203000001609325,617.362299999993411],[2641545.368999999016523,1218483.25899999961257,617.362299999993411],[2641552.146000001579523,1218483.385000001639128,617.562300000005052],[2641552.41499999910593,1218468.929999999701977,617.362299999993411],[2641548.348999999463558,1218468.855000000447035,617.362299999993411]]]]}},
{"type":"Feature","properties":{"fid":144,"OBJECTID":1,"UUID":"{0241BDAF-FECA-476C-BB76-2B1614C5FEC1}","OBJEKTART":"Gebaeude Einzelhaus","NAME_KOMPLETT":null,"GEBAEUDE_NUTZUNG":null,"GRUND_AENDERUNG":"Verbessert","HERKUNFT":"swisstopo","HERKUNFT_JAHR":2024,"HERKUNFT_MONAT":6,"ORIGINAL_HERKUNFT":"swisstopo","ERSTELLUNG_JAHR":2024,"ERSTELLUNG_MONAT":6,"REVISION_JAHR":2024,"REVISION_MONAT":6,"DATUM_AENDERUNG":"2025-07-08T11:55:40Z","DATUM_ERSTELLUNG":"2025-07-08T11:55:40Z","DACH_MAX":571.05,"DACH_MIN":567.57,"EGID":187524,"GEBAEUDEEINHEIT":"{0161A195-33E8-41ED-A8F7-CD5593D4FBF9}","layer":"swissbuildings3d_3_0_2024_1129-33_2056_5728.gdb — swissBUILDINGS3D_3-0_1129-33.gdb/a0000000b.gdbtable","path":"/vsizip//Users/wulf/Downloads/swissbuildings3d_3_0_2024_1129-33_2056_5728.gdb.zip/swissBUILDINGS3D_3-0_1129-33.gdb/a0000000b.gdbtable|layername=Roof_solid"},"geometry":{"type":"MultiPolygon","coordinates":[[[[2641527.920000001788139,1218504.829999998211861,614.619600000005448],[2641522.8260000012815,1218504.734999999403954,614.819600000002538],[2641522.513000000268221,1218521.568,614.619600000005448],[2641523.956999998539686,1218521.602000001817942,614.619600000005448],[2641526.278999999165535,1218521.638000000268221,614.619600000005448],[2641539.293000001460314,1218521.879999998956919,614.819600000002538],[2641539.357999999076128,1218518.363000001758337,614.819600000002538],[2641539.605999998748302,1218505.048000000417233,614.819600000002538],[2641534.695999998599291,1218504.954999998211861,614.819600000002538],[2641534.712999999523163,1218504.032999999821186,614.819600000002538],[2641527.938000001013279,1218503.905999999493361,614.819600000002538],[2641527.920000001788139,1218504.829999998211861,614.619600000005448]]]]}},
{"type":"Feature","properties":{"fid":145,"OBJECTID":1,"UUID":"{0241BDAF-FECA-476C-BB76-2B1614C5FEC1}","OBJEKTART":"Gebaeude Einzelhaus","NAME_KOMPLETT":null,"GEBAEUDE_NUTZUNG":null,"GRUND_AENDERUNG":"Verbessert","HERKUNFT":"swisstopo","HERKUNFT_JAHR":2024,"HERKUNFT_MONAT":6,"ORIGINAL_HERKUNFT":"swisstopo","ERSTELLUNG_JAHR":2024,"ERSTELLUNG_MONAT":6,"REVISION_JAHR":2024,"REVISION_MONAT":6,"DATUM_AENDERUNG":"2025-07-08T11:55:40Z","DATUM_ERSTELLUNG":"2025-07-08T11:55:40Z","DACH_MAX":571.05,"DACH_MIN":567.57,"EGID":187524,"GEBAEUDEEINHEIT":"{0161A195-33E8-41ED-A8F7-CD5593D4FBF9}","layer":"swissbuildings3d_3_0_2024_1129-33_2056_5728.gdb — swissBUILDINGS3D_3-0_1129-33.gdb/a0000000b.gdbtable","path":"/vsizip//Users/wulf/Downloads/swissbuildings3d_3_0_2024_1129-33_2056_5728.gdb.zip/swissBUILDINGS3D_3-0_1129-33.gdb/a0000000b.gdbtable|layername=Roof_solid"},"geometry":{"type":"MultiPolygon","coordinates":[[[[2641537.475000001490116,1218629.91499999910593,606.116599999993923],[2641537.269000001251698,1218630.815999999642372,606.316600000005565],[2641533.208000000566244,1218629.888999998569489,606.316600000005565],[2641530.190999999642372,1218643.089999999850988,606.316600000005565],[2641546.793999999761581,1218646.883000001311302,606.316600000005565],[2641548.839999999850988,1218637.927999999374151,606.316600000005565],[2641549.809999998658895,1218633.681000001728535,606.316600000005565],[2641545.548000000417233,1218632.708000000566244,606.316600000005565],[2641545.752999998629093,1218631.806000001728535,606.116599999993923],[2641537.475000001490116,1218629.91499999910593,606.116599999993923]]]]}},
{"type":"Feature","properties":{"fid":146,"OBJECTID":1,"UUID":"{0241BDAF-FECA-476C-BB76-2B1614C5FEC1}","OBJEKTART":"Gebaeude Einzelhaus","NAME_KOMPLETT":null,"GEBAEUDE_NUTZUNG":null,"GRUND_AENDERUNG":"Verbessert","HERKUNFT":"swisstopo","HERKUNFT_JAHR":2024,"HERKUNFT_MONAT":6,"ORIGINAL_HERKUNFT":"swisstopo","ERSTELLUNG_JAHR":2024,"ERSTELLUNG_MONAT":6,"REVISION_JAHR":2024,"REVISION_MONAT":6,"DATUM_AENDERUNG":"2025-07-08T11:55:40Z","DATUM_ERSTELLUNG":"2025-07-08T11:55:40Z","DACH_MAX":571.05,"DACH_MIN":567.57,"EGID":187524,"GEBAEUDEEINHEIT":"{0161A195-33E8-41ED-A8F7-CD5593D4FBF9}","layer":"swissbuildings3d_3_0_2024_1129-33_2056_5728.gdb — swissBUILDINGS3D_3-0_1129-33.gdb/a0000000b.gdbtable","path":"/vsizip//Users/wulf/Downloads/swissbuildings3d_3_0_2024_1129-33_2056_5728.gdb.zip/swissBUILDINGS3D_3-0_1129-33.gdb/a0000000b.gdbtable|layername=Roof_solid"},"geometry":{"type":"MultiPolygon","coordinates":[[[[2641534.137785741128027,1218673.427705595036969,597.814500000000407],[2641537.484999999403954,1218674.245000001043081,599.064400000002934],[2641538.774999998509884,1218668.964000001549721,602.630999999993946],[2641540.063999999314547,1218663.68299999833107,599.064299999998184],[2641525.651000000536442,1218660.164000000804663,598.864400000005844],[2641524.361000001430511,1218665.445000000298023,602.630999999993946],[2641523.072999998927116,1218670.725999999791384,599.064400000002934],[2641524.166742139030248,1218670.993060684762895,597.730891913484356],[2641523.028000000864267,1218675.741999998688698,596.564599999997881],[2641533.00899999961257,1218678.135000001639128,596.564599999997881],[2641534.137785741128027,1218673.427705595036969,597.814500000000407]]]]}},
{"type":"Feature","properties":{"fid":147,"OBJECTID":1,"UUID":"{0241BDAF-FECA-476C-BB76-2B1614C5FEC1}","OBJEKTART":"Gebaeude Einzelhaus","NAME_KOMPLETT":null,"GEBAEUDE_NUTZUNG":null,"GRUND_AENDERUNG":"Verbessert","HERKUNFT":"swisstopo","HERKUNFT_JAHR":2024,"HERKUNFT_MONAT":6,"ORIGINAL_HERKUNFT":"swisstopo","ERSTELLUNG_JAHR":2024,"ERSTELLUNG_MONAT":6,"REVISION_JAHR":2024,"REVISION_MONAT":6,"DATUM_AENDERUNG":"2025-07-08T11:55:40Z","DATUM_ERSTELLUNG":"2025-07-08T11:55:40Z","DACH_MAX":571.05,"DACH_MIN":567.57,"EGID":187524,"GEBAEUDEEINHEIT":"{0161A195-33E8-41ED-A8F7-CD5593D4FBF9}","layer":"swissbuildings3d_3_0_2024_1129-33_2056_5728.gdb — swissBUILDINGS3D_3-0_1129-33.gdb/a0000000b.gdbtable","path":"/vsizip//Users/wulf/Downloads/swissbuildings3d_3_0_2024_1129-33_2056_5728.gdb.zip/swissBUILDINGS3D_3-0_1129-33.gdb/a0000000b.gdbtable|layername=Roof_solid"},"geometry":{"type":"MultiPolygon","coordinates":[[[[2641526.287999998778105,1218704.752999998629093,600.4712],[2641524.796,1218711.346000000834465,598.352499999993597],[2641537.9239999987185,1218714.315000001341105,598.352499999993597],[2641539.41499999910593,1218707.721000000834465,600.4712],[2641540.988000001758337,1218700.765999998897314,597.760500000003958],[2641530.530000001192093,1218698.403000000864267,597.960500000001048],[2641529.01799999922514,1218705.089000001549721,600.375299999999697],[2641528.958000000566244,1218705.355999998748302,600.4712],[2641528.304999999701977,1218705.208999998867512,600.4712],[2641526.287999998778105,1218704.752999998629093,600.4712]]]]}},
{"type":"Feature","properties":{"fid":148,"OBJECTID":1,"UUID":"{0241BDAF-FECA-476C-BB76-2B1614C5FEC1}","OBJEKTART":"Gebaeude Einzelhaus","NAME_KOMPLETT":null,"GEBAEUDE_NUTZUNG":null,"GRUND_AENDERUNG":"Verbessert","HERKUNFT":"swisstopo","HERKUNFT_JAHR":2024,"HERKUNFT_MONAT":6,"ORIGINAL_HERKUNFT":"swisstopo","ERSTELLUNG_JAHR":2024,"ERSTELLUNG_MONAT":6,"REVISION_JAHR":2024,"REVISION_MONAT":6,"DATUM_AENDERUNG":"2025-07-08T11:55:40Z","DATUM_ERSTELLUNG":"2025-07-08T11:55:40Z","DACH_MAX":571.05,"DACH_MIN":567.57,"EGID":187524,"GEBAEUDEEINHEIT":"{0161A195-33E8-41ED-A8F7-CD5593D4FBF9}","layer":"swissbuildings3d_3_0_2024_1129-33_2056_5728.gdb — swissBUILDINGS3D_3-0_1129-33.gdb/a0000000b.gdbtable","path":"/vsizip//Users/wulf/Downloads/swissbuildings3d_3_0_2024_1129-33_2056_5728.gdb.zip/swissBUILDINGS3D_3-0_1129-33.gdb/a0000000b.gdbtable|layername=Roof_solid"},"geometry":{"type":"MultiPolygon","coordinates":[[[[2641518.802999999374151,1218730.41499999910593,593.702999999994063],[2641527.390000000596046,1218732.043999999761581,593.502999999996973],[2641529.594999998807907,1218720.4239999987185,593.702999999994063],[2641521.008000001311302,1218718.793999999761581,593.702999999994063],[2641518.802999999374151,1218730.41499999910593,593.702999999994063]]]]}},
{"type":"Feature","properties":{"fid":149,"OBJECTID":1,"UUID":"{0241BDAF-FECA-476C-BB76-2B1614C5FEC1}","OBJEKTART":"Gebaeude Einzelhaus","NAME_KOMPLETT":null,"GEBAEUDE_NUTZUNG":null,"GRUND_AENDERUNG":"Verbessert","HERKUNFT":"swisstopo","HERKUNFT_JAHR":2024,"HERKUNFT_MONAT":6,"ORIGINAL_HERKUNFT":"swisstopo","ERSTELLUNG_JAHR":2024,"ERSTELLUNG_MONAT":6,"REVISION_JAHR":2024,"REVISION_MONAT":6,"DATUM_AENDERUNG":"2025-07-08T11:55:40Z","DATUM_ERSTELLUNG":"2025-07-08T11:55:40Z","DACH_MAX":571.05,"DACH_MIN":567.57,"EGID":187524,"GEBAEUDEEINHEIT":"{0161A195-33E8-41ED-A8F7-CD5593D4FBF9}","layer":"swissbuildings3d_3_0_2024_1129-33_2056_5728.gdb — swissBUILDINGS3D_3-0_1129-33.gdb/a0000000b.gdbtable","path":"/vsizip//Users/wulf/Downloads/swissbuildings3d_3_0_2024_1129-33_2056_5728.gdb.zip/swissBUILDINGS3D_3-0_1129-33.gdb/a0000000b.gdbtable|layername=Roof_solid"},"geometry":{"type":"MultiPolygon","coordinates":[[[[2641548.370999999344349,1218730.973999999463558,593.365999999994528],[2641535.850999999791384,1218728.590999998152256,593.365999999994528],[2641532.035999998450279,1218748.638000000268221,593.365999999994528],[2641544.554999999701977,1218751.021000001579523,593.365999999994528],[2641548.370999999344349,1218730.973999999463558,593.365999999994528]]]]}},
{"type":"Feature","properties":{"fid":150,"OBJECTID":1,"UUID":"{0241BDAF-FECA-476C-BB76-2B1614C5FEC1}","OBJEKTART":"Gebaeude Einzelhaus","NAME_KOMPLETT":null,"GEBAEUDE_NUTZUNG":null,"GRUND_AENDERUNG":"Verbessert","HERKUNFT":"swisstopo","HERKUNFT_JAHR":2024,"HERKUNFT_MONAT":6,"ORIGINAL_HERKUNFT":"swisstopo","ERSTELLUNG_JAHR":2024,"ERSTELLUNG_MONAT":6,"REVISION_JAHR":2024,"REVISION_MONAT":6,"DATUM_AENDERUNG":"2025-07-08T11:55:40Z","DATUM_ERSTELLUNG":"2025-07-08T11:55:40Z","DACH_MAX":571.05,"DACH_MIN":567.57,"EGID":187524,"GEBAEUDEEINHEIT":"{0161A195-33E8-41ED-A8F7-CD5593D4FBF9}","layer":"swissbuildings3d_3_0_2024_1129-33_2056_5728.gdb — swissBUILDINGS3D_3-0_1129-33.gdb/a0000000b.gdbtable","path":"/vsizip//Users/wulf/Downloads/swissbuildings3d_3_0_2024_1129-33_2056_5728.gdb.zip/swissBUILDINGS3D_3-0_1129-33.gdb/a0000000b.gdbtable|layername=Roof_solid"},"geometry":{"type":"MultiPolygon","coordinates":[[[[2641542.925000000745058,1218794.611000001430511,586.335800000000745],[2641542.949000000953674,1218794.489,586.332800000003772],[2641543.606196767184883,1218791.087623586412519,586.332931707054286],[2641543.967999998480082,1218789.219000000506639,586.33980000000156],[2641545.011,1218783.828000001609325,586.243799999996554],[2641544.883000001311302,1218783.809999998658895,586.243799999996554],[2641542.355999998748302,1218783.313999999314547,586.243799999996554],[2641541.750390393193811,1218783.196842068340629,586.139028773055657],[2641536.771000001579523,1218782.232999999076128,586.221799999999348],[2641534.065999999642372,1218781.71000000089407,586.243799999996554],[2641533.024000000208616,1218787.133000001311302,586.39079999999376],[2641531.980000000447035,1218792.493999999016523,586.535799999997835],[2641536.111000001430511,1218793.293000001460314,586.335800000000745],[2641542.925000000745058,1218794.611000001430511,586.335800000000745]]]]}},
{"type":"Feature","properties":{"fid":151,"OBJECTID":1,"UUID":"{0241BDAF-FECA-476C-BB76-2B1614C5FEC1}","OBJEKTART":"Gebaeude Einzelhaus","NAME_KOMPLETT":null,"GEBAEUDE_NUTZUNG":null,"GRUND_AENDERUNG":"Verbessert","HERKUNFT":"swisstopo","HERKUNFT_JAHR":2024,"HERKUNFT_MONAT":6,"ORIGINAL_HERKUNFT":"swisstopo","ERSTELLUNG_JAHR":2024,"ERSTELLUNG_MONAT":6,"REVISION_JAHR":2024,"REVISION_MONAT":6,"DATUM_AENDERUNG":"2025-07-08T11:55:40Z","DATUM_ERSTELLUNG":"2025-07-08T11:55:40Z","DACH_MAX":571.05,"DACH_MIN":567.57,"EGID":187524,"GEBAEUDEEINHEIT":"{0161A195-33E8-41ED-A8F7-CD5593D4FBF9}","layer":"swissbuildings3d_3_0_2024_1129-33_2056_5728.gdb — swissBUILDINGS3D_3-0_1129-33.gdb/a0000000b.gdbtable","path":"/vsizip//Users/wulf/Downloads/swissbuildings3d_3_0_2024_1129-33_2056_5728.gdb.zip/swissBUILDINGS3D_3-0_1129-33.gdb/a0000000b.gdbtable|layername=Roof_solid"},"geometry":{"type":"MultiPolygon","coordinates":[[[[2641541.714000001549721,1218374.734000001102686,627.223199999993085],[2641541.7010000012815,1218380.886,627.223199999993085],[2641541.697000000625849,1218382.752000000327826,627.373200000001816],[2641541.693,1218385.105000000447035,627.423200000004726],[2641541.69200000166893,1218385.4239999987185,627.223199999993085],[2641551.631999999284744,1218385.445000000298023,627.521099999998114],[2641551.653999999165535,1218374.756000000983477,627.521099999998114],[2641541.714000001549721,1218374.734000001102686,627.223199999993085]]]]}},
{"type":"Feature","properties":{"fid":152,"OBJECTID":1,"UUID":"{0241BDAF-FECA-476C-BB76-2B1614C5FEC1}","OBJEKTART":"Gebaeude Einzelhaus","NAME_KOMPLETT":null,"GEBAEUDE_NUTZUNG":null,"GRUND_AENDERUNG":"Verbessert","HERKUNFT":"swisstopo","HERKUNFT_JAHR":2024,"HERKUNFT_MONAT":6,"ORIGINAL_HERKUNFT":"swisstopo","ERSTELLUNG_JAHR":2024,"ERSTELLUNG_MONAT":6,"REVISION_JAHR":2024,"REVISION_MONAT":6,"DATUM_AENDERUNG":"2025-07-08T11:55:40Z","DATUM_ERSTELLUNG":"2025-07-08T11:55:40Z","DACH_MAX":571.05,"DACH_MIN":567.57,"EGID":187524,"GEBAEUDEEINHEIT":"{0161A195-33E8-41ED-A8F7-CD5593D4FBF9}","layer":"swissbuildings3d_3_0_2024_1129-33_2056_5728.gdb — swissBUILDINGS3D_3-0_1129-33.gdb/a0000000b.gdbtable","path":"/vsizip//Users/wulf/Downloads/swissbuildings3d_3_0_2024_1129-33_2056_5728.gdb.zip/swissBUILDINGS3D_3-0_1129-33.gdb/a0000000b.gdbtable|layername=Roof_solid"},"geometry":{"type":"MultiPolygon","coordinates":[[[[2641545.274000000208616,1218408.197999998927116,620.372900000002119],[2641539.116999998688698,1218408.111999999731779,620.572899999999208],[2641539.102726794313639,1218409.129932934883982,621.658271292922336],[2641538.682,1218409.124000001698732,623.508600000001024],[2641538.664000000804663,1218410.379999998956919,623.508600000001024],[2641538.605000000447035,1218414.625999998301268,624.384500000000116],[2641538.56700000166893,1218417.3260000012815,623.508600000001024],[2641538.552000001072884,1218418.348000001162291,623.308600000003935],[2641550.890999998897314,1218418.521000001579523,623.508600000001024],[2641550.905999999493361,1218417.499000001698732,623.508600000001024],[2641550.927780301310122,1218415.910215308656916,622.357417923422645],[2641551.467000000178814,1218415.918000001460314,620.572899999999208],[2641551.651000000536442,1218402.756000000983477,620.572899999999208],[2641545.352000001817942,1218402.668000001460314,620.372900000002119],[2641545.274000000208616,1218408.197999998927116,620.372900000002119]],[[2641551.010788126382977,1218410.00999450404197,622.040750000000116],[2641551.021000001579523,1218409.298000000417233,623.508600000001024],[2641551.011,1218410.010000001639128,620.572899999999208],[2641551.010788126382977,1218410.00999450404197,622.040750000000116]],[[2641545.489999968092889,1218409.220003890572116,621.940750000001572],[2641545.489999998360872,1218409.219999998807907,620.372900000002119],[2641551.021000001579523,1218409.298000000417233,623.508600000001024],[2641545.489999968092889,1218409.220003890572116,621.940750000001572]]]]}},
{"type":"Feature","properties":{"fid":153,"OBJECTID":1,"UUID":"{0241BDAF-FECA-476C-BB76-2B1614C5FEC1}","OBJEKTART":"Gebaeude Einzelhaus","NAME_KOMPLETT":null,"GEBAEUDE_NUTZUNG":null,"GRUND_AENDERUNG":"Verbessert","HERKUNFT":"swisstopo","HERKUNFT_JAHR":2024,"HERKUNFT_MONAT":6,"ORIGINAL_HERKUNFT":"swisstopo","ERSTELLUNG_JAHR":2024,"ERSTELLUNG_MONAT":6,"REVISION_JAHR":2024,"REVISION_MONAT":6,"DATUM_AENDERUNG":"2025-07-08T11:55:40Z","DATUM_ERSTELLUNG":"2025-07-08T11:55:40Z","DACH_MAX":571.05,"DACH_MIN":567.57,"EGID":187524,"GEBAEUDEEINHEIT":"{0161A195-33E8-41ED-A8F7-CD5593D4FBF9}","layer":"swissbuildings3d_3_0_2024_1129-33_2056_5728.gdb — swissBUILDINGS3D_3-0_1129-33.gdb/a0000000b.gdbtable","path":"/vsizip//Users/wulf/Downloads/swissbuildings3d_3_0_2024_1129-33_2056_5728.gdb.zip/swissBUILDINGS3D_3-0_1129-33.gdb/a0000000b.gdbtable|layername=Roof_solid"},"geometry":{"type":"MultiPolygon","coordinates":[[[[2641574.416999999433756,1218403.079999998211861,619.691900000005262],[2641568.340999998152256,1218403.0,619.49199999999837],[2641565.513000000268221,1218402.958000000566244,619.49199999999837],[2641565.416240862105042,1218409.864430230343714,620.122481046321582],[2641561.254000000655651,1218409.806000001728535,620.372900000002119],[2641561.190000001341105,1218414.403999999165535,620.572899999999208],[2641561.138000000268221,1218418.08500000089407,620.572899999999208],[2641565.697000000625849,1218418.149000000208616,620.372900000002119],[2641565.697011767886579,1218418.148266520816833,621.721142234973286],[2641573.381999999284744,1218418.256000000983477,623.068599999998696],[2641573.410614631604403,1218416.214000629028305,621.355632213433864],[2641574.236000001430511,1218416.225999999791384,619.69199999999546],[2641574.322000000625849,1218410.473999999463558,619.69199999999546],[2641574.416999999433756,1218403.079999998211861,619.691900000005262]]]]}},
{"type":"Feature","properties":{"fid":154,"OBJECTID":1,"UUID":"{0241BDAF-FECA-476C-BB76-2B1614C5FEC1}","OBJEKTART":"Gebaeude Einzelhaus","NAME_KOMPLETT":null,"GEBAEUDE_NUTZUNG":null,"GRUND_AENDERUNG":"Verbessert","HERKUNFT":"swisstopo","HERKUNFT_JAHR":2024,"HERKUNFT_MONAT":6,"ORIGINAL_HERKUNFT":"swisstopo","ERSTELLUNG_JAHR":2024,"ERSTELLUNG_MONAT":6,"REVISION_JAHR":2024,"REVISION_MONAT":6,"DATUM_AENDERUNG":"2025-07-08T11:55:40Z","DATUM_ERSTELLUNG":"2025-07-08T11:55:40Z","DACH_MAX":571.05,"DACH_MIN":567.57,"EGID":187524,"GEBAEUDEEINHEIT":"{0161A195-33E8-41ED-A8F7-CD5593D4FBF9}","layer":"swissbuildings3d_3_0_2024_1129-33_2056_5728.gdb — swissBUILDINGS3D_3-0_1129-33.gdb/a0000000b.gdbtable","path":"/vsizip//Users/wulf/Downloads/swissbuildings3d_3_0_2024_1129-33_2056_5728.gdb.zip/swissBUILDINGS3D_3-0_1129-33.gdb/a0000000b.gdbtable|layername=Roof_solid"},"geometry":{"type":"MultiPolygon","coordinates":[[[[2641566.335395545698702,1218436.563405754277483,614.181550000001153],[2641566.379000000655651,1218428.761999998241663,615.658400000000256],[2641557.3260000012815,1218428.71000000089407,615.560400000002119],[2641557.272265914827585,1218435.888475712854415,615.626416475372935],[2641552.096000000834465,1218435.850000001490116,615.324399999997695],[2641552.063000001013279,1218440.410999998450279,619.876999999993131],[2641552.028999999165535,1218444.975000001490116,615.524399999994785],[2641560.805287356488407,1218445.039973076432943,613.914550000001327],[2641560.787999998778105,1218446.513000000268221,612.504700000004959],[2641567.504999998956919,1218446.592999998480082,612.504700000004959],[2641567.624000001698732,1218436.579,612.704700000002049],[2641566.335395545698702,1218436.563405754277483,614.181550000001153]]]]}},
{"type":"Feature","properties":{"fid":155,"OBJECTID":1,"UUID":"{0241BDAF-FECA-476C-BB76-2B1614C5FEC1}","OBJEKTART":"Gebaeude Einzelhaus","NAME_KOMPLETT":null,"GEBAEUDE_NUTZUNG":null,"GRUND_AENDERUNG":"Verbessert","HERKUNFT":"swisstopo","HERKUNFT_JAHR":2024,"HERKUNFT_MONAT":6,"ORIGINAL_HERKUNFT":"swisstopo","ERSTELLUNG_JAHR":2024,"ERSTELLUNG_MONAT":6,"REVISION_JAHR":2024,"REVISION_MONAT":6,"DATUM_AENDERUNG":"2025-07-08T11:55:40Z","DATUM_ERSTELLUNG":"2025-07-08T11:55:40Z","DACH_MAX":571.05,"DACH_MIN":567.57,"EGID":187524,"GEBAEUDEEINHEIT":"{0161A195-33E8-41ED-A8F7-CD5593D4FBF9}","layer":"swissbuildings3d_3_0_2024_1129-33_2056_5728.gdb — swissBUILDINGS3D_3-0_1129-33.gdb/a0000000b.gdbtable","path":"/vsizip//Users/wulf/Downloads/swissbuildings3d_3_0_2024_1129-33_2056_5728.gdb.zip/swissBUILDINGS3D_3-0_1129-33.gdb/a0000000b.gdbtable|layername=Roof_solid"},"geometry":{"type":"MultiPolygon","coordinates":[[[[2641585.86600000038743,1218482.568,617.692200000004959],[2641585.846000000834465,1218483.659000001847744,617.492199999993318],[2641591.824000000953674,1218483.725000001490116,617.492199999993318],[2641593.017000000923872,1218483.739,617.692200000004959],[2641593.056000001728535,1218480.432,617.692200000004959],[2641593.188000001013279,1218468.971999999135733,617.692200000004959],[2641589.296999998390675,1218468.927999999374151,617.492199999993318],[2641589.30799999833107,1218468.015999998897314,617.692200000004959],[2641579.850999999791384,1218467.905000001192093,617.492199999993318],[2641579.839999999850988,1218468.8260000012815,617.692200000004959],[2641576.004000677727163,1218468.781941814348102,614.883500000003551],[2641576.050999999046326,1218464.743000000715256,612.074800000002142],[2641570.322999998927116,1218464.675999999046326,612.274799999999232],[2641570.333000000566244,1218463.886,612.074800000002142],[2641564.614999998360872,1218463.818999998271465,612.074800000002142],[2641564.565999999642372,1218469.530999999493361,612.274799999999232],[2641570.269999999552965,1218469.594999998807907,612.274799999999232],[2641570.271999999880791,1218470.390000000596046,612.074800000002142],[2641575.901999998837709,1218470.4510000012815,612.274799999999232],[2641575.921999998390675,1218468.780999999493361,612.074800000002142],[2641575.747000001370907,1218483.55799999833107,617.692200000004959],[2641576.940000001341105,1218483.572000000625849,617.692200000004959],[2641582.910000000149012,1218483.629000000655651,617.692200000004959],[2641582.93299999833107,1218482.534000001847744,617.692200000004959],[2641585.86600000038743,1218482.568,617.692200000004959]]]]}},
{"type":"Feature","properties":{"fid":156,"OBJECTID":1,"UUID":"{0241BDAF-FECA-476C-BB76-2B1614C5FEC1}","OBJEKTART":"Gebaeude Einzelhaus","NAME_KOMPLETT":null,"GEBAEUDE_NUTZUNG":null,"GRUND_AENDERUNG":"Verbessert","HERKUNFT":"swisstopo","HERKUNFT_JAHR":2024,"HERKUNFT_MONAT":6,"ORIGINAL_HERKUNFT":"swisstopo","ERSTELLUNG_JAHR":2024,"ERSTELLUNG_MONAT":6,"REVISION_JAHR":2024,"REVISION_MONAT":6,"DATUM_AENDERUNG":"2025-07-08T11:55:40Z","DATUM_ERSTELLUNG":"2025-07-08T11:55:40Z","DACH_MAX":571.05,"DACH_MIN":567.57,"EGID":187524,"GEBAEUDEEINHEIT":"{0161A195-33E8-41ED-A8F7-CD5593D4FBF9}","layer":"swissbuildings3d_3_0_2024_1129-33_2056_5728.gdb — swissBUILDINGS3D_3-0_1129-33.gdb/a0000000b.gdbtable","path":"/vsizip//Users/wulf/Downloads/swissbuildings3d_3_0_2024_1129-33_2056_5728.gdb.zip/swissBUILDINGS3D_3-0_1129-33.gdb/a0000000b.gdbtable|layername=Roof_solid"},"geometry":{"type":"MultiPolygon","coordinates":[[[[2641570.530999999493361,1218502.31700000166893,606.699399999997695],[2641570.441070831380785,1218509.877345326123759,610.561650232294596],[2641570.221999999135733,1218509.875,614.587599999998929],[2641555.912999998778105,1218509.723000001162291,614.737599999993108],[2641555.74100000038743,1218525.730000000447035,614.737599999993108],[2641574.820000000298023,1218525.934000000357628,614.737599999993108],[2641574.980069105513394,1218510.969514854252338,612.657341901414043],[2641576.171,1218510.984000001102686,606.699399999997695],[2641576.179999999701977,1218510.806000001728535,606.699399999997695],[2641576.272999998182058,1218502.385000001639128,606.899399999994785],[2641570.530999999493361,1218502.31700000166893,606.699399999997695]]]]}},
{"type":"Feature","properties":{"fid":157,"OBJECTID":1,"UUID":"{0241BDAF-FECA-476C-BB76-2B1614C5FEC1}","OBJEKTART":"Gebaeude Einzelhaus","NAME_KOMPLETT":null,"GEBAEUDE_NUTZUNG":null,"GRUND_AENDERUNG":"Verbessert","HERKUNFT":"swisstopo","HERKUNFT_JAHR":2024,"HERKUNFT_MONAT":6,"ORIGINAL_HERKUNFT":"swisstopo","ERSTELLUNG_JAHR":2024,"ERSTELLUNG_MONAT":6,"REVISION_JAHR":2024,"REVISION_MONAT":6,"DATUM_AENDERUNG":"2025-07-08T11:55:40Z","DATUM_ERSTELLUNG":"2025-07-08T11:55:40Z","DACH_MAX":571.05,"DACH_MIN":567.57,"EGID":187524,"GEBAEUDEEINHEIT":"{0161A195-33E8-41ED-A8F7-CD5593D4FBF9}","layer":"swissbuildings3d_3_0_2024_1129-33_2056_5728.gdb — swissBUILDINGS3D_3-0_1129-33.gdb/a0000000b.gdbtable","path":"/vsizip//Users/wulf/Downloads/swissbuildings3d_3_0_2024_1129-33_2056_5728.gdb.zip/swissBUILDINGS3D_3-0_1129-33.gdb/a0000000b.gdbtable|layername=Roof_solid"},"geometry":{"type":"MultiPolygon","coordinates":[[[[2641564.14299999922514,1218667.142000000923872,598.780400000003283],[2641558.110551979858428,1218665.632485100999475,599.133361146475181],[2641558.21000000089407,1218665.234000001102686,599.85229999999865],[2641550.647999998182058,1218663.339999999850988,599.65230000000156],[2641550.002999998629093,1218665.916999999433756,598.580400000006193],[2641549.287999998778105,1218668.774000000208616,601.021099999998114],[2641547.364,1218676.458999998867512,598.678400000004331],[2641560.686000000685453,1218679.793999999761581,598.87840000000142],[2641562.609999999403954,1218672.109000001102686,601.021099999998114],[2641562.942989370319992,1218670.780855373246595,599.436614772544544],[2641563.214999999850988,1218670.848999999463558,598.580400000006193],[2641563.679000001400709,1218668.995999999344349,600.242199999993318],[2641564.14299999922514,1218667.142000000923872,598.780400000003283]]]]}},
{"type":"Feature","properties":{"fid":158,"OBJECTID":1,"UUID":"{0241BDAF-FECA-476C-BB76-2B1614C5FEC1}","OBJEKTART":"Gebaeude Einzelhaus","NAME_KOMPLETT":null,"GEBAEUDE_NUTZUNG":null,"GRUND_AENDERUNG":"Verbessert","HERKUNFT":"swisstopo","HERKUNFT_JAHR":2024,"HERKUNFT_MONAT":6,"ORIGINAL_HERKUNFT":"swisstopo","ERSTELLUNG_JAHR":2024,"ERSTELLUNG_MONAT":6,"REVISION_JAHR":2024,"REVISION_MONAT":6,"DATUM_AENDERUNG":"2025-07-08T11:55:40Z","DATUM_ERSTELLUNG":"2025-07-08T11:55:40Z","DACH_MAX":571.05,"DACH_MIN":567.57,"EGID":187524,"GEBAEUDEEINHEIT":"{0161A195-33E8-41ED-A8F7-CD5593D4FBF9}","layer":"swissbuildings3d_3_0_2024_1129-33_2056_5728.gdb — swissBUILDINGS3D_3-0_1129-33.gdb/a0000000b.gdbtable","path":"/vsizip//Users/wulf/Downloads/swissbuildings3d_3_0_2024_1129-33_2056_5728.gdb.zip/swissBUILDINGS3D_3-0_1129-33.gdb/a0000000b.gdbtable|layername=Roof_solid"},"geometry":{"type":"MultiPolygon","coordinates":[[[[2641569.73200000077486,1218838.791000001132488,573.96809999999823],[2641565.284000001847744,1218838.199999999254942,573.768100000001141],[2641564.973974714521319,1218840.532892141724005,574.372786418219675],[2641553.519000001251698,1218839.011,574.335000000006403],[2641553.829,1218836.677999999374151,573.805099999997765],[2641549.217000000178814,1218836.065000001341105,573.805099999997765],[2641548.905999999493361,1218838.397999998182058,574.384000000005472],[2641547.971000000834465,1218838.274000000208616,574.384000000005472],[2641547.309000000357628,1218843.265999998897314,576.659799999993993],[2641546.572999998927116,1218848.806000001728535,574.384000000005472],[2641568.550999999046326,1218851.725999999791384,574.384000000005472],[2641569.287999998778105,1218846.184999998658895,576.659799999993993],[2641569.949999999254942,1218841.193999998271465,574.18399999999383],[2641569.422154265921563,1218841.123871142277494,574.374906641981397],[2641569.73200000077486,1218838.791000001132488,573.96809999999823]]]]}},
{"type":"Feature","properties":{"fid":159,"OBJECTID":1,"UUID":"{0241BDAF-FECA-476C-BB76-2B1614C5FEC1}","OBJEKTART":"Gebaeude Einzelhaus","NAME_KOMPLETT":null,"GEBAEUDE_NUTZUNG":null,"GRUND_AENDERUNG":"Verbessert","HERKUNFT":"swisstopo","HERKUNFT_JAHR":2024,"HERKUNFT_MONAT":6,"ORIGINAL_HERKUNFT":"swisstopo","ERSTELLUNG_JAHR":2024,"ERSTELLUNG_MONAT":6,"REVISION_JAHR":2024,"REVISION_MONAT":6,"DATUM_AENDERUNG":"2025-07-08T11:55:40Z","DATUM_ERSTELLUNG":"2025-07-08T11:55:40Z","DACH_MAX":571.05,"DACH_MIN":567.57,"EGID":187524,"GEBAEUDEEINHEIT":"{0161A195-33E8-41ED-A8F7-CD5593D4FBF9}","layer":"swissbuildings3d_3_0_2024_1129-33_2056_5728.gdb — swissBUILDINGS3D_3-0_1129-33.gdb/a0000000b.gdbtable","path":"/vsizip//Users/wulf/Downloads/swissbuildings3d_3_0_2024_1129-33_2056_5728.gdb.zip/swissBUILDINGS3D_3-0_1129-33.gdb/a0000000b.gdbtable|layername=Roof_solid"},"geometry":{"type":"MultiPolygon","coordinates":[[[[2641564.392000000923872,1218385.357999999076128,626.733200000002398],[2641564.396000001579523,1218385.545000001788139,626.536200000002282],[2641574.372999999672174,1218385.6739999987185,626.536200000002282],[2641574.510000001639128,1218375.14299999922514,626.340200000006007],[2641574.509735603351146,1218375.14299081871286,624.91935000000376],[2641574.535000000149012,1218373.184999998658895,623.498500000001513],[2641564.55799999833107,1218373.056000001728535,623.298599999994622],[2641564.530000001192093,1218375.015000000596046,623.498500000001513],[2641574.36600000038743,1218375.138000000268221,623.298500000004424],[2641564.526999998837709,1218375.015000000596046,626.540200000003097],[2641564.392000000923872,1218385.357999999076128,626.733200000002398]]]]}},
{"type":"Feature","properties":{"fid":160,"OBJECTID":1,"UUID":"{0241BDAF-FECA-476C-BB76-2B1614C5FEC1}","OBJEKTART":"Gebaeude Einzelhaus","NAME_KOMPLETT":null,"GEBAEUDE_NUTZUNG":null,"GRUND_AENDERUNG":"Verbessert","HERKUNFT":"swisstopo","HERKUNFT_JAHR":2024,"HERKUNFT_MONAT":6,"ORIGINAL_HERKUNFT":"swisstopo","ERSTELLUNG_JAHR":2024,"ERSTELLUNG_MONAT":6,"REVISION_JAHR":2024,"REVISION_MONAT":6,"DATUM_AENDERUNG":"2025-07-08T11:55:40Z","DATUM_ERSTELLUNG":"2025-07-08T11:55:40Z","DACH_MAX":571.05,"DACH_MIN":567.57,"EGID":187524,"GEBAEUDEEINHEIT":"{0161A195-33E8-41ED-A8F7-CD5593D4FBF9}","layer":"swissbuildings3d_3_0_2024_1129-33_2056_5728.gdb — swissBUILDINGS3D_3-0_1129-33.gdb/a0000000b.gdbtable","path":"/vsizip//Users/wulf/Downloads/swissbuildings3d_3_0_2024_1129-33_2056_5728.gdb.zip/swissBUILDINGS3D_3-0_1129-33.gdb/a0000000b.gdbtable|layername=Roof_solid"},"geometry":{"type":"MultiPolygon","coordinates":[[[[2641587.059000000357628,1218385.7989999987185,626.246299999998882],[2641597.087999999523163,1218385.929000001400709,626.246199999994133],[2641597.225999999791384,1218375.322000000625849,626.046300000001793],[2641587.197000000625849,1218375.19200000166893,626.046300000001793],[2641587.059000000357628,1218385.7989999987185,626.246299999998882]]]]}},
{"type":"Feature","properties":{"fid":161,"OBJECTID":1,"UUID":"{0241BDAF-FECA-476C-BB76-2B1614C5FEC1}","OBJEKTART":"Gebaeude Einzelhaus","NAME_KOMPLETT":null,"GEBAEUDE_NUTZUNG":null,"GRUND_AENDERUNG":"Verbessert","HERKUNFT":"swisstopo","HERKUNFT_JAHR":2024,"HERKUNFT_MONAT":6,"ORIGINAL_HERKUNFT":"swisstopo","ERSTELLUNG_JAHR":2024,"ERSTELLUNG_MONAT":6,"REVISION_JAHR":2024,"REVISION_MONAT":6,"DATUM_AENDERUNG":"2025-07-08T11:55:40Z","DATUM_ERSTELLUNG":"2025-07-08T11:55:40Z","DACH_MAX":571.05,"DACH_MIN":567.57,"EGID":187524,"GEBAEUDEEINHEIT":"{0161A195-33E8-41ED-A8F7-CD5593D4FBF9}","layer":"swissbuildings3d_3_0_2024_1129-33_2056_5728.gdb — swissBUILDINGS3D_3-0_1129-33.gdb/a0000000b.gdbtable","path":"/vsizip//Users/wulf/Downloads/swissbuildings3d_3_0_2024_1129-33_2056_5728.gdb.zip/swissBUILDINGS3D_3-0_1129-33.gdb/a0000000b.gdbtable|layername=Roof_solid"},"geometry":{"type":"MultiPolygon","coordinates":[[[[2641593.022999998182058,1218404.083000000566244,619.42500000000291],[2641591.383000001311302,1218404.061999998986721,619.505999999993946],[2641589.445000000298023,1218404.037999998778105,619.691900000005262],[2641589.355438537430018,1218410.415771300205961,621.090608450500554],[2641584.58500000089407,1218410.348999999463558,622.92160000000149],[2641584.471999999135733,1218418.416999999433756,622.92160000000149],[2641596.238000001758337,1218418.581999998539686,622.427700000000186],[2641596.267821243498474,1218416.459078340325505,620.982076466526905],[2641597.162000000476837,1218416.471999999135733,619.544999999998254],[2641597.33500000089407,1218404.149000000208616,619.544999999998254],[2641597.197000000625849,1218404.140999998897314,619.547999999995227],[2641593.322000000625849,1218404.087000001221895,619.470000000001164],[2641593.022999998182058,1218404.083000000566244,619.42500000000291]]]]}},
{"type":"Feature","properties":{"fid":162,"OBJECTID":1,"UUID":"{0241BDAF-FECA-476C-BB76-2B1614C5FEC1}","OBJEKTART":"Gebaeude Einzelhaus","NAME_KOMPLETT":null,"GEBAEUDE_NUTZUNG":null,"GRUND_AENDERUNG":"Verbessert","HERKUNFT":"swisstopo","HERKUNFT_JAHR":2024,"HERKUNFT_MONAT":6,"ORIGINAL_HERKUNFT":"swisstopo","ERSTELLUNG_JAHR":2024,"ERSTELLUNG_MONAT":6,"REVISION_JAHR":2024,"REVISION_MONAT":6,"DATUM_AENDERUNG":"2025-07-08T11:55:40Z","DATUM_ERSTELLUNG":"2025-07-08T11:55:40Z","DACH_MAX":571.05,"DACH_MIN":567.57,"EGID":187524,"GEBAEUDEEINHEIT":"{0161A195-33E8-41ED-A8F7-CD5593D4FBF9}","layer":"swissbuildings3d_3_0_2024_1129-33_2056_5728.gdb — swissBUILDINGS3D_3-0_1129-33.gdb/a0000000b.gdbtable","path":"/vsizip//Users/wulf/Downloads/swissbuildings3d_3_0_2024_1129-33_2056_5728.gdb.zip/swissBUILDINGS3D_3-0_1129-33.gdb/a0000000b.gdbtable|layername=Roof_solid"},"geometry":{"type":"MultiPolygon","coordinates":[[[[2641596.543999999761581,1218445.265000000596046,615.26140000000305],[2641596.602000001817942,1218440.379000000655651,617.029200000004494],[2641596.662000000476837,1218435.352000001817942,615.143400000000838],[2641581.899000000208616,1218435.175999999046326,615.143400000000838],[2641581.89674880169332,1218435.364314559381455,613.853995767957144],[2641580.350999999791384,1218435.346000000834465,613.196599999995669],[2641580.329,1218437.147999998182058,613.196599999995669],[2641574.806000001728535,1218437.081999998539686,612.996700000003329],[2641574.704,1218445.583999998867512,612.996700000003329],[2641581.774353698361665,1218445.668188935844228,614.288373080496854],[2641581.769999999552965,1218446.037000000476837,615.242400000002817],[2641591.725999999791384,1218446.155999999493361,615.242400000002817],[2641591.737190815620124,1218445.208002263214439,615.496398722317281],[2641596.543999999761581,1218445.265000000596046,615.26140000000305]],[[2641581.778000000864267,1218445.320000000298023,613.196599999995669],[2641581.821583849843591,1218441.66722260415554,615.552522111392364],[2641581.778463893570006,1218445.320005562156439,614.353370594509443],[2641581.778000000864267,1218445.320000000298023,613.196599999995669]]]]}},
{"type":"Feature","properties":{"fid":163,"OBJECTID":1,"UUID":"{0241BDAF-FECA-476C-BB76-2B1614C5FEC1}","OBJEKTART":"Gebaeude Einzelhaus","NAME_KOMPLETT":null,"GEBAEUDE_NUTZUNG":null,"GRUND_AENDERUNG":"Verbessert","HERKUNFT":"swisstopo","HERKUNFT_JAHR":2024,"HERKUNFT_MONAT":6,"ORIGINAL_HERKUNFT":"swisstopo","ERSTELLUNG_JAHR":2024,"ERSTELLUNG_MONAT":6,"REVISION_JAHR":2024,"REVISION_MONAT":6,"DATUM_AENDERUNG":"2025-07-08T11:55:40Z","DATUM_ERSTELLUNG":"2025-07-08T11:55:40Z","DACH_MAX":571.05,"DACH_MIN":567.57,"EGID":187524,"GEBAEUDEEINHEIT":"{0161A195-33E8-41ED-A8F7-CD5593D4FBF9}","layer":"swissbuildings3d_3_0_2024_1129-33_2056_5728.gdb — swissBUILDINGS3D_3-0_1129-33.gdb/a0000000b.gdbtable","path":"/vsizip//Users/wulf/Downloads/swissbuildings3d_3_0_2024_1129-33_2056_5728.gdb.zip/swissBUILDINGS3D_3-0_1129-33.gdb/a0000000b.gdbtable|layername=Roof_solid"},"geometry":{"type":"MultiPolygon","coordinates":[[[[2641598.870999999344349,1218464.997999999672174,612.074800000002142],[2641593.153999999165535,1218464.932,612.274799999999232],[2641593.10700000077486,1218468.971000000834465,612.274799999999232],[2641593.188000001013279,1218468.971999999135733,617.692200000004959],[2641593.168999999761581,1218470.653000000864267,612.274799999999232],[2641598.791000001132488,1218470.717999998480082,612.074800000002142],[2641598.800000000745058,1218469.918000001460314,612.074800000002142],[2641604.521999999880791,1218469.984000001102686,612.074800000002142],[2641604.587999999523163,1218464.265000000596046,612.074800000002142],[2641598.881000000983477,1218464.197999998927116,612.074800000002142],[2641598.870999999344349,1218464.997999999672174,612.074800000002142]]]]}},
{"type":"Feature","properties":{"fid":164,"OBJECTID":1,"UUID":"{0241BDAF-FECA-476C-BB76-2B1614C5FEC1}","OBJEKTART":"Gebaeude Einzelhaus","NAME_KOMPLETT":null,"GEBAEUDE_NUTZUNG":null,"GRUND_AENDERUNG":"Verbessert","HERKUNFT":"swisstopo","HERKUNFT_JAHR":2024,"HERKUNFT_MONAT":6,"ORIGINAL_HERKUNFT":"swisstopo","ERSTELLUNG_JAHR":2024,"ERSTELLUNG_MONAT":6,"REVISION_JAHR":2024,"REVISION_MONAT":6,"DATUM_AENDERUNG":"2025-07-08T11:55:40Z","DATUM_ERSTELLUNG":"2025-07-08T11:55:40Z","DACH_MAX":571.05,"DACH_MIN":567.57,"EGID":187524,"GEBAEUDEEINHEIT":"{0161A195-33E8-41ED-A8F7-CD5593D4FBF9}","layer":"swissbuildings3d_3_0_2024_1129-33_2056_5728.gdb — swissBUILDINGS3D_3-0_1129-33.gdb/a0000000b.gdbtable","path":"/vsizip//Users/wulf/Downloads/swissbuildings3d_3_0_2024_1129-33_2056_5728.gdb.zip/swissBUILDINGS3D_3-0_1129-33.gdb/a0000000b.gdbtable|layername=Roof_solid"},"geometry":{"type":"MultiPolygon","coordinates":[[[[2641592.109000001102686,1218510.936999998986721,607.000400000004447],[2641592.888999998569489,1218510.940999999642372,607.000400000004447],[2641592.728000000119209,1218526.043000001460314,614.458599999998114],[2641611.806000001728535,1218526.245999999344349,614.658599999995204],[2641611.978000000119209,1218510.239,614.458599999998114],[2641597.883000001311302,1218510.087999999523163,614.458599999998114],[2641597.916999999433756,1218502.434999998658895,606.800399999992806],[2641592.197000000625849,1218502.375999998301268,607.000400000004447],[2641592.109000001102686,1218510.936999998986721,607.000400000004447]]]]}},
{"type":"Feature","properties":{"fid":165,"OBJECTID":1,"UUID":"{0241BDAF-FECA-476C-BB76-2B1614C5FEC1}","OBJEKTART":"Gebaeude Einzelhaus","NAME_KOMPLETT":null,"GEBAEUDE_NUTZUNG":null,"GRUND_AENDERUNG":"Verbessert","HERKUNFT":"swisstopo","HERKUNFT_JAHR":2024,"HERKUNFT_MONAT":6,"ORIGINAL_HERKUNFT":"swisstopo","ERSTELLUNG_JAHR":2024,"ERSTELLUNG_MONAT":6,"REVISION_JAHR":2024,"REVISION_MONAT":6,"DATUM_AENDERUNG":"2025-07-08T11:55:40Z","DATUM_ERSTELLUNG":"2025-07-08T11:55:40Z","DACH_MAX":571.05,"DACH_MIN":567.57,"EGID":187524,"GEBAEUDEEINHEIT":"{0161A195-33E8-41ED-A8F7-CD5593D4FBF9}","layer":"swissbuildings3d_3_0_2024_1129-33_2056_5728.gdb — swissBUILDINGS3D_3-0_1129-33.gdb/a0000000b.gdbtable","path":"/vsizip//Users/wulf/Downloads/swissbuildings3d_3_0_2024_1129-33_2056_5728.gdb.zip/swissBUILDINGS3D_3-0_1129-33.gdb/a0000000b.gdbtable|layername=Roof_solid"},"geometry":{"type":"MultiPolygon","coordinates":[[[[2641570.806000001728535,1218575.410000000149012,609.920100000003004],[2641574.063000001013279,1218580.947999998927116,606.031499999997322],[2641580.945999998599291,1218576.899999998509884,606.031499999997322],[2641580.145906415302306,1218575.539398594293743,605.305847972049378],[2641583.839116295333952,1218573.368360578082502,606.02119102072993],[2641585.394000001251698,1218576.013000000268221,606.624500000005355],[2641592.276000000536442,1218571.965999998152256,606.624500000005355],[2641591.32703000260517,1218570.35173060442321,605.777637132966447],[2641595.073423219844699,1218568.148949566995725,606.660751132156975],[2641596.899000000208616,1218571.254000000655651,607.173399999999674],[2641603.782999999821186,1218567.208000000566244,606.973400000002584],[2641602.747152777388692,1218565.446709881303832,606.493018783782645],[2641606.923000000417233,1218562.99100000038743,604.775599999993574],[2641602.835999999195337,1218556.043000001460314,604.775599999993574],[2641598.661204414442182,1218558.497842347482219,605.816729930895804],[2641597.271000001579523,1218556.133000001311302,606.973400000002584],[2641590.388000000268221,1218560.179999999701977,607.173399999999674],[2641591.002649614121765,1218561.225376424146816,605.891908097632268],[2641587.256984611507505,1218563.428656871663406,606.214179550558356],[2641585.765000000596046,1218560.890999998897314,606.624400000000605],[2641578.883000001311302,1218564.938999999314547,606.624500000005355],[2641579.467558814678341,1218565.933198952814564,605.490786620618792],[2641575.774268283974379,1218568.105197017546743,605.611819777266419],[2641574.434000000357628,1218565.8260000012815,606.231499999994412],[2641574.236000001430511,1218565.94200000166893,606.231499999994412],[2641569.271999999880791,1218568.861000001430511,606.050499999997555],[2641567.550999999046326,1218569.872999999672174,606.231499999994412],[2641570.806000001728535,1218575.410000000149012,609.920100000003004]]]]}},
{"type":"Feature","properties":{"fid":166,"OBJECTID":1,"UUID":"{0241BDAF-FECA-476C-BB76-2B1614C5FEC1}","OBJEKTART":"Gebaeude Einzelhaus","NAME_KOMPLETT":null,"GEBAEUDE_NUTZUNG":null,"GRUND_AENDERUNG":"Verbessert","HERKUNFT":"swisstopo","HERKUNFT_JAHR":2024,"HERKUNFT_MONAT":6,"ORIGINAL_HERKUNFT":"swisstopo","ERSTELLUNG_JAHR":2024,"ERSTELLUNG_MONAT":6,"REVISION_JAHR":2024,"REVISION_MONAT":6,"DATUM_AENDERUNG":"2025-07-08T11:55:40Z","DATUM_ERSTELLUNG":"2025-07-08T11:55:40Z","DACH_MAX":571.05,"DACH_MIN":567.57,"EGID":187524,"GEBAEUDEEINHEIT":"{0161A195-33E8-41ED-A8F7-CD5593D4FBF9}","layer":"swissbuildings3d_3_0_2024_1129-33_2056_5728.gdb — swissBUILDINGS3D_3-0_1129-33.gdb/a0000000b.gdbtable","path":"/vsizip//Users/wulf/Downloads/swissbuildings3d_3_0_2024_1129-33_2056_5728.gdb.zip/swissBUILDINGS3D_3-0_1129-33.gdb/a0000000b.gdbtable|layername=Roof_solid"},"geometry":{"type":"MultiPolygon","coordinates":[[[[2641596.449000000953674,1218600.75,605.713600000002771],[2641598.68299999833107,1218599.464000001549721,605.713600000002771],[2641599.313999999314547,1218600.559999998658895,605.713600000002771],[2641607.644000001251698,1218595.765000000596046,605.713600000002771],[2641605.776999998837709,1218592.521999999880791,605.713600000002771],[2641603.984000001102686,1218589.407000001519918,605.713600000002771],[2641603.579999998211861,1218588.704999998211861,605.763600000005681],[2641602.225000001490116,1218586.350999999791384,605.913499999995111],[2641591.660999998450279,1218592.43299999833107,605.713600000002771],[2641592.266229589469731,1218593.484719630796462,605.518808209334225],[2641591.274999998509884,1218594.054999999701977,605.441600000005565],[2641589.320999998599291,1218595.179999999701977,605.241599999993923],[2641591.359999999403954,1218598.703000001609325,605.241599999993923],[2641594.296999998390675,1218597.013000000268221,605.441600000005565],[2641592.739999998360872,1218594.30799999833107,605.241599999993923],[2641594.87650662008673,1218598.018670439487323,605.819850003124657],[2641595.252000000327826,1218598.671,605.73859999999695],[2641596.449000000953674,1218600.75,605.713600000002771]]]]}},
{"type":"Feature","properties":{"fid":167,"OBJECTID":1,"UUID":"{0241BDAF-FECA-476C-BB76-2B1614C5FEC1}","OBJEKTART":"Gebaeude Einzelhaus","NAME_KOMPLETT":null,"GEBAEUDE_NUTZUNG":null,"GRUND_AENDERUNG":"Verbessert","HERKUNFT":"swisstopo","HERKUNFT_JAHR":2024,"HERKUNFT_MONAT":6,"ORIGINAL_HERKUNFT":"swisstopo","ERSTELLUNG_JAHR":2024,"ERSTELLUNG_MONAT":6,"REVISION_JAHR":2024,"REVISION_MONAT":6,"DATUM_AENDERUNG":"2025-07-08T11:55:40Z","DATUM_ERSTELLUNG":"2025-07-08T11:55:40Z","DACH_MAX":571.05,"DACH_MIN":567.57,"EGID":187524,"GEBAEUDEEINHEIT":"{0161A195-33E8-41ED-A8F7-CD5593D4FBF9}","layer":"swissbuildings3d_3_0_2024_1129-33_2056_5728.gdb — swissBUILDINGS3D_3-0_1129-33.gdb/a0000000b.gdbtable","path":"/vsizip//Users/wulf/Downloads/swissbuildings3d_3_0_2024_1129-33_2056_5728.gdb.zip/swissBUILDINGS3D_3-0_1129-33.gdb/a0000000b.gdbtable|layername=Roof_solid"},"geometry":{"type":"MultiPolygon","coordinates":[[[[2641569.298000000417233,1218620.449000000953674,608.726299999994808],[2641566.322999998927116,1218633.475000001490116,608.726299999994808],[2641573.063000001013279,1218635.015000000596046,608.926300000006449],[2641575.932,1218635.671,608.926300000006449],[2641582.355999998748302,1218637.138999998569489,608.926300000006449],[2641585.331000000238419,1218624.111000001430511,608.726299999994808],[2641581.589000001549721,1218623.256000000983477,608.926300000006449],[2641581.795000001788139,1218622.353000000119209,608.726299999994808],[2641573.032999999821186,1218620.350000001490116,608.926300000006449],[2641572.8260000012815,1218621.254000000655651,608.926300000006449],[2641569.298000000417233,1218620.449000000953674,608.726299999994808]]]]}},
{"type":"Feature","properties":{"fid":168,"OBJECTID":1,"UUID":"{0241BDAF-FECA-476C-BB76-2B1614C5FEC1}","OBJEKTART":"Gebaeude Einzelhaus","NAME_KOMPLETT":null,"GEBAEUDE_NUTZUNG":null,"GRUND_AENDERUNG":"Verbessert","HERKUNFT":"swisstopo","HERKUNFT_JAHR":2024,"HERKUNFT_MONAT":6,"ORIGINAL_HERKUNFT":"swisstopo","ERSTELLUNG_JAHR":2024,"ERSTELLUNG_MONAT":6,"REVISION_JAHR":2024,"REVISION_MONAT":6,"DATUM_AENDERUNG":"2025-07-08T11:55:40Z","DATUM_ERSTELLUNG":"2025-07-08T11:55:40Z","DACH_MAX":571.05,"DACH_MIN":567.57,"EGID":187524,"GEBAEUDEEINHEIT":"{0161A195-33E8-41ED-A8F7-CD5593D4FBF9}","layer":"swissbuildings3d_3_0_2024_1129-33_2056_5728.gdb — swissBUILDINGS3D_3-0_1129-33.gdb/a0000000b.gdbtable","path":"/vsizip//Users/wulf/Downloads/swissbuildings3d_3_0_2024_1129-33_2056_5728.gdb.zip/swissBUILDINGS3D_3-0_1129-33.gdb/a0000000b.gdbtable|layername=Roof_solid"},"geometry":{"type":"MultiPolygon","coordinates":[[[[2641558.096000000834465,1218655.434999998658895,598.357399999993504],[2641589.431000001728535,1218662.252999998629093,598.357399999993504],[2641590.89299999922514,1218655.53999999910593,598.357399999993504],[2641559.55799999833107,1218648.723000001162291,598.357399999993504],[2641558.096000000834465,1218655.434999998658895,598.357399999993504]]]]}},
{"type":"Feature","properties":{"fid":169,"OBJECTID":1,"UUID":"{0241BDAF-FECA-476C-BB76-2B1614C5FEC1}","OBJEKTART":"Gebaeude Einzelhaus","NAME_KOMPLETT":null,"GEBAEUDE_NUTZUNG":null,"GRUND_AENDERUNG":"Verbessert","HERKUNFT":"swisstopo","HERKUNFT_JAHR":2024,"HERKUNFT_MONAT":6,"ORIGINAL_HERKUNFT":"swisstopo","ERSTELLUNG_JAHR":2024,"ERSTELLUNG_MONAT":6,"REVISION_JAHR":2024,"REVISION_MONAT":6,"DATUM_AENDERUNG":"2025-07-08T11:55:40Z","DATUM_ERSTELLUNG":"2025-07-08T11:55:40Z","DACH_MAX":571.05,"DACH_MIN":567.57,"EGID":187524,"GEBAEUDEEINHEIT":"{0161A195-33E8-41ED-A8F7-CD5593D4FBF9}","layer":"swissbuildings3d_3_0_2024_1129-33_2056_5728.gdb — swissBUILDINGS3D_3-0_1129-33.gdb/a0000000b.gdbtable","path":"/vsizip//Users/wulf/Downloads/swissbuildings3d_3_0_2024_1129-33_2056_5728.gdb.zip/swissBUILDINGS3D_3-0_1129-33.gdb/a0000000b.gdbtable|layername=Roof_solid"},"geometry":{"type":"MultiPolygon","coordinates":[[[[2641571.287000000476837,1218680.291000001132488,598.541400000001886],[2641571.087999999523163,1218681.217000000178814,598.255399999994552],[2641570.872999999672174,1218682.217999998480082,598.000499999994645],[2641583.989999998360872,1218685.041000001132488,598.200400000001537],[2641585.649999998509884,1218677.331000000238419,599.962199999994482],[2641586.260000001639128,1218674.5,598.000400000004447],[2641573.140999998897314,1218671.675999999046326,598.200400000001537],[2641572.855000000447035,1218673.004999998956919,598.921400000006543],[2641572.530999999493361,1218674.508000001311302,600.162200000006123],[2641571.287000000476837,1218680.291000001132488,598.541400000001886]]]]}},
{"type":"Feature","properties":{"fid":170,"OBJECTID":1,"UUID":"{0241BDAF-FECA-476C-BB76-2B1614C5FEC1}","OBJEKTART":"Gebaeude Einzelhaus","NAME_KOMPLETT":null,"GEBAEUDE_NUTZUNG":null,"GRUND_AENDERUNG":"Verbessert","HERKUNFT":"swisstopo","HERKUNFT_JAHR":2024,"HERKUNFT_MONAT":6,"ORIGINAL_HERKUNFT":"swisstopo","ERSTELLUNG_JAHR":2024,"ERSTELLUNG_MONAT":6,"REVISION_JAHR":2024,"REVISION_MONAT":6,"DATUM_AENDERUNG":"2025-07-08T11:55:40Z","DATUM_ERSTELLUNG":"2025-07-08T11:55:40Z","DACH_MAX":571.05,"DACH_MIN":567.57,"EGID":187524,"GEBAEUDEEINHEIT":"{0161A195-33E8-41ED-A8F7-CD5593D4FBF9}","layer":"swissbuildings3d_3_0_2024_1129-33_2056_5728.gdb — swissBUILDINGS3D_3-0_1129-33.gdb/a0000000b.gdbtable","path":"/vsizip//Users/wulf/Downloads/swissbuildings3d_3_0_2024_1129-33_2056_5728.gdb.zip/swissBUILDINGS3D_3-0_1129-33.gdb/a0000000b.gdbtable|layername=Roof_solid"},"geometry":{"type":"MultiPolygon","coordinates":[[[[2641574.043000001460314,1218702.767000000923872,597.672500000000582],[2641567.263999998569489,1218701.125,597.672500000000582],[2641564.491999998688698,1218712.56700000166893,597.472500000003492],[2641573.19200000166893,1218714.6739999987185,597.672500000000582],[2641573.570999998599291,1218713.109999999403954,597.672500000000582],[2641577.315000001341105,1218714.017000000923872,597.672500000000582],[2641577.671,1218712.546999998390675,597.672500000000582],[2641580.682,1218713.276000000536442,597.672500000000582],[2641582.050000000745058,1218707.629000000655651,597.672500000000582],[2641576.778000000864267,1218706.353000000119209,597.672500000000582],[2641577.221999999135733,1218704.519999999552965,597.672500000000582],[2641573.818,1218703.695999998599291,597.472500000003492],[2641574.043000001460314,1218702.767000000923872,597.672500000000582]]]]}},
{"type":"Feature","properties":{"fid":171,"OBJECTID":1,"UUID":"{0241BDAF-FECA-476C-BB76-2B1614C5FEC1}","OBJEKTART":"Gebaeude Einzelhaus","NAME_KOMPLETT":null,"GEBAEUDE_NUTZUNG":null,"GRUND_AENDERUNG":"Verbessert","HERKUNFT":"swisstopo","HERKUNFT_JAHR":2024,"HERKUNFT_MONAT":6,"ORIGINAL_HERKUNFT":"swisstopo","ERSTELLUNG_JAHR":2024,"ERSTELLUNG_MONAT":6,"REVISION_JAHR":2024,"REVISION_MONAT":6,"DATUM_AENDERUNG":"2025-07-08T11:55:40Z","DATUM_ERSTELLUNG":"2025-07-08T11:55:40Z","DACH_MAX":571.05,"DACH_MIN":567.57,"EGID":187524,"GEBAEUDEEINHEIT":"{0161A195-33E8-41ED-A8F7-CD5593D4FBF9}","layer":"swissbuildings3d_3_0_2024_1129-33_2056_5728.gdb — swissBUILDINGS3D_3-0_1129-33.gdb/a0000000b.gdbtable","path":"/vsizip//Users/wulf/Downloads/swissbuildings3d_3_0_2024_1129-33_2056_5728.gdb.zip/swissBUILDINGS3D_3-0_1129-33.gdb/a0000000b.gdbtable|layername=Roof_solid"},"geometry":{"type":"MultiPolygon","coordinates":[[[[2641597.818,1218724.019000001251698,595.151800000006915],[2641597.618000000715256,1218724.427000001072884,594.827799999999115],[2641604.782000001519918,1218727.936000000685453,595.027799999996205],[2641609.186999998986721,1218718.945999998599291,597.75449999999546],[2641610.006000000983477,1218719.346999999135733,595.810700000001816],[2641611.975000001490116,1218715.326999999582767,596.93760000000475],[2641613.651999998837709,1218711.905000001192093,595.819699999992736],[2641602.440999999642372,1218706.412999998778105,595.819699999992736],[2641597.515000000596046,1218704.0,595.1478000000061],[2641595.829,1218707.440999999642372,596.098700000002282],[2641594.861000001430511,1218709.416999999433756,595.656700000006822],[2641593.80799999833107,1218708.901000000536442,595.45669999999518],[2641592.043000001460314,1218712.504000000655651,594.286900000006426],[2641598.021999999880791,1218715.434000000357628,594.286900000006426],[2641599.568999998271465,1218712.276000000536442,595.312699999994948],[2641599.335999999195337,1218712.752000000327826,596.235700000004726],[2641602.563000001013279,1218714.333000000566244,596.235700000004726],[2641602.102000001817942,1218715.274999998509884,597.603499999997439],[2641601.653000000864267,1218716.190999999642372,597.325500000006286],[2641600.096999999135733,1218719.366999998688698,596.56260000000475],[2641597.818,1218724.019000001251698,595.151800000006915]],[[2641602.325999399647117,1218706.648001225665212,596.070950400563106],[2641602.14862947165966,1218707.009879807475954,595.761501828154906],[2641602.440999999642372,1218706.412999998778105,595.819699999992736],[2641602.325999399647117,1218706.648001225665212,596.070950400563106]]]]}},
{"type":"Feature","properties":{"fid":172,"OBJECTID":1,"UUID":"{0241BDAF-FECA-476C-BB76-2B1614C5FEC1}","OBJEKTART":"Gebaeude Einzelhaus","NAME_KOMPLETT":null,"GEBAEUDE_NUTZUNG":null,"GRUND_AENDERUNG":"Verbessert","HERKUNFT":"swisstopo","HERKUNFT_JAHR":2024,"HERKUNFT_MONAT":6,"ORIGINAL_HERKUNFT":"swisstopo","ERSTELLUNG_JAHR":2024,"ERSTELLUNG_MONAT":6,"REVISION_JAHR":2024,"REVISION_MONAT":6,"DATUM_AENDERUNG":"2025-07-08T11:55:40Z","DATUM_ERSTELLUNG":"2025-07-08T11:55:40Z","DACH_MAX":571.05,"DACH_MIN":567.57,"EGID":187524,"GEBAEUDEEINHEIT":"{0161A195-33E8-41ED-A8F7-CD5593D4FBF9}","layer":"swissbuildings3d_3_0_2024_1129-33_2056_5728.gdb — swissBUILDINGS3D_3-0_1129-33.gdb/a0000000b.gdbtable","path":"/vsizip//Users/wulf/Downloads/swissbuildings3d_3_0_2024_1129-33_2056_5728.gdb.zip/swissBUILDINGS3D_3-0_1129-33.gdb/a0000000b.gdbtable|layername=Roof_solid"},"geometry":{"type":"MultiPolygon","coordinates":[[[[2641590.535000000149012,1218759.86600000038743,584.030899999997928],[2641582.63399999961257,1218758.447999998927116,583.831000000005588],[2641580.789000000804663,1218768.723999999463558,583.831000000005588],[2641588.690000001341105,1218770.14299999922514,584.031000000002678],[2641590.535000000149012,1218759.86600000038743,584.030899999997928]]]]}},
{"type":"Feature","properties":{"fid":173,"OBJECTID":1,"UUID":"{0241BDAF-FECA-476C-BB76-2B1614C5FEC1}","OBJEKTART":"Gebaeude Einzelhaus","NAME_KOMPLETT":null,"GEBAEUDE_NUTZUNG":null,"GRUND_AENDERUNG":"Verbessert","HERKUNFT":"swisstopo","HERKUNFT_JAHR":2024,"HERKUNFT_MONAT":6,"ORIGINAL_HERKUNFT":"swisstopo","ERSTELLUNG_JAHR":2024,"ERSTELLUNG_MONAT":6,"REVISION_JAHR":2024,"REVISION_MONAT":6,"DATUM_AENDERUNG":"2025-07-08T11:55:40Z","DATUM_ERSTELLUNG":"2025-07-08T11:55:40Z","DACH_MAX":571.05,"DACH_MIN":567.57,"EGID":187524,"GEBAEUDEEINHEIT":"{0161A195-33E8-41ED-A8F7-CD5593D4FBF9}","layer":"swissbuildings3d_3_0_2024_1129-33_2056_5728.gdb — swissBUILDINGS3D_3-0_1129-33.gdb/a0000000b.gdbtable","path":"/vsizip//Users/wulf/Downloads/swissbuildings3d_3_0_2024_1129-33_2056_5728.gdb.zip/swissBUILDINGS3D_3-0_1129-33.gdb/a0000000b.gdbtable|layername=Roof_solid"},"geometry":{"type":"MultiPolygon","coordinates":[[[[2641599.138999998569489,1218850.204,573.458100000003469],[2641599.954,1218844.335999999195337,570.397400000001653],[2641577.774000000208616,1218841.250999998301268,570.597399999998743],[2641576.958000000566244,1218847.118999999016523,573.658100000000559],[2641576.140999998897314,1218852.986000001430511,570.597399999998743],[2641592.851200328674167,1218855.31,570.446735494277846],[2641598.42884216690436,1218855.31,570.794398925538417],[2641599.138999998569489,1218850.204,573.458100000003469]]]]}},
{"type":"Feature","properties":{"fid":174,"OBJECTID":1,"UUID":"{0241BDAF-FECA-476C-BB76-2B1614C5FEC1}","OBJEKTART":"Gebaeude Einzelhaus","NAME_KOMPLETT":null,"GEBAEUDE_NUTZUNG":null,"GRUND_AENDERUNG":"Verbessert","HERKUNFT":"swisstopo","HERKUNFT_JAHR":2024,"HERKUNFT_MONAT":6,"ORIGINAL_HERKUNFT":"swisstopo","ERSTELLUNG_JAHR":2024,"ERSTELLUNG_MONAT":6,"REVISION_JAHR":2024,"REVISION_MONAT":6,"DATUM_AENDERUNG":"2025-07-08T11:55:40Z","DATUM_ERSTELLUNG":"2025-07-08T11:55:40Z","DACH_MAX":571.05,"DACH_MIN":567.57,"EGID":187524,"GEBAEUDEEINHEIT":"{0161A195-33E8-41ED-A8F7-CD5593D4FBF9}","layer":"swissbuildings3d_3_0_2024_1129-33_2056_5728.gdb — swissBUILDINGS3D_3-0_1129-33.gdb/a0000000b.gdbtable","path":"/vsizip//Users/wulf/Downloads/swissbuildings3d_3_0_2024_1129-33_2056_5728.gdb.zip/swissBUILDINGS3D_3-0_1129-33.gdb/a0000000b.gdbtable|layername=Roof_solid"},"geometry":{"type":"MultiPolygon","coordinates":[[[[2641609.826999999582767,1218386.052999999374151,626.049299999998766],[2641619.855999998748302,1218386.18299999833107,626.049299999998766],[2641619.991999998688698,1218375.653000000864267,626.049199999994016],[2641609.99100000038743,1218375.528999999165535,626.049299999998766],[2641609.964000001549721,1218375.522999998182058,626.049299999998766],[2641609.826999999582767,1218386.052999999374151,626.049299999998766]]]]}},
{"type":"Feature","properties":{"fid":175,"OBJECTID":1,"UUID":"{0241BDAF-FECA-476C-BB76-2B1614C5FEC1}","OBJEKTART":"Gebaeude Einzelhaus","NAME_KOMPLETT":null,"GEBAEUDE_NUTZUNG":null,"GRUND_AENDERUNG":"Verbessert","HERKUNFT":"swisstopo","HERKUNFT_JAHR":2024,"HERKUNFT_MONAT":6,"ORIGINAL_HERKUNFT":"swisstopo","ERSTELLUNG_JAHR":2024,"ERSTELLUNG_MONAT":6,"REVISION_JAHR":2024,"REVISION_MONAT":6,"DATUM_AENDERUNG":"2025-07-08T11:55:40Z","DATUM_ERSTELLUNG":"2025-07-08T11:55:40Z","DACH_MAX":571.05,"DACH_MIN":567.57,"EGID":187524,"GEBAEUDEEINHEIT":"{0161A195-33E8-41ED-A8F7-CD5593D4FBF9}","layer":"swissbuildings3d_3_0_2024_1129-33_2056_5728.gdb — swissBUILDINGS3D_3-0_1129-33.gdb/a0000000b.gdbtable","path":"/vsizip//Users/wulf/Downloads/swissbuildings3d_3_0_2024_1129-33_2056_5728.gdb.zip/swissBUILDINGS3D_3-0_1129-33.gdb/a0000000b.gdbtable|layername=Roof_solid"},"geometry":{"type":"MultiPolygon","coordinates":[[[[2641619.217098852153867,1218412.402674837503582,621.012804350459191],[2641620.070000000298023,1218412.41499999910593,619.544899999993504],[2641620.206000000238419,1218402.769000001251698,619.544899999993504],[2641610.004999998956919,1218402.625999998301268,619.544899999993504],[2641609.90272706001997,1218409.940997472731397,620.872942319005233],[2641607.690999999642372,1218409.910000000149012,622.134699999995064],[2641607.56700000166893,1218418.693999998271465,622.334700000006706],[2641619.125999998301268,1218418.855999998748302,622.4807],[2641619.217098852153867,1218412.402674837503582,621.012804350459191]]]]}},
{"type":"Feature","properties":{"fid":176,"OBJECTID":1,"UUID":"{0241BDAF-FECA-476C-BB76-2B1614C5FEC1}","OBJEKTART":"Gebaeude Einzelhaus","NAME_KOMPLETT":null,"GEBAEUDE_NUTZUNG":null,"GRUND_AENDERUNG":"Verbessert","HERKUNFT":"swisstopo","HERKUNFT_JAHR":2024,"HERKUNFT_MONAT":6,"ORIGINAL_HERKUNFT":"swisstopo","ERSTELLUNG_JAHR":2024,"ERSTELLUNG_MONAT":6,"REVISION_JAHR":2024,"REVISION_MONAT":6,"DATUM_AENDERUNG":"2025-07-08T11:55:40Z","DATUM_ERSTELLUNG":"2025-07-08T11:55:40Z","DACH_MAX":571.05,"DACH_MIN":567.57,"EGID":187524,"GEBAEUDEEINHEIT":"{0161A195-33E8-41ED-A8F7-CD5593D4FBF9}","layer":"swissbuildings3d_3_0_2024_1129-33_2056_5728.gdb — swissBUILDINGS3D_3-0_1129-33.gdb/a0000000b.gdbtable","path":"/vsizip//Users/wulf/Downloads/swissbuildings3d_3_0_2024_1129-33_2056_5728.gdb.zip/swissBUILDINGS3D_3-0_1129-33.gdb/a0000000b.gdbtable|layername=Roof_solid"},"geometry":{"type":"MultiPolygon","coordinates":[[[[2641615.493000000715256,1218430.14299999922514,615.289399999994203],[2641615.449999999254942,1218434.596999999135733,615.089399999997113],[2641604.890000000596046,1218434.495999999344349,615.089399999997113],[2641604.785999998450279,1218445.293999999761581,615.089399999997113],[2641625.934999998658895,1218445.495999999344349,615.289399999994203],[2641626.081000000238419,1218430.243999999016523,615.289399999994203],[2641615.493000000715256,1218430.14299999922514,615.289399999994203]]]]}},
{"type":"Feature","properties":{"fid":177,"OBJECTID":1,"UUID":"{0241BDAF-FECA-476C-BB76-2B1614C5FEC1}","OBJEKTART":"Gebaeude Einzelhaus","NAME_KOMPLETT":null,"GEBAEUDE_NUTZUNG":null,"GRUND_AENDERUNG":"Verbessert","HERKUNFT":"swisstopo","HERKUNFT_JAHR":2024,"HERKUNFT_MONAT":6,"ORIGINAL_HERKUNFT":"swisstopo","ERSTELLUNG_JAHR":2024,"ERSTELLUNG_MONAT":6,"REVISION_JAHR":2024,"REVISION_MONAT":6,"DATUM_AENDERUNG":"2025-07-08T11:55:40Z","DATUM_ERSTELLUNG":"2025-07-08T11:55:40Z","DACH_MAX":571.05,"DACH_MIN":567.57,"EGID":187524,"GEBAEUDEEINHEIT":"{0161A195-33E8-41ED-A8F7-CD5593D4FBF9}","layer":"swissbuildings3d_3_0_2024_1129-33_2056_5728.gdb — swissBUILDINGS3D_3-0_1129-33.gdb/a0000000b.gdbtable","path":"/vsizip//Users/wulf/Downloads/swissbuildings3d_3_0_2024_1129-33_2056_5728.gdb.zip/swissBUILDINGS3D_3-0_1129-33.gdb/a0000000b.gdbtable|layername=Roof_solid"},"geometry":{"type":"MultiPolygon","coordinates":[[[[2641618.559999998658895,1218602.749000001698732,604.814700000002631],[2641609.418000001460314,1218607.984999999403954,604.614700000005541],[2641613.353999998420477,1218614.855000000447035,604.614700000005541],[2641616.111000001430511,1218613.276000000536442,604.614700000005541],[2641616.855999998748302,1218614.574999999254942,604.614700000005541],[2641623.239999998360872,1218610.918000001460314,604.614700000005541],[2641618.559999998658895,1218602.749000001698732,604.814700000002631]]]]}},
{"type":"Feature","properties":{"fid":178,"OBJECTID":1,"UUID":"{0241BDAF-FECA-476C-BB76-2B1614C5FEC1}","OBJEKTART":"Gebaeude Einzelhaus","NAME_KOMPLETT":null,"GEBAEUDE_NUTZUNG":null,"GRUND_AENDERUNG":"Verbessert","HERKUNFT":"swisstopo","HERKUNFT_JAHR":2024,"HERKUNFT_MONAT":6,"ORIGINAL_HERKUNFT":"swisstopo","ERSTELLUNG_JAHR":2024,"ERSTELLUNG_MONAT":6,"REVISION_JAHR":2024,"REVISION_MONAT":6,"DATUM_AENDERUNG":"2025-07-08T11:55:40Z","DATUM_ERSTELLUNG":"2025-07-08T11:55:40Z","DACH_MAX":571.05,"DACH_MIN":567.57,"EGID":187524,"GEBAEUDEEINHEIT":"{0161A195-33E8-41ED-A8F7-CD5593D4FBF9}","layer":"swissbuildings3d_3_0_2024_1129-33_2056_5728.gdb — swissBUILDINGS3D_3-0_1129-33.gdb/a0000000b.gdbtable","path":"/vsizip//Users/wulf/Downloads/swissbuildings3d_3_0_2024_1129-33_2056_5728.gdb.zip/swissBUILDINGS3D_3-0_1129-33.gdb/a0000000b.gdbtable|layername=Roof_solid"},"geometry":{"type":"MultiPolygon","coordinates":[[[[2641624.090999998152256,1218657.636,602.729900000005728],[2641614.438999999314547,1218655.504999998956919,605.476599999994505],[2641613.40447010146454,1218660.188882914604619,604.103250000000116],[2641605.331000000238419,1218658.405000001192093,602.729900000005728],[2641604.484000001102686,1218662.238000001758337,602.729900000005728],[2641600.320999998599291,1218681.087999999523163,602.529999999998836],[2641600.321058088447899,1218681.088012832449749,598.43090079411877],[2641598.657999999821186,1218688.620000001043081,594.3318],[2641616.38399999961257,1218692.535000000149012,594.3318],[2641620.151999998837709,1218675.478000000119209,594.3318],[2641613.761535897385329,1218674.066490530502051,598.967850340412724],[2641614.323809166438878,1218671.520330345025286,603.69357704587992],[2641622.046,1218673.225999999791384,602.729900000005728],[2641624.225000001490116,1218663.361000001430511,602.529899999994086],[2641625.425000000745058,1218657.931000001728535,602.729900000005728],[2641624.090999998152256,1218657.636,602.729900000005728]],[[2641601.440113850403577,1218680.66502547590062,603.931509429318226],[2641601.372412545606494,1218680.971582264406607,602.190439189883364],[2641601.440000001341105,1218680.66499999910593,602.729999999995925],[2641601.440113850403577,1218680.66502547590062,603.931509429318226]],[[2641605.46212871838361,1218662.453028509393334,603.93117726654441],[2641603.721726844552904,1218670.333703913958743,604.017556732809453],[2641605.462000001221895,1218662.453000001609325,602.729900000005728],[2641605.46212871838361,1218662.453028509393334,603.93117726654441]]]]}},
{"type":"Feature","properties":{"fid":179,"OBJECTID":1,"UUID":"{0241BDAF-FECA-476C-BB76-2B1614C5FEC1}","OBJEKTART":"Gebaeude Einzelhaus","NAME_KOMPLETT":null,"GEBAEUDE_NUTZUNG":null,"GRUND_AENDERUNG":"Verbessert","HERKUNFT":"swisstopo","HERKUNFT_JAHR":2024,"HERKUNFT_MONAT":6,"ORIGINAL_HERKUNFT":"swisstopo","ERSTELLUNG_JAHR":2024,"ERSTELLUNG_MONAT":6,"REVISION_JAHR":2024,"REVISION_MONAT":6,"DATUM_AENDERUNG":"2025-07-08T11:55:40Z","DATUM_ERSTELLUNG":"2025-07-08T11:55:40Z","DACH_MAX":571.05,"DACH_MIN":567.57,"EGID":187524,"GEBAEUDEEINHEIT":"{0161A195-33E8-41ED-A8F7-CD5593D4FBF9}","layer":"swissbuildings3d_3_0_2024_1129-33_2056_5728.gdb — swissBUILDINGS3D_3-0_1129-33.gdb/a0000000b.gdbtable","path":"/vsizip//Users/wulf/Downloads/swissbuildings3d_3_0_2024_1129-33_2056_5728.gdb.zip/swissBUILDINGS3D_3-0_1129-33.gdb/a0000000b.gdbtable|layername=Roof_solid"},"geometry":{"type":"MultiPolygon","coordinates":[[[[2641604.138999998569489,1218785.445000000298023,583.046100000006845],[2641611.80799999833107,1218779.350000001490116,583.245999999999185],[2641606.489999998360872,1218772.660000000149012,583.245999999999185],[2641604.535000000149012,1218774.214000001549721,583.245999999999185],[2641603.096000000834465,1218775.366999998688698,583.245999999999185],[2641598.822999998927116,1218778.756000000983477,583.046100000006845],[2641604.138999998569489,1218785.445000000298023,583.046100000006845]]]]}},
{"type":"Feature","properties":{"fid":180,"OBJECTID":1,"UUID":"{0241BDAF-FECA-476C-BB76-2B1614C5FEC1}","OBJEKTART":"Gebaeude Einzelhaus","NAME_KOMPLETT":null,"GEBAEUDE_NUTZUNG":null,"GRUND_AENDERUNG":"Verbessert","HERKUNFT":"swisstopo","HERKUNFT_JAHR":2024,"HERKUNFT_MONAT":6,"ORIGINAL_HERKUNFT":"swisstopo","ERSTELLUNG_JAHR":2024,"ERSTELLUNG_MONAT":6,"REVISION_JAHR":2024,"REVISION_MONAT":6,"DATUM_AENDERUNG":"2025-07-08T11:55:40Z","DATUM_ERSTELLUNG":"2025-07-08T11:55:40Z","DACH_MAX":571.05,"DACH_MIN":567.57,"EGID":187524,"GEBAEUDEEINHEIT":"{0161A195-33E8-41ED-A8F7-CD5593D4FBF9}","layer":"swissbuildings3d_3_0_2024_1129-33_2056_5728.gdb — swissBUILDINGS3D_3-0_1129-33.gdb/a0000000b.gdbtable","path":"/vsizip//Users/wulf/Downloads/swissbuildings3d_3_0_2024_1129-33_2056_5728.gdb.zip/swissBUILDINGS3D_3-0_1129-33.gdb/a0000000b.gdbtable|layername=Roof_solid"},"geometry":{"type":"MultiPolygon","coordinates":[[[[2641609.188999999314547,1218807.170000001788139,582.304199999998673],[2641620.188000001013279,1218803.570999998599291,582.304199999998673],[2641617.609999999403954,1218795.695000000298023,582.304099999993923],[2641606.611000001430511,1218799.295000001788139,582.304199999998673],[2641609.188999999314547,1218807.170000001788139,582.304199999998673]]]]}},
{"type":"Feature","properties":{"fid":181,"OBJECTID":1,"UUID":"{0241BDAF-FECA-476C-BB76-2B1614C5FEC1}","OBJEKTART":"Gebaeude Einzelhaus","NAME_KOMPLETT":null,"GEBAEUDE_NUTZUNG":null,"GRUND_AENDERUNG":"Verbessert","HERKUNFT":"swisstopo","HERKUNFT_JAHR":2024,"HERKUNFT_MONAT":6,"ORIGINAL_HERKUNFT":"swisstopo","ERSTELLUNG_JAHR":2024,"ERSTELLUNG_MONAT":6,"REVISION_JAHR":2024,"REVISION_MONAT":6,"DATUM_AENDERUNG":"2025-07-08T11:55:40Z","DATUM_ERSTELLUNG":"2025-07-08T11:55:40Z","DACH_MAX":571.05,"DACH_MIN":567.57,"EGID":187524,"GEBAEUDEEINHEIT":"{0161A195-33E8-41ED-A8F7-CD5593D4FBF9}","layer":"swissbuildings3d_3_0_2024_1129-33_2056_5728.gdb — swissBUILDINGS3D_3-0_1129-33.gdb/a0000000b.gdbtable","path":"/vsizip//Users/wulf/Downloads/swissbuildings3d_3_0_2024_1129-33_2056_5728.gdb.zip/swissBUILDINGS3D_3-0_1129-33.gdb/a0000000b.gdbtable|layername=Roof_solid"},"geometry":{"type":"MultiPolygon","coordinates":[[[[2641612.29736941261217,1218855.31,570.005499999999302],[2641629.02235479420051,1218855.31,569.028600000005099],[2641629.605000000447035,1218850.530999999493361,569.028600000005099],[2641627.171,1218850.234000001102686,569.813500000003842],[2641624.682,1218849.931000001728535,570.566399999996065],[2641622.221000000834465,1218849.631000000983477,571.409299999999348],[2641619.75899999961257,1218849.331000000238419,572.203200000003562],[2641613.125,1218848.522999998182058,570.005499999999302],[2641612.29736941261217,1218855.31,570.005499999999302]]]]}},
{"type":"Feature","properties":{"fid":182,"OBJECTID":1,"UUID":"{0241BDAF-FECA-476C-BB76-2B1614C5FEC1}","OBJEKTART":"Gebaeude Einzelhaus","NAME_KOMPLETT":null,"GEBAEUDE_NUTZUNG":null,"GRUND_AENDERUNG":"Verbessert","HERKUNFT":"swisstopo","HERKUNFT_JAHR":2024,"HERKUNFT_MONAT":6,"ORIGINAL_HERKUNFT":"swisstopo","ERSTELLUNG_JAHR":2024,"ERSTELLUNG_MONAT":6,"REVISION_JAHR":2024,"REVISION_MONAT":6,"DATUM_AENDERUNG":"2025-07-08T11:55:40Z","DATUM_ERSTELLUNG":"2025-07-08T11:55:40Z","DACH_MAX":571.05,"DACH_MIN":567.57,"EGID":187524,"GEBAEUDEEINHEIT":"{0161A195-33E8-41ED-A8F7-CD5593D4FBF9}","layer":"swissbuildings3d_3_0_2024_1129-33_2056_5728.gdb — swissBUILDINGS3D_3-0_1129-33.gdb/a0000000b.gdbtable","path":"/vsizip//Users/wulf/Downloads/swissbuildings3d_3_0_2024_1129-33_2056_5728.gdb.zip/swissBUILDINGS3D_3-0_1129-33.gdb/a0000000b.gdbtable|layername=Roof_solid"},"geometry":{"type":"MultiPolygon","coordinates":[[[[2641633.388999998569489,1218374.55799999833107,625.166299999997136],[2641633.204,1218387.114,624.966400000004796],[2641643.265000000596046,1218387.261999998241663,625.166299999997136],[2641643.4510000012815,1218374.706999998539686,625.166299999997136],[2641633.388999998569489,1218374.55799999833107,625.166299999997136]]]]}},
{"type":"Feature","properties":{"fid":183,"OBJECTID":1,"UUID":"{0241BDAF-FECA-476C-BB76-2B1614C5FEC1}","OBJEKTART":"Gebaeude Einzelhaus","NAME_KOMPLETT":null,"GEBAEUDE_NUTZUNG":null,"GRUND_AENDERUNG":"Verbessert","HERKUNFT":"swisstopo","HERKUNFT_JAHR":2024,"HERKUNFT_MONAT":6,"ORIGINAL_HERKUNFT":"swisstopo","ERSTELLUNG_JAHR":2024,"ERSTELLUNG_MONAT":6,"REVISION_JAHR":2024,"REVISION_MONAT":6,"DATUM_AENDERUNG":"2025-07-08T11:55:40Z","DATUM_ERSTELLUNG":"2025-07-08T11:55:40Z","DACH_MAX":571.05,"DACH_MIN":567.57,"EGID":187524,"GEBAEUDEEINHEIT":"{0161A195-33E8-41ED-A8F7-CD5593D4FBF9}","layer":"swissbuildings3d_3_0_2024_1129-33_2056_5728.gdb — swissBUILDINGS3D_3-0_1129-33.gdb/a0000000b.gdbtable","path":"/vsizip//Users/wulf/Downloads/swissbuildings3d_3_0_2024_1129-33_2056_5728.gdb.zip/swissBUILDINGS3D_3-0_1129-33.gdb/a0000000b.gdbtable|layername=Roof_solid"},"geometry":{"type":"MultiPolygon","coordinates":[[[[2641642.879000000655651,1218414.05799999833107,619.407999999995809],[2641643.034000001847744,1218403.004000000655651,619.407900000005611],[2641635.717999998480082,1218402.901999998837709,619.407900000005611],[2641635.618772488553077,1218409.966006601462141,619.894353804354296],[2641629.614,1218409.881999999284744,621.684699999997974],[2641629.486999999731779,1218418.932,621.884699999995064],[2641641.853000000119209,1218419.105000000447035,621.884699999995064],[2641641.924008886795491,1218414.044917929684743,620.590437490931663],[2641642.879000000655651,1218414.05799999833107,619.407999999995809]],[[2641641.980000000447035,1218410.054999999701977,619.407999999995809],[2641636.056997456587851,1218409.972137356875464,620.496364719613325],[2641636.057,1218409.971999999135733,619.207999999998719],[2641641.980000000447035,1218410.054999999701977,619.407999999995809]]]]}},
{"type":"Feature","properties":{"fid":184,"OBJECTID":1,"UUID":"{0241BDAF-FECA-476C-BB76-2B1614C5FEC1}","OBJEKTART":"Gebaeude Einzelhaus","NAME_KOMPLETT":null,"GEBAEUDE_NUTZUNG":null,"GRUND_AENDERUNG":"Verbessert","HERKUNFT":"swisstopo","HERKUNFT_JAHR":2024,"HERKUNFT_MONAT":6,"ORIGINAL_HERKUNFT":"swisstopo","ERSTELLUNG_JAHR":2024,"ERSTELLUNG_MONAT":6,"REVISION_JAHR":2024,"REVISION_MONAT":6,"DATUM_AENDERUNG":"2025-07-08T11:55:40Z","DATUM_ERSTELLUNG":"2025-07-08T11:55:40Z","DACH_MAX":571.05,"DACH_MIN":567.57,"EGID":187524,"GEBAEUDEEINHEIT":"{0161A195-33E8-41ED-A8F7-CD5593D4FBF9}","layer":"swissbuildings3d_3_0_2024_1129-33_2056_5728.gdb — swissBUILDINGS3D_3-0_1129-33.gdb/a0000000b.gdbtable","path":"/vsizip//Users/wulf/Downloads/swissbuildings3d_3_0_2024_1129-33_2056_5728.gdb.zip/swissBUILDINGS3D_3-0_1129-33.gdb/a0000000b.gdbtable|layername=Roof_solid"},"geometry":{"type":"MultiPolygon","coordinates":[[[[2641645.504999998956919,1218434.44200000166893,615.160399999993388],[2641643.447000000625849,1218434.445999998599291,615.210399999996298],[2641641.929999999701977,1218434.449000000953674,615.210399999996298],[2641641.940000001341105,1218439.859000001102686,619.092000000004191],[2641641.9510000012815,1218445.934999998658895,614.932400000005146],[2641649.100999999791384,1218445.921999998390675,615.082399999999325],[2641652.686999998986721,1218445.916000001132488,614.982399999993504],[2641656.250999998301268,1218445.909000001847744,614.932400000005146],[2641656.24100000038743,1218439.833000000566244,619.292000000001281],[2641656.230999998748302,1218434.4239999987185,615.210399999996298],[2641649.079999998211861,1218434.436000000685453,615.060400000002119],[2641645.504999998956919,1218434.44200000166893,615.160399999993388]]]]}},
{"type":"Feature","properties":{"fid":185,"OBJECTID":1,"UUID":"{0241BDAF-FECA-476C-BB76-2B1614C5FEC1}","OBJEKTART":"Gebaeude Einzelhaus","NAME_KOMPLETT":null,"GEBAEUDE_NUTZUNG":null,"GRUND_AENDERUNG":"Verbessert","HERKUNFT":"swisstopo","HERKUNFT_JAHR":2024,"HERKUNFT_MONAT":6,"ORIGINAL_HERKUNFT":"swisstopo","ERSTELLUNG_JAHR":2024,"ERSTELLUNG_MONAT":6,"REVISION_JAHR":2024,"REVISION_MONAT":6,"DATUM_AENDERUNG":"2025-07-08T11:55:40Z","DATUM_ERSTELLUNG":"2025-07-08T11:55:40Z","DACH_MAX":571.05,"DACH_MIN":567.57,"EGID":187524,"GEBAEUDEEINHEIT":"{0161A195-33E8-41ED-A8F7-CD5593D4FBF9}","layer":"swissbuildings3d_3_0_2024_1129-33_2056_5728.gdb — swissBUILDINGS3D_3-0_1129-33.gdb/a0000000b.gdbtable","path":"/vsizip//Users/wulf/Downloads/swissbuildings3d_3_0_2024_1129-33_2056_5728.gdb.zip/swissBUILDINGS3D_3-0_1129-33.gdb/a0000000b.gdbtable|layername=Roof_solid"},"geometry":{"type":"MultiPolygon","coordinates":[[[[2641634.50899999961257,1218476.609000001102686,620.501900000002934],[2641633.1739999987185,1218476.58500000089407,620.501900000002934],[2641633.278000000864267,1218470.993000000715256,620.501900000002934],[2641634.613000001758337,1218471.01799999922514,620.501900000002934],[2641634.688999999314547,1218466.890000000596046,620.501900000002934],[2641628.488000001758337,1218466.774999998509884,620.501900000002934],[2641628.5,1218466.079999998211861,620.7019],[2641621.535000000149012,1218465.9510000012815,620.501900000002934],[2641621.51799999922514,1218466.879000000655651,620.7019],[2641615.405000001192093,1218466.765000000596046,620.7019],[2641615.329999998211861,1218470.815999999642372,620.7019],[2641616.769000001251698,1218470.842999998480082,620.7019],[2641616.594000000506639,1218480.228000000119209,620.7019],[2641615.155999999493361,1218480.199999999254942,620.501900000002934],[2641615.083999998867512,1218484.090999998152256,620.501900000002934],[2641624.872999999672174,1218484.274000000208616,620.7019],[2641624.940999999642372,1218480.594000000506639,620.7019],[2641634.431000001728535,1218480.769999999552965,620.7019],[2641634.50899999961257,1218476.609000001102686,620.501900000002934]]]]}},
{"type":"Feature","properties":{"fid":186,"OBJECTID":1,"UUID":"{0241BDAF-FECA-476C-BB76-2B1614C5FEC1}","OBJEKTART":"Gebaeude Einzelhaus","NAME_KOMPLETT":null,"GEBAEUDE_NUTZUNG":null,"GRUND_AENDERUNG":"Verbessert","HERKUNFT":"swisstopo","HERKUNFT_JAHR":2024,"HERKUNFT_MONAT":6,"ORIGINAL_HERKUNFT":"swisstopo","ERSTELLUNG_JAHR":2024,"ERSTELLUNG_MONAT":6,"REVISION_JAHR":2024,"REVISION_MONAT":6,"DATUM_AENDERUNG":"2025-07-08T11:55:40Z","DATUM_ERSTELLUNG":"2025-07-08T11:55:40Z","DACH_MAX":571.05,"DACH_MIN":567.57,"EGID":187524,"GEBAEUDEEINHEIT":"{0161A195-33E8-41ED-A8F7-CD5593D4FBF9}","layer":"swissbuildings3d_3_0_2024_1129-33_2056_5728.gdb — swissBUILDINGS3D_3-0_1129-33.gdb/a0000000b.gdbtable","path":"/vsizip//Users/wulf/Downloads/swissbuildings3d_3_0_2024_1129-33_2056_5728.gdb.zip/swissBUILDINGS3D_3-0_1129-33.gdb/a0000000b.gdbtable|layername=Roof_solid"},"geometry":{"type":"MultiPolygon","coordinates":[[[[2641650.149000000208616,1218512.265000000596046,616.384399999995367],[2641648.813999999314547,1218512.24100000038743,616.384399999995367],[2641648.918000001460314,1218506.649000000208616,616.184399999998277],[2641650.252999998629093,1218506.6739999987185,616.384399999995367],[2641650.331999998539686,1218502.546,616.184399999998277],[2641644.127999998629093,1218502.431000001728535,616.384399999995367],[2641644.140000000596046,1218501.736000001430511,616.184399999998277],[2641637.175000000745058,1218501.607999999076128,616.184399999998277],[2641637.157999999821186,1218502.535000000149012,616.184399999998277],[2641631.045000001788139,1218502.421,616.384399999995367],[2641630.969999998807907,1218506.473000001162291,616.184399999998277],[2641632.409000001847744,1218506.499000001698732,616.184399999998277],[2641632.234000001102686,1218515.88399999961257,616.384399999995367],[2641630.796,1218515.855999998748302,616.384399999995367],[2641630.723999999463558,1218519.747999999672174,616.384399999995367],[2641640.513000000268221,1218519.929999999701977,616.184399999998277],[2641640.580987305380404,1218516.250687024090439,617.414779262963862],[2641643.256000000983477,1218516.300000000745058,618.618199999997159],[2641643.256013286765665,1218516.299296213313937,617.401299990771349],[2641650.070999998599291,1218516.425999999046326,616.184399999998277],[2641650.149000000208616,1218512.265000000596046,616.384399999995367]]]]}},
{"type":"Feature","properties":{"fid":187,"OBJECTID":1,"UUID":"{0241BDAF-FECA-476C-BB76-2B1614C5FEC1}","OBJEKTART":"Gebaeude Einzelhaus","NAME_KOMPLETT":null,"GEBAEUDE_NUTZUNG":null,"GRUND_AENDERUNG":"Verbessert","HERKUNFT":"swisstopo","HERKUNFT_JAHR":2024,"HERKUNFT_MONAT":6,"ORIGINAL_HERKUNFT":"swisstopo","ERSTELLUNG_JAHR":2024,"ERSTELLUNG_MONAT":6,"REVISION_JAHR":2024,"REVISION_MONAT":6,"DATUM_AENDERUNG":"2025-07-08T11:55:40Z","DATUM_ERSTELLUNG":"2025-07-08T11:55:40Z","DACH_MAX":571.05,"DACH_MIN":567.57,"EGID":187524,"GEBAEUDEEINHEIT":"{0161A195-33E8-41ED-A8F7-CD5593D4FBF9}","layer":"swissbuildings3d_3_0_2024_1129-33_2056_5728.gdb — swissBUILDINGS3D_3-0_1129-33.gdb/a0000000b.gdbtable","path":"/vsizip//Users/wulf/Downloads/swissbuildings3d_3_0_2024_1129-33_2056_5728.gdb.zip/swissBUILDINGS3D_3-0_1129-33.gdb/a0000000b.gdbtable|layername=Roof_solid"},"geometry":{"type":"MultiPolygon","coordinates":[[[[2641642.379999998956919,1218561.910000000149012,606.548399999999674],[2641651.489,1218562.118000000715256,606.698399999993853],[2641651.670000001788139,1218554.168000001460314,609.950100000001839],[2641651.846000000834465,1218546.467999998480082,606.698399999993853],[2641638.565000001341105,1218546.164000000804663,606.498399999996764],[2641638.49591395817697,1218549.18690686696209,607.31485537159142],[2641632.85700000077486,1218549.059000000357628,606.776400000002468],[2641632.802999999374151,1218551.427999999374151,606.776400000002468],[2641632.840999998152256,1218549.747000001370907,607.401299999997718],[2641632.857999999076128,1218548.993999999016523,607.114400000005844],[2641632.879000000655651,1218548.065000001341105,606.698399999993853],[2641627.302999999374151,1218547.938999999314547,606.498399999996764],[2641627.252089580986649,1218550.179058399051428,606.875312501806775],[2641615.905000001192093,1218549.921,606.698399999993853],[2641615.728999998420477,1218557.620999999344349,609.950100000001839],[2641615.548000000417233,1218565.572999998927116,606.498500000001513],[2641628.829,1218565.875,606.698399999993853],[2641628.880035549402237,1218563.633101385552436,607.185028188036995],[2641640.228000000119209,1218563.89299999922514,606.698399999993853],[2641640.274228118825704,1218561.862027637194842,607.025529606930263],[2641642.379999998956919,1218561.910000000149012,606.548399999999674]]]]}},
{"type":"Feature","properties":{"fid":188,"OBJECTID":1,"UUID":"{0241BDAF-FECA-476C-BB76-2B1614C5FEC1}","OBJEKTART":"Gebaeude Einzelhaus","NAME_KOMPLETT":null,"GEBAEUDE_NUTZUNG":null,"GRUND_AENDERUNG":"Verbessert","HERKUNFT":"swisstopo","HERKUNFT_JAHR":2024,"HERKUNFT_MONAT":6,"ORIGINAL_HERKUNFT":"swisstopo","ERSTELLUNG_JAHR":2024,"ERSTELLUNG_MONAT":6,"REVISION_JAHR":2024,"REVISION_MONAT":6,"DATUM_AENDERUNG":"2025-07-08T11:55:40Z","DATUM_ERSTELLUNG":"2025-07-08T11:55:40Z","DACH_MAX":571.05,"DACH_MIN":567.57,"EGID":187524,"GEBAEUDEEINHEIT":"{0161A195-33E8-41ED-A8F7-CD5593D4FBF9}","layer":"swissbuildings3d_3_0_2024_1129-33_2056_5728.gdb — swissBUILDINGS3D_3-0_1129-33.gdb/a0000000b.gdbtable","path":"/vsizip//Users/wulf/Downloads/swissbuildings3d_3_0_2024_1129-33_2056_5728.gdb.zip/swissBUILDINGS3D_3-0_1129-33.gdb/a0000000b.gdbtable|layername=Roof_solid"},"geometry":{"type":"MultiPolygon","coordinates":[[[[2641647.453000001609325,1218598.234000001102686,602.395900000003166],[2641644.16499999910593,1218592.364999998360872,605.673500000004424],[2641642.704999998211861,1218589.761,604.059699999997974],[2641635.2989999987185,1218593.910999998450279,604.259699999995064],[2641632.704999998211861,1218589.284000001847744,601.548999999999069],[2641626.668000001460314,1218592.666000001132488,601.548999999999069],[2641629.984999999403954,1218598.587999999523163,604.960600000005797],[2641632.11600000038743,1218602.390000000596046,602.925799999997253],[2641636.365881239529699,1218600.008739898912609,603.406997198072077],[2641638.322999998927116,1218603.499000001698732,602.333899999997811],[2641635.978999998420477,1218604.813000001013279,602.333899999997811],[2641637.589000001549721,1218607.686000000685453,600.529099999999744],[2641643.918999999761581,1218604.140000000596046,600.529099999999744],[2641642.245000001043081,1218601.151000000536442,602.195900000006077],[2641647.453000001609325,1218598.234000001102686,602.395900000003166]]]]}},
{"type":"Feature","properties":{"fid":189,"OBJECTID":1,"UUID":"{0241BDAF-FECA-476C-BB76-2B1614C5FEC1}","OBJEKTART":"Gebaeude Einzelhaus","NAME_KOMPLETT":null,"GEBAEUDE_NUTZUNG":null,"GRUND_AENDERUNG":"Verbessert","HERKUNFT":"swisstopo","HERKUNFT_JAHR":2024,"HERKUNFT_MONAT":6,"ORIGINAL_HERKUNFT":"swisstopo","ERSTELLUNG_JAHR":2024,"ERSTELLUNG_MONAT":6,"REVISION_JAHR":2024,"REVISION_MONAT":6,"DATUM_AENDERUNG":"2025-07-08T11:55:40Z","DATUM_ERSTELLUNG":"2025-07-08T11:55:40Z","DACH_MAX":571.05,"DACH_MIN":567.57,"EGID":187524,"GEBAEUDEEINHEIT":"{0161A195-33E8-41ED-A8F7-CD5593D4FBF9}","layer":"swissbuildings3d_3_0_2024_1129-33_2056_5728.gdb — swissBUILDINGS3D_3-0_1129-33.gdb/a0000000b.gdbtable","path":"/vsizip//Users/wulf/Downloads/swissbuildings3d_3_0_2024_1129-33_2056_5728.gdb.zip/swissBUILDINGS3D_3-0_1129-33.gdb/a0000000b.gdbtable|layername=Roof_solid"},"geometry":{"type":"MultiPolygon","coordinates":[[[[2641643.938999999314547,1218630.640000000596046,603.636799999992945],[2641640.956000000238419,1218625.473999999463558,601.519000000000233],[2641630.581000000238419,1218631.460999999195337,601.519000000000233],[2641633.563999999314547,1218636.629000000655651,603.636799999992945],[2641636.306000001728535,1218641.379999998956919,601.519000000000233],[2641646.681000001728535,1218635.39299999922514,601.519000000000233],[2641643.938999999314547,1218630.640000000596046,603.636799999992945]]]]}},
{"type":"Feature","properties":{"fid":190,"OBJECTID":1,"UUID":"{0241BDAF-FECA-476C-BB76-2B1614C5FEC1}","OBJEKTART":"Gebaeude Einzelhaus","NAME_KOMPLETT":null,"GEBAEUDE_NUTZUNG":null,"GRUND_AENDERUNG":"Verbessert","HERKUNFT":"swisstopo","HERKUNFT_JAHR":2024,"HERKUNFT_MONAT":6,"ORIGINAL_HERKUNFT":"swisstopo","ERSTELLUNG_JAHR":2024,"ERSTELLUNG_MONAT":6,"REVISION_JAHR":2024,"REVISION_MONAT":6,"DATUM_AENDERUNG":"2025-07-08T11:55:40Z","DATUM_ERSTELLUNG":"2025-07-08T11:55:40Z","DACH_MAX":571.05,"DACH_MIN":567.57,"EGID":187524,"GEBAEUDEEINHEIT":"{0161A195-33E8-41ED-A8F7-CD5593D4FBF9}","layer":"swissbuildings3d_3_0_2024_1129-33_2056_5728.gdb — swissBUILDINGS3D_3-0_1129-33.gdb/a0000000b.gdbtable","path":"/vsizip//Users/wulf/Downloads/swissbuildings3d_3_0_2024_1129-33_2056_5728.gdb.zip/swissBUILDINGS3D_3-0_1129-33.gdb/a0000000b.gdbtable|layername=Roof_solid"},"geometry":{"type":"MultiPolygon","coordinates":[[[[2641628.811800193041563,1218724.084933106554672,596.023848787810948],[2641624.997999999672174,1218731.717999998480082,598.547399999995832],[2641624.114,1218731.276000000536442,598.451400000005378],[2641621.269999999552965,1218736.965999998152256,598.451400000005378],[2641627.103999998420477,1218739.881000000983477,600.412200000006123],[2641632.028999999165535,1218742.342999998480082,598.565400000006775],[2641639.059000000357628,1218728.274999998509884,598.765400000003865],[2641636.128277970477939,1218726.810432360274717,596.506970892532991],[2641639.263999998569489,1218720.535999998450279,593.506899999993038],[2641628.504999998956919,1218715.160000000149012,593.306899999995949],[2641624.997999999672174,1218722.179000001400709,593.306899999995949],[2641628.811800193041563,1218724.084933106554672,596.023848787810948]],[[2641629.010000001639128,1218723.686999998986721,593.506899999993038],[2641629.184000000357628,1218723.339999999850988,593.506899999993038],[2641629.010517358779907,1218723.687213943805546,596.026761009620486],[2641629.010000001639128,1218723.686999998986721,593.506899999993038]]]]}},
{"type":"Feature","properties":{"fid":191,"OBJECTID":1,"UUID":"{0241BDAF-FECA-476C-BB76-2B1614C5FEC1}","OBJEKTART":"Gebaeude Einzelhaus","NAME_KOMPLETT":null,"GEBAEUDE_NUTZUNG":null,"GRUND_AENDERUNG":"Verbessert","HERKUNFT":"swisstopo","HERKUNFT_JAHR":2024,"HERKUNFT_MONAT":6,"ORIGINAL_HERKUNFT":"swisstopo","ERSTELLUNG_JAHR":2024,"ERSTELLUNG_MONAT":6,"REVISION_JAHR":2024,"REVISION_MONAT":6,"DATUM_AENDERUNG":"2025-07-08T11:55:40Z","DATUM_ERSTELLUNG":"2025-07-08T11:55:40Z","DACH_MAX":571.05,"DACH_MIN":567.57,"EGID":187524,"GEBAEUDEEINHEIT":"{0161A195-33E8-41ED-A8F7-CD5593D4FBF9}","layer":"swissbuildings3d_3_0_2024_1129-33_2056_5728.gdb — swissBUILDINGS3D_3-0_1129-33.gdb/a0000000b.gdbtable","path":"/vsizip//Users/wulf/Downloads/swissbuildings3d_3_0_2024_1129-33_2056_5728.gdb.zip/swissBUILDINGS3D_3-0_1129-33.gdb/a0000000b.gdbtable|layername=Roof_solid"},"geometry":{"type":"MultiPolygon","coordinates":[[[[2641643.08206649357453,1218790.4251786863897,590.284632466920357],[2641646.980999998748302,1218790.390999998897314,588.962400000003981],[2641646.946003685705364,1218786.305430456763133,590.379300000000512],[2641646.995999999344349,1218786.304999999701977,591.5962],[2641647.239999998360872,1218786.302999999374151,591.546199999997043],[2641647.482999999076128,1218786.300999999046326,591.396200000002864],[2641647.388000000268221,1218775.124000001698732,591.5962],[2641641.274000000208616,1218775.175999999046326,591.446200000005774],[2641639.282000001519918,1218775.193,591.5962],[2641636.38867372693494,1218775.218074954580516,591.455461257144407],[2641635.568999998271465,1218775.225000001490116,591.546199999997043],[2641635.160999998450279,1218775.228999998420477,591.5962],[2641635.300999999046326,1218791.589999999850988,591.5962],[2641643.090999998152256,1218791.524000000208616,591.5962],[2641643.085681306198239,1218790.869800734333694,591.374144821771324],[2641643.08206649357453,1218790.4251786863897,590.284632466920357]]]]}},
{"type":"Feature","properties":{"fid":192,"OBJECTID":1,"UUID":"{0241BDAF-FECA-476C-BB76-2B1614C5FEC1}","OBJEKTART":"Gebaeude Einzelhaus","NAME_KOMPLETT":null,"GEBAEUDE_NUTZUNG":null,"GRUND_AENDERUNG":"Verbessert","HERKUNFT":"swisstopo","HERKUNFT_JAHR":2024,"HERKUNFT_MONAT":6,"ORIGINAL_HERKUNFT":"swisstopo","ERSTELLUNG_JAHR":2024,"ERSTELLUNG_MONAT":6,"REVISION_JAHR":2024,"REVISION_MONAT":6,"DATUM_AENDERUNG":"2025-07-08T11:55:40Z","DATUM_ERSTELLUNG":"2025-07-08T11:55:40Z","DACH_MAX":571.05,"DACH_MIN":567.57,"EGID":187524,"GEBAEUDEEINHEIT":"{0161A195-33E8-41ED-A8F7-CD5593D4FBF9}","layer":"swissbuildings3d_3_0_2024_1129-33_2056_5728.gdb — swissBUILDINGS3D_3-0_1129-33.gdb/a0000000b.gdbtable","path":"/vsizip//Users/wulf/Downloads/swissbuildings3d_3_0_2024_1129-33_2056_5728.gdb.zip/swissBUILDINGS3D_3-0_1129-33.gdb/a0000000b.gdbtable|layername=Roof_solid"},"geometry":{"type":"MultiPolygon","coordinates":[[[[2641654.085999999195337,1218380.397999998182058,624.918399999995017],[2641654.03999999910593,1218383.177999999374151,625.118300000001909],[2641653.99100000038743,1218386.541000001132488,625.118300000001909],[2641665.03999999910593,1218386.7010000012815,625.118300000001909],[2641665.153999999165535,1218378.795000001788139,625.118300000001909],[2641654.105999998748302,1218378.635000001639128,625.118300000001909],[2641654.085999999195337,1218380.397999998182058,624.918399999995017]]]]}},
{"type":"Feature","properties":{"fid":193,"OBJECTID":1,"UUID":"{0241BDAF-FECA-476C-BB76-2B1614C5FEC1}","OBJEKTART":"Gebaeude Einzelhaus","NAME_KOMPLETT":null,"GEBAEUDE_NUTZUNG":null,"GRUND_AENDERUNG":"Verbessert","HERKUNFT":"swisstopo","HERKUNFT_JAHR":2024,"HERKUNFT_MONAT":6,"ORIGINAL_HERKUNFT":"swisstopo","ERSTELLUNG_JAHR":2024,"ERSTELLUNG_MONAT":6,"REVISION_JAHR":2024,"REVISION_MONAT":6,"DATUM_AENDERUNG":"2025-07-08T11:55:40Z","DATUM_ERSTELLUNG":"2025-07-08T11:55:40Z","DACH_MAX":571.05,"DACH_MIN":567.57,"EGID":187524,"GEBAEUDEEINHEIT":"{0161A195-33E8-41ED-A8F7-CD5593D4FBF9}","layer":"swissbuildings3d_3_0_2024_1129-33_2056_5728.gdb — swissBUILDINGS3D_3-0_1129-33.gdb/a0000000b.gdbtable","path":"/vsizip//Users/wulf/Downloads/swissbuildings3d_3_0_2024_1129-33_2056_5728.gdb.zip/swissBUILDINGS3D_3-0_1129-33.gdb/a0000000b.gdbtable|layername=Roof_solid"},"geometry":{"type":"MultiPolygon","coordinates":[[[[2641666.195000000298023,1218404.219000000506639,619.048999999999069],[2641659.839000001549721,1218404.129999998956919,619.048999999999069],[2641659.749001604504883,1218410.540885816095397,620.187558352315932],[2641658.39299999922514,1218410.521999999880791,621.982699999993201],[2641658.391864539124072,1218410.60299612977542,619.848407540031531],[2641654.787000000476837,1218410.5,619.490900000004331],[2641653.63399999961257,1218410.467000000178814,619.489900000000489],[2641653.585999999195337,1218410.465999998152256,619.539900000003399],[2641653.517491895705462,1218415.376006956677884,620.836814614709283],[2641653.517000000923872,1218415.375999998301268,621.982699999993201],[2641653.464000001549721,1218419.206000000238419,621.982699999993201],[2641664.73200000077486,1218419.364,621.982699999993201],[2641664.815239942632616,1218413.441105923382565,620.41584999999759],[2641666.065000001341105,1218413.458999998867512,619.048999999999069],[2641666.195000000298023,1218404.219000000506639,619.048999999999069]]]]}},
{"type":"Feature","properties":{"fid":194,"OBJECTID":1,"UUID":"{0241BDAF-FECA-476C-BB76-2B1614C5FEC1}","OBJEKTART":"Gebaeude Einzelhaus","NAME_KOMPLETT":null,"GEBAEUDE_NUTZUNG":null,"GRUND_AENDERUNG":"Verbessert","HERKUNFT":"swisstopo","HERKUNFT_JAHR":2024,"HERKUNFT_MONAT":6,"ORIGINAL_HERKUNFT":"swisstopo","ERSTELLUNG_JAHR":2024,"ERSTELLUNG_MONAT":6,"REVISION_JAHR":2024,"REVISION_MONAT":6,"DATUM_AENDERUNG":"2025-07-08T11:55:40Z","DATUM_ERSTELLUNG":"2025-07-08T11:55:40Z","DACH_MAX":571.05,"DACH_MIN":567.57,"EGID":187524,"GEBAEUDEEINHEIT":"{0161A195-33E8-41ED-A8F7-CD5593D4FBF9}","layer":"swissbuildings3d_3_0_2024_1129-33_2056_5728.gdb — swissBUILDINGS3D_3-0_1129-33.gdb/a0000000b.gdbtable","path":"/vsizip//Users/wulf/Downloads/swissbuildings3d_3_0_2024_1129-33_2056_5728.gdb.zip/swissBUILDINGS3D_3-0_1129-33.gdb/a0000000b.gdbtable|layername=Roof_solid"},"geometry":{"type":"MultiPolygon","coordinates":[[[[2641687.641899321693927,1218414.796538717579097,620.320349999994505],[2641688.526000000536442,1218414.820999998599291,618.755999999993946],[2641688.822999998927116,1218404.175999999046326,618.555999999996857],[2641682.565999999642372,1218404.002000000327826,618.755999999993946],[2641682.458000000566244,1218407.875,618.755999999993946],[2641675.837999999523163,1218407.690999999642372,618.755999999993946],[2641675.646999999880791,1218414.537999998778105,618.755999999993946],[2641676.256000000983477,1218414.554000001400709,618.755999999993946],[2641676.230999998748302,1218417.443,618.755999999993946],[2641676.283271720167249,1218417.444510743021965,620.320349999994505],[2641676.23200000077486,1218419.287000000476837,621.884699999995064],[2641687.508000001311302,1218419.600999999791384,621.884699999995064],[2641687.641899321693927,1218414.796538717579097,620.320349999994505]],[[2641687.430999309755862,1218410.83702630107291,620.320280789866956],[2641687.147608722094446,1218410.829104006523266,619.572754833329327],[2641687.431000001728535,1218410.837000001221895,618.755999999993946],[2641687.430999309755862,1218410.83702630107291,620.320280789866956]],[[2641676.456000000238419,1218415.372999999672174,618.755999999993946],[2641680.892000000923872,1218415.497000001370907,618.755999999993946],[2641676.455994761548936,1218415.37320903968066,620.320349999994505],[2641676.456000000238419,1218415.372999999672174,618.755999999993946]]]]}},
{"type":"Feature","properties":{"fid":195,"OBJECTID":1,"UUID":"{0241BDAF-FECA-476C-BB76-2B1614C5FEC1}","OBJEKTART":"Gebaeude Einzelhaus","NAME_KOMPLETT":null,"GEBAEUDE_NUTZUNG":null,"GRUND_AENDERUNG":"Verbessert","HERKUNFT":"swisstopo","HERKUNFT_JAHR":2024,"HERKUNFT_MONAT":6,"ORIGINAL_HERKUNFT":"swisstopo","ERSTELLUNG_JAHR":2024,"ERSTELLUNG_MONAT":6,"REVISION_JAHR":2024,"REVISION_MONAT":6,"DATUM_AENDERUNG":"2025-07-08T11:55:40Z","DATUM_ERSTELLUNG":"2025-07-08T11:55:40Z","DACH_MAX":571.05,"DACH_MIN":567.57,"EGID":187524,"GEBAEUDEEINHEIT":"{0161A195-33E8-41ED-A8F7-CD5593D4FBF9}","layer":"swissbuildings3d_3_0_2024_1129-33_2056_5728.gdb — swissBUILDINGS3D_3-0_1129-33.gdb/a0000000b.gdbtable","path":"/vsizip//Users/wulf/Downloads/swissbuildings3d_3_0_2024_1129-33_2056_5728.gdb.zip/swissBUILDINGS3D_3-0_1129-33.gdb/a0000000b.gdbtable|layername=Roof_solid"},"geometry":{"type":"MultiPolygon","coordinates":[[[[2641686.410999998450279,1218449.857999999076128,615.718299999993178],[2641686.39299999922514,1218439.697999998927116,618.324099999997998],[2641686.390000000596046,1218438.359000001102686,614.085500000001048],[2641681.761,1218438.368000000715256,614.085500000001048],[2641676.339000001549721,1218438.377999998629093,613.885500000003958],[2641676.340999998152256,1218439.714999999850988,618.124100000000908],[2641676.342999998480082,1218441.074000000953674,617.97609999999986],[2641676.349055696744472,1218444.259297198150307,615.692530848710021],[2641676.342999998480082,1218441.258000001311302,614.399499999999534],[2641669.550999999046326,1218441.269000001251698,614.399499999999534],[2641669.563000001013279,1218447.712999999523163,614.399499999999534],[2641676.355598859488964,1218447.701000710017979,615.15431432248613],[2641676.357999999076128,1218448.964000001549721,615.753299999996671],[2641680.9510000012815,1218448.954999998211861,615.95329999999376],[2641680.953000001609325,1218450.114999998360872,615.655400000003283],[2641686.410999998450279,1218450.105000000447035,615.655400000003283],[2641686.410999998450279,1218449.861000001430511,615.517399999996996],[2641686.410999998450279,1218449.857999999076128,615.718299999993178]]]]}},
{"type":"Feature","properties":{"fid":196,"OBJECTID":1,"UUID":"{0241BDAF-FECA-476C-BB76-2B1614C5FEC1}","OBJEKTART":"Gebaeude Einzelhaus","NAME_KOMPLETT":null,"GEBAEUDE_NUTZUNG":null,"GRUND_AENDERUNG":"Verbessert","HERKUNFT":"swisstopo","HERKUNFT_JAHR":2024,"HERKUNFT_MONAT":6,"ORIGINAL_HERKUNFT":"swisstopo","ERSTELLUNG_JAHR":2024,"ERSTELLUNG_MONAT":6,"REVISION_JAHR":2024,"REVISION_MONAT":6,"DATUM_AENDERUNG":"2025-07-08T11:55:40Z","DATUM_ERSTELLUNG":"2025-07-08T11:55:40Z","DACH_MAX":571.05,"DACH_MIN":567.57,"EGID":187524,"GEBAEUDEEINHEIT":"{0161A195-33E8-41ED-A8F7-CD5593D4FBF9}","layer":"swissbuildings3d_3_0_2024_1129-33_2056_5728.gdb — swissBUILDINGS3D_3-0_1129-33.gdb/a0000000b.gdbtable","path":"/vsizip//Users/wulf/Downloads/swissbuildings3d_3_0_2024_1129-33_2056_5728.gdb.zip/swissBUILDINGS3D_3-0_1129-33.gdb/a0000000b.gdbtable|layername=Roof_solid"},"geometry":{"type":"MultiPolygon","coordinates":[[[[2641681.300999999046326,1218480.918000001460314,612.062799999999697],[2641681.300999999046326,1218480.921,612.261700000002747],[2641681.302999999374151,1218482.070000000298023,611.967799999998533],[2641686.761,1218482.059999998658895,611.767800000001444],[2641686.743000000715256,1218471.653000000864267,614.435500000006869],[2641686.739999998360872,1218470.30799999833107,610.197899999999208],[2641676.688999999314547,1218470.333000000566244,610.197899999999208],[2641676.690999999642372,1218471.670000001788139,614.635500000003958],[2641676.693836090620607,1218473.213000280316919,612.475357635347564],[2641670.857999999076128,1218473.223000001162291,610.710900000005495],[2641670.868999999016523,1218479.666000001132488,610.710900000005495],[2641676.705676723271608,1218479.655000610509887,611.649369075149025],[2641676.708000000566244,1218480.918999999761581,612.263699999995879],[2641680.157999999821186,1218480.912000000476837,612.264699999999721],[2641681.300999999046326,1218480.910000000149012,612.264699999999721],[2641681.300999999046326,1218480.918000001460314,612.062799999999697]]]]}},
{"type":"Feature","properties":{"fid":197,"OBJECTID":1,"UUID":"{0241BDAF-FECA-476C-BB76-2B1614C5FEC1}","OBJEKTART":"Gebaeude Einzelhaus","NAME_KOMPLETT":null,"GEBAEUDE_NUTZUNG":null,"GRUND_AENDERUNG":"Verbessert","HERKUNFT":"swisstopo","HERKUNFT_JAHR":2024,"HERKUNFT_MONAT":6,"ORIGINAL_HERKUNFT":"swisstopo","ERSTELLUNG_JAHR":2024,"ERSTELLUNG_MONAT":6,"REVISION_JAHR":2024,"REVISION_MONAT":6,"DATUM_AENDERUNG":"2025-07-08T11:55:40Z","DATUM_ERSTELLUNG":"2025-07-08T11:55:40Z","DACH_MAX":571.05,"DACH_MIN":567.57,"EGID":187524,"GEBAEUDEEINHEIT":"{0161A195-33E8-41ED-A8F7-CD5593D4FBF9}","layer":"swissbuildings3d_3_0_2024_1129-33_2056_5728.gdb — swissBUILDINGS3D_3-0_1129-33.gdb/a0000000b.gdbtable","path":"/vsizip//Users/wulf/Downloads/swissbuildings3d_3_0_2024_1129-33_2056_5728.gdb.zip/swissBUILDINGS3D_3-0_1129-33.gdb/a0000000b.gdbtable|layername=Roof_solid"},"geometry":{"type":"MultiPolygon","coordinates":[[[[2641671.407999999821186,1218508.090999998152256,612.127800000002026],[2641682.397999998182058,1218508.361000001430511,611.927800000004936],[2641682.515999998897314,1218503.484999999403954,614.403600000005099],[2641682.631000000983477,1218498.804999999701977,612.127800000002026],[2641671.640999998897314,1218498.535000000149012,612.127800000002026],[2641671.526000000536442,1218503.214999999850988,614.203599999993457],[2641671.407999999821186,1218508.090999998152256,612.127800000002026]]]]}},
{"type":"Feature","properties":{"fid":198,"OBJECTID":1,"UUID":"{0241BDAF-FECA-476C-BB76-2B1614C5FEC1}","OBJEKTART":"Gebaeude Einzelhaus","NAME_KOMPLETT":null,"GEBAEUDE_NUTZUNG":null,"GRUND_AENDERUNG":"Verbessert","HERKUNFT":"swisstopo","HERKUNFT_JAHR":2024,"HERKUNFT_MONAT":6,"ORIGINAL_HERKUNFT":"swisstopo","ERSTELLUNG_JAHR":2024,"ERSTELLUNG_MONAT":6,"REVISION_JAHR":2024,"REVISION_MONAT":6,"DATUM_AENDERUNG":"2025-07-08T11:55:40Z","DATUM_ERSTELLUNG":"2025-07-08T11:55:40Z","DACH_MAX":571.05,"DACH_MIN":567.57,"EGID":187524,"GEBAEUDEEINHEIT":"{0161A195-33E8-41ED-A8F7-CD5593D4FBF9}","layer":"swissbuildings3d_3_0_2024_1129-33_2056_5728.gdb — swissBUILDINGS3D_3-0_1129-33.gdb/a0000000b.gdbtable","path":"/vsizip//Users/wulf/Downloads/swissbuildings3d_3_0_2024_1129-33_2056_5728.gdb.zip/swissBUILDINGS3D_3-0_1129-33.gdb/a0000000b.gdbtable|layername=Roof_solid"},"geometry":{"type":"MultiPolygon","coordinates":[[[[2641675.679000001400709,1218542.960999999195337,606.260399999999208],[2641675.681000001728535,1218542.024999998509884,606.060400000002119],[2641675.761999998241663,1218542.019000001251698,606.260399999999208],[2641676.484000001102686,1218542.026999998837709,606.260399999999208],[2641679.021000001579523,1218542.034000001847744,606.260399999999208],[2641679.041000001132488,1218534.195000000298023,606.260399999999208],[2641678.339999999850988,1218534.193999998271465,606.060400000002119],[2641678.342999998480082,1218533.315999999642372,606.060400000002119],[2641671.804999999701977,1218533.300000000745058,606.260399999999208],[2641671.7989999987185,1218535.874000001698732,606.260399999999208],[2641664.969999998807907,1218535.855999998748302,606.260399999999208],[2641664.967999998480082,1218536.791000001132488,606.260399999999208],[2641662.0489999987185,1218536.785000000149012,606.260399999999208],[2641662.046,1218537.837999999523163,606.060500000006869],[2641658.881000000983477,1218537.829999998211861,606.260399999999208],[2641658.868000000715256,1218543.151000000536442,606.260399999999208],[2641662.079,1218543.160000000149012,606.060500000006869],[2641662.0760000012815,1218544.447999998927116,606.060500000006869],[2641672.874000001698732,1218544.475000001490116,606.060500000006869],[2641672.877999998629093,1218542.9510000012815,606.060500000006869],[2641675.679000001400709,1218542.960999999195337,606.260399999999208]]]]}},
{"type":"Feature","properties":{"fid":199,"OBJECTID":1,"UUID":"{0241BDAF-FECA-476C-BB76-2B1614C5FEC1}","OBJEKTART":"Gebaeude Einzelhaus","NAME_KOMPLETT":null,"GEBAEUDE_NUTZUNG":null,"GRUND_AENDERUNG":"Verbessert","HERKUNFT":"swisstopo","HERKUNFT_JAHR":2024,"HERKUNFT_MONAT":6,"ORIGINAL_HERKUNFT":"swisstopo","ERSTELLUNG_JAHR":2024,"ERSTELLUNG_MONAT":6,"REVISION_JAHR":2024,"REVISION_MONAT":6,"DATUM_AENDERUNG":"2025-07-08T11:55:40Z","DATUM_ERSTELLUNG":"2025-07-08T11:55:40Z","DACH_MAX":571.05,"DACH_MIN":567.57,"EGID":187524,"GEBAEUDEEINHEIT":"{0161A195-33E8-41ED-A8F7-CD5593D4FBF9}","layer":"swissbuildings3d_3_0_2024_1129-33_2056_5728.gdb — swissBUILDINGS3D_3-0_1129-33.gdb/a0000000b.gdbtable","path":"/vsizip//Users/wulf/Downloads/swissbuildings3d_3_0_2024_1129-33_2056_5728.gdb.zip/swissBUILDINGS3D_3-0_1129-33.gdb/a0000000b.gdbtable|layername=Roof_solid"},"geometry":{"type":"MultiPolygon","coordinates":[[[[2641660.144000001251698,1218562.061000000685453,603.828699999998207],[2641658.7010000012815,1218562.0489999987185,603.828699999998207],[2641658.681000001728535,1218564.449999999254942,603.828699999998207],[2641677.120000001043081,1218564.605999998748302,603.628700000001118],[2641677.184000000357628,1218557.175999999046326,603.628700000001118],[2641674.254999998956919,1218557.151000000536442,603.828699999998207],[2641674.263000000268221,1218556.214999999850988,603.828699999998207],[2641668.019000001251698,1218556.162999998778105,603.828699999998207],[2641668.041000001132488,1218553.467999998480082,603.828699999998207],[2641660.217999998480082,1218553.399999998509884,603.828699999998207],[2641660.210999999195337,1218553.614999998360872,603.828699999998207],[2641660.144000001251698,1218562.061000000685453,603.828699999998207]]]]}},
{"type":"Feature","properties":{"fid":200,"OBJECTID":1,"UUID":"{0241BDAF-FECA-476C-BB76-2B1614C5FEC1}","OBJEKTART":"Gebaeude Einzelhaus","NAME_KOMPLETT":null,"GEBAEUDE_NUTZUNG":null,"GRUND_AENDERUNG":"Verbessert","HERKUNFT":"swisstopo","HERKUNFT_JAHR":2024,"HERKUNFT_MONAT":6,"ORIGINAL_HERKUNFT":"swisstopo","ERSTELLUNG_JAHR":2024,"ERSTELLUNG_MONAT":6,"REVISION_JAHR":2024,"REVISION_MONAT":6,"DATUM_AENDERUNG":"2025-07-08T11:55:40Z","DATUM_ERSTELLUNG":"2025-07-08T11:55:40Z","DACH_MAX":571.05,"DACH_MIN":567.57,"EGID":187524,"GEBAEUDEEINHEIT":"{0161A195-33E8-41ED-A8F7-CD5593D4FBF9}","layer":"swissbuildings3d_3_0_2024_1129-33_2056_5728.gdb — swissBUILDINGS3D_3-0_1129-33.gdb/a0000000b.gdbtable","path":"/vsizip//Users/wulf/Downloads/swissbuildings3d_3_0_2024_1129-33_2056_5728.gdb.zip/swissBUILDINGS3D_3-0_1129-33.gdb/a0000000b.gdbtable|layername=Roof_solid"},"geometry":{"type":"MultiPolygon","coordinates":[[[[2641677.063000001013279,1218583.412999998778105,601.786900000006426],[2641671.580968474037945,1218583.374000243842602,601.573473263802384],[2641671.640000000596046,1218579.35700000077486,601.559899999992922],[2641666.408602761570364,1218579.279698229627684,601.673399999999674],[2641666.46000000089407,1218571.989,601.786900000006426],[2641658.989,1218571.934999998658895,601.586899999994785],[2641658.905910612549633,1218583.629592377692461,601.600273994397639],[2641658.903404727112502,1218583.97718294011429,601.500188903220078],[2641655.760000001639128,1218583.954999998211861,601.081000000005588],[2641655.704,1218591.989999998360872,601.081000000005588],[2641655.927011688705534,1218591.99162038648501,600.941841037782297],[2641655.842000000178814,1218597.778000000864267,600.997000000003027],[2641660.068999998271465,1218597.839999999850988,600.797000000005937],[2641660.127999998629093,1218593.831999998539686,600.797000000005937],[2641663.704999998211861,1218590.274999998509884,600.797000000005937],[2641663.71199938794598,1218589.78545446950011,601.215402391148018],[2641677.01799999922514,1218589.879999998956919,601.786900000006426],[2641677.063000001013279,1218583.412999998778105,601.786900000006426]]]]}},
{"type":"Feature","properties":{"fid":201,"OBJECTID":1,"UUID":"{0241BDAF-FECA-476C-BB76-2B1614C5FEC1}","OBJEKTART":"Gebaeude Einzelhaus","NAME_KOMPLETT":null,"GEBAEUDE_NUTZUNG":null,"GRUND_AENDERUNG":"Verbessert","HERKUNFT":"swisstopo","HERKUNFT_JAHR":2024,"HERKUNFT_MONAT":6,"ORIGINAL_HERKUNFT":"swisstopo","ERSTELLUNG_JAHR":2024,"ERSTELLUNG_MONAT":6,"REVISION_JAHR":2024,"REVISION_MONAT":6,"DATUM_AENDERUNG":"2025-07-08T11:55:40Z","DATUM_ERSTELLUNG":"2025-07-08T11:55:40Z","DACH_MAX":571.05,"DACH_MIN":567.57,"EGID":187524,"GEBAEUDEEINHEIT":"{0161A195-33E8-41ED-A8F7-CD5593D4FBF9}","layer":"swissbuildings3d_3_0_2024_1129-33_2056_5728.gdb — swissBUILDINGS3D_3-0_1129-33.gdb/a0000000b.gdbtable","path":"/vsizip//Users/wulf/Downloads/swissbuildings3d_3_0_2024_1129-33_2056_5728.gdb.zip/swissBUILDINGS3D_3-0_1129-33.gdb/a0000000b.gdbtable|layername=Roof_solid"},"geometry":{"type":"MultiPolygon","coordinates":[[[[2641656.026000000536442,1218607.719999998807907,600.724100000006729],[2641657.420000001788139,1218610.274000000208616,600.724100000006729],[2641661.980999998748302,1218607.785000000149012,600.724100000006729],[2641662.5,1218608.736999999731779,600.724100000006729],[2641668.467999998480082,1218605.480000000447035,600.724100000006729],[2641669.997000001370907,1218608.280999999493361,600.524099999995087],[2641673.08500000089407,1218606.596000000834465,600.524099999995087],[2641669.642000000923872,1218600.287999998778105,600.524099999995087],[2641660.640999998897314,1218605.197000000625849,600.724100000006729],[2641656.026000000536442,1218607.719999998807907,600.724100000006729]]]]}},
{"type":"Feature","properties":{"fid":202,"OBJECTID":1,"UUID":"{0241BDAF-FECA-476C-BB76-2B1614C5FEC1}","OBJEKTART":"Gebaeude Einzelhaus","NAME_KOMPLETT":null,"GEBAEUDE_NUTZUNG":null,"GRUND_AENDERUNG":"Verbessert","HERKUNFT":"swisstopo","HERKUNFT_JAHR":2024,"HERKUNFT_MONAT":6,"ORIGINAL_HERKUNFT":"swisstopo","ERSTELLUNG_JAHR":2024,"ERSTELLUNG_MONAT":6,"REVISION_JAHR":2024,"REVISION_MONAT":6,"DATUM_AENDERUNG":"2025-07-08T11:55:40Z","DATUM_ERSTELLUNG":"2025-07-08T11:55:40Z","DACH_MAX":571.05,"DACH_MIN":567.57,"EGID":187524,"GEBAEUDEEINHEIT":"{0161A195-33E8-41ED-A8F7-CD5593D4FBF9}","layer":"swissbuildings3d_3_0_2024_1129-33_2056_5728.gdb — swissBUILDINGS3D_3-0_1129-33.gdb/a0000000b.gdbtable","path":"/vsizip//Users/wulf/Downloads/swissbuildings3d_3_0_2024_1129-33_2056_5728.gdb.zip/swissBUILDINGS3D_3-0_1129-33.gdb/a0000000b.gdbtable|layername=Roof_solid"},"geometry":{"type":"MultiPolygon","coordinates":[[[[2641666.526000000536442,1218618.732999999076128,602.930800000001909],[2641666.499999925959855,1218618.685999864712358,602.793399998829045],[2641665.673058734741062,1218617.170582053484395,602.886762527933456],[2641661.265000000596046,1218609.089000001549721,602.930800000001909],[2641658.125,1218610.800999999046326,603.950700000001234],[2641651.704999998211861,1218614.304999999701977,601.988899999996647],[2641656.973999999463558,1218623.947000000625849,601.989000000001397],[2641663.388000000268221,1218620.445000000298023,603.950700000001234],[2641666.526000000536442,1218618.732999999076128,602.930800000001909]]]]}},
{"type":"Feature","properties":{"fid":203,"OBJECTID":1,"UUID":"{0241BDAF-FECA-476C-BB76-2B1614C5FEC1}","OBJEKTART":"Gebaeude Einzelhaus","NAME_KOMPLETT":null,"GEBAEUDE_NUTZUNG":null,"GRUND_AENDERUNG":"Verbessert","HERKUNFT":"swisstopo","HERKUNFT_JAHR":2024,"HERKUNFT_MONAT":6,"ORIGINAL_HERKUNFT":"swisstopo","ERSTELLUNG_JAHR":2024,"ERSTELLUNG_MONAT":6,"REVISION_JAHR":2024,"REVISION_MONAT":6,"DATUM_AENDERUNG":"2025-07-08T11:55:40Z","DATUM_ERSTELLUNG":"2025-07-08T11:55:40Z","DACH_MAX":571.05,"DACH_MIN":567.57,"EGID":187524,"GEBAEUDEEINHEIT":"{0161A195-33E8-41ED-A8F7-CD5593D4FBF9}","layer":"swissbuildings3d_3_0_2024_1129-33_2056_5728.gdb — swissBUILDINGS3D_3-0_1129-33.gdb/a0000000b.gdbtable","path":"/vsizip//Users/wulf/Downloads/swissbuildings3d_3_0_2024_1129-33_2056_5728.gdb.zip/swissBUILDINGS3D_3-0_1129-33.gdb/a0000000b.gdbtable|layername=Roof_solid"},"geometry":{"type":"MultiPolygon","coordinates":[[[[2641660.434000000357628,1218645.127999998629093,601.710999999995693],[2641657.519000001251698,1218639.699999999254942,598.221399999994901],[2641647.344000000506639,1218645.179000001400709,598.021399999997811],[2641650.265000000596046,1218650.603999998420477,601.910999999992782],[2641653.276000000536442,1218656.193999998271465,598.221399999994901],[2641663.449999999254942,1218650.714000001549721,598.021399999997811],[2641663.190000001341105,1218650.230999998748302,598.340299999996205],[2641662.697000000625849,1218649.31700000166893,599.09429999999702],[2641660.434000000357628,1218645.127999998629093,601.710999999995693]]]]}},
{"type":"Feature","properties":{"fid":204,"OBJECTID":1,"UUID":"{0241BDAF-FECA-476C-BB76-2B1614C5FEC1}","OBJEKTART":"Gebaeude Einzelhaus","NAME_KOMPLETT":null,"GEBAEUDE_NUTZUNG":null,"GRUND_AENDERUNG":"Verbessert","HERKUNFT":"swisstopo","HERKUNFT_JAHR":2024,"HERKUNFT_MONAT":6,"ORIGINAL_HERKUNFT":"swisstopo","ERSTELLUNG_JAHR":2024,"ERSTELLUNG_MONAT":6,"REVISION_JAHR":2024,"REVISION_MONAT":6,"DATUM_AENDERUNG":"2025-07-08T11:55:40Z","DATUM_ERSTELLUNG":"2025-07-08T11:55:40Z","DACH_MAX":571.05,"DACH_MIN":567.57,"EGID":187524,"GEBAEUDEEINHEIT":"{0161A195-33E8-41ED-A8F7-CD5593D4FBF9}","layer":"swissbuildings3d_3_0_2024_1129-33_2056_5728.gdb — swissBUILDINGS3D_3-0_1129-33.gdb/a0000000b.gdbtable","path":"/vsizip//Users/wulf/Downloads/swissbuildings3d_3_0_2024_1129-33_2056_5728.gdb.zip/swissBUILDINGS3D_3-0_1129-33.gdb/a0000000b.gdbtable|layername=Roof_solid"},"geometry":{"type":"MultiPolygon","coordinates":[[[[2641676.50899999961257,1218672.094999998807907,598.065400000006775],[2641682.530000001192093,1218669.177999999374151,595.0396999999939],[2641678.03999999910593,1218659.910999998450279,595.239700000005541],[2641672.019000001251698,1218662.829999998211861,597.865399999995134],[2641665.688000001013279,1218665.897999998182058,595.0396999999939],[2641670.177999999374151,1218675.162999998778105,595.0396999999939],[2641676.50899999961257,1218672.094999998807907,598.065400000006775]]]]}},
{"type":"Feature","properties":{"fid":205,"OBJECTID":1,"UUID":"{0241BDAF-FECA-476C-BB76-2B1614C5FEC1}","OBJEKTART":"Gebaeude Einzelhaus","NAME_KOMPLETT":null,"GEBAEUDE_NUTZUNG":null,"GRUND_AENDERUNG":"Verbessert","HERKUNFT":"swisstopo","HERKUNFT_JAHR":2024,"HERKUNFT_MONAT":6,"ORIGINAL_HERKUNFT":"swisstopo","ERSTELLUNG_JAHR":2024,"ERSTELLUNG_MONAT":6,"REVISION_JAHR":2024,"REVISION_MONAT":6,"DATUM_AENDERUNG":"2025-07-08T11:55:40Z","DATUM_ERSTELLUNG":"2025-07-08T11:55:40Z","DACH_MAX":571.05,"DACH_MIN":567.57,"EGID":187524,"GEBAEUDEEINHEIT":"{0161A195-33E8-41ED-A8F7-CD5593D4FBF9}","layer":"swissbuildings3d_3_0_2024_1129-33_2056_5728.gdb — swissBUILDINGS3D_3-0_1129-33.gdb/a0000000b.gdbtable","path":"/vsizip//Users/wulf/Downloads/swissbuildings3d_3_0_2024_1129-33_2056_5728.gdb.zip/swissBUILDINGS3D_3-0_1129-33.gdb/a0000000b.gdbtable|layername=Roof_solid"},"geometry":{"type":"MultiPolygon","coordinates":[[[[2641650.704,1218699.184000000357628,598.262400000006892],[2641663.543999999761581,1218699.028000000864267,598.462400000003981],[2641663.410999998450279,1218688.125999998301268,598.262400000006892],[2641650.570999998599291,1218688.282999999821186,598.462400000003981],[2641650.704,1218699.184000000357628,598.262400000006892]]]]}},
{"type":"Feature","properties":{"fid":206,"OBJECTID":1,"UUID":"{0241BDAF-FECA-476C-BB76-2B1614C5FEC1}","OBJEKTART":"Gebaeude Einzelhaus","NAME_KOMPLETT":null,"GEBAEUDE_NUTZUNG":null,"GRUND_AENDERUNG":"Verbessert","HERKUNFT":"swisstopo","HERKUNFT_JAHR":2024,"HERKUNFT_MONAT":6,"ORIGINAL_HERKUNFT":"swisstopo","ERSTELLUNG_JAHR":2024,"ERSTELLUNG_MONAT":6,"REVISION_JAHR":2024,"REVISION_MONAT":6,"DATUM_AENDERUNG":"2025-07-08T11:55:40Z","DATUM_ERSTELLUNG":"2025-07-08T11:55:40Z","DACH_MAX":571.05,"DACH_MIN":567.57,"EGID":187524,"GEBAEUDEEINHEIT":"{0161A195-33E8-41ED-A8F7-CD5593D4FBF9}","layer":"swissbuildings3d_3_0_2024_1129-33_2056_5728.gdb — swissBUILDINGS3D_3-0_1129-33.gdb/a0000000b.gdbtable","path":"/vsizip//Users/wulf/Downloads/swissbuildings3d_3_0_2024_1129-33_2056_5728.gdb.zip/swissBUILDINGS3D_3-0_1129-33.gdb/a0000000b.gdbtable|layername=Roof_solid"},"geometry":{"type":"MultiPolygon","coordinates":[[[[2641654.5,1218736.046,597.756500000003143],[2641654.390000000596046,1218742.258000001311302,593.439899999997579],[2641668.361000001430511,1218742.504999998956919,593.439899999997579],[2641668.416000001132488,1218739.390999998897314,595.403699999995297],[2641668.443,1218737.846999999135733,596.527600000001257],[2641668.469999998807907,1218736.293999999761581,597.556500000006054],[2641668.579999998211861,1218730.083000000566244,593.239900000000489],[2641665.087000001221895,1218730.021000001579523,593.389899999994668],[2641660.186814781744033,1218729.934251704253256,593.30681593895315],[2641658.314491677563637,1218729.901039764750749,593.336533143702127],[2641658.102000001817942,1218729.896999999880791,593.389899999994668],[2641654.609999999403954,1218729.83500000089407,593.439899999997579],[2641654.5,1218736.046,597.756500000003143]]]]}},
{"type":"Feature","properties":{"fid":207,"OBJECTID":1,"UUID":"{0241BDAF-FECA-476C-BB76-2B1614C5FEC1}","OBJEKTART":"Gebaeude Einzelhaus","NAME_KOMPLETT":null,"GEBAEUDE_NUTZUNG":null,"GRUND_AENDERUNG":"Verbessert","HERKUNFT":"swisstopo","HERKUNFT_JAHR":2024,"HERKUNFT_MONAT":6,"ORIGINAL_HERKUNFT":"swisstopo","ERSTELLUNG_JAHR":2024,"ERSTELLUNG_MONAT":6,"REVISION_JAHR":2024,"REVISION_MONAT":6,"DATUM_AENDERUNG":"2025-07-08T11:55:40Z","DATUM_ERSTELLUNG":"2025-07-08T11:55:40Z","DACH_MAX":571.05,"DACH_MIN":567.57,"EGID":187524,"GEBAEUDEEINHEIT":"{0161A195-33E8-41ED-A8F7-CD5593D4FBF9}","layer":"swissbuildings3d_3_0_2024_1129-33_2056_5728.gdb — swissBUILDINGS3D_3-0_1129-33.gdb/a0000000b.gdbtable","path":"/vsizip//Users/wulf/Downloads/swissbuildings3d_3_0_2024_1129-33_2056_5728.gdb.zip/swissBUILDINGS3D_3-0_1129-33.gdb/a0000000b.gdbtable|layername=Roof_solid"},"geometry":{"type":"MultiPolygon","coordinates":[[[[2641674.295000001788139,1218774.306000001728535,591.486199999999371],[2641673.118999999016523,1218774.168000001460314,591.938099999999395],[2641668.528000000864267,1218773.629000000655651,593.552999999999884],[2641661.416999999433756,1218772.793999999761581,591.131200000003446],[2641659.259014035109431,1218772.541001646546647,590.506304876736294],[2641659.046,1218772.515999998897314,590.457299999994575],[2641657.688000001013279,1218784.092999998480082,590.257299999997485],[2641667.168999999761581,1218785.204999998211861,593.752900000006775],[2641673.291000001132488,1218785.9239999987185,591.200200000006589],[2641673.631000000983477,1218783.030000001192093,591.350200000000768],[2641673.971000000834465,1218780.136,591.250199999994948],[2641674.224812761414796,1218777.969232642790303,591.36263551064792],[2641674.427972590085119,1218776.237845057854429,591.308192180006472],[2641674.649999998509884,1218774.348000001162291,591.200200000006589],[2641674.295000001788139,1218774.306000001728535,591.486199999999371]]]]}},
{"type":"Feature","properties":{"fid":208,"OBJECTID":1,"UUID":"{0241BDAF-FECA-476C-BB76-2B1614C5FEC1}","OBJEKTART":"Gebaeude Einzelhaus","NAME_KOMPLETT":null,"GEBAEUDE_NUTZUNG":null,"GRUND_AENDERUNG":"Verbessert","HERKUNFT":"swisstopo","HERKUNFT_JAHR":2024,"HERKUNFT_MONAT":6,"ORIGINAL_HERKUNFT":"swisstopo","ERSTELLUNG_JAHR":2024,"ERSTELLUNG_MONAT":6,"REVISION_JAHR":2024,"REVISION_MONAT":6,"DATUM_AENDERUNG":"2025-07-08T11:55:40Z","DATUM_ERSTELLUNG":"2025-07-08T11:55:40Z","DACH_MAX":571.05,"DACH_MIN":567.57,"EGID":187524,"GEBAEUDEEINHEIT":"{0161A195-33E8-41ED-A8F7-CD5593D4FBF9}","layer":"swissbuildings3d_3_0_2024_1129-33_2056_5728.gdb — swissBUILDINGS3D_3-0_1129-33.gdb/a0000000b.gdbtable","path":"/vsizip//Users/wulf/Downloads/swissbuildings3d_3_0_2024_1129-33_2056_5728.gdb.zip/swissBUILDINGS3D_3-0_1129-33.gdb/a0000000b.gdbtable|layername=Roof_solid"},"geometry":{"type":"MultiPolygon","coordinates":[[[[2641650.943999998271465,1218804.675000000745058,584.670899999997346],[2641654.296,1218806.068999998271465,584.670899999997346],[2641654.302999999374151,1218807.219000000506639,584.470900000000256],[2641659.49100000038743,1218807.245999999344349,584.470900000000256],[2641659.449999999254942,1218801.497999999672174,584.470900000000256],[2641653.324000000953674,1218798.9510000012815,584.670899999997346],[2641650.943999998271465,1218804.675000000745058,584.670899999997346]]]]}},
{"type":"Feature","properties":{"fid":209,"OBJECTID":1,"UUID":"{0241BDAF-FECA-476C-BB76-2B1614C5FEC1}","OBJEKTART":"Gebaeude Einzelhaus","NAME_KOMPLETT":null,"GEBAEUDE_NUTZUNG":null,"GRUND_AENDERUNG":"Verbessert","HERKUNFT":"swisstopo","HERKUNFT_JAHR":2024,"HERKUNFT_MONAT":6,"ORIGINAL_HERKUNFT":"swisstopo","ERSTELLUNG_JAHR":2024,"ERSTELLUNG_MONAT":6,"REVISION_JAHR":2024,"REVISION_MONAT":6,"DATUM_AENDERUNG":"2025-07-08T11:55:40Z","DATUM_ERSTELLUNG":"2025-07-08T11:55:40Z","DACH_MAX":571.05,"DACH_MIN":567.57,"EGID":187524,"GEBAEUDEEINHEIT":"{0161A195-33E8-41ED-A8F7-CD5593D4FBF9}","layer":"swissbuildings3d_3_0_2024_1129-33_2056_5728.gdb — swissBUILDINGS3D_3-0_1129-33.gdb/a0000000b.gdbtable","path":"/vsizip//Users/wulf/Downloads/swissbuildings3d_3_0_2024_1129-33_2056_5728.gdb.zip/swissBUILDINGS3D_3-0_1129-33.gdb/a0000000b.gdbtable|layername=Roof_solid"},"geometry":{"type":"MultiPolygon","coordinates":[[[[2641656.083999998867512,1218851.260000001639128,576.660799999997835],[2641655.951999999582767,1218851.24100000038743,576.660799999997835],[2641641.214000001549721,1218848.857999999076128,576.660799999997835],[2641640.171729778405279,1218855.31,576.660799999997835],[2641655.429950532969087,1218855.31,576.660799999997835],[2641656.083999998867512,1218851.260000001639128,576.660799999997835]]]]}},
{"type":"Feature","properties":{"fid":210,"OBJECTID":1,"UUID":"{0241BDAF-FECA-476C-BB76-2B1614C5FEC1}","OBJEKTART":"Gebaeude Einzelhaus","NAME_KOMPLETT":null,"GEBAEUDE_NUTZUNG":null,"GRUND_AENDERUNG":"Verbessert","HERKUNFT":"swisstopo","HERKUNFT_JAHR":2024,"HERKUNFT_MONAT":6,"ORIGINAL_HERKUNFT":"swisstopo","ERSTELLUNG_JAHR":2024,"ERSTELLUNG_MONAT":6,"REVISION_JAHR":2024,"REVISION_MONAT":6,"DATUM_AENDERUNG":"2025-07-08T11:55:40Z","DATUM_ERSTELLUNG":"2025-07-08T11:55:40Z","DACH_MAX":571.05,"DACH_MIN":567.57,"EGID":187524,"GEBAEUDEEINHEIT":"{0161A195-33E8-41ED-A8F7-CD5593D4FBF9}","layer":"swissbuildings3d_3_0_2024_1129-33_2056_5728.gdb — swissBUILDINGS3D_3-0_1129-33.gdb/a0000000b.gdbtable","path":"/vsizip//Users/wulf/Downloads/swissbuildings3d_3_0_2024_1129-33_2056_5728.gdb.zip/swissBUILDINGS3D_3-0_1129-33.gdb/a0000000b.gdbtable|layername=Roof_solid"},"geometry":{"type":"MultiPolygon","coordinates":[[[[2641688.931000001728535,1218387.929000001400709,622.878599999996368],[2641689.138999998569489,1218373.587999999523163,623.07850000000326],[2641684.355999998748302,1218373.519000001251698,626.374200000005658],[2641679.214000001549721,1218373.443999998271465,622.87850000000617],[2641679.135000001639128,1218378.888000000268221,622.87850000000617],[2641679.048930240795016,1218384.825290047097951,622.981730615768583],[2641679.006000000983477,1218387.785000000149012,623.07850000000326],[2641684.147999998182058,1218387.859000001102686,626.174199999994016],[2641688.931000001728535,1218387.929000001400709,622.878599999996368]]]]}},
{"type":"Feature","properties":{"fid":211,"OBJECTID":1,"UUID":"{0241BDAF-FECA-476C-BB76-2B1614C5FEC1}","OBJEKTART":"Gebaeude Einzelhaus","NAME_KOMPLETT":null,"GEBAEUDE_NUTZUNG":null,"GRUND_AENDERUNG":"Verbessert","HERKUNFT":"swisstopo","HERKUNFT_JAHR":2024,"HERKUNFT_MONAT":6,"ORIGINAL_HERKUNFT":"swisstopo","ERSTELLUNG_JAHR":2024,"ERSTELLUNG_MONAT":6,"REVISION_JAHR":2024,"REVISION_MONAT":6,"DATUM_AENDERUNG":"2025-07-08T11:55:40Z","DATUM_ERSTELLUNG":"2025-07-08T11:55:40Z","DACH_MAX":571.05,"DACH_MIN":567.57,"EGID":187524,"GEBAEUDEEINHEIT":"{0161A195-33E8-41ED-A8F7-CD5593D4FBF9}","layer":"swissbuildings3d_3_0_2024_1129-33_2056_5728.gdb — swissBUILDINGS3D_3-0_1129-33.gdb/a0000000b.gdbtable","path":"/vsizip//Users/wulf/Downloads/swissbuildings3d_3_0_2024_1129-33_2056_5728.gdb.zip/swissBUILDINGS3D_3-0_1129-33.gdb/a0000000b.gdbtable|layername=Roof_solid"},"geometry":{"type":"MultiPolygon","coordinates":[[[[2641710.478000000119209,1218418.811000000685453,620.909799999993993],[2641723.791000001132488,1218417.458000000566244,620.909799999993993],[2641723.311286009382457,1218412.737282865215093,622.681678519761363],[2641729.149999998509884,1218412.14299999922514,618.672999999995227],[2641728.263000000268221,1218403.420000001788139,619.019899999999325],[2641721.409000001847744,1218404.116999998688698,619.020000000004075],[2641721.504000000655651,1218405.043999999761581,619.004000000000815],[2641717.791000001132488,1218405.421999998390675,619.004000000000815],[2641717.864962832536548,1218406.151355709182099,619.76573152265064],[2641714.209896128624678,1218406.523268354823813,619.703745758959599],[2641714.125,1218405.688000001013279,618.873000000006869],[2641706.473000001162291,1218406.465999998152256,618.873000000006869],[2641707.140000000596046,1218413.024000000208616,618.873000000006869],[2641709.860243558418006,1218412.747107199393213,621.818045668710283],[2641709.870999999344349,1218412.853000000119209,624.834400000007008],[2641710.478000000119209,1218418.811000000685453,620.909799999993993]],[[2641722.592999998480082,1218405.671,620.909799999993993],[2641723.269999999552965,1218412.331000000238419,618.679999999993015],[2641723.184999998658895,1218411.497999999672174,624.834400000007008],[2641722.592999998480082,1218405.671,620.909799999993993]]]]}},
{"type":"Feature","properties":{"fid":212,"OBJECTID":1,"UUID":"{0241BDAF-FECA-476C-BB76-2B1614C5FEC1}","OBJEKTART":"Gebaeude Einzelhaus","NAME_KOMPLETT":null,"GEBAEUDE_NUTZUNG":null,"GRUND_AENDERUNG":"Verbessert","HERKUNFT":"swisstopo","HERKUNFT_JAHR":2024,"HERKUNFT_MONAT":6,"ORIGINAL_HERKUNFT":"swisstopo","ERSTELLUNG_JAHR":2024,"ERSTELLUNG_MONAT":6,"REVISION_JAHR":2024,"REVISION_MONAT":6,"DATUM_AENDERUNG":"2025-07-08T11:55:40Z","DATUM_ERSTELLUNG":"2025-07-08T11:55:40Z","DACH_MAX":571.05,"DACH_MIN":567.57,"EGID":187524,"GEBAEUDEEINHEIT":"{0161A195-33E8-41ED-A8F7-CD5593D4FBF9}","layer":"swissbuildings3d_3_0_2024_1129-33_2056_5728.gdb — swissBUILDINGS3D_3-0_1129-33.gdb/a0000000b.gdbtable","path":"/vsizip//Users/wulf/Downloads/swissbuildings3d_3_0_2024_1129-33_2056_5728.gdb.zip/swissBUILDINGS3D_3-0_1129-33.gdb/a0000000b.gdbtable|layername=Roof_solid"},"geometry":{"type":"MultiPolygon","coordinates":[[[[2641756.022999998182058,1218489.208999998867512,616.558300000004238],[2641758.125999998301268,1218472.188000001013279,611.220799999995506],[2641758.421,1218469.809000000357628,606.109299999996438],[2641758.429000001400709,1218469.74100000038743,606.163300000000163],[2641709.0489999987185,1218463.640000000596046,606.163300000000163],[2641708.745999999344349,1218466.08500000089407,611.420800000007148],[2641706.644000001251698,1218483.105999998748302,616.758300000001327],[2641704.530000001192093,1218500.212999999523163,611.420800000007148],[2641704.230999998748302,1218502.625999998301268,606.32039999999688],[2641753.611000001430511,1218508.728000000119209,606.12039999999979],[2641753.635000001639128,1218508.532000001519918,606.684299999993527],[2641753.661222056951374,1218508.318028018111363,607.011033147261855],[2641753.909000001847744,1218506.313999999314547,611.220799999995506],[2641756.022999998182058,1218489.208999998867512,616.558300000004238]]]]}},
{"type":"Feature","properties":{"fid":213,"OBJECTID":1,"UUID":"{0241BDAF-FECA-476C-BB76-2B1614C5FEC1}","OBJEKTART":"Gebaeude Einzelhaus","NAME_KOMPLETT":null,"GEBAEUDE_NUTZUNG":null,"GRUND_AENDERUNG":"Verbessert","HERKUNFT":"swisstopo","HERKUNFT_JAHR":2024,"HERKUNFT_MONAT":6,"ORIGINAL_HERKUNFT":"swisstopo","ERSTELLUNG_JAHR":2024,"ERSTELLUNG_MONAT":6,"REVISION_JAHR":2024,"REVISION_MONAT":6,"DATUM_AENDERUNG":"2025-07-08T11:55:40Z","DATUM_ERSTELLUNG":"2025-07-08T11:55:40Z","DACH_MAX":571.05,"DACH_MIN":567.57,"EGID":187524,"GEBAEUDEEINHEIT":"{0161A195-33E8-41ED-A8F7-CD5593D4FBF9}","layer":"swissbuildings3d_3_0_2024_1129-33_2056_5728.gdb — swissBUILDINGS3D_3-0_1129-33.gdb/a0000000b.gdbtable","path":"/vsizip//Users/wulf/Downloads/swissbuildings3d_3_0_2024_1129-33_2056_5728.gdb.zip/swissBUILDINGS3D_3-0_1129-33.gdb/a0000000b.gdbtable|layername=Roof_solid"},"geometry":{"type":"MultiPolygon","coordinates":[[[[2641676.614,1218729.881000000983477,593.047000000005937],[2641683.313999999314547,1218728.409000001847744,595.594700000001467],[2641688.870000001043081,1218727.188000001013279,593.239900000000489],[2641685.396000001579523,1218711.388000000268221,593.439899999997579],[2641679.840999998152256,1218712.609000001102686,595.794699999998556],[2641673.140999998897314,1218714.081000000238419,593.046900000001187],[2641676.614,1218729.881000000983477,593.047000000005937]]]]}},
{"type":"Feature","properties":{"fid":214,"OBJECTID":1,"UUID":"{0241BDAF-FECA-476C-BB76-2B1614C5FEC1}","OBJEKTART":"Gebaeude Einzelhaus","NAME_KOMPLETT":null,"GEBAEUDE_NUTZUNG":null,"GRUND_AENDERUNG":"Verbessert","HERKUNFT":"swisstopo","HERKUNFT_JAHR":2024,"HERKUNFT_MONAT":6,"ORIGINAL_HERKUNFT":"swisstopo","ERSTELLUNG_JAHR":2024,"ERSTELLUNG_MONAT":6,"REVISION_JAHR":2024,"REVISION_MONAT":6,"DATUM_AENDERUNG":"2025-07-08T11:55:40Z","DATUM_ERSTELLUNG":"2025-07-08T11:55:40Z","DACH_MAX":571.05,"DACH_MIN":567.57,"EGID":187524,"GEBAEUDEEINHEIT":"{0161A195-33E8-41ED-A8F7-CD5593D4FBF9}","layer":"swissbuildings3d_3_0_2024_1129-33_2056_5728.gdb — swissBUILDINGS3D_3-0_1129-33.gdb/a0000000b.gdbtable","path":"/vsizip//Users/wulf/Downloads/swissbuildings3d_3_0_2024_1129-33_2056_5728.gdb.zip/swissBUILDINGS3D_3-0_1129-33.gdb/a0000000b.gdbtable|layername=Roof_solid"},"geometry":{"type":"MultiPolygon","coordinates":[[[[2641692.120999999344349,1218754.473999999463558,593.047000000005937],[2641692.239,1218747.870999999344349,589.280400000003283],[2641686.782999999821186,1218747.774999998509884,589.280400000003283],[2641683.839000001549721,1218747.723000001162291,589.280400000003283],[2641681.004000000655651,1218747.673000000417233,589.280400000003283],[2641680.888000000268221,1218754.274999998509884,592.846999999994296],[2641680.769999999552965,1218760.879000000655651,589.080400000006193],[2641692.004999998956919,1218761.078000001609325,589.280400000003283],[2641692.120999999344349,1218754.473999999463558,593.047000000005937]]]]}},
{"type":"Feature","properties":{"fid":215,"OBJECTID":1,"UUID":"{0241BDAF-FECA-476C-BB76-2B1614C5FEC1}","OBJEKTART":"Gebaeude Einzelhaus","NAME_KOMPLETT":null,"GEBAEUDE_NUTZUNG":null,"GRUND_AENDERUNG":"Verbessert","HERKUNFT":"swisstopo","HERKUNFT_JAHR":2024,"HERKUNFT_MONAT":6,"ORIGINAL_HERKUNFT":"swisstopo","ERSTELLUNG_JAHR":2024,"ERSTELLUNG_MONAT":6,"REVISION_JAHR":2024,"REVISION_MONAT":6,"DATUM_AENDERUNG":"2025-07-08T11:55:40Z","DATUM_ERSTELLUNG":"2025-07-08T11:55:40Z","DACH_MAX":571.05,"DACH_MIN":567.57,"EGID":187524,"GEBAEUDEEINHEIT":"{0161A195-33E8-41ED-A8F7-CD5593D4FBF9}","layer":"swissbuildings3d_3_0_2024_1129-33_2056_5728.gdb — swissBUILDINGS3D_3-0_1129-33.gdb/a0000000b.gdbtable","path":"/vsizip//Users/wulf/Downloads/swissbuildings3d_3_0_2024_1129-33_2056_5728.gdb.zip/swissBUILDINGS3D_3-0_1129-33.gdb/a0000000b.gdbtable|layername=Roof_solid"},"geometry":{"type":"MultiPolygon","coordinates":[[[[2641690.938000001013279,1218790.149000000208616,584.708899999997811],[2641696.079,1218790.269999999552965,584.708899999997811],[2641696.300999999046326,1218780.861000001430511,589.45339999999851],[2641696.473999999463558,1218773.627999998629093,586.000700000004144],[2641684.309000000357628,1218773.339000001549721,586.200700000001234],[2641684.136,1218780.572999998927116,589.45339999999851],[2641683.965999998152256,1218787.76799999922514,585.872700000007171],[2641690.989999998360872,1218787.934000000357628,585.872700000007171],[2641690.938000001013279,1218790.149000000208616,584.708899999997811]]]]}},
{"type":"Feature","properties":{"fid":216,"OBJECTID":1,"UUID":"{0241BDAF-FECA-476C-BB76-2B1614C5FEC1}","OBJEKTART":"Gebaeude Einzelhaus","NAME_KOMPLETT":null,"GEBAEUDE_NUTZUNG":null,"GRUND_AENDERUNG":"Verbessert","HERKUNFT":"swisstopo","HERKUNFT_JAHR":2024,"HERKUNFT_MONAT":6,"ORIGINAL_HERKUNFT":"swisstopo","ERSTELLUNG_JAHR":2024,"ERSTELLUNG_MONAT":6,"REVISION_JAHR":2024,"REVISION_MONAT":6,"DATUM_AENDERUNG":"2025-07-08T11:55:40Z","DATUM_ERSTELLUNG":"2025-07-08T11:55:40Z","DACH_MAX":571.05,"DACH_MIN":567.57,"EGID":187524,"GEBAEUDEEINHEIT":"{0161A195-33E8-41ED-A8F7-CD5593D4FBF9}","layer":"swissbuildings3d_3_0_2024_1129-33_2056_5728.gdb — swissBUILDINGS3D_3-0_1129-33.gdb/a0000000b.gdbtable","path":"/vsizip//Users/wulf/Downloads/swissbuildings3d_3_0_2024_1129-33_2056_5728.gdb.zip/swissBUILDINGS3D_3-0_1129-33.gdb/a0000000b.gdbtable|layername=Roof_solid"},"geometry":{"type":"MultiPolygon","coordinates":[[[[2641678.405000001192093,1218794.842999998480082,585.372799999997369],[2641678.274000000208616,1218800.418999999761581,588.790500000002794],[2641678.140999998897314,1218805.975000001490116,585.572799999994459],[2641682.839000001549721,1218806.085999999195337,585.372799999997369],[2641685.337999999523163,1218806.144999999552965,585.372799999997369],[2641687.690000001341105,1218806.2010000012815,585.5228000000061],[2641690.872999999672174,1218806.276000000536442,585.372799999997369],[2641691.004999998956919,1218800.721000000834465,588.790500000002794],[2641691.136,1218795.144999999552965,585.572799999994459],[2641678.405000001192093,1218794.842999998480082,585.372799999997369]]]]}},
{"type":"Feature","properties":{"fid":217,"OBJECTID":1,"UUID":"{0241BDAF-FECA-476C-BB76-2B1614C5FEC1}","OBJEKTART":"Gebaeude Einzelhaus","NAME_KOMPLETT":null,"GEBAEUDE_NUTZUNG":null,"GRUND_AENDERUNG":"Verbessert","HERKUNFT":"swisstopo","HERKUNFT_JAHR":2024,"HERKUNFT_MONAT":6,"ORIGINAL_HERKUNFT":"swisstopo","ERSTELLUNG_JAHR":2024,"ERSTELLUNG_MONAT":6,"REVISION_JAHR":2024,"REVISION_MONAT":6,"DATUM_AENDERUNG":"2025-07-08T11:55:40Z","DATUM_ERSTELLUNG":"2025-07-08T11:55:40Z","DACH_MAX":571.05,"DACH_MIN":567.57,"EGID":187524,"GEBAEUDEEINHEIT":"{0161A195-33E8-41ED-A8F7-CD5593D4FBF9}","layer":"swissbuildings3d_3_0_2024_1129-33_2056_5728.gdb — swissBUILDINGS3D_3-0_1129-33.gdb/a0000000b.gdbtable","path":"/vsizip//Users/wulf/Downloads/swissbuildings3d_3_0_2024_1129-33_2056_5728.gdb.zip/swissBUILDINGS3D_3-0_1129-33.gdb/a0000000b.gdbtable|layername=Roof_solid"},"geometry":{"type":"MultiPolygon","coordinates":[[[[2641709.743000000715256,1218810.278000000864267,580.576300000000629],[2641713.403999999165535,1218811.11600000038743,578.849499999996624],[2641715.431000001728535,1218802.274000000208616,578.849499999996624],[2641715.234999999403954,1218802.227000001817942,578.892500000001746],[2641715.03999999910593,1218802.181000001728535,579.034400000004098],[2641714.517000000923872,1218802.061000000685453,579.231400000004214],[2641711.771000001579523,1218801.434000000357628,580.576300000000629],[2641708.618999999016523,1218800.712000001221895,578.889500000004773],[2641708.109999999403954,1218800.594999998807907,578.649499999999534],[2641706.083000000566244,1218809.438000001013279,578.649499999999534],[2641709.743000000715256,1218810.278000000864267,580.576300000000629]]]]}},
{"type":"Feature","properties":{"fid":218,"OBJECTID":1,"UUID":"{0241BDAF-FECA-476C-BB76-2B1614C5FEC1}","OBJEKTART":"Gebaeude Einzelhaus","NAME_KOMPLETT":null,"GEBAEUDE_NUTZUNG":null,"GRUND_AENDERUNG":"Verbessert","HERKUNFT":"swisstopo","HERKUNFT_JAHR":2024,"HERKUNFT_MONAT":6,"ORIGINAL_HERKUNFT":"swisstopo","ERSTELLUNG_JAHR":2024,"ERSTELLUNG_MONAT":6,"REVISION_JAHR":2024,"REVISION_MONAT":6,"DATUM_AENDERUNG":"2025-07-08T11:55:40Z","DATUM_ERSTELLUNG":"2025-07-08T11:55:40Z","DACH_MAX":571.05,"DACH_MIN":567.57,"EGID":187524,"GEBAEUDEEINHEIT":"{0161A195-33E8-41ED-A8F7-CD5593D4FBF9}","layer":"swissbuildings3d_3_0_2024_1129-33_2056_5728.gdb — swissBUILDINGS3D_3-0_1129-33.gdb/a0000000b.gdbtable","path":"/vsizip//Users/wulf/Downloads/swissbuildings3d_3_0_2024_1129-33_2056_5728.gdb.zip/swissBUILDINGS3D_3-0_1129-33.gdb/a0000000b.gdbtable|layername=Roof_solid"},"geometry":{"type":"MultiPolygon","coordinates":[[[[2641676.284000001847744,1218819.559000000357628,582.861099999994622],[2641676.160000000149012,1218824.785000000149012,586.078800000002957],[2641676.024999998509884,1218830.445000000298023,583.061100000006263],[2641677.158879348542541,1218830.471799104707316,582.718496733331904],[2641677.065000001341105,1218834.443999998271465,581.099300000001676],[2641687.425000000745058,1218834.688999999314547,581.099300000001676],[2641687.519434659276158,1218830.716669604182243,582.773742489473761],[2641688.295000001788139,1218830.734999999403954,583.061100000006263],[2641688.429000001400709,1218825.0760000012815,586.078800000002957],[2641688.552999999374151,1218819.850000001490116,583.061100000006263],[2641685.486000001430511,1218819.776999998837709,583.011100000003353],[2641682.418999999761581,1218819.704,583.011100000003353],[2641680.995884978678077,1218819.67060225456953,582.912907121557282],[2641676.284000001847744,1218819.559000000357628,582.861099999994622]]]]}},
{"type":"Feature","properties":{"fid":219,"OBJECTID":1,"UUID":"{0241BDAF-FECA-476C-BB76-2B1614C5FEC1}","OBJEKTART":"Gebaeude Einzelhaus","NAME_KOMPLETT":null,"GEBAEUDE_NUTZUNG":null,"GRUND_AENDERUNG":"Verbessert","HERKUNFT":"swisstopo","HERKUNFT_JAHR":2024,"HERKUNFT_MONAT":6,"ORIGINAL_HERKUNFT":"swisstopo","ERSTELLUNG_JAHR":2024,"ERSTELLUNG_MONAT":6,"REVISION_JAHR":2024,"REVISION_MONAT":6,"DATUM_AENDERUNG":"2025-07-08T11:55:40Z","DATUM_ERSTELLUNG":"2025-07-08T11:55:40Z","DACH_MAX":571.05,"DACH_MIN":567.57,"EGID":187524,"GEBAEUDEEINHEIT":"{0161A195-33E8-41ED-A8F7-CD5593D4FBF9}","layer":"swissbuildings3d_3_0_2024_1129-33_2056_5728.gdb — swissBUILDINGS3D_3-0_1129-33.gdb/a0000000b.gdbtable","path":"/vsizip//Users/wulf/Downloads/swissbuildings3d_3_0_2024_1129-33_2056_5728.gdb.zip/swissBUILDINGS3D_3-0_1129-33.gdb/a0000000b.gdbtable|layername=Roof_solid"},"geometry":{"type":"MultiPolygon","coordinates":[[[[2641702.839999999850988,1218854.443999998271465,571.349300000001676],[2641694.787999998778105,1218853.934999998658895,578.80449999999837],[2641686.730000000447035,1218853.425999999046326,571.9771999999939],[2641686.611152535304427,1218855.31,571.9771999999939],[2641702.785376653075218,1218855.31,571.349300000001676],[2641702.839999999850988,1218854.443999998271465,571.349300000001676]]]]}},
{"type":"Feature","properties":{"fid":220,"OBJECTID":1,"UUID":"{0241BDAF-FECA-476C-BB76-2B1614C5FEC1}","OBJEKTART":"Gebaeude Einzelhaus","NAME_KOMPLETT":null,"GEBAEUDE_NUTZUNG":null,"GRUND_AENDERUNG":"Verbessert","HERKUNFT":"swisstopo","HERKUNFT_JAHR":2024,"HERKUNFT_MONAT":6,"ORIGINAL_HERKUNFT":"swisstopo","ERSTELLUNG_JAHR":2024,"ERSTELLUNG_MONAT":6,"REVISION_JAHR":2024,"REVISION_MONAT":6,"DATUM_AENDERUNG":"2025-07-08T11:55:40Z","DATUM_ERSTELLUNG":"2025-07-08T11:55:40Z","DACH_MAX":571.05,"DACH_MIN":567.57,"EGID":187524,"GEBAEUDEEINHEIT":"{0161A195-33E8-41ED-A8F7-CD5593D4FBF9}","layer":"swissbuildings3d_3_0_2024_1129-33_2056_5728.gdb — swissBUILDINGS3D_3-0_1129-33.gdb/a0000000b.gdbtable","path":"/vsizip//Users/wulf/Downloads/swissbuildings3d_3_0_2024_1129-33_2056_5728.gdb.zip/swissBUILDINGS3D_3-0_1129-33.gdb/a0000000b.gdbtable|layername=Roof_solid"},"geometry":{"type":"MultiPolygon","coordinates":[[[[2641732.769999999552965,1218385.734000001102686,622.144599999999627],[2641738.590999998152256,1218385.186000000685453,622.144599999999627],[2641738.590993824414909,1218385.18593541579321,623.707797439248225],[2641745.872000001370907,1218384.500999998301268,624.928299999999581],[2641744.624000001698732,1218371.24100000038743,625.128299999996671],[2641738.094000000506639,1218371.855999998748302,625.128299999996671],[2641731.521999999880791,1218372.473999999463558,625.128299999996671],[2641731.864149982109666,1218376.103986111236736,623.736449999996694],[2641731.864,1218376.103999998420477,622.344599999996717],[2641732.769999999552965,1218385.734000001102686,622.144599999999627]],[[2641734.888999998569489,1218377.197999998927116,625.128299999996671],[2641732.050999999046326,1218377.465999998152256,622.144599999999627],[2641732.050954923965037,1218377.465536708710715,623.736449999996694],[2641734.888999998569489,1218377.197999998927116,625.128299999996671]]]]}},
{"type":"Feature","properties":{"fid":221,"OBJECTID":1,"UUID":"{0241BDAF-FECA-476C-BB76-2B1614C5FEC1}","OBJEKTART":"Gebaeude Einzelhaus","NAME_KOMPLETT":null,"GEBAEUDE_NUTZUNG":null,"GRUND_AENDERUNG":"Verbessert","HERKUNFT":"swisstopo","HERKUNFT_JAHR":2024,"HERKUNFT_MONAT":6,"ORIGINAL_HERKUNFT":"swisstopo","ERSTELLUNG_JAHR":2024,"ERSTELLUNG_MONAT":6,"REVISION_JAHR":2024,"REVISION_MONAT":6,"DATUM_AENDERUNG":"2025-07-08T11:55:40Z","DATUM_ERSTELLUNG":"2025-07-08T11:55:40Z","DACH_MAX":571.05,"DACH_MIN":567.57,"EGID":187524,"GEBAEUDEEINHEIT":"{0161A195-33E8-41ED-A8F7-CD5593D4FBF9}","layer":"swissbuildings3d_3_0_2024_1129-33_2056_5728.gdb — swissBUILDINGS3D_3-0_1129-33.gdb/a0000000b.gdbtable","path":"/vsizip//Users/wulf/Downloads/swissbuildings3d_3_0_2024_1129-33_2056_5728.gdb.zip/swissBUILDINGS3D_3-0_1129-33.gdb/a0000000b.gdbtable|layername=Roof_solid"},"geometry":{"type":"MultiPolygon","coordinates":[[[[2641760.662999998778105,1218374.489999998360872,628.217999999993481],[2641756.034000001847744,1218374.925999999046326,628.217999999993481],[2641756.339114315807819,1218378.159989427775145,626.665649999995367],[2641756.339000001549721,1218378.160000000149012,625.113299999997253],[2641756.820999998599291,1218383.280999999493361,625.313299999994342],[2641766.339999999850988,1218382.385000001639128,625.113299999997253],[2641766.100999999791384,1218379.848999999463558,625.113299999997253],[2641763.874125128611922,1218380.058560143457726,626.589038408871829],[2641766.100000001490116,1218379.848999999463558,628.017999999996391],[2641765.313000001013279,1218371.49100000038743,628.017999999996391],[2641760.4239999987185,1218371.953000001609325,628.217999999993481],[2641760.662999998778105,1218374.489999998360872,628.217999999993481]]]]}},
{"type":"Feature","properties":{"fid":222,"OBJECTID":1,"UUID":"{0241BDAF-FECA-476C-BB76-2B1614C5FEC1}","OBJEKTART":"Gebaeude Einzelhaus","NAME_KOMPLETT":null,"GEBAEUDE_NUTZUNG":null,"GRUND_AENDERUNG":"Verbessert","HERKUNFT":"swisstopo","HERKUNFT_JAHR":2024,"HERKUNFT_MONAT":6,"ORIGINAL_HERKUNFT":"swisstopo","ERSTELLUNG_JAHR":2024,"ERSTELLUNG_MONAT":6,"REVISION_JAHR":2024,"REVISION_MONAT":6,"DATUM_AENDERUNG":"2025-07-08T11:55:40Z","DATUM_ERSTELLUNG":"2025-07-08T11:55:40Z","DACH_MAX":571.05,"DACH_MIN":567.57,"EGID":187524,"GEBAEUDEEINHEIT":"{0161A195-33E8-41ED-A8F7-CD5593D4FBF9}","layer":"swissbuildings3d_3_0_2024_1129-33_2056_5728.gdb — swissBUILDINGS3D_3-0_1129-33.gdb/a0000000b.gdbtable","path":"/vsizip//Users/wulf/Downloads/swissbuildings3d_3_0_2024_1129-33_2056_5728.gdb.zip/swissBUILDINGS3D_3-0_1129-33.gdb/a0000000b.gdbtable|layername=Roof_solid"},"geometry":{"type":"MultiPolygon","coordinates":[[[[2641746.967000000178814,1218404.276999998837709,622.881500000003143],[2641746.978033907245845,1218404.385530049912632,621.981526443535245],[2641742.090999998152256,1218404.881999999284744,619.459900000001653],[2641742.603000000119209,1218409.916000001132488,619.459900000001653],[2641747.4898068071343,1218409.419353301636875,621.170726619491006],[2641747.949000000953674,1218413.936000000685453,622.881599999993341],[2641759.63399999961257,1218412.747999999672174,623.07050000000163],[2641759.36791486106813,1218410.132896587951109,622.211808637222703],[2641765.293000001460314,1218409.530000001192093,619.459900000001653],[2641764.236999999731779,1218399.138000000268221,619.459900000001653],[2641753.410000000149012,1218400.238000001758337,619.459900000001653],[2641753.750183820724487,1218403.587051049340516,622.100055321734317],[2641746.967000000178814,1218404.276999998837709,622.881500000003143]]]]}},
{"type":"Feature","properties":{"fid":223,"OBJECTID":1,"UUID":"{0241BDAF-FECA-476C-BB76-2B1614C5FEC1}","OBJEKTART":"Gebaeude Einzelhaus","NAME_KOMPLETT":null,"GEBAEUDE_NUTZUNG":null,"GRUND_AENDERUNG":"Verbessert","HERKUNFT":"swisstopo","HERKUNFT_JAHR":2024,"HERKUNFT_MONAT":6,"ORIGINAL_HERKUNFT":"swisstopo","ERSTELLUNG_JAHR":2024,"ERSTELLUNG_MONAT":6,"REVISION_JAHR":2024,"REVISION_MONAT":6,"DATUM_AENDERUNG":"2025-07-08T11:55:40Z","DATUM_ERSTELLUNG":"2025-07-08T11:55:40Z","DACH_MAX":571.05,"DACH_MIN":567.57,"EGID":187524,"GEBAEUDEEINHEIT":"{0161A195-33E8-41ED-A8F7-CD5593D4FBF9}","layer":"swissbuildings3d_3_0_2024_1129-33_2056_5728.gdb — swissBUILDINGS3D_3-0_1129-33.gdb/a0000000b.gdbtable","path":"/vsizip//Users/wulf/Downloads/swissbuildings3d_3_0_2024_1129-33_2056_5728.gdb.zip/swissBUILDINGS3D_3-0_1129-33.gdb/a0000000b.gdbtable|layername=Roof_solid"},"geometry":{"type":"MultiPolygon","coordinates":[[[[2641754.2010000012815,1218503.954999998211861,608.710099999996601],[2641766.765000000596046,1218505.508000001311302,608.710099999996601],[2641770.414000000804663,1218475.984999999403954,608.910000000003492],[2641757.848999999463558,1218474.432,608.710099999996601],[2641754.2010000012815,1218503.954999998211861,608.710099999996601]]]]}},
{"type":"Feature","properties":{"fid":224,"OBJECTID":1,"UUID":"{0241BDAF-FECA-476C-BB76-2B1614C5FEC1}","OBJEKTART":"Gebaeude Einzelhaus","NAME_KOMPLETT":null,"GEBAEUDE_NUTZUNG":null,"GRUND_AENDERUNG":"Verbessert","HERKUNFT":"swisstopo","HERKUNFT_JAHR":2024,"HERKUNFT_MONAT":6,"ORIGINAL_HERKUNFT":"swisstopo","ERSTELLUNG_JAHR":2024,"ERSTELLUNG_MONAT":6,"REVISION_JAHR":2024,"REVISION_MONAT":6,"DATUM_AENDERUNG":"2025-07-08T11:55:40Z","DATUM_ERSTELLUNG":"2025-07-08T11:55:40Z","DACH_MAX":571.05,"DACH_MIN":567.57,"EGID":187524,"GEBAEUDEEINHEIT":"{0161A195-33E8-41ED-A8F7-CD5593D4FBF9}","layer":"swissbuildings3d_3_0_2024_1129-33_2056_5728.gdb — swissBUILDINGS3D_3-0_1129-33.gdb/a0000000b.gdbtable","path":"/vsizip//Users/wulf/Downloads/swissbuildings3d_3_0_2024_1129-33_2056_5728.gdb.zip/swissBUILDINGS3D_3-0_1129-33.gdb/a0000000b.gdbtable|layername=Roof_solid"},"geometry":{"type":"MultiPolygon","coordinates":[[[[2641762.925999999046326,1218622.993000000715256,605.716499999994994],[2641762.423000000417233,1218622.633000001311302,605.716499999994994],[2641761.846000000834465,1218622.410000000149012,605.716499999994994],[2641761.230999998748302,1218622.337999999523163,605.516499999997905],[2641760.618999999016523,1218622.420000001788139,605.516499999997905],[2641760.045000001788139,1218622.653000000864267,605.516499999997905],[2641759.548000000417233,1218623.019999999552965,605.716499999994994],[2641759.157999999821186,1218623.5,605.716499999994994],[2641758.899000000208616,1218624.061000000685453,605.716499999994994],[2641758.787999998778105,1218624.670000001788139,605.716499999994994],[2641758.790995578281581,1218624.712936603464186,605.767647432683248],[2641738.11600000038743,1218622.063000001013279,606.018500000005588],[2641736.758000001311302,1218632.666000001132488,606.018500000005588],[2641730.291000001132488,1218637.784000001847744,606.018500000005588],[2641750.074999999254942,1218663.094000000506639,606.018500000005588],[2641771.594999998807907,1218646.493000000715256,606.018500000005588],[2641801.703000001609325,1218650.353000000119209,605.818499999993946],[2641804.24100000038743,1218630.537999998778105,606.018500000005588],[2641763.652056475635618,1218625.335822500521317,605.667701703017656],[2641763.679999999701977,1218625.247999999672174,605.716499999994994],[2641763.714000001549721,1218624.629999998956919,605.716499999994994],[2641763.592999998480082,1218624.024000000208616,605.716499999994994],[2641763.324999999254942,1218623.465999998152256,605.716499999994994],[2641762.925999999046326,1218622.993000000715256,605.716499999994994]]]]}},
{"type":"Feature","properties":{"fid":225,"OBJECTID":1,"UUID":"{0241BDAF-FECA-476C-BB76-2B1614C5FEC1}","OBJEKTART":"Gebaeude Einzelhaus","NAME_KOMPLETT":null,"GEBAEUDE_NUTZUNG":null,"GRUND_AENDERUNG":"Verbessert","HERKUNFT":"swisstopo","HERKUNFT_JAHR":2024,"HERKUNFT_MONAT":6,"ORIGINAL_HERKUNFT":"swisstopo","ERSTELLUNG_JAHR":2024,"ERSTELLUNG_MONAT":6,"REVISION_JAHR":2024,"REVISION_MONAT":6,"DATUM_AENDERUNG":"2025-07-08T11:55:40Z","DATUM_ERSTELLUNG":"2025-07-08T11:55:40Z","DACH_MAX":571.05,"DACH_MIN":567.57,"EGID":187524,"GEBAEUDEEINHEIT":"{0161A195-33E8-41ED-A8F7-CD5593D4FBF9}","layer":"swissbuildings3d_3_0_2024_1129-33_2056_5728.gdb — swissBUILDINGS3D_3-0_1129-33.gdb/a0000000b.gdbtable","path":"/vsizip//Users/wulf/Downloads/swissbuildings3d_3_0_2024_1129-33_2056_5728.gdb.zip/swissBUILDINGS3D_3-0_1129-33.gdb/a0000000b.gdbtable|layername=Roof_solid"},"geometry":{"type":"MultiPolygon","coordinates":[[[[2641719.530999999493361,1218655.125,592.062000000005355],[2641715.535000000149012,1218658.221000000834465,591.861999999993714],[2641739.274000000208616,1218688.870000001043081,592.062000000005355],[2641743.271000001579523,1218685.774000000208616,591.861999999993714],[2641719.530999999493361,1218655.125,592.062000000005355]]]]}},
{"type":"Feature","properties":{"fid":226,"OBJECTID":1,"UUID":"{0241BDAF-FECA-476C-BB76-2B1614C5FEC1}","OBJEKTART":"Gebaeude Einzelhaus","NAME_KOMPLETT":null,"GEBAEUDE_NUTZUNG":null,"GRUND_AENDERUNG":"Verbessert","HERKUNFT":"swisstopo","HERKUNFT_JAHR":2024,"HERKUNFT_MONAT":6,"ORIGINAL_HERKUNFT":"swisstopo","ERSTELLUNG_JAHR":2024,"ERSTELLUNG_MONAT":6,"REVISION_JAHR":2024,"REVISION_MONAT":6,"DATUM_AENDERUNG":"2025-07-08T11:55:40Z","DATUM_ERSTELLUNG":"2025-07-08T11:55:40Z","DACH_MAX":571.05,"DACH_MIN":567.57,"EGID":187524,"GEBAEUDEEINHEIT":"{0161A195-33E8-41ED-A8F7-CD5593D4FBF9}","layer":"swissbuildings3d_3_0_2024_1129-33_2056_5728.gdb — swissBUILDINGS3D_3-0_1129-33.gdb/a0000000b.gdbtable","path":"/vsizip//Users/wulf/Downloads/swissbuildings3d_3_0_2024_1129-33_2056_5728.gdb.zip/swissBUILDINGS3D_3-0_1129-33.gdb/a0000000b.gdbtable|layername=Roof_solid"},"geometry":{"type":"MultiPolygon","coordinates":[[[[2641768.394000001251698,1218731.179999999701977,602.813899999993737],[2641790.280071980785578,1218714.22809107741341,598.845800366595768],[2641796.563000001013279,1218722.177999999374151,594.941699999995762],[2641798.5489999987185,1218722.344000000506639,594.741699999998673],[2641799.388999998569489,1218715.761,594.856700000003912],[2641799.723240890540183,1218713.138065521838143,594.86556566435047],[2641800.555598561186343,1218706.60964127862826,594.781531358179905],[2641801.068,1218702.594000000506639,594.684699999997974],[2641801.907000001519918,1218696.010000001639128,594.798699999999371],[2641799.609000001102686,1218692.75899999961257,594.598700000002282],[2641799.545000001788139,1218692.671999998390675,594.798699999999371],[2641797.381999999284744,1218694.1739999987185,594.798699999999371],[2641797.401000000536442,1218694.199000000953674,594.598700000002282],[2641771.943,1218661.329999998211861,599.239199999996345],[2641765.118999999016523,1218666.61600000038743,599.439199999993434],[2641769.684999998658895,1218672.513000000268221,599.439199999993434],[2641768.344000000506639,1218673.550999999046326,602.813899999993737],[2641740.475999999791384,1218695.136,602.813899999993737],[2641768.394000001251698,1218731.179999999701977,602.813899999993737]],[[2641796.263000000268221,1218709.594000000506639,594.865699999994831],[2641789.451711375266314,1218700.800731046823785,597.494882242288782],[2641789.829,1218701.287000000476837,594.598700000002282],[2641796.263000000268221,1218709.594000000506639,594.865699999994831]]]]}},
{"type":"Feature","properties":{"fid":227,"OBJECTID":1,"UUID":"{0241BDAF-FECA-476C-BB76-2B1614C5FEC1}","OBJEKTART":"Gebaeude Einzelhaus","NAME_KOMPLETT":null,"GEBAEUDE_NUTZUNG":null,"GRUND_AENDERUNG":"Verbessert","HERKUNFT":"swisstopo","HERKUNFT_JAHR":2024,"HERKUNFT_MONAT":6,"ORIGINAL_HERKUNFT":"swisstopo","ERSTELLUNG_JAHR":2024,"ERSTELLUNG_MONAT":6,"REVISION_JAHR":2024,"REVISION_MONAT":6,"DATUM_AENDERUNG":"2025-07-08T11:55:40Z","DATUM_ERSTELLUNG":"2025-07-08T11:55:40Z","DACH_MAX":571.05,"DACH_MIN":567.57,"EGID":187524,"GEBAEUDEEINHEIT":"{0161A195-33E8-41ED-A8F7-CD5593D4FBF9}","layer":"swissbuildings3d_3_0_2024_1129-33_2056_5728.gdb — swissBUILDINGS3D_3-0_1129-33.gdb/a0000000b.gdbtable","path":"/vsizip//Users/wulf/Downloads/swissbuildings3d_3_0_2024_1129-33_2056_5728.gdb.zip/swissBUILDINGS3D_3-0_1129-33.gdb/a0000000b.gdbtable|layername=Roof_solid"},"geometry":{"type":"MultiPolygon","coordinates":[[[[2641732.138914338778704,1218835.277733988361433,578.111357323448601],[2641734.61600000038743,1218834.480000000447035,576.677700000000186],[2641733.078000001609325,1218829.703000001609325,576.677700000000186],[2641729.920000001788139,1218819.899000000208616,576.677700000000186],[2641718.800000000745058,1218823.480000000447035,576.877699999997276],[2641720.195474448148161,1218827.813847267534584,577.505259823698793],[2641720.195000000298023,1218827.813999999314547,578.132599999997183],[2641722.031380347441882,1218833.51551796332933,577.496943774022611],[2641723.495000001043081,1218838.061000000685453,576.677700000000186],[2641725.443795539438725,1218837.433367293793708,577.754948113784849],[2641725.443999998271465,1218837.434000000357628,578.834499999997206],[2641725.682,1218837.35700000077486,578.99550000000454],[2641726.039000000804663,1218837.241999998688698,579.160499999998137],[2641727.903000000864267,1218836.640999998897314,579.973400000002584],[2641731.079999998211861,1218835.618999999016523,578.592499999998836],[2641731.662999998778105,1218835.431000001728535,578.361499999999069],[2641732.138999998569489,1218835.278000000864267,578.132599999997183],[2641732.138914338778704,1218835.277733988361433,578.111357323448601]]]]}},
{"type":"Feature","properties":{"fid":228,"OBJECTID":1,"UUID":"{0241BDAF-FECA-476C-BB76-2B1614C5FEC1}","OBJEKTART":"Gebaeude Einzelhaus","NAME_KOMPLETT":null,"GEBAEUDE_NUTZUNG":null,"GRUND_AENDERUNG":"Verbessert","HERKUNFT":"swisstopo","HERKUNFT_JAHR":2024,"HERKUNFT_MONAT":6,"ORIGINAL_HERKUNFT":"swisstopo","ERSTELLUNG_JAHR":2024,"ERSTELLUNG_MONAT":6,"REVISION_JAHR":2024,"REVISION_MONAT":6,"DATUM_AENDERUNG":"2025-07-08T11:55:40Z","DATUM_ERSTELLUNG":"2025-07-08T11:55:40Z","DACH_MAX":571.05,"DACH_MIN":567.57,"EGID":187524,"GEBAEUDEEINHEIT":"{0161A195-33E8-41ED-A8F7-CD5593D4FBF9}","layer":"swissbuildings3d_3_0_2024_1129-33_2056_5728.gdb — swissBUILDINGS3D_3-0_1129-33.gdb/a0000000b.gdbtable","path":"/vsizip//Users/wulf/Downloads/swissbuildings3d_3_0_2024_1129-33_2056_5728.gdb.zip/swissBUILDINGS3D_3-0_1129-33.gdb/a0000000b.gdbtable|layername=Roof_solid"},"geometry":{"type":"MultiPolygon","coordinates":[[[[2641740.795000001788139,1218853.149999998509884,572.50810000000638],[2641740.686000000685453,1218853.131999999284744,572.658100000000559],[2641731.802000001072884,1218851.697999998927116,572.658100000000559],[2641730.607999999076128,1218851.504999998956919,572.658100000000559],[2641730.035999998450279,1218851.412999998778105,572.50810000000638],[2641729.524999998509884,1218854.574999999254942,572.930099999997765],[2641729.655000001192093,1218853.76799999922514,569.840400000000955],[2641726.855999998748302,1218853.315999999642372,570.024399999994785],[2641725.456000000238419,1218853.089999999850988,569.890400000003865],[2641724.056000001728535,1218852.864,569.840400000000955],[2641723.66121392743662,1218855.31,571.948026001011385],[2641740.446464967448264,1218855.31,572.797017197596119],[2641740.795000001788139,1218853.149999998509884,572.50810000000638]]]]}},
{"type":"Feature","properties":{"fid":229,"OBJECTID":1,"UUID":"{0241BDAF-FECA-476C-BB76-2B1614C5FEC1}","OBJEKTART":"Gebaeude Einzelhaus","NAME_KOMPLETT":null,"GEBAEUDE_NUTZUNG":null,"GRUND_AENDERUNG":"Verbessert","HERKUNFT":"swisstopo","HERKUNFT_JAHR":2024,"HERKUNFT_MONAT":6,"ORIGINAL_HERKUNFT":"swisstopo","ERSTELLUNG_JAHR":2024,"ERSTELLUNG_MONAT":6,"REVISION_JAHR":2024,"REVISION_MONAT":6,"DATUM_AENDERUNG":"2025-07-08T11:55:40Z","DATUM_ERSTELLUNG":"2025-07-08T11:55:40Z","DACH_MAX":571.05,"DACH_MIN":567.57,"EGID":187524,"GEBAEUDEEINHEIT":"{0161A195-33E8-41ED-A8F7-CD5593D4FBF9}","layer":"swissbuildings3d_3_0_2024_1129-33_2056_5728.gdb — swissBUILDINGS3D_3-0_1129-33.gdb/a0000000b.gdbtable","path":"/vsizip//Users/wulf/Downloads/swissbuildings3d_3_0_2024_1129-33_2056_5728.gdb.zip/swissBUILDINGS3D_3-0_1129-33.gdb/a0000000b.gdbtable|layername=Roof_solid"},"geometry":{"type":"MultiPolygon","coordinates":[[[[2641780.978999998420477,1218380.719000000506639,625.784199999994598],[2641789.894000001251698,1218379.809999998658895,625.784199999994598],[2641788.603000000119209,1218367.149999998509884,625.584199999997509],[2641779.688000001013279,1218368.059999998658895,625.784199999994598],[2641780.978999998420477,1218380.719000000506639,625.784199999994598]]]]}},
{"type":"Feature","properties":{"fid":230,"OBJECTID":1,"UUID":"{0241BDAF-FECA-476C-BB76-2B1614C5FEC1}","OBJEKTART":"Gebaeude Einzelhaus","NAME_KOMPLETT":null,"GEBAEUDE_NUTZUNG":null,"GRUND_AENDERUNG":"Verbessert","HERKUNFT":"swisstopo","HERKUNFT_JAHR":2024,"HERKUNFT_MONAT":6,"ORIGINAL_HERKUNFT":"swisstopo","ERSTELLUNG_JAHR":2024,"ERSTELLUNG_MONAT":6,"REVISION_JAHR":2024,"REVISION_MONAT":6,"DATUM_AENDERUNG":"2025-07-08T11:55:40Z","DATUM_ERSTELLUNG":"2025-07-08T11:55:40Z","DACH_MAX":571.05,"DACH_MIN":567.57,"EGID":187524,"GEBAEUDEEINHEIT":"{0161A195-33E8-41ED-A8F7-CD5593D4FBF9}","layer":"swissbuildings3d_3_0_2024_1129-33_2056_5728.gdb — swissBUILDINGS3D_3-0_1129-33.gdb/a0000000b.gdbtable","path":"/vsizip//Users/wulf/Downloads/swissbuildings3d_3_0_2024_1129-33_2056_5728.gdb.zip/swissBUILDINGS3D_3-0_1129-33.gdb/a0000000b.gdbtable|layername=Roof_solid"},"geometry":{"type":"MultiPolygon","coordinates":[[[[2641792.58500000089407,1218399.030000001192093,621.933600000003935],[2641792.550000000745058,1218398.651999998837709,621.590599999995902],[2641792.515000000596046,1218398.274000000208616,621.346699999994598],[2641781.33500000089407,1218399.302999999374151,621.54670000000624],[2641781.899000000208616,1218405.436000000685453,624.486399999994319],[2641782.427999999374151,1218411.190000001341105,621.346699999994598],[2641793.607999999076128,1218410.160999998450279,621.54670000000624],[2641793.212000001221895,1218405.846999999135733,623.751399999993737],[2641793.155000001192093,1218405.230000000447035,624.038400000004913],[2641793.079,1218404.409000001847744,624.686300000001211],[2641792.58500000089407,1218399.030000001192093,621.933600000003935]]]]}},
{"type":"Feature","properties":{"fid":231,"OBJECTID":1,"UUID":"{0241BDAF-FECA-476C-BB76-2B1614C5FEC1}","OBJEKTART":"Gebaeude Einzelhaus","NAME_KOMPLETT":null,"GEBAEUDE_NUTZUNG":null,"GRUND_AENDERUNG":"Verbessert","HERKUNFT":"swisstopo","HERKUNFT_JAHR":2024,"HERKUNFT_MONAT":6,"ORIGINAL_HERKUNFT":"swisstopo","ERSTELLUNG_JAHR":2024,"ERSTELLUNG_MONAT":6,"REVISION_JAHR":2024,"REVISION_MONAT":6,"DATUM_AENDERUNG":"2025-07-08T11:55:40Z","DATUM_ERSTELLUNG":"2025-07-08T11:55:40Z","DACH_MAX":571.05,"DACH_MIN":567.57,"EGID":187524,"GEBAEUDEEINHEIT":"{0161A195-33E8-41ED-A8F7-CD5593D4FBF9}","layer":"swissbuildings3d_3_0_2024_1129-33_2056_5728.gdb — swissBUILDINGS3D_3-0_1129-33.gdb/a0000000b.gdbtable","path":"/vsizip//Users/wulf/Downloads/swissbuildings3d_3_0_2024_1129-33_2056_5728.gdb.zip/swissBUILDINGS3D_3-0_1129-33.gdb/a0000000b.gdbtable|layername=Roof_solid"},"geometry":{"type":"MultiPolygon","coordinates":[[[[2641767.05799999833107,1218849.223000001162291,578.761499999993248],[2641768.61600000038743,1218844.844000000506639,580.173299999994924],[2641770.1739999987185,1218840.464000001549721,578.561499999996158],[2641760.714999999850988,1218837.098999999463558,578.561499999996158],[2641759.157999999821186,1218841.478999998420477,580.173299999994924],[2641757.598999999463558,1218845.857999999076128,578.761499999993248],[2641767.05799999833107,1218849.223000001162291,578.761499999993248]]]]}},
{"type":"Feature","properties":{"fid":232,"OBJECTID":1,"UUID":"{0241BDAF-FECA-476C-BB76-2B1614C5FEC1}","OBJEKTART":"Gebaeude Einzelhaus","NAME_KOMPLETT":null,"GEBAEUDE_NUTZUNG":null,"GRUND_AENDERUNG":"Verbessert","HERKUNFT":"swisstopo","HERKUNFT_JAHR":2024,"HERKUNFT_MONAT":6,"ORIGINAL_HERKUNFT":"swisstopo","ERSTELLUNG_JAHR":2024,"ERSTELLUNG_MONAT":6,"REVISION_JAHR":2024,"REVISION_MONAT":6,"DATUM_AENDERUNG":"2025-07-08T11:55:40Z","DATUM_ERSTELLUNG":"2025-07-08T11:55:40Z","DACH_MAX":571.05,"DACH_MIN":567.57,"EGID":187524,"GEBAEUDEEINHEIT":"{0161A195-33E8-41ED-A8F7-CD5593D4FBF9}","layer":"swissbuildings3d_3_0_2024_1129-33_2056_5728.gdb — swissBUILDINGS3D_3-0_1129-33.gdb/a0000000b.gdbtable","path":"/vsizip//Users/wulf/Downloads/swissbuildings3d_3_0_2024_1129-33_2056_5728.gdb.zip/swissBUILDINGS3D_3-0_1129-33.gdb/a0000000b.gdbtable|layername=Roof_solid"},"geometry":{"type":"MultiPolygon","coordinates":[[[[2641810.885000001639128,1218853.907000001519918,581.822199999995064],[2641810.64759425399825,1218853.718471906380728,583.17372977438481],[2641811.375,1218852.800999999046326,584.668900000004214],[2641812.083000000566244,1218853.320999998599291,584.111900000003516],[2641814.956999998539686,1218849.410999998450279,583.911900000006426],[2641814.229159701615572,1218848.87711714534089,584.811555304213471],[2641815.205313063692302,1218847.414313185494393,585.305288862451789],[2641824.311999998986721,1218849.427999999374151,593.805900000006659],[2641826.556000001728535,1218849.925000000745058,593.805900000006659],[2641836.671,1218852.162000000476837,585.044800000003306],[2641842.368000000715256,1218826.589999999850988,585.044800000003306],[2641832.261999998241663,1218824.315999999642372,593.805900000006659],[2641830.019000001251698,1218823.811000000685453,593.605899999995017],[2641829.432935236487538,1218823.679096895037219,591.156730265077613],[2641832.991688372101635,1218808.134085475699976,591.228698689619932],[2641844.526999998837709,1218811.556000001728535,593.779899999994086],[2641850.730999998748302,1218790.647999998182058,593.779899999994086],[2641817.427999999374151,1218780.76799999922514,593.579899999996996],[2641815.690999999642372,1218786.618000000715256,593.579899999996996],[2641826.388000000268221,1218789.791999999433756,593.779899999994086],[2641815.625999998301268,1218786.598999999463558,597.273499999995693],[2641791.969999998807907,1218779.58500000089407,597.273499999995693],[2641791.897999998182058,1218779.559999998658895,597.273499999995693],[2641785.684999998658895,1218800.500999998301268,597.273499999995693],[2641820.175000000745058,1218810.732999999076128,597.273499999995693],[2641820.402320615481585,1218809.966812812490389,593.07445],[2641829.245000001043081,1218812.589999999850988,588.875400000004447],[2641826.839856847655028,1218823.095483763376251,589.931951280439989],[2641820.133000001311302,1218821.585999999195337,585.044800000003306],[2641814.818799928296357,1218845.436680305283517,584.449850000004517],[2641813.084042510483414,1218848.034936327952892,583.984940631679251],[2641812.800000000745058,1218847.8260000012815,584.111900000003516],[2641809.925999999046326,1218851.736000001430511,584.111900000003516],[2641810.143892584368587,1218851.896135597955436,583.925273612305318],[2641809.050000000745058,1218853.276999998837709,583.536999999996624],[2641807.437969372142106,1218855.31,582.161425365797527],[2641809.772846084088087,1218855.31,581.822199999995064],[2641810.885000001639128,1218853.907000001519918,581.822199999995064]],[[2641821.921,1218804.850000001490116,593.779899999994086],[2641820.445999998599291,1218809.820999998599291,588.675399999992806],[2641820.44561594678089,1218809.820885316468775,592.974449999994249],[2641826.388000000268221,1218789.791999999433756,593.779899999994086],[2641821.921,1218804.850000001490116,593.779899999994086]],[[2641813.800493821501732,1218848.561944435350597,584.824438902785232],[2641814.046224313322455,1218848.742323638638481,584.785785122027164],[2641814.091352316085249,1218848.775449984474108,584.835701053687671],[2641813.927000001072884,1218848.655000001192093,584.955799999996088],[2641813.800493821501732,1218848.561944435350597,584.824438902785232]]]]}},
{"type":"Feature","properties":{"fid":233,"OBJECTID":1,"UUID":"{0241BDAF-FECA-476C-BB76-2B1614C5FEC1}","OBJEKTART":"Gebaeude Einzelhaus","NAME_KOMPLETT":null,"GEBAEUDE_NUTZUNG":null,"GRUND_AENDERUNG":"Verbessert","HERKUNFT":"swisstopo","HERKUNFT_JAHR":2024,"HERKUNFT_MONAT":6,"ORIGINAL_HERKUNFT":"swisstopo","ERSTELLUNG_JAHR":2024,"ERSTELLUNG_MONAT":6,"REVISION_JAHR":2024,"REVISION_MONAT":6,"DATUM_AENDERUNG":"2025-07-08T11:55:40Z","DATUM_ERSTELLUNG":"2025-07-08T11:55:40Z","DACH_MAX":571.05,"DACH_MIN":567.57,"EGID":187524,"GEBAEUDEEINHEIT":"{0161A195-33E8-41ED-A8F7-CD5593D4FBF9}","layer":"swissbuildings3d_3_0_2024_1129-33_2056_5728.gdb — swissBUILDINGS3D_3-0_1129-33.gdb/a0000000b.gdbtable","path":"/vsizip//Users/wulf/Downloads/swissbuildings3d_3_0_2024_1129-33_2056_5728.gdb.zip/swissBUILDINGS3D_3-0_1129-33.gdb/a0000000b.gdbtable|layername=Roof_solid"},"geometry":{"type":"MultiPolygon","coordinates":[[[[2641816.583999998867512,1218402.418000001460314,619.694799999997485],[2641820.725999999791384,1218402.008000001311302,619.694799999997485],[2641820.087999999523163,1218395.557,619.694799999997485],[2641808.7010000012815,1218396.68299999833107,619.894799999994575],[2641808.90332094905898,1218398.590316895162687,621.240674523806319],[2641807.396000001579523,1218398.739,622.803499999994528],[2641804.588691805955023,1218399.016893175896257,621.201020770143714],[2641801.24100000038743,1218399.348000001162291,619.894799999994575],[2641802.147999998182058,1218408.51799999922514,619.694799999997485],[2641806.627000000327826,1218408.074999999254942,619.694799999997485],[2641806.626993261277676,1218408.074932187097147,621.30878966889361],[2641816.910999998450279,1218407.05799999833107,622.743499999996857],[2641816.910956894978881,1218407.057563757058233,621.216546423590898],[2641816.947000000625849,1218407.054000001400709,619.694799999997485],[2641816.583999998867512,1218402.418000001460314,619.694799999997485]]]]}},
{"type":"Feature","properties":{"fid":234,"OBJECTID":1,"UUID":"{0241BDAF-FECA-476C-BB76-2B1614C5FEC1}","OBJEKTART":"Gebaeude Einzelhaus","NAME_KOMPLETT":null,"GEBAEUDE_NUTZUNG":null,"GRUND_AENDERUNG":"Verbessert","HERKUNFT":"swisstopo","HERKUNFT_JAHR":2024,"HERKUNFT_MONAT":6,"ORIGINAL_HERKUNFT":"swisstopo","ERSTELLUNG_JAHR":2024,"ERSTELLUNG_MONAT":6,"REVISION_JAHR":2024,"REVISION_MONAT":6,"DATUM_AENDERUNG":"2025-07-08T11:55:40Z","DATUM_ERSTELLUNG":"2025-07-08T11:55:40Z","DACH_MAX":571.05,"DACH_MIN":567.57,"EGID":187524,"GEBAEUDEEINHEIT":"{0161A195-33E8-41ED-A8F7-CD5593D4FBF9}","layer":"swissbuildings3d_3_0_2024_1129-33_2056_5728.gdb — swissBUILDINGS3D_3-0_1129-33.gdb/a0000000b.gdbtable","path":"/vsizip//Users/wulf/Downloads/swissbuildings3d_3_0_2024_1129-33_2056_5728.gdb.zip/swissBUILDINGS3D_3-0_1129-33.gdb/a0000000b.gdbtable|layername=Roof_solid"},"geometry":{"type":"MultiPolygon","coordinates":[[[[2641813.993000000715256,1218377.355000000447035,625.942200000004959],[2641812.896000001579523,1218366.359000001102686,625.742199999993318],[2641801.728999998420477,1218367.473000001162291,625.742199999993318],[2641802.824000000953674,1218378.467999998480082,625.942200000004959],[2641813.993000000715256,1218377.355000000447035,625.942200000004959]]]]}},
{"type":"Feature","properties":{"fid":235,"OBJECTID":1,"UUID":"{0241BDAF-FECA-476C-BB76-2B1614C5FEC1}","OBJEKTART":"Gebaeude Einzelhaus","NAME_KOMPLETT":null,"GEBAEUDE_NUTZUNG":null,"GRUND_AENDERUNG":"Verbessert","HERKUNFT":"swisstopo","HERKUNFT_JAHR":2024,"HERKUNFT_MONAT":6,"ORIGINAL_HERKUNFT":"swisstopo","ERSTELLUNG_JAHR":2024,"ERSTELLUNG_MONAT":6,"REVISION_JAHR":2024,"REVISION_MONAT":6,"DATUM_AENDERUNG":"2025-07-08T11:55:40Z","DATUM_ERSTELLUNG":"2025-07-08T11:55:40Z","DACH_MAX":571.05,"DACH_MIN":567.57,"EGID":187524,"GEBAEUDEEINHEIT":"{0161A195-33E8-41ED-A8F7-CD5593D4FBF9}","layer":"swissbuildings3d_3_0_2024_1129-33_2056_5728.gdb — swissBUILDINGS3D_3-0_1129-33.gdb/a0000000b.gdbtable","path":"/vsizip//Users/wulf/Downloads/swissbuildings3d_3_0_2024_1129-33_2056_5728.gdb.zip/swissBUILDINGS3D_3-0_1129-33.gdb/a0000000b.gdbtable|layername=Roof_solid"},"geometry":{"type":"MultiPolygon","coordinates":[[[[2641812.545000001788139,1218471.651999998837709,609.989900000000489],[2641811.505179294385016,1218479.841022762469947,615.165891023837048],[2641811.504999998956919,1218479.840999998152256,620.34780000000319],[2641806.782999999821186,1218517.019999999552965,620.147899999996298],[2641821.761999998241663,1218518.916000001132488,620.347899999993388],[2641821.984999999403954,1218518.949999999254942,620.347899999993388],[2641826.549817185848951,1218483.000976883806288,615.235850603472727],[2641826.550000000745058,1218483.000999998301268,610.12390000000596],[2641827.745999999344349,1218473.583000000566244,609.923899999994319],[2641827.585999999195337,1218473.557,610.122900000002119],[2641816.304999999701977,1218472.127999998629093,609.973899999997229],[2641812.631000000983477,1218471.662999998778105,609.94090000000142],[2641812.545000001788139,1218471.651999998837709,609.989900000000489]],[[2641826.534000001847744,1218481.749000001698732,609.921900000001187],[2641826.533979530911893,1218481.74915936565958,615.205165947459705],[2641811.664960254449397,1218479.861309404950589,615.06937515476443],[2641811.66499999910593,1218479.861000001430511,609.790900000007241],[2641826.534000001847744,1218481.749000001698732,609.921900000001187]]]]}},
{"type":"Feature","properties":{"fid":236,"OBJECTID":1,"UUID":"{0241BDAF-FECA-476C-BB76-2B1614C5FEC1}","OBJEKTART":"Gebaeude Einzelhaus","NAME_KOMPLETT":null,"GEBAEUDE_NUTZUNG":null,"GRUND_AENDERUNG":"Verbessert","HERKUNFT":"swisstopo","HERKUNFT_JAHR":2024,"HERKUNFT_MONAT":6,"ORIGINAL_HERKUNFT":"swisstopo","ERSTELLUNG_JAHR":2024,"ERSTELLUNG_MONAT":6,"REVISION_JAHR":2024,"REVISION_MONAT":6,"DATUM_AENDERUNG":"2025-07-08T11:55:40Z","DATUM_ERSTELLUNG":"2025-07-08T11:55:40Z","DACH_MAX":571.05,"DACH_MIN":567.57,"EGID":187524,"GEBAEUDEEINHEIT":"{0161A195-33E8-41ED-A8F7-CD5593D4FBF9}","layer":"swissbuildings3d_3_0_2024_1129-33_2056_5728.gdb — swissBUILDINGS3D_3-0_1129-33.gdb/a0000000b.gdbtable","path":"/vsizip//Users/wulf/Downloads/swissbuildings3d_3_0_2024_1129-33_2056_5728.gdb.zip/swissBUILDINGS3D_3-0_1129-33.gdb/a0000000b.gdbtable|layername=Roof_solid"},"geometry":{"type":"MultiPolygon","coordinates":[[[[2641836.473000001162291,1218374.14299999922514,625.9771999999939],[2641833.230000000447035,1218360.964999999850988,626.177100000000792],[2641825.223000001162291,1218362.936000000685453,626.177100000000792],[2641828.464999999850988,1218376.113000001758337,625.9771999999939],[2641836.473000001162291,1218374.14299999922514,625.9771999999939]]]]}},
{"type":"Feature","properties":{"fid":237,"OBJECTID":1,"UUID":"{0241BDAF-FECA-476C-BB76-2B1614C5FEC1}","OBJEKTART":"Gebaeude Einzelhaus","NAME_KOMPLETT":null,"GEBAEUDE_NUTZUNG":null,"GRUND_AENDERUNG":"Verbessert","HERKUNFT":"swisstopo","HERKUNFT_JAHR":2024,"HERKUNFT_MONAT":6,"ORIGINAL_HERKUNFT":"swisstopo","ERSTELLUNG_JAHR":2024,"ERSTELLUNG_MONAT":6,"REVISION_JAHR":2024,"REVISION_MONAT":6,"DATUM_AENDERUNG":"2025-07-08T11:55:40Z","DATUM_ERSTELLUNG":"2025-07-08T11:55:40Z","DACH_MAX":571.05,"DACH_MIN":567.57,"EGID":187524,"GEBAEUDEEINHEIT":"{0161A195-33E8-41ED-A8F7-CD5593D4FBF9}","layer":"swissbuildings3d_3_0_2024_1129-33_2056_5728.gdb — swissBUILDINGS3D_3-0_1129-33.gdb/a0000000b.gdbtable","path":"/vsizip//Users/wulf/Downloads/swissbuildings3d_3_0_2024_1129-33_2056_5728.gdb.zip/swissBUILDINGS3D_3-0_1129-33.gdb/a0000000b.gdbtable|layername=Roof_solid"},"geometry":{"type":"MultiPolygon","coordinates":[[[[2641827.989,1218397.01799999922514,623.458400000003166],[2641830.381000000983477,1218406.168999999761581,623.458400000003166],[2641838.125,1218404.144999999552965,623.258499999996275],[2641838.423000000417233,1218405.285000000149012,623.458400000003166],[2641845.840999998152256,1218403.346000000834465,623.258499999996275],[2641844.604132354259491,1218398.614176605362445,621.079706105756713],[2641846.331000000238419,1218398.162999998778105,620.333799999993062],[2641844.647999998182058,1218391.739999998360872,620.333700000002864],[2641836.223000001162291,1218393.936999998986721,620.333799999993062],[2641836.450336403679103,1218394.80640019942075,621.837356743232931],[2641827.989,1218397.01799999922514,623.458400000003166]],[[2641843.151000000536442,1218393.054999999701977,620.133799999995972],[2641838.976059343200177,1218394.146233994048089,621.896099999998114],[2641838.975999999791384,1218394.146000001579523,620.333799999993062],[2641843.151000000536442,1218393.054999999701977,620.133799999995972]],[[2641844.543000001460314,1218398.379999998956919,620.133799999995972],[2641844.542925125919282,1218398.380019137635827,621.114938807833823],[2641843.151000000536442,1218393.054999999701977,620.133799999995972],[2641844.543000001460314,1218398.379999998956919,620.133799999995972]]]]}},
{"type":"Feature","properties":{"fid":238,"OBJECTID":1,"UUID":"{0241BDAF-FECA-476C-BB76-2B1614C5FEC1}","OBJEKTART":"Gebaeude Einzelhaus","NAME_KOMPLETT":null,"GEBAEUDE_NUTZUNG":null,"GRUND_AENDERUNG":"Verbessert","HERKUNFT":"swisstopo","HERKUNFT_JAHR":2024,"HERKUNFT_MONAT":6,"ORIGINAL_HERKUNFT":"swisstopo","ERSTELLUNG_JAHR":2024,"ERSTELLUNG_MONAT":6,"REVISION_JAHR":2024,"REVISION_MONAT":6,"DATUM_AENDERUNG":"2025-07-08T11:55:40Z","DATUM_ERSTELLUNG":"2025-07-08T11:55:40Z","DACH_MAX":571.05,"DACH_MIN":567.57,"EGID":187524,"GEBAEUDEEINHEIT":"{0161A195-33E8-41ED-A8F7-CD5593D4FBF9}","layer":"swissbuildings3d_3_0_2024_1129-33_2056_5728.gdb — swissBUILDINGS3D_3-0_1129-33.gdb/a0000000b.gdbtable","path":"/vsizip//Users/wulf/Downloads/swissbuildings3d_3_0_2024_1129-33_2056_5728.gdb.zip/swissBUILDINGS3D_3-0_1129-33.gdb/a0000000b.gdbtable|layername=Roof_solid"},"geometry":{"type":"MultiPolygon","coordinates":[[[[2641851.592999998480082,1218561.936000000685453,600.583899999997811],[2641852.094000000506639,1218557.918999999761581,600.583899999997811],[2641811.105999998748302,1218552.806000001728535,602.197799999994459],[2641810.605000000447035,1218556.822999998927116,602.197799999994459],[2641851.592999998480082,1218561.936000000685453,600.583899999997811]]]]}},
{"type":"Feature","properties":{"fid":239,"OBJECTID":1,"UUID":"{0241BDAF-FECA-476C-BB76-2B1614C5FEC1}","OBJEKTART":"Gebaeude Einzelhaus","NAME_KOMPLETT":null,"GEBAEUDE_NUTZUNG":null,"GRUND_AENDERUNG":"Verbessert","HERKUNFT":"swisstopo","HERKUNFT_JAHR":2024,"HERKUNFT_MONAT":6,"ORIGINAL_HERKUNFT":"swisstopo","ERSTELLUNG_JAHR":2024,"ERSTELLUNG_MONAT":6,"REVISION_JAHR":2024,"REVISION_MONAT":6,"DATUM_AENDERUNG":"2025-07-08T11:55:40Z","DATUM_ERSTELLUNG":"2025-07-08T11:55:40Z","DACH_MAX":571.05,"DACH_MIN":567.57,"EGID":187524,"GEBAEUDEEINHEIT":"{0161A195-33E8-41ED-A8F7-CD5593D4FBF9}","layer":"swissbuildings3d_3_0_2024_1129-33_2056_5728.gdb — swissBUILDINGS3D_3-0_1129-33.gdb/a0000000b.gdbtable","path":"/vsizip//Users/wulf/Downloads/swissbuildings3d_3_0_2024_1129-33_2056_5728.gdb.zip/swissBUILDINGS3D_3-0_1129-33.gdb/a0000000b.gdbtable|layername=Roof_solid"},"geometry":{"type":"MultiPolygon","coordinates":[[[[2641866.7010000012815,1218614.627999998629093,598.826199999995879],[2641829.864,1218610.011999998241663,598.626199999998789],[2641828.760157965123653,1218618.82099965470843,599.231055453773592],[2641828.339000001549721,1218618.76799999922514,598.492199999993318],[2641827.94200000166893,1218621.929999999701977,598.492199999993318],[2641871.346000000834465,1218627.368999999016523,598.492199999993318],[2641872.809999998658895,1218615.681000001728535,598.692200000004959],[2641866.665598053485155,1218614.910966271534562,598.727095438091169],[2641866.7010000012815,1218614.627999998629093,598.826199999995879]]]]}},
{"type":"Feature","properties":{"fid":240,"OBJECTID":1,"UUID":"{0241BDAF-FECA-476C-BB76-2B1614C5FEC1}","OBJEKTART":"Gebaeude Einzelhaus","NAME_KOMPLETT":null,"GEBAEUDE_NUTZUNG":null,"GRUND_AENDERUNG":"Verbessert","HERKUNFT":"swisstopo","HERKUNFT_JAHR":2024,"HERKUNFT_MONAT":6,"ORIGINAL_HERKUNFT":"swisstopo","ERSTELLUNG_JAHR":2024,"ERSTELLUNG_MONAT":6,"REVISION_JAHR":2024,"REVISION_MONAT":6,"DATUM_AENDERUNG":"2025-07-08T11:55:40Z","DATUM_ERSTELLUNG":"2025-07-08T11:55:40Z","DACH_MAX":571.05,"DACH_MIN":567.57,"EGID":187524,"GEBAEUDEEINHEIT":"{0161A195-33E8-41ED-A8F7-CD5593D4FBF9}","layer":"swissbuildings3d_3_0_2024_1129-33_2056_5728.gdb — swissBUILDINGS3D_3-0_1129-33.gdb/a0000000b.gdbtable","path":"/vsizip//Users/wulf/Downloads/swissbuildings3d_3_0_2024_1129-33_2056_5728.gdb.zip/swissBUILDINGS3D_3-0_1129-33.gdb/a0000000b.gdbtable|layername=Roof_solid"},"geometry":{"type":"MultiPolygon","coordinates":[[[[2641847.024999998509884,1218358.234000001102686,627.648000000001048],[2641850.364999998360872,1218371.809000000357628,627.648000000001048],[2641860.787999998778105,1218369.245000001043081,626.114100000006147],[2641857.447999998927116,1218355.670000001788139,626.314100000003236],[2641847.024999998509884,1218358.234000001102686,627.648000000001048]]]]}},
{"type":"Feature","properties":{"fid":241,"OBJECTID":1,"UUID":"{0241BDAF-FECA-476C-BB76-2B1614C5FEC1}","OBJEKTART":"Gebaeude Einzelhaus","NAME_KOMPLETT":null,"GEBAEUDE_NUTZUNG":null,"GRUND_AENDERUNG":"Verbessert","HERKUNFT":"swisstopo","HERKUNFT_JAHR":2024,"HERKUNFT_MONAT":6,"ORIGINAL_HERKUNFT":"swisstopo","ERSTELLUNG_JAHR":2024,"ERSTELLUNG_MONAT":6,"REVISION_JAHR":2024,"REVISION_MONAT":6,"DATUM_AENDERUNG":"2025-07-08T11:55:40Z","DATUM_ERSTELLUNG":"2025-07-08T11:55:40Z","DACH_MAX":571.05,"DACH_MIN":567.57,"EGID":187524,"GEBAEUDEEINHEIT":"{0161A195-33E8-41ED-A8F7-CD5593D4FBF9}","layer":"swissbuildings3d_3_0_2024_1129-33_2056_5728.gdb — swissBUILDINGS3D_3-0_1129-33.gdb/a0000000b.gdbtable","path":"/vsizip//Users/wulf/Downloads/swissbuildings3d_3_0_2024_1129-33_2056_5728.gdb.zip/swissBUILDINGS3D_3-0_1129-33.gdb/a0000000b.gdbtable|layername=Roof_solid"},"geometry":{"type":"MultiPolygon","coordinates":[[[[2641865.853000000119209,1218385.975999999791384,623.674400000003516],[2641864.905999999493361,1218386.228000000119209,623.724400000006426],[2641857.028000000864267,1218388.322999998927116,623.524399999994785],[2641860.11600000038743,1218399.938999999314547,623.524399999994785],[2641871.883000001311302,1218396.809999998658895,623.724400000006426],[2641871.111000001430511,1218393.905999999493361,623.674400000003516],[2641870.339000001549721,1218391.002000000327826,623.674400000003516],[2641868.793999999761581,1218385.193999998271465,623.524399999994785],[2641865.853000000119209,1218385.975999999791384,623.674400000003516]]]]}},
{"type":"Feature","properties":{"fid":242,"OBJECTID":1,"UUID":"{0241BDAF-FECA-476C-BB76-2B1614C5FEC1}","OBJEKTART":"Gebaeude Einzelhaus","NAME_KOMPLETT":null,"GEBAEUDE_NUTZUNG":null,"GRUND_AENDERUNG":"Verbessert","HERKUNFT":"swisstopo","HERKUNFT_JAHR":2024,"HERKUNFT_MONAT":6,"ORIGINAL_HERKUNFT":"swisstopo","ERSTELLUNG_JAHR":2024,"ERSTELLUNG_MONAT":6,"REVISION_JAHR":2024,"REVISION_MONAT":6,"DATUM_AENDERUNG":"2025-07-08T11:55:40Z","DATUM_ERSTELLUNG":"2025-07-08T11:55:40Z","DACH_MAX":571.05,"DACH_MIN":567.57,"EGID":187524,"GEBAEUDEEINHEIT":"{0161A195-33E8-41ED-A8F7-CD5593D4FBF9}","layer":"swissbuildings3d_3_0_2024_1129-33_2056_5728.gdb — swissBUILDINGS3D_3-0_1129-33.gdb/a0000000b.gdbtable","path":"/vsizip//Users/wulf/Downloads/swissbuildings3d_3_0_2024_1129-33_2056_5728.gdb.zip/swissBUILDINGS3D_3-0_1129-33.gdb/a0000000b.gdbtable|layername=Roof_solid"},"geometry":{"type":"MultiPolygon","coordinates":[[[[2641883.285000000149012,1218596.140999998897314,608.694099999993341],[2641886.721999999135733,1218568.344999998807907,608.694099999993341],[2641846.022999998182058,1218563.35700000077486,608.694099999993341],[2641842.607999999076128,1218591.155000001192093,608.694099999993341],[2641883.285000000149012,1218596.140999998897314,608.694099999993341]]]]}},
{"type":"Feature","properties":{"fid":243,"OBJECTID":1,"UUID":"{0241BDAF-FECA-476C-BB76-2B1614C5FEC1}","OBJEKTART":"Gebaeude Einzelhaus","NAME_KOMPLETT":null,"GEBAEUDE_NUTZUNG":null,"GRUND_AENDERUNG":"Verbessert","HERKUNFT":"swisstopo","HERKUNFT_JAHR":2024,"HERKUNFT_MONAT":6,"ORIGINAL_HERKUNFT":"swisstopo","ERSTELLUNG_JAHR":2024,"ERSTELLUNG_MONAT":6,"REVISION_JAHR":2024,"REVISION_MONAT":6,"DATUM_AENDERUNG":"2025-07-08T11:55:40Z","DATUM_ERSTELLUNG":"2025-07-08T11:55:40Z","DACH_MAX":571.05,"DACH_MIN":567.57,"EGID":187524,"GEBAEUDEEINHEIT":"{0161A195-33E8-41ED-A8F7-CD5593D4FBF9}","layer":"swissbuildings3d_3_0_2024_1129-33_2056_5728.gdb — swissBUILDINGS3D_3-0_1129-33.gdb/a0000000b.gdbtable","path":"/vsizip//Users/wulf/Downloads/swissbuildings3d_3_0_2024_1129-33_2056_5728.gdb.zip/swissBUILDINGS3D_3-0_1129-33.gdb/a0000000b.gdbtable|layername=Roof_solid"},"geometry":{"type":"MultiPolygon","coordinates":[[[[2641868.81700000166893,1218810.519999999552965,589.199299999992945],[2641887.519999999552965,1218816.061999998986721,588.999400000000605],[2641891.679999999701977,1218802.022999998182058,592.611999999993714],[2641891.923461067955941,1218802.095235701650381,593.864369204516038],[2641891.425000000745058,1218803.776999998837709,594.906700000006822],[2641889.346000000834465,1218810.793999999761581,593.225900000004913],[2641911.219999998807907,1218817.276000000536442,593.375899999999092],[2641916.105035861488432,1218818.723467657342553,593.378569428312403],[2641933.094999998807907,1218823.758000001311302,593.425900000002002],[2641935.868000000715256,1218814.403000000864267,595.266699999992852],[2641927.47383145429194,1218811.915448110550642,593.104401558352492],[2641930.171999998390675,1218812.714999999850988,592.620999999999185],[2641930.199999999254942,1218812.620999999344349,592.593999999997322],[2641930.864999998360872,1218810.372000001370907,593.19090000000142],[2641932.254000000655651,1218805.673000000417233,594.333799999993062],[2641932.902190639171749,1218803.479123989120126,595.758019809397183],[2641938.603999998420477,1218805.168999999761581,596.67949999999837],[2641941.43299999833107,1218795.622999999672174,595.78059999999823],[2641937.087311849929392,1218794.335310126189142,595.766693193072115],[2641897.50217169104144,1218782.604574635392055,595.627535644256],[2641892.269999999552965,1218781.054000001400709,595.630600000004051],[2641875.883000001311302,1218776.197999998927116,595.78059999999823],[2641873.052999999374151,1218785.743999999016523,596.87949999999546],[2641875.908606112468988,1218786.590157144004479,595.466629638772133],[2641868.81700000166893,1218810.519999999552965,589.199299999992945]],[[2641917.779296051710844,1218809.042541790753603,594.060311769031273],[2641892.118000000715256,1218801.438000001013279,595.466700000004494],[2641911.127000000327826,1218807.070999998599291,592.771999999997206],[2641917.779296051710844,1218809.042541790753603,594.060311769031273]]]]}},
{"type":"Feature","properties":{"fid":244,"OBJECTID":1,"UUID":"{0241BDAF-FECA-476C-BB76-2B1614C5FEC1}","OBJEKTART":"Gebaeude Einzelhaus","NAME_KOMPLETT":null,"GEBAEUDE_NUTZUNG":null,"GRUND_AENDERUNG":"Verbessert","HERKUNFT":"swisstopo","HERKUNFT_JAHR":2024,"HERKUNFT_MONAT":6,"ORIGINAL_HERKUNFT":"swisstopo","ERSTELLUNG_JAHR":2024,"ERSTELLUNG_MONAT":6,"REVISION_JAHR":2024,"REVISION_MONAT":6,"DATUM_AENDERUNG":"2025-07-08T11:55:40Z","DATUM_ERSTELLUNG":"2025-07-08T11:55:40Z","DACH_MAX":571.05,"DACH_MIN":567.57,"EGID":187524,"GEBAEUDEEINHEIT":"{0161A195-33E8-41ED-A8F7-CD5593D4FBF9}","layer":"swissbuildings3d_3_0_2024_1129-33_2056_5728.gdb — swissBUILDINGS3D_3-0_1129-33.gdb/a0000000b.gdbtable","path":"/vsizip//Users/wulf/Downloads/swissbuildings3d_3_0_2024_1129-33_2056_5728.gdb.zip/swissBUILDINGS3D_3-0_1129-33.gdb/a0000000b.gdbtable|layername=Roof_solid"},"geometry":{"type":"MultiPolygon","coordinates":[[[[2641896.643940451089293,1218850.241403151769191,588.913768073732513],[2641899.978000000119209,1218840.300999999046326,586.515599999998813],[2641881.88399999961257,1218835.532999999821186,586.627600000007078],[2641880.854257300961763,1218838.947963032638654,594.248180574348908],[2641873.840999998152256,1218838.032999999821186,602.019000000000233],[2641873.725931966677308,1218838.399399370420724,592.998686023899836],[2641858.427999999374151,1218834.655999999493361,585.543699999994715],[2641858.214999999850988,1218835.526000000536442,585.543699999994715],[2641873.456902947276831,1218839.256040974287316,590.312858865444014],[2641872.575612367596477,1218842.062244477681816,596.77542348404836],[2641872.035999998450279,1218841.879000000655651,595.207699999999022],[2641867.820000000298023,1218854.285999998450279,595.407699999996112],[2641870.833316700067371,1218855.31,595.384049208514284],[2641895.882076166570187,1218855.31,595.330749697764986],[2641897.504999998956919,1218850.534000001847744,595.407699999996112],[2641896.643940451089293,1218850.241403151769191,588.913768073732513]],[[2641896.099624782800674,1218850.056439114967361,591.061649999996007],[2641880.379005832597613,1218844.71441184473224,597.067648784585344],[2641881.850999999791384,1218839.078000001609325,602.218999999997322],[2641881.431301879696548,1218839.023245377931744,594.32853967690744],[2641882.274000000208616,1218836.228999998420477,586.627600000007078],[2641899.238000001758337,1218840.699999999254942,586.715599999995902],[2641896.099624782800674,1218850.056439114967361,591.061649999996007]]]]}},
{"type":"Feature","properties":{"fid":245,"OBJECTID":1,"UUID":"{0241BDAF-FECA-476C-BB76-2B1614C5FEC1}","OBJEKTART":"Gebaeude Einzelhaus","NAME_KOMPLETT":null,"GEBAEUDE_NUTZUNG":null,"GRUND_AENDERUNG":"Verbessert","HERKUNFT":"swisstopo","HERKUNFT_JAHR":2024,"HERKUNFT_MONAT":6,"ORIGINAL_HERKUNFT":"swisstopo","ERSTELLUNG_JAHR":2024,"ERSTELLUNG_MONAT":6,"REVISION_JAHR":2024,"REVISION_MONAT":6,"DATUM_AENDERUNG":"2025-07-08T11:55:40Z","DATUM_ERSTELLUNG":"2025-07-08T11:55:40Z","DACH_MAX":571.05,"DACH_MIN":567.57,"EGID":187524,"GEBAEUDEEINHEIT":"{0161A195-33E8-41ED-A8F7-CD5593D4FBF9}","layer":"swissbuildings3d_3_0_2024_1129-33_2056_5728.gdb — swissBUILDINGS3D_3-0_1129-33.gdb/a0000000b.gdbtable","path":"/vsizip//Users/wulf/Downloads/swissbuildings3d_3_0_2024_1129-33_2056_5728.gdb.zip/swissBUILDINGS3D_3-0_1129-33.gdb/a0000000b.gdbtable|layername=Roof_solid"},"geometry":{"type":"MultiPolygon","coordinates":[[[[2641879.011,1218348.938000001013279,626.672000000005937],[2641875.484000001102686,1218349.89299999922514,627.063999999998487],[2641873.721000000834465,1218350.370999999344349,627.235000000000582],[2641872.690999999642372,1218350.646999999880791,627.434999999997672],[2641871.956000000238419,1218350.842999998480082,627.557000000000698],[2641871.747000001370907,1218350.905999999493361,627.577000000004773],[2641875.456999998539686,1218364.602000001817942,627.577000000004773],[2641882.719999998807907,1218362.635000001639128,626.672099999996135],[2641879.011,1218348.938000001013279,626.672000000005937]]]]}},
{"type":"Feature","properties":{"fid":246,"OBJECTID":1,"UUID":"{0241BDAF-FECA-476C-BB76-2B1614C5FEC1}","OBJEKTART":"Gebaeude Einzelhaus","NAME_KOMPLETT":null,"GEBAEUDE_NUTZUNG":null,"GRUND_AENDERUNG":"Verbessert","HERKUNFT":"swisstopo","HERKUNFT_JAHR":2024,"HERKUNFT_MONAT":6,"ORIGINAL_HERKUNFT":"swisstopo","ERSTELLUNG_JAHR":2024,"ERSTELLUNG_MONAT":6,"REVISION_JAHR":2024,"REVISION_MONAT":6,"DATUM_AENDERUNG":"2025-07-08T11:55:40Z","DATUM_ERSTELLUNG":"2025-07-08T11:55:40Z","DACH_MAX":571.05,"DACH_MIN":567.57,"EGID":187524,"GEBAEUDEEINHEIT":"{0161A195-33E8-41ED-A8F7-CD5593D4FBF9}","layer":"swissbuildings3d_3_0_2024_1129-33_2056_5728.gdb — swissBUILDINGS3D_3-0_1129-33.gdb/a0000000b.gdbtable","path":"/vsizip//Users/wulf/Downloads/swissbuildings3d_3_0_2024_1129-33_2056_5728.gdb.zip/swissBUILDINGS3D_3-0_1129-33.gdb/a0000000b.gdbtable|layername=Roof_solid"},"geometry":{"type":"MultiPolygon","coordinates":[[[[2641914.482999999076128,1218633.445000000298023,598.58520000000135],[2641915.122999999672174,1218628.271000001579523,599.955000000001746],[2641915.736000001430511,1218623.30799999833107,598.58520000000135],[2641900.824000000953674,1218621.464000001549721,598.385200000004261],[2641901.013999998569489,1218619.927999999374151,598.099199999996927],[2641895.234999999403954,1218619.214000001549721,598.099199999996927],[2641895.045000001788139,1218620.749000001698732,598.385200000004261],[2641884.238000001758337,1218619.412999998778105,598.58520000000135],[2641883.818405805155635,1218622.804605856304988,598.222683525659022],[2641881.346999999135733,1218622.445999998599291,596.787400000001071],[2641880.60700000077486,1218628.372000001370907,596.587400000003981],[2641883.091389637440443,1218628.681821911595762,597.718003320812613],[2641882.984000001102686,1218629.550000000745058,598.58520000000135],[2641914.482999999076128,1218633.445000000298023,598.58520000000135]]]]}},
{"type":"Feature","properties":{"fid":247,"OBJECTID":1,"UUID":"{0241BDAF-FECA-476C-BB76-2B1614C5FEC1}","OBJEKTART":"Gebaeude Einzelhaus","NAME_KOMPLETT":null,"GEBAEUDE_NUTZUNG":null,"GRUND_AENDERUNG":"Verbessert","HERKUNFT":"swisstopo","HERKUNFT_JAHR":2024,"HERKUNFT_MONAT":6,"ORIGINAL_HERKUNFT":"swisstopo","ERSTELLUNG_JAHR":2024,"ERSTELLUNG_MONAT":6,"REVISION_JAHR":2024,"REVISION_MONAT":6,"DATUM_AENDERUNG":"2025-07-08T11:55:40Z","DATUM_ERSTELLUNG":"2025-07-08T11:55:40Z","DACH_MAX":571.05,"DACH_MIN":567.57,"EGID":187524,"GEBAEUDEEINHEIT":"{0161A195-33E8-41ED-A8F7-CD5593D4FBF9}","layer":"swissbuildings3d_3_0_2024_1129-33_2056_5728.gdb — swissBUILDINGS3D_3-0_1129-33.gdb/a0000000b.gdbtable","path":"/vsizip//Users/wulf/Downloads/swissbuildings3d_3_0_2024_1129-33_2056_5728.gdb.zip/swissBUILDINGS3D_3-0_1129-33.gdb/a0000000b.gdbtable|layername=Roof_solid"},"geometry":{"type":"MultiPolygon","coordinates":[[[[2641888.931803645100445,1218648.835067620500922,598.37303133730768],[2641914.208999998867512,1218652.035000000149012,601.023000000001048],[2641915.98200000077486,1218638.024999998509884,601.222899999993388],[2641915.842999998480082,1218638.00899999961257,601.222899999993388],[2641880.675999999046326,1218633.55799999833107,601.222899999993388],[2641878.901999998837709,1218647.565999999642372,601.222999999998137],[2641878.902499197050929,1218647.566063152160496,598.470249996653592],[2641878.092000000178814,1218653.964999999850988,595.717499999998836],[2641888.120999999344349,1218655.234000001102686,595.917499999995925],[2641888.931803645100445,1218648.835067620500922,598.37303133730768]]]]}},
{"type":"Feature","properties":{"fid":248,"OBJECTID":1,"UUID":"{0241BDAF-FECA-476C-BB76-2B1614C5FEC1}","OBJEKTART":"Gebaeude Einzelhaus","NAME_KOMPLETT":null,"GEBAEUDE_NUTZUNG":null,"GRUND_AENDERUNG":"Verbessert","HERKUNFT":"swisstopo","HERKUNFT_JAHR":2024,"HERKUNFT_MONAT":6,"ORIGINAL_HERKUNFT":"swisstopo","ERSTELLUNG_JAHR":2024,"ERSTELLUNG_MONAT":6,"REVISION_JAHR":2024,"REVISION_MONAT":6,"DATUM_AENDERUNG":"2025-07-08T11:55:40Z","DATUM_ERSTELLUNG":"2025-07-08T11:55:40Z","DACH_MAX":571.05,"DACH_MIN":567.57,"EGID":187524,"GEBAEUDEEINHEIT":"{0161A195-33E8-41ED-A8F7-CD5593D4FBF9}","layer":"swissbuildings3d_3_0_2024_1129-33_2056_5728.gdb — swissBUILDINGS3D_3-0_1129-33.gdb/a0000000b.gdbtable","path":"/vsizip//Users/wulf/Downloads/swissbuildings3d_3_0_2024_1129-33_2056_5728.gdb.zip/swissBUILDINGS3D_3-0_1129-33.gdb/a0000000b.gdbtable|layername=Roof_solid"},"geometry":{"type":"MultiPolygon","coordinates":[[[[2641901.245000001043081,1218357.739999998360872,627.413000000000466],[2641898.214000001549721,1218345.41499999910593,627.213000000003376],[2641889.818999998271465,1218347.480000000447035,627.413000000000466],[2641891.725000001490116,1218355.23200000077486,627.413000000000466],[2641892.850000001490116,1218359.804999999701977,627.413000000000466],[2641901.245000001043081,1218357.739999998360872,627.413000000000466]]]]}},
{"type":"Feature","properties":{"fid":249,"OBJECTID":1,"UUID":"{0241BDAF-FECA-476C-BB76-2B1614C5FEC1}","OBJEKTART":"Gebaeude Einzelhaus","NAME_KOMPLETT":null,"GEBAEUDE_NUTZUNG":null,"GRUND_AENDERUNG":"Verbessert","HERKUNFT":"swisstopo","HERKUNFT_JAHR":2024,"HERKUNFT_MONAT":6,"ORIGINAL_HERKUNFT":"swisstopo","ERSTELLUNG_JAHR":2024,"ERSTELLUNG_MONAT":6,"REVISION_JAHR":2024,"REVISION_MONAT":6,"DATUM_AENDERUNG":"2025-07-08T11:55:40Z","DATUM_ERSTELLUNG":"2025-07-08T11:55:40Z","DACH_MAX":571.05,"DACH_MIN":567.57,"EGID":187524,"GEBAEUDEEINHEIT":"{0161A195-33E8-41ED-A8F7-CD5593D4FBF9}","layer":"swissbuildings3d_3_0_2024_1129-33_2056_5728.gdb — swissBUILDINGS3D_3-0_1129-33.gdb/a0000000b.gdbtable","path":"/vsizip//Users/wulf/Downloads/swissbuildings3d_3_0_2024_1129-33_2056_5728.gdb.zip/swissBUILDINGS3D_3-0_1129-33.gdb/a0000000b.gdbtable|layername=Roof_solid"},"geometry":{"type":"MultiPolygon","coordinates":[[[[2641895.614999998360872,1218380.969999998807907,624.388300000005984],[2641884.118000000715256,1218383.7989999987185,624.388300000005984],[2641886.190000001341105,1218392.223999999463558,624.588300000003073],[2641897.686000000685453,1218389.394999999552965,624.588300000003073],[2641895.614999998360872,1218380.969999998807907,624.388300000005984]]]]}},
{"type":"Feature","properties":{"fid":250,"OBJECTID":1,"UUID":"{0241BDAF-FECA-476C-BB76-2B1614C5FEC1}","OBJEKTART":"Gebaeude Einzelhaus","NAME_KOMPLETT":null,"GEBAEUDE_NUTZUNG":null,"GRUND_AENDERUNG":"Verbessert","HERKUNFT":"swisstopo","HERKUNFT_JAHR":2024,"HERKUNFT_MONAT":6,"ORIGINAL_HERKUNFT":"swisstopo","ERSTELLUNG_JAHR":2024,"ERSTELLUNG_MONAT":6,"REVISION_JAHR":2024,"REVISION_MONAT":6,"DATUM_AENDERUNG":"2025-07-08T11:55:40Z","DATUM_ERSTELLUNG":"2025-07-08T11:55:40Z","DACH_MAX":571.05,"DACH_MIN":567.57,"EGID":187524,"GEBAEUDEEINHEIT":"{0161A195-33E8-41ED-A8F7-CD5593D4FBF9}","layer":"swissbuildings3d_3_0_2024_1129-33_2056_5728.gdb — swissBUILDINGS3D_3-0_1129-33.gdb/a0000000b.gdbtable","path":"/vsizip//Users/wulf/Downloads/swissbuildings3d_3_0_2024_1129-33_2056_5728.gdb.zip/swissBUILDINGS3D_3-0_1129-33.gdb/a0000000b.gdbtable|layername=Roof_solid"},"geometry":{"type":"MultiPolygon","coordinates":[[[[2641886.721999999135733,1218568.344999998807907,608.694099999993341],[2641883.285000000149012,1218596.142000000923872,598.151199999992969],[2641904.188999999314547,1218598.704999998211861,598.151199999992969],[2641905.171999998390675,1218590.221000000834465,598.35120000000461],[2641910.025692845694721,1218590.815962348831818,602.129800000002433],[2641907.888000000268221,1218609.271999999880791,605.908400000000256],[2641942.513000000268221,1218613.465999998152256,605.908400000000256],[2641946.837999999523163,1218576.0489999987185,605.708400000003166],[2641912.236117733642459,1218571.733014684170485,602.129799659755577],[2641912.265999998897314,1218571.475000001490116,598.35120000000461],[2641886.721999999135733,1218568.344999998807907,608.694099999993341]]]]}},
{"type":"Feature","properties":{"fid":251,"OBJECTID":1,"UUID":"{0241BDAF-FECA-476C-BB76-2B1614C5FEC1}","OBJEKTART":"Gebaeude Einzelhaus","NAME_KOMPLETT":null,"GEBAEUDE_NUTZUNG":null,"GRUND_AENDERUNG":"Verbessert","HERKUNFT":"swisstopo","HERKUNFT_JAHR":2024,"HERKUNFT_MONAT":6,"ORIGINAL_HERKUNFT":"swisstopo","ERSTELLUNG_JAHR":2024,"ERSTELLUNG_MONAT":6,"REVISION_JAHR":2024,"REVISION_MONAT":6,"DATUM_AENDERUNG":"2025-07-08T11:55:40Z","DATUM_ERSTELLUNG":"2025-07-08T11:55:40Z","DACH_MAX":571.05,"DACH_MIN":567.57,"EGID":187524,"GEBAEUDEEINHEIT":"{0161A195-33E8-41ED-A8F7-CD5593D4FBF9}","layer":"swissbuildings3d_3_0_2024_1129-33_2056_5728.gdb — swissBUILDINGS3D_3-0_1129-33.gdb/a0000000b.gdbtable","path":"/vsizip//Users/wulf/Downloads/swissbuildings3d_3_0_2024_1129-33_2056_5728.gdb.zip/swissBUILDINGS3D_3-0_1129-33.gdb/a0000000b.gdbtable|layername=Roof_solid"},"geometry":{"type":"MultiPolygon","coordinates":[[[[2641913.488000001758337,1218353.868999999016523,628.703800000002957],[2641913.488470715470612,1218353.868884166004136,626.765836967187738],[2641913.664000000804663,1218354.583000000566244,624.858200000002398],[2641913.699999999254942,1218354.581000000238419,625.058199999999488],[2641915.539000000804663,1218354.122000001370907,625.058199999999488],[2641923.30799999833107,1218352.21000000089407,624.858200000002398],[2641920.233780798967928,1218339.71,625.002259006561985],[2641915.999793158844113,1218339.71,625.932735198522892],[2641910.348999999463558,1218341.100000001490116,628.703800000002957],[2641913.488000001758337,1218353.868999999016523,628.703800000002957]]],[[[2641913.804000001400709,1218340.25,624.858200000002398],[2641915.99953290168196,1218339.71,624.858200000002398],[2641913.671336606610566,1218339.71,624.886099767511837],[2641913.804000001400709,1218340.25,624.858200000002398]]]]}},
{"type":"Feature","properties":{"fid":252,"OBJECTID":1,"UUID":"{0241BDAF-FECA-476C-BB76-2B1614C5FEC1}","OBJEKTART":"Gebaeude Einzelhaus","NAME_KOMPLETT":null,"GEBAEUDE_NUTZUNG":null,"GRUND_AENDERUNG":"Verbessert","HERKUNFT":"swisstopo","HERKUNFT_JAHR":2024,"HERKUNFT_MONAT":6,"ORIGINAL_HERKUNFT":"swisstopo","ERSTELLUNG_JAHR":2024,"ERSTELLUNG_MONAT":6,"REVISION_JAHR":2024,"REVISION_MONAT":6,"DATUM_AENDERUNG":"2025-07-08T11:55:40Z","DATUM_ERSTELLUNG":"2025-07-08T11:55:40Z","DACH_MAX":571.05,"DACH_MIN":567.57,"EGID":187524,"GEBAEUDEEINHEIT":"{0161A195-33E8-41ED-A8F7-CD5593D4FBF9}","layer":"swissbuildings3d_3_0_2024_1129-33_2056_5728.gdb — swissBUILDINGS3D_3-0_1129-33.gdb/a0000000b.gdbtable","path":"/vsizip//Users/wulf/Downloads/swissbuildings3d_3_0_2024_1129-33_2056_5728.gdb.zip/swissBUILDINGS3D_3-0_1129-33.gdb/a0000000b.gdbtable|layername=Roof_solid"},"geometry":{"type":"MultiPolygon","coordinates":[[[[2641911.818,1218379.313999999314547,622.426500000001397],[2641913.274000000208616,1218385.23200000077486,622.626499999998487],[2641913.353000000119209,1218385.550999999046326,622.426500000001397],[2641931.789000000804663,1218381.015999998897314,622.626499999998487],[2641929.122999999672174,1218370.1739999987185,622.426500000001397],[2641910.684999998658895,1218374.708999998867512,622.426500000001397],[2641911.352000001817942,1218377.420000001788139,622.476500000004307],[2641911.818,1218379.313999999314547,622.426500000001397]]]]}},
{"type":"Feature","properties":{"fid":253,"OBJECTID":1,"UUID":"{0241BDAF-FECA-476C-BB76-2B1614C5FEC1}","OBJEKTART":"Gebaeude Einzelhaus","NAME_KOMPLETT":null,"GEBAEUDE_NUTZUNG":null,"GRUND_AENDERUNG":"Verbessert","HERKUNFT":"swisstopo","HERKUNFT_JAHR":2024,"HERKUNFT_MONAT":6,"ORIGINAL_HERKUNFT":"swisstopo","ERSTELLUNG_JAHR":2024,"ERSTELLUNG_MONAT":6,"REVISION_JAHR":2024,"REVISION_MONAT":6,"DATUM_AENDERUNG":"2025-07-08T11:55:40Z","DATUM_ERSTELLUNG":"2025-07-08T11:55:40Z","DACH_MAX":571.05,"DACH_MIN":567.57,"EGID":187524,"GEBAEUDEEINHEIT":"{0161A195-33E8-41ED-A8F7-CD5593D4FBF9}","layer":"swissbuildings3d_3_0_2024_1129-33_2056_5728.gdb — swissBUILDINGS3D_3-0_1129-33.gdb/a0000000b.gdbtable","path":"/vsizip//Users/wulf/Downloads/swissbuildings3d_3_0_2024_1129-33_2056_5728.gdb.zip/swissBUILDINGS3D_3-0_1129-33.gdb/a0000000b.gdbtable|layername=Roof_solid"},"geometry":{"type":"MultiPolygon","coordinates":[[[[2641908.897999998182058,1218491.613000001758337,602.443700000003446],[2641908.828000001609325,1218492.41499999910593,602.443700000003446],[2641908.785000000149012,1218493.022999998182058,602.443700000003446],[2641917.600000001490116,1218493.728999998420477,602.443700000003446],[2641918.120000001043081,1218487.256000000983477,602.443599999998696],[2641909.304000001400709,1218486.550000000745058,602.443599999998696],[2641908.897999998182058,1218491.613000001758337,602.443700000003446]]]]}},
{"type":"Feature","properties":{"fid":254,"OBJECTID":1,"UUID":"{0241BDAF-FECA-476C-BB76-2B1614C5FEC1}","OBJEKTART":"Gebaeude Einzelhaus","NAME_KOMPLETT":null,"GEBAEUDE_NUTZUNG":null,"GRUND_AENDERUNG":"Verbessert","HERKUNFT":"swisstopo","HERKUNFT_JAHR":2024,"HERKUNFT_MONAT":6,"ORIGINAL_HERKUNFT":"swisstopo","ERSTELLUNG_JAHR":2024,"ERSTELLUNG_MONAT":6,"REVISION_JAHR":2024,"REVISION_MONAT":6,"DATUM_AENDERUNG":"2025-07-08T11:55:40Z","DATUM_ERSTELLUNG":"2025-07-08T11:55:40Z","DACH_MAX":571.05,"DACH_MIN":567.57,"EGID":187524,"GEBAEUDEEINHEIT":"{0161A195-33E8-41ED-A8F7-CD5593D4FBF9}","layer":"swissbuildings3d_3_0_2024_1129-33_2056_5728.gdb — swissBUILDINGS3D_3-0_1129-33.gdb/a0000000b.gdbtable","path":"/vsizip//Users/wulf/Downloads/swissbuildings3d_3_0_2024_1129-33_2056_5728.gdb.zip/swissBUILDINGS3D_3-0_1129-33.gdb/a0000000b.gdbtable|layername=Roof_solid"},"geometry":{"type":"MultiPolygon","coordinates":[[[[2641929.831000000238419,1218620.285999998450279,598.73420000000624],[2641928.864,1218627.875,598.534199999994598],[2641953.596999999135733,1218631.026000000536442,598.534199999994598],[2641954.563999999314547,1218623.436999998986721,598.73420000000624],[2641929.831000000238419,1218620.285999998450279,598.73420000000624]]]]}},
{"type":"Feature","properties":{"fid":255,"OBJECTID":1,"UUID":"{0241BDAF-FECA-476C-BB76-2B1614C5FEC1}","OBJEKTART":"Gebaeude Einzelhaus","NAME_KOMPLETT":null,"GEBAEUDE_NUTZUNG":null,"GRUND_AENDERUNG":"Verbessert","HERKUNFT":"swisstopo","HERKUNFT_JAHR":2024,"HERKUNFT_MONAT":6,"ORIGINAL_HERKUNFT":"swisstopo","ERSTELLUNG_JAHR":2024,"ERSTELLUNG_MONAT":6,"REVISION_JAHR":2024,"REVISION_MONAT":6,"DATUM_AENDERUNG":"2025-07-08T11:55:40Z","DATUM_ERSTELLUNG":"2025-07-08T11:55:40Z","DACH_MAX":571.05,"DACH_MIN":567.57,"EGID":187524,"GEBAEUDEEINHEIT":"{0161A195-33E8-41ED-A8F7-CD5593D4FBF9}","layer":"swissbuildings3d_3_0_2024_1129-33_2056_5728.gdb — swissBUILDINGS3D_3-0_1129-33.gdb/a0000000b.gdbtable","path":"/vsizip//Users/wulf/Downloads/swissbuildings3d_3_0_2024_1129-33_2056_5728.gdb.zip/swissBUILDINGS3D_3-0_1129-33.gdb/a0000000b.gdbtable|layername=Roof_solid"},"geometry":{"type":"MultiPolygon","coordinates":[[[[2641965.793000001460314,1218614.842999998480082,599.73399999999674],[2641965.728999998420477,1218614.83500000089407,599.73399999999674],[2641965.046999998390675,1218620.208999998867512,599.5341000000044],[2641955.221999999135733,1218618.964000001549721,599.73399999999674],[2641953.675999999046326,1218631.460999999195337,599.73410000000149],[2641928.410999998450279,1218628.335999999195337,599.5341000000044],[2641925.320000000298023,1218653.329,599.73410000000149],[2641965.947999998927116,1218658.353000000119209,599.5341000000044],[2641968.980000000447035,1218633.829,599.5341000000044],[2641995.936000000685453,1218637.162999998778105,599.73399999999674],[2641999.385000001639128,1218609.272999998182058,599.73399999999674],[2641966.975999999791384,1218605.265000000596046,599.533999999999651],[2641965.793000001460314,1218614.842999998480082,599.73399999999674]]]]}},
{"type":"Feature","properties":{"fid":256,"OBJECTID":1,"UUID":"{0241BDAF-FECA-476C-BB76-2B1614C5FEC1}","OBJEKTART":"Gebaeude Einzelhaus","NAME_KOMPLETT":null,"GEBAEUDE_NUTZUNG":null,"GRUND_AENDERUNG":"Verbessert","HERKUNFT":"swisstopo","HERKUNFT_JAHR":2024,"HERKUNFT_MONAT":6,"ORIGINAL_HERKUNFT":"swisstopo","ERSTELLUNG_JAHR":2024,"ERSTELLUNG_MONAT":6,"REVISION_JAHR":2024,"REVISION_MONAT":6,"DATUM_AENDERUNG":"2025-07-08T11:55:40Z","DATUM_ERSTELLUNG":"2025-07-08T11:55:40Z","DACH_MAX":571.05,"DACH_MIN":567.57,"EGID":187524,"GEBAEUDEEINHEIT":"{0161A195-33E8-41ED-A8F7-CD5593D4FBF9}","layer":"swissbuildings3d_3_0_2024_1129-33_2056_5728.gdb — swissBUILDINGS3D_3-0_1129-33.gdb/a0000000b.gdbtable","path":"/vsizip//Users/wulf/Downloads/swissbuildings3d_3_0_2024_1129-33_2056_5728.gdb.zip/swissBUILDINGS3D_3-0_1129-33.gdb/a0000000b.gdbtable|layername=Roof_solid"},"geometry":{"type":"MultiPolygon","coordinates":[[[[2641983.429000001400709,1218500.475999999791384,610.557799999995041],[2641984.973999999463558,1218488.252999998629093,610.357799999997951],[2641990.160999998450279,1218488.909000001847744,610.557799999995041],[2641991.225999999791384,1218480.480000000447035,610.557799999995041],[2641981.585999999195337,1218479.261,610.357799999997951],[2641981.370999999344349,1218480.962999999523163,610.557799999995041],[2641973.516255774069577,1218479.969032367225736,611.304778566026584],[2641974.686999998986721,1218470.679999999701977,612.205600000001141],[2641965.940000001341105,1218469.574999999254942,612.205600000001141],[2641964.36600000038743,1218482.026000000536442,612.005600000004051],[2641959.228999998420477,1218481.375999998301268,612.205600000001141],[2641958.175000000745058,1218489.712999999523163,612.205600000001141],[2641968.100999999791384,1218490.967999998480082,612.005600000004051],[2641968.320999998599291,1218489.225999999791384,612.005600000004051],[2641971.925837641581893,1218489.680875263409689,611.281699999999546],[2641970.857999999076128,1218498.135000001639128,610.357799999997951],[2641974.76799999922514,1218498.629999998956919,610.557799999995041],[2641974.6739999987185,1218499.370000001043081,610.557799999995041],[2641983.429000001400709,1218500.475999999791384,610.557799999995041]]]]}},
{"type":"Feature","properties":{"fid":257,"OBJECTID":1,"UUID":"{0241BDAF-FECA-476C-BB76-2B1614C5FEC1}","OBJEKTART":"Gebaeude Einzelhaus","NAME_KOMPLETT":null,"GEBAEUDE_NUTZUNG":null,"GRUND_AENDERUNG":"Verbessert","HERKUNFT":"swisstopo","HERKUNFT_JAHR":2024,"HERKUNFT_MONAT":6,"ORIGINAL_HERKUNFT":"swisstopo","ERSTELLUNG_JAHR":2024,"ERSTELLUNG_MONAT":6,"REVISION_JAHR":2024,"REVISION_MONAT":6,"DATUM_AENDERUNG":"2025-07-08T11:55:40Z","DATUM_ERSTELLUNG":"2025-07-08T11:55:40Z","DACH_MAX":571.05,"DACH_MIN":567.57,"EGID":187524,"GEBAEUDEEINHEIT":"{0161A195-33E8-41ED-A8F7-CD5593D4FBF9}","layer":"swissbuildings3d_3_0_2024_1129-33_2056_5728.gdb — swissBUILDINGS3D_3-0_1129-33.gdb/a0000000b.gdbtable","path":"/vsizip//Users/wulf/Downloads/swissbuildings3d_3_0_2024_1129-33_2056_5728.gdb.zip/swissBUILDINGS3D_3-0_1129-33.gdb/a0000000b.gdbtable|layername=Roof_solid"},"geometry":{"type":"MultiPolygon","coordinates":[[[[2641995.333373240660876,1218642.020293792244047,595.16278784886299],[2641995.934999998658895,1218637.162999998778105,597.772200000006706],[2641968.980000000447035,1218633.829,599.5341000000044],[2641966.221000000834465,1218656.144999999552965,597.572299999999814],[2641969.302999999374151,1218656.528999999165535,597.572299999999814],[2641993.175999999046326,1218659.478000000119209,597.572299999999814],[2641993.724269710481167,1218655.046083848923445,595.243279855470632],[2641999.212999999523163,1218655.725000001490116,592.945800000001327],[2642000.824000000953674,1218642.699999999254942,592.745800000004238],[2641995.333373240660876,1218642.020293792244047,595.16278784886299]]]]}},
{"type":"Feature","properties":{"fid":258,"OBJECTID":1,"UUID":"{0241BDAF-FECA-476C-BB76-2B1614C5FEC1}","OBJEKTART":"Gebaeude Einzelhaus","NAME_KOMPLETT":null,"GEBAEUDE_NUTZUNG":null,"GRUND_AENDERUNG":"Verbessert","HERKUNFT":"swisstopo","HERKUNFT_JAHR":2024,"HERKUNFT_MONAT":6,"ORIGINAL_HERKUNFT":"swisstopo","ERSTELLUNG_JAHR":2024,"ERSTELLUNG_MONAT":6,"REVISION_JAHR":2024,"REVISION_MONAT":6,"DATUM_AENDERUNG":"2025-07-08T11:55:40Z","DATUM_ERSTELLUNG":"2025-07-08T11:55:40Z","DACH_MAX":571.05,"DACH_MIN":567.57,"EGID":187524,"GEBAEUDEEINHEIT":"{0161A195-33E8-41ED-A8F7-CD5593D4FBF9}","layer":"swissbuildings3d_3_0_2024_1129-33_2056_5728.gdb — swissBUILDINGS3D_3-0_1129-33.gdb/a0000000b.gdbtable","path":"/vsizip//Users/wulf/Downloads/swissbuildings3d_3_0_2024_1129-33_2056_5728.gdb.zip/swissBUILDINGS3D_3-0_1129-33.gdb/a0000000b.gdbtable|layername=Roof_solid"},"geometry":{"type":"MultiPolygon","coordinates":[[[[2641964.907999999821186,1218725.350999999791384,593.612800000002608],[2641971.032999999821186,1218676.813999999314547,593.612699999997858],[2641961.76799999922514,1218675.644000001251698,593.612699999997858],[2641955.64299999922514,1218724.181000001728535,593.612800000002608],[2641964.907999999821186,1218725.350999999791384,593.612800000002608]]]]}},
{"type":"Feature","properties":{"fid":259,"OBJECTID":1,"UUID":"{0241BDAF-FECA-476C-BB76-2B1614C5FEC1}","OBJEKTART":"Gebaeude Einzelhaus","NAME_KOMPLETT":null,"GEBAEUDE_NUTZUNG":null,"GRUND_AENDERUNG":"Verbessert","HERKUNFT":"swisstopo","HERKUNFT_JAHR":2024,"HERKUNFT_MONAT":6,"ORIGINAL_HERKUNFT":"swisstopo","ERSTELLUNG_JAHR":2024,"ERSTELLUNG_MONAT":6,"REVISION_JAHR":2024,"REVISION_MONAT":6,"DATUM_AENDERUNG":"2025-07-08T11:55:40Z","DATUM_ERSTELLUNG":"2025-07-08T11:55:40Z","DACH_MAX":571.05,"DACH_MIN":567.57,"EGID":187524,"GEBAEUDEEINHEIT":"{0161A195-33E8-41ED-A8F7-CD5593D4FBF9}","layer":"swissbuildings3d_3_0_2024_1129-33_2056_5728.gdb — swissBUILDINGS3D_3-0_1129-33.gdb/a0000000b.gdbtable","path":"/vsizip//Users/wulf/Downloads/swissbuildings3d_3_0_2024_1129-33_2056_5728.gdb.zip/swissBUILDINGS3D_3-0_1129-33.gdb/a0000000b.gdbtable|layername=Roof_solid"},"geometry":{"type":"MultiPolygon","coordinates":[[[[2641957.271000001579523,1218755.486000001430511,593.559800000002724],[2641961.635000001639128,1218756.002000000327826,593.359800000005635],[2641964.537000000476837,1218731.465999998152256,593.359800000005635],[2641960.171999998390675,1218730.949999999254942,593.559800000002724],[2641957.271000001579523,1218755.486000001430511,593.559800000002724]]]]}},
{"type":"Feature","properties":{"fid":260,"OBJECTID":1,"UUID":"{0241BDAF-FECA-476C-BB76-2B1614C5FEC1}","OBJEKTART":"Gebaeude Einzelhaus","NAME_KOMPLETT":null,"GEBAEUDE_NUTZUNG":null,"GRUND_AENDERUNG":"Verbessert","HERKUNFT":"swisstopo","HERKUNFT_JAHR":2024,"HERKUNFT_MONAT":6,"ORIGINAL_HERKUNFT":"swisstopo","ERSTELLUNG_JAHR":2024,"ERSTELLUNG_MONAT":6,"REVISION_JAHR":2024,"REVISION_MONAT":6,"DATUM_AENDERUNG":"2025-07-08T11:55:40Z","DATUM_ERSTELLUNG":"2025-07-08T11:55:40Z","DACH_MAX":571.05,"DACH_MIN":567.57,"EGID":187524,"GEBAEUDEEINHEIT":"{0161A195-33E8-41ED-A8F7-CD5593D4FBF9}","layer":"swissbuildings3d_3_0_2024_1129-33_2056_5728.gdb — swissBUILDINGS3D_3-0_1129-33.gdb/a0000000b.gdbtable","path":"/vsizip//Users/wulf/Downloads/swissbuildings3d_3_0_2024_1129-33_2056_5728.gdb.zip/swissBUILDINGS3D_3-0_1129-33.gdb/a0000000b.gdbtable|layername=Roof_solid"},"geometry":{"type":"MultiPolygon","coordinates":[[[[2642025.418999999761581,1218853.079,595.756599999993341],[2641984.75899999961257,1218841.03999999910593,595.756599999993341],[2641984.63955627148971,1218841.442569601815194,597.420078702398882],[2641976.024424388539046,1218838.891567685408518,595.287076327001159],[2641976.943999998271465,1218835.787999998778105,591.955000000001746],[2641942.107999999076128,1218825.473000001162291,591.955000000001746],[2641939.984999999403954,1218832.636,595.877600000007078],[2641937.787999998778105,1218840.059000000357628,591.755099999994854],[2641970.066238956060261,1218849.616689306451008,595.134234661997766],[2641968.763999998569489,1218854.015000000596046,599.916200000006938],[2641973.137115382123739,1218855.31,599.916200000006938],[2642024.75838626967743,1218855.31,597.238066291387099],[2642025.418999999761581,1218853.079,595.756599999993341]],[[2641970.396000001579523,1218848.502000000327826,592.345000000001164],[2641972.263000000268221,1218842.195999998599291,595.877600000007078],[2641973.465999998152256,1218838.13399999961257,593.653900000004796],[2641970.39625077182427,1218848.502074749208987,598.158113847396862],[2641970.396000001579523,1218848.502000000327826,592.345000000001164]],[[2641974.723000001162291,1218838.506000000983477,593.453899999993155],[2641974.722943495493382,1218838.50618992256932,596.785101973387668],[2641973.465999998152256,1218838.13399999961257,593.653900000004796],[2641974.723000001162291,1218838.506000000983477,593.453899999993155]]]]}},
{"type":"Feature","properties":{"fid":261,"OBJECTID":1,"UUID":"{0241BDAF-FECA-476C-BB76-2B1614C5FEC1}","OBJEKTART":"Gebaeude Einzelhaus","NAME_KOMPLETT":null,"GEBAEUDE_NUTZUNG":null,"GRUND_AENDERUNG":"Verbessert","HERKUNFT":"swisstopo","HERKUNFT_JAHR":2024,"HERKUNFT_MONAT":6,"ORIGINAL_HERKUNFT":"swisstopo","ERSTELLUNG_JAHR":2024,"ERSTELLUNG_MONAT":6,"REVISION_JAHR":2024,"REVISION_MONAT":6,"DATUM_AENDERUNG":"2025-07-08T11:55:40Z","DATUM_ERSTELLUNG":"2025-07-08T11:55:40Z","DACH_MAX":571.05,"DACH_MIN":567.57,"EGID":187524,"GEBAEUDEEINHEIT":"{0161A195-33E8-41ED-A8F7-CD5593D4FBF9}","layer":"swissbuildings3d_3_0_2024_1129-33_2056_5728.gdb — swissBUILDINGS3D_3-0_1129-33.gdb/a0000000b.gdbtable","path":"/vsizip//Users/wulf/Downloads/swissbuildings3d_3_0_2024_1129-33_2056_5728.gdb.zip/swissBUILDINGS3D_3-0_1129-33.gdb/a0000000b.gdbtable|layername=Roof_solid"},"geometry":{"type":"MultiPolygon","coordinates":[[[[2641990.361000001430511,1218509.815000001341105,602.533599999995204],[2641990.265000000596046,1218510.600999999791384,602.533599999995204],[2641979.80799999833107,1218509.324000000953674,602.333700000002864],[2641976.837999999523163,1218533.646000001579523,602.5337],[2641978.217948163859546,1218533.814493776764721,599.392503856734265],[2641976.874000001698732,1218546.616999998688698,596.451300000000629],[2641983.318,1218547.293999999761581,596.451300000000629],[2641984.649999998509884,1218534.600000001490116,596.451300000000629],[2641983.220669596455991,1218534.42533369245939,597.921900400132472],[2641986.412000000476837,1218534.815000001341105,602.5337],[2641991.098999999463558,1218535.388000000268221,602.333700000002864],[2641991.484000001102686,1218532.234999999403954,602.333700000002864],[2642009.772999998182058,1218534.469000000506639,602.5337],[2642011.245000001043081,1218522.418000001460314,602.533599999995204],[2642001.247199665289372,1218521.196571388980374,600.566205685475097],[2642001.359999999403954,1218521.21000000089407,598.2981],[2642002.898047413211316,1218508.619587430730462,598.538571113391754],[2642011.357999999076128,1218509.653000000864267,598.805999999996857],[2642011.358098370954394,1218509.652192480396479,598.195549999996729],[2642079.219999998807907,1218517.940000001341105,597.585099999996601],[2642082.58162856195122,1218490.412739578867331,601.100749999997788],[2642082.929035074077547,1218490.456677489681169,604.33739795281349],[2642082.565999999642372,1218493.322999998927116,605.001300000003539],[2642091.342999998480082,1218494.43299999833107,605.001300000003539],[2642092.50899999961257,1218485.208000000566244,605.001300000003539],[2642083.732999999076128,1218484.098000001162291,605.201300000000629],[2642087.909000001847744,1218484.625999998301268,604.416400000001886],[2642088.383000001311302,1218480.879000000655651,604.416400000001886],[2642088.550322489347309,1218479.556355550419539,604.608850000004168],[2642089.905999999493361,1218479.736000001430511,605.001300000003539],[2642091.039000000804663,1218470.772999998182058,605.001300000003539],[2642082.054999999701977,1218469.636,605.201300000000629],[2642081.65088773611933,1218472.828985789092258,604.972893001055013],[2642079.017541707027704,1218472.495650847442448,604.623477922980328],[2642079.195999998599291,1218471.083999998867512,605.001300000003539],[2642070.190000001341105,1218469.947999998927116,605.001300000003539],[2642069.51799999922514,1218475.263999998569489,605.001300000003539],[2642069.019999999552965,1218479.199999999254942,605.001300000003539],[2642071.971957591827959,1218479.573337741196156,604.905073193894054],[2642070.798000000417233,1218488.923000000417233,604.216400000004796],[2642070.855999998748302,1218488.934999998658895,604.416400000001886],[2642072.890000000596046,1218489.186999998986721,604.416400000001886],[2642078.465606139041483,1218489.892169525614008,601.100749999997788],[2642075.600999999791384,1218513.350000001490116,597.78509999999369],[2642011.855979548767209,1218505.565167869906873,598.200578277037721],[2642011.855999998748302,1218505.565000001341105,598.805999999996857],[2641992.094897132366896,1218503.151842928025872,599.13747061451636],[2641992.094999998807907,1218503.151000000536442,599.468900000007125],[2641978.743000000715256,1218501.521000001579523,599.468999999997322],[2641978.243999999016523,1218505.609000001102686,599.668900000004214],[2641991.596000000834465,1218507.239999998360872,599.668900000004214],[2641991.596119868569076,1218507.23901775595732,599.195124887031852],[2641999.593133741058409,1218508.215880755567923,598.552049999998417],[2641998.055050407536328,1218520.806587361730635,599.481707348462805],[2641992.828000001609325,1218520.168000001460314,602.533599999995204],[2641994.037999998778105,1218510.263999998569489,602.533599999995204],[2641990.361000001430511,1218509.815000001341105,602.533599999995204]],[[2641999.259547716937959,1218520.953740478027612,599.675450851272444],[2641998.859334589913487,1218520.904846546705812,599.63945775216564],[2641999.074999999254942,1218520.931000001728535,598.826000000000931],[2641999.259547716937959,1218520.953740478027612,599.675450851272444]]]]}},
{"type":"Feature","properties":{"fid":262,"OBJECTID":1,"UUID":"{0241BDAF-FECA-476C-BB76-2B1614C5FEC1}","OBJEKTART":"Gebaeude Einzelhaus","NAME_KOMPLETT":null,"GEBAEUDE_NUTZUNG":null,"GRUND_AENDERUNG":"Verbessert","HERKUNFT":"swisstopo","HERKUNFT_JAHR":2024,"HERKUNFT_MONAT":6,"ORIGINAL_HERKUNFT":"swisstopo","ERSTELLUNG_JAHR":2024,"ERSTELLUNG_MONAT":6,"REVISION_JAHR":2024,"REVISION_MONAT":6,"DATUM_AENDERUNG":"2025-07-08T11:55:40Z","DATUM_ERSTELLUNG":"2025-07-08T11:55:40Z","DACH_MAX":571.05,"DACH_MIN":567.57,"EGID":187524,"GEBAEUDEEINHEIT":"{0161A195-33E8-41ED-A8F7-CD5593D4FBF9}","layer":"swissbuildings3d_3_0_2024_1129-33_2056_5728.gdb — swissBUILDINGS3D_3-0_1129-33.gdb/a0000000b.gdbtable","path":"/vsizip//Users/wulf/Downloads/swissbuildings3d_3_0_2024_1129-33_2056_5728.gdb.zip/swissBUILDINGS3D_3-0_1129-33.gdb/a0000000b.gdbtable|layername=Roof_solid"},"geometry":{"type":"MultiPolygon","coordinates":[[[[2642026.241829072125256,1218498.225952251581475,602.098438509362268],[2642026.292825954500586,1218498.232397985178977,605.544233232983743],[2642025.929999999701977,1218501.098999999463558,606.300199999997858],[2642034.706000000238419,1218502.208000000566244,606.300199999997858],[2642035.872999999672174,1218492.982999999076128,606.300199999997858],[2642027.096000000834465,1218491.874000001698732,606.100200000000768],[2642031.276999998837709,1218492.401999998837709,605.515299999999115],[2642031.920912471134216,1218487.337688408559188,605.822755426646609],[2642033.269000001251698,1218487.508000001311302,606.100200000000768],[2642034.401000000536442,1218478.548000000417233,606.100200000000768],[2642025.418000001460314,1218477.412999998778105,606.100200000000768],[2642024.285000000149012,1218486.372999999672174,606.300199999997858],[2642025.013999998569489,1218480.605000000447035,605.515299999999115],[2642022.381000000983477,1218480.271999999880791,605.515299999999115],[2642021.390000000596046,1218488.114999998360872,605.315300000002026],[2642022.559000000357628,1218478.861000001430511,606.300199999997858],[2642013.552999999374151,1218477.723000001162291,606.300199999997858],[2642012.38399999961257,1218486.975999999791384,606.100200000000768],[2642015.343128362670541,1218487.350244636647403,605.68152226534005],[2642014.160999998450279,1218496.699000000953674,605.315300000002026],[2642021.922121442854404,1218497.679964286275208,602.063549995107678],[2642020.8260000012815,1218506.657999999821186,598.490000000005239],[2642025.147999998182058,1218507.186000000685453,598.490000000005239],[2642026.241829072125256,1218498.225952251581475,602.098438509362268]],[[2642015.4510000012815,1218487.364,605.515299999999115],[2642015.451014052145183,1218487.363889073720202,605.84173127951567],[2642021.390000000596046,1218488.114999998360872,605.315300000002026],[2642015.4510000012815,1218487.364,605.515299999999115]]]]}},
{"type":"Feature","properties":{"fid":263,"OBJECTID":1,"UUID":"{0241BDAF-FECA-476C-BB76-2B1614C5FEC1}","OBJEKTART":"Gebaeude Einzelhaus","NAME_KOMPLETT":null,"GEBAEUDE_NUTZUNG":null,"GRUND_AENDERUNG":"Verbessert","HERKUNFT":"swisstopo","HERKUNFT_JAHR":2024,"HERKUNFT_MONAT":6,"ORIGINAL_HERKUNFT":"swisstopo","ERSTELLUNG_JAHR":2024,"ERSTELLUNG_MONAT":6,"REVISION_JAHR":2024,"REVISION_MONAT":6,"DATUM_AENDERUNG":"2025-07-08T11:55:40Z","DATUM_ERSTELLUNG":"2025-07-08T11:55:40Z","DACH_MAX":571.05,"DACH_MIN":567.57,"EGID":187524,"GEBAEUDEEINHEIT":"{0161A195-33E8-41ED-A8F7-CD5593D4FBF9}","layer":"swissbuildings3d_3_0_2024_1129-33_2056_5728.gdb — swissBUILDINGS3D_3-0_1129-33.gdb/a0000000b.gdbtable","path":"/vsizip//Users/wulf/Downloads/swissbuildings3d_3_0_2024_1129-33_2056_5728.gdb.zip/swissBUILDINGS3D_3-0_1129-33.gdb/a0000000b.gdbtable|layername=Roof_solid"},"geometry":{"type":"MultiPolygon","coordinates":[[[[2642043.594000000506639,1218522.962999999523163,599.158999999999651],[2642069.36600000038743,1218526.109999999403954,599.158999999999651],[2642070.195000000298023,1218519.322999998927116,599.158999999999651],[2642020.026999998837709,1218513.195999998599291,599.158999999999651],[2642018.842000000178814,1218522.921,598.959000000002561],[2642018.844955881126225,1218522.921360987704247,600.824800000002142],[2642017.320999998599291,1218535.390999998897314,602.690600000001723],[2642041.712999999523163,1218538.370000001043081,602.690600000001723],[2642043.234999999403954,1218525.899999998509884,602.490600000004633],[2642043.236000001430511,1218525.899999998509884,599.158999999999651],[2642043.594000000506639,1218522.962999999523163,599.158999999999651]]]]}},
{"type":"Feature","properties":{"fid":264,"OBJECTID":1,"UUID":"{0241BDAF-FECA-476C-BB76-2B1614C5FEC1}","OBJEKTART":"Gebaeude Einzelhaus","NAME_KOMPLETT":null,"GEBAEUDE_NUTZUNG":null,"GRUND_AENDERUNG":"Verbessert","HERKUNFT":"swisstopo","HERKUNFT_JAHR":2024,"HERKUNFT_MONAT":6,"ORIGINAL_HERKUNFT":"swisstopo","ERSTELLUNG_JAHR":2024,"ERSTELLUNG_MONAT":6,"REVISION_JAHR":2024,"REVISION_MONAT":6,"DATUM_AENDERUNG":"2025-07-08T11:55:40Z","DATUM_ERSTELLUNG":"2025-07-08T11:55:40Z","DACH_MAX":571.05,"DACH_MIN":567.57,"EGID":187524,"GEBAEUDEEINHEIT":"{0161A195-33E8-41ED-A8F7-CD5593D4FBF9}","layer":"swissbuildings3d_3_0_2024_1129-33_2056_5728.gdb — swissBUILDINGS3D_3-0_1129-33.gdb/a0000000b.gdbtable","path":"/vsizip//Users/wulf/Downloads/swissbuildings3d_3_0_2024_1129-33_2056_5728.gdb.zip/swissBUILDINGS3D_3-0_1129-33.gdb/a0000000b.gdbtable|layername=Roof_solid"},"geometry":{"type":"MultiPolygon","coordinates":[[[[2642013.377999998629093,1218836.289000000804663,589.16830000000482],[2642012.094999998807907,1218841.157999999821186,589.16830000000482],[2642028.456000000238419,1218845.458999998867512,588.968299999993178],[2642030.489999998360872,1218837.736000001430511,589.16830000000482],[2642021.590999998152256,1218835.394000001251698,589.16830000000482],[2642020.837999999523163,1218838.254000000655651,589.16830000000482],[2642013.377999998629093,1218836.289000000804663,589.16830000000482]]]]}},
{"type":"Feature","properties":{"fid":265,"OBJECTID":1,"UUID":"{0241BDAF-FECA-476C-BB76-2B1614C5FEC1}","OBJEKTART":"Gebaeude Einzelhaus","NAME_KOMPLETT":null,"GEBAEUDE_NUTZUNG":null,"GRUND_AENDERUNG":"Verbessert","HERKUNFT":"swisstopo","HERKUNFT_JAHR":2024,"HERKUNFT_MONAT":6,"ORIGINAL_HERKUNFT":"swisstopo","ERSTELLUNG_JAHR":2024,"ERSTELLUNG_MONAT":6,"REVISION_JAHR":2024,"REVISION_MONAT":6,"DATUM_AENDERUNG":"2025-07-08T11:55:40Z","DATUM_ERSTELLUNG":"2025-07-08T11:55:40Z","DACH_MAX":571.05,"DACH_MIN":567.57,"EGID":187524,"GEBAEUDEEINHEIT":"{0161A195-33E8-41ED-A8F7-CD5593D4FBF9}","layer":"swissbuildings3d_3_0_2024_1129-33_2056_5728.gdb — swissBUILDINGS3D_3-0_1129-33.gdb/a0000000b.gdbtable","path":"/vsizip//Users/wulf/Downloads/swissbuildings3d_3_0_2024_1129-33_2056_5728.gdb.zip/swissBUILDINGS3D_3-0_1129-33.gdb/a0000000b.gdbtable|layername=Roof_solid"},"geometry":{"type":"MultiPolygon","coordinates":[[[[2642041.546,1218854.589999999850988,586.107600000003004],[2642041.403352509718388,1218855.31,586.107600000003004],[2642045.180656192824244,1218855.31,586.036873084408967],[2642041.546,1218854.589999999850988,586.107600000003004]]]]}},
{"type":"Feature","properties":{"fid":266,"OBJECTID":1,"UUID":"{0241BDAF-FECA-476C-BB76-2B1614C5FEC1}","OBJEKTART":"Gebaeude Einzelhaus","NAME_KOMPLETT":null,"GEBAEUDE_NUTZUNG":null,"GRUND_AENDERUNG":"Verbessert","HERKUNFT":"swisstopo","HERKUNFT_JAHR":2024,"HERKUNFT_MONAT":6,"ORIGINAL_HERKUNFT":"swisstopo","ERSTELLUNG_JAHR":2024,"ERSTELLUNG_MONAT":6,"REVISION_JAHR":2024,"REVISION_MONAT":6,"DATUM_AENDERUNG":"2025-07-08T11:55:40Z","DATUM_ERSTELLUNG":"2025-07-08T11:55:40Z","DACH_MAX":571.05,"DACH_MIN":567.57,"EGID":187524,"GEBAEUDEEINHEIT":"{0161A195-33E8-41ED-A8F7-CD5593D4FBF9}","layer":"swissbuildings3d_3_0_2024_1129-33_2056_5728.gdb — swissBUILDINGS3D_3-0_1129-33.gdb/a0000000b.gdbtable","path":"/vsizip//Users/wulf/Downloads/swissbuildings3d_3_0_2024_1129-33_2056_5728.gdb.zip/swissBUILDINGS3D_3-0_1129-33.gdb/a0000000b.gdbtable|layername=Roof_solid"},"geometry":{"type":"MultiPolygon","coordinates":[[[[2642079.636,1218399.581000000238419,603.5144],[2642070.8260000012815,1218399.677000001072884,603.5144],[2642070.790872573386878,1218396.457294109277427,603.433946412525074],[2642070.78999999910593,1218396.372000001370907,603.364400000005844],[2642070.787999998778105,1218396.193999998271465,603.314400000002934],[2642061.982999999076128,1218396.28999999910593,603.314400000002934],[2642062.021000001579523,1218399.774000000208616,603.314400000002934],[2642062.129999998956919,1218409.754999998956919,603.5144],[2642088.670000001788139,1218409.464000001549721,603.5144],[2642088.522999998182058,1218395.999000001698732,603.5144],[2642079.598000001162291,1218396.098000001162291,603.314400000002934],[2642079.636,1218399.581000000238419,603.5144]]]]}},
{"type":"Feature","properties":{"fid":267,"OBJECTID":1,"UUID":"{0241BDAF-FECA-476C-BB76-2B1614C5FEC1}","OBJEKTART":"Gebaeude Einzelhaus","NAME_KOMPLETT":null,"GEBAEUDE_NUTZUNG":null,"GRUND_AENDERUNG":"Verbessert","HERKUNFT":"swisstopo","HERKUNFT_JAHR":2024,"HERKUNFT_MONAT":6,"ORIGINAL_HERKUNFT":"swisstopo","ERSTELLUNG_JAHR":2024,"ERSTELLUNG_MONAT":6,"REVISION_JAHR":2024,"REVISION_MONAT":6,"DATUM_AENDERUNG":"2025-07-08T11:55:40Z","DATUM_ERSTELLUNG":"2025-07-08T11:55:40Z","DACH_MAX":571.05,"DACH_MIN":567.57,"EGID":187524,"GEBAEUDEEINHEIT":"{0161A195-33E8-41ED-A8F7-CD5593D4FBF9}","layer":"swissbuildings3d_3_0_2024_1129-33_2056_5728.gdb — swissBUILDINGS3D_3-0_1129-33.gdb/a0000000b.gdbtable","path":"/vsizip//Users/wulf/Downloads/swissbuildings3d_3_0_2024_1129-33_2056_5728.gdb.zip/swissBUILDINGS3D_3-0_1129-33.gdb/a0000000b.gdbtable|layername=Roof_solid"},"geometry":{"type":"MultiPolygon","coordinates":[[[[2642049.646000001579523,1218828.186000000685453,589.171300000001793],[2642048.589999999850988,1218827.962999999523163,588.686300000001211],[2642045.8260000012815,1218827.379999998956919,587.398499999995693],[2642042.458000000566244,1218843.344000000506639,587.598499999992782],[2642047.984000001102686,1218844.511,589.875199999994948],[2642053.260000001639128,1218845.625,587.598499999992782],[2642054.102000001817942,1218841.63399999961257,587.448499999998603],[2642054.590999998152256,1218839.315999999642372,587.598400000002584],[2642055.28999999910593,1218836.006000000983477,587.598400000002584],[2642055.787000000476837,1218833.651000000536442,587.548399999999674],[2642056.629000000655651,1218829.660000000149012,587.598400000002584],[2642053.081999998539686,1218828.910999998450279,589.129300000000512],[2642051.353999998420477,1218828.546,589.875199999994948],[2642049.646000001579523,1218828.186000000685453,589.171300000001793]]]]}},
{"type":"Feature","properties":{"fid":268,"OBJECTID":1,"UUID":"{0241BDAF-FECA-476C-BB76-2B1614C5FEC1}","OBJEKTART":"Gebaeude Einzelhaus","NAME_KOMPLETT":null,"GEBAEUDE_NUTZUNG":null,"GRUND_AENDERUNG":"Verbessert","HERKUNFT":"swisstopo","HERKUNFT_JAHR":2024,"HERKUNFT_MONAT":6,"ORIGINAL_HERKUNFT":"swisstopo","ERSTELLUNG_JAHR":2024,"ERSTELLUNG_MONAT":6,"REVISION_JAHR":2024,"REVISION_MONAT":6,"DATUM_AENDERUNG":"2025-07-08T11:55:40Z","DATUM_ERSTELLUNG":"2025-07-08T11:55:40Z","DACH_MAX":571.05,"DACH_MIN":567.57,"EGID":187524,"GEBAEUDEEINHEIT":"{0161A195-33E8-41ED-A8F7-CD5593D4FBF9}","layer":"swissbuildings3d_3_0_2024_1129-33_2056_5728.gdb — swissBUILDINGS3D_3-0_1129-33.gdb/a0000000b.gdbtable","path":"/vsizip//Users/wulf/Downloads/swissbuildings3d_3_0_2024_1129-33_2056_5728.gdb.zip/swissBUILDINGS3D_3-0_1129-33.gdb/a0000000b.gdbtable|layername=Roof_solid"},"geometry":{"type":"MultiPolygon","coordinates":[[[[2642082.958000000566244,1218344.475999999791384,609.112800000002608],[2642070.568999998271465,1218345.734000001102686,609.112800000002608],[2642071.208000000566244,1218352.021000001579523,611.232600000003004],[2642071.684000000357628,1218356.719000000506639,609.492700000002515],[2642071.686057305894792,1218356.739331021904945,608.757229764097247],[2642069.905999999493361,1218356.920000001788139,605.66009999999369],[2642070.719999998807907,1218364.940000001341105,605.66009999999369],[2642074.403000000864267,1218364.565999999642372,606.951000000000931],[2642078.962999999523163,1218364.103000000119209,605.345199999996112],[2642078.305653631221503,1218357.629241209942847,607.22899999999936],[2642084.232999999076128,1218357.028000000864267,609.112800000002608],[2642083.596000000834465,1218350.763999998569489,611.232499999998254],[2642082.958000000566244,1218344.475999999791384,609.112800000002608]]]]}},
{"type":"Feature","properties":{"fid":269,"OBJECTID":1,"UUID":"{0241BDAF-FECA-476C-BB76-2B1614C5FEC1}","OBJEKTART":"Gebaeude Einzelhaus","NAME_KOMPLETT":null,"GEBAEUDE_NUTZUNG":null,"GRUND_AENDERUNG":"Verbessert","HERKUNFT":"swisstopo","HERKUNFT_JAHR":2024,"HERKUNFT_MONAT":6,"ORIGINAL_HERKUNFT":"swisstopo","ERSTELLUNG_JAHR":2024,"ERSTELLUNG_MONAT":6,"REVISION_JAHR":2024,"REVISION_MONAT":6,"DATUM_AENDERUNG":"2025-07-08T11:55:40Z","DATUM_ERSTELLUNG":"2025-07-08T11:55:40Z","DACH_MAX":571.05,"DACH_MIN":567.57,"EGID":187524,"GEBAEUDEEINHEIT":"{0161A195-33E8-41ED-A8F7-CD5593D4FBF9}","layer":"swissbuildings3d_3_0_2024_1129-33_2056_5728.gdb — swissBUILDINGS3D_3-0_1129-33.gdb/a0000000b.gdbtable","path":"/vsizip//Users/wulf/Downloads/swissbuildings3d_3_0_2024_1129-33_2056_5728.gdb.zip/swissBUILDINGS3D_3-0_1129-33.gdb/a0000000b.gdbtable|layername=Roof_solid"},"geometry":{"type":"MultiPolygon","coordinates":[[[[2642086.629000000655651,1218443.967000000178814,600.632700000001932],[2642086.689854851923883,1218441.423907723277807,600.656800431089096],[2642093.670000001788139,1218441.590999998152256,600.734700000000885],[2642094.046,1218425.918999999761581,600.734700000000885],[2642085.647999998182058,1218425.717999998480082,600.734700000000885],[2642085.482994486112148,1218432.552999868290499,600.634699875836532],[2642080.265999998897314,1218432.429000001400709,600.299700000003213],[2642080.166999999433756,1218436.578000001609325,600.516699999992852],[2642080.080989683512598,1218440.182614162797108,600.572608300966749],[2642075.01799999922514,1218440.061000000685453,600.624700000000303],[2642074.855000000447035,1218446.861000001430511,600.734700000000885],[2642079.918022520840168,1218446.983052689116448,600.634743087754941],[2642079.918000001460314,1218446.984000001102686,600.734700000000885],[2642086.552999999374151,1218447.14299999922514,600.734700000000885],[2642086.629000000655651,1218443.967000000178814,600.632700000001932]]]]}},
{"type":"Feature","properties":{"fid":270,"OBJECTID":1,"UUID":"{0241BDAF-FECA-476C-BB76-2B1614C5FEC1}","OBJEKTART":"Gebaeude Einzelhaus","NAME_KOMPLETT":null,"GEBAEUDE_NUTZUNG":null,"GRUND_AENDERUNG":"Verbessert","HERKUNFT":"swisstopo","HERKUNFT_JAHR":2024,"HERKUNFT_MONAT":6,"ORIGINAL_HERKUNFT":"swisstopo","ERSTELLUNG_JAHR":2024,"ERSTELLUNG_MONAT":6,"REVISION_JAHR":2024,"REVISION_MONAT":6,"DATUM_AENDERUNG":"2025-07-08T11:55:40Z","DATUM_ERSTELLUNG":"2025-07-08T11:55:40Z","DACH_MAX":571.05,"DACH_MIN":567.57,"EGID":187524,"GEBAEUDEEINHEIT":"{0161A195-33E8-41ED-A8F7-CD5593D4FBF9}","layer":"swissbuildings3d_3_0_2024_1129-33_2056_5728.gdb — swissBUILDINGS3D_3-0_1129-33.gdb/a0000000b.gdbtable","path":"/vsizip//Users/wulf/Downloads/swissbuildings3d_3_0_2024_1129-33_2056_5728.gdb.zip/swissBUILDINGS3D_3-0_1129-33.gdb/a0000000b.gdbtable|layername=Roof_solid"},"geometry":{"type":"MultiPolygon","coordinates":[[[[2642087.793000001460314,1218554.820000000298023,602.650599999993574],[2642087.776999998837709,1218554.921999998390675,602.450599999996484],[2642087.304999999701977,1218558.798000000417233,602.650599999993574],[2642100.802999999374151,1218560.445999998599291,602.650599999993574],[2642104.204999998211861,1218532.589999999850988,602.650599999993574],[2642095.958000000566244,1218531.583000000566244,602.650599999993574],[2642095.861000001430511,1218532.377000000327826,602.650599999993574],[2642095.837999999523163,1218532.596000000834465,602.650599999993574],[2642093.881000000983477,1218532.357999999076128,602.650599999993574],[2642092.653999999165535,1218533.230000000447035,602.650599999993574],[2642091.368000000715256,1218543.765999998897314,602.650599999993574],[2642074.101054803468287,1218541.657551126554608,599.880901873973471],[2642077.024000000208616,1218517.717000000178814,597.311100000006263],[2642076.857999999076128,1218517.695999998599291,597.565100000007078],[2642076.386999998241663,1218517.638999998569489,597.781099999992875],[2642075.682,1218517.552999999374151,597.925099999993108],[2642074.850000001490116,1218517.4510000012815,597.97609999999986],[2642074.019000001251698,1218517.350000001490116,597.725099999996019],[2642073.313999999314547,1218517.263000000268221,597.781099999992875],[2642072.842000000178814,1218517.206000000238419,597.565100000007078],[2642072.677000001072884,1218517.186000000685453,597.311100000006263],[2642069.754031669348478,1218541.12674061418511,599.9808999994533],[2642066.938999999314547,1218540.782999999821186,602.650599999993574],[2642065.556000001728535,1218552.103999998420477,602.650599999993574],[2642087.793000001460314,1218554.820000000298023,602.650599999993574]],[[2642072.090255924500525,1218541.412014548899606,600.308346362911038],[2642070.024768537841737,1218541.159800013992935,600.132102658368126],[2642070.390000000596046,1218541.204,597.781099999992875],[2642071.094999998807907,1218541.28999999910593,597.725099999996019],[2642071.927000001072884,1218541.392000000923872,597.97609999999986],[2642072.090255924500525,1218541.412014548899606,600.308346362911038]],[[2642073.934999998658895,1218541.636999998241663,597.365200000000186],[2642073.997393280733377,1218541.644893124699593,599.960165380916123],[2642073.683272876776755,1218541.606536206323653,600.119039395566233],[2642073.934999998658895,1218541.636999998241663,597.365200000000186]]]]}},
{"type":"Feature","properties":{"fid":271,"OBJECTID":1,"UUID":"{0241BDAF-FECA-476C-BB76-2B1614C5FEC1}","OBJEKTART":"Gebaeude Einzelhaus","NAME_KOMPLETT":null,"GEBAEUDE_NUTZUNG":null,"GRUND_AENDERUNG":"Verbessert","HERKUNFT":"swisstopo","HERKUNFT_JAHR":2024,"HERKUNFT_MONAT":6,"ORIGINAL_HERKUNFT":"swisstopo","ERSTELLUNG_JAHR":2024,"ERSTELLUNG_MONAT":6,"REVISION_JAHR":2024,"REVISION_MONAT":6,"DATUM_AENDERUNG":"2025-07-08T11:55:40Z","DATUM_ERSTELLUNG":"2025-07-08T11:55:40Z","DACH_MAX":571.05,"DACH_MIN":567.57,"EGID":187524,"GEBAEUDEEINHEIT":"{0161A195-33E8-41ED-A8F7-CD5593D4FBF9}","layer":"swissbuildings3d_3_0_2024_1129-33_2056_5728.gdb — swissBUILDINGS3D_3-0_1129-33.gdb/a0000000b.gdbtable","path":"/vsizip//Users/wulf/Downloads/swissbuildings3d_3_0_2024_1129-33_2056_5728.gdb.zip/swissBUILDINGS3D_3-0_1129-33.gdb/a0000000b.gdbtable|layername=Roof_solid"},"geometry":{"type":"MultiPolygon","coordinates":[[[[2642102.627999998629093,1218527.146000001579523,595.937300000005052],[2642105.160000000149012,1218527.449999999254942,596.137300000002142],[2642105.311000000685453,1218527.473999999463558,596.137300000002142],[2642106.079999998211861,1218521.181000001728535,596.137300000002142],[2642100.804999999701977,1218520.537000000476837,596.137300000002142],[2642100.804879751056433,1218520.537985318340361,597.668097252208668],[2642096.431000001728535,1218520.004000000655651,598.998999999996158],[2642097.364999998360872,1218512.359999999403954,599.19890000000305],[2642080.166000001132488,1218510.258000001311302,599.19890000000305],[2642078.094999998807907,1218527.212999999523163,599.198999999993248],[2642095.295000001788139,1218529.313999999314547,599.198999999993248],[2642095.664000000804663,1218526.296,599.198999999993248],[2642100.035999998450279,1218526.83500000089407,599.198999999993248],[2642100.621644123923033,1218522.039419956505299,597.668111921709851],[2642100.037000000476837,1218526.829999998211861,596.137300000002142],[2642102.627999998629093,1218527.146000001579523,595.937300000005052]]]]}},
{"type":"Feature","properties":{"fid":272,"OBJECTID":1,"UUID":"{0241BDAF-FECA-476C-BB76-2B1614C5FEC1}","OBJEKTART":"Gebaeude Einzelhaus","NAME_KOMPLETT":null,"GEBAEUDE_NUTZUNG":null,"GRUND_AENDERUNG":"Verbessert","HERKUNFT":"swisstopo","HERKUNFT_JAHR":2024,"HERKUNFT_MONAT":6,"ORIGINAL_HERKUNFT":"swisstopo","ERSTELLUNG_JAHR":2024,"ERSTELLUNG_MONAT":6,"REVISION_JAHR":2024,"REVISION_MONAT":6,"DATUM_AENDERUNG":"2025-07-08T11:55:40Z","DATUM_ERSTELLUNG":"2025-07-08T11:55:40Z","DACH_MAX":571.05,"DACH_MIN":567.57,"EGID":187524,"GEBAEUDEEINHEIT":"{0161A195-33E8-41ED-A8F7-CD5593D4FBF9}","layer":"swissbuildings3d_3_0_2024_1129-33_2056_5728.gdb — swissBUILDINGS3D_3-0_1129-33.gdb/a0000000b.gdbtable","path":"/vsizip//Users/wulf/Downloads/swissbuildings3d_3_0_2024_1129-33_2056_5728.gdb.zip/swissBUILDINGS3D_3-0_1129-33.gdb/a0000000b.gdbtable|layername=Roof_solid"},"geometry":{"type":"MultiPolygon","coordinates":[[[[2642134.802999999374151,1218836.138999998569489,570.928100000004633],[2642133.573397097643465,1218840.099820183590055,570.984220894031068],[2642131.643059787806123,1218839.5006525258068,570.807071158238614],[2642131.763999998569489,1218839.111999999731779,571.138099999996484],[2642131.975000001490116,1218838.429999999701977,570.928100000004633],[2642094.440000001341105,1218826.782999999821186,571.128100000001723],[2642091.949999999254942,1218834.809999998658895,571.634099999995669],[2642092.820000000298023,1218835.079999998211861,571.68409999999858],[2642093.465876164380461,1218835.280347537714988,571.25959999999759],[2642093.032999999821186,1218836.675999999046326,570.73519999999553],[2642134.13399999961257,1218849.429000001400709,570.73519999999553],[2642135.24947152286768,1218845.833871054695919,571.061236361799274],[2642147.092999998480082,1218849.510000001639128,572.461999999999534],[2642150.361000001430511,1218838.973000001162291,572.461999999999534],[2642134.802999999374151,1218836.138999998569489,570.928100000004633]]]]}},
{"type":"Feature","properties":{"fid":273,"OBJECTID":1,"UUID":"{0241BDAF-FECA-476C-BB76-2B1614C5FEC1}","OBJEKTART":"Gebaeude Einzelhaus","NAME_KOMPLETT":null,"GEBAEUDE_NUTZUNG":null,"GRUND_AENDERUNG":"Verbessert","HERKUNFT":"swisstopo","HERKUNFT_JAHR":2024,"HERKUNFT_MONAT":6,"ORIGINAL_HERKUNFT":"swisstopo","ERSTELLUNG_JAHR":2024,"ERSTELLUNG_MONAT":6,"REVISION_JAHR":2024,"REVISION_MONAT":6,"DATUM_AENDERUNG":"2025-07-08T11:55:40Z","DATUM_ERSTELLUNG":"2025-07-08T11:55:40Z","DACH_MAX":571.05,"DACH_MIN":567.57,"EGID":187524,"GEBAEUDEEINHEIT":"{0161A195-33E8-41ED-A8F7-CD5593D4FBF9}","layer":"swissbuildings3d_3_0_2024_1129-33_2056_5728.gdb — swissBUILDINGS3D_3-0_1129-33.gdb/a0000000b.gdbtable","path":"/vsizip//Users/wulf/Downloads/swissbuildings3d_3_0_2024_1129-33_2056_5728.gdb.zip/swissBUILDINGS3D_3-0_1129-33.gdb/a0000000b.gdbtable|layername=Roof_solid"},"geometry":{"type":"MultiPolygon","coordinates":[[[[2642114.811999998986721,1218462.857999999076128,597.843999999997322],[2642123.785999998450279,1218462.032000001519918,597.843999999997322],[2642129.734999999403954,1218461.484999999403954,597.843999999997322],[2642129.609000001102686,1218460.109999999403954,597.644000000000233],[2642137.962999999523163,1218459.342000000178814,597.843999999997322],[2642137.852000001817942,1218458.140000000596046,601.178700000004028],[2642136.695000000298023,1218445.568999998271465,597.843999999997322],[2642122.050000000745058,1218446.916999999433756,597.843999999997322],[2642122.900522449985147,1218456.158069778699428,598.996174903812971],[2642114.269000001251698,1218456.951999999582767,597.843999999997322],[2642114.811999998986721,1218462.857999999076128,597.843999999997322]]]]}},
{"type":"Feature","properties":{"fid":274,"OBJECTID":1,"UUID":"{0241BDAF-FECA-476C-BB76-2B1614C5FEC1}","OBJEKTART":"Gebaeude Einzelhaus","NAME_KOMPLETT":null,"GEBAEUDE_NUTZUNG":null,"GRUND_AENDERUNG":"Verbessert","HERKUNFT":"swisstopo","HERKUNFT_JAHR":2024,"HERKUNFT_MONAT":6,"ORIGINAL_HERKUNFT":"swisstopo","ERSTELLUNG_JAHR":2024,"ERSTELLUNG_MONAT":6,"REVISION_JAHR":2024,"REVISION_MONAT":6,"DATUM_AENDERUNG":"2025-07-08T11:55:40Z","DATUM_ERSTELLUNG":"2025-07-08T11:55:40Z","DACH_MAX":571.05,"DACH_MIN":567.57,"EGID":187524,"GEBAEUDEEINHEIT":"{0161A195-33E8-41ED-A8F7-CD5593D4FBF9}","layer":"swissbuildings3d_3_0_2024_1129-33_2056_5728.gdb — swissBUILDINGS3D_3-0_1129-33.gdb/a0000000b.gdbtable","path":"/vsizip//Users/wulf/Downloads/swissbuildings3d_3_0_2024_1129-33_2056_5728.gdb.zip/swissBUILDINGS3D_3-0_1129-33.gdb/a0000000b.gdbtable|layername=Roof_solid"},"geometry":{"type":"MultiPolygon","coordinates":[[[[2642122.51799999922514,1218699.219000000506639,565.337599999998929],[2642121.890999998897314,1218703.030000001192093,564.334700000006706],[2642128.412999998778105,1218704.100999999791384,564.134699999995064],[2642129.039000000804663,1218700.28999999910593,565.537599999996019],[2642129.670000001788139,1218696.445000000298023,564.334700000006706],[2642123.149000000208616,1218695.375,564.134699999995064],[2642122.51799999922514,1218699.219000000506639,565.337599999998929]]]]}},
{"type":"Feature","properties":{"fid":275,"OBJECTID":1,"UUID":"{0241BDAF-FECA-476C-BB76-2B1614C5FEC1}","OBJEKTART":"Gebaeude Einzelhaus","NAME_KOMPLETT":null,"GEBAEUDE_NUTZUNG":null,"GRUND_AENDERUNG":"Verbessert","HERKUNFT":"swisstopo","HERKUNFT_JAHR":2024,"HERKUNFT_MONAT":6,"ORIGINAL_HERKUNFT":"swisstopo","ERSTELLUNG_JAHR":2024,"ERSTELLUNG_MONAT":6,"REVISION_JAHR":2024,"REVISION_MONAT":6,"DATUM_AENDERUNG":"2025-07-08T11:55:40Z","DATUM_ERSTELLUNG":"2025-07-08T11:55:40Z","DACH_MAX":571.05,"DACH_MIN":567.57,"EGID":187524,"GEBAEUDEEINHEIT":"{0161A195-33E8-41ED-A8F7-CD5593D4FBF9}","layer":"swissbuildings3d_3_0_2024_1129-33_2056_5728.gdb — swissBUILDINGS3D_3-0_1129-33.gdb/a0000000b.gdbtable","path":"/vsizip//Users/wulf/Downloads/swissbuildings3d_3_0_2024_1129-33_2056_5728.gdb.zip/swissBUILDINGS3D_3-0_1129-33.gdb/a0000000b.gdbtable|layername=Roof_solid"},"geometry":{"type":"MultiPolygon","coordinates":[[[[2642117.4239999987185,1218776.454999998211861,576.884500000000116],[2642148.223999999463558,1218783.537999998778105,576.884500000000116],[2642152.236000001430511,1218766.096000000834465,576.884399999995367],[2642121.436000000685453,1218759.011999998241663,576.884399999995367],[2642117.4239999987185,1218776.454999998211861,576.884500000000116]]]]}},
{"type":"Feature","properties":{"fid":276,"OBJECTID":1,"UUID":"{0241BDAF-FECA-476C-BB76-2B1614C5FEC1}","OBJEKTART":"Gebaeude Einzelhaus","NAME_KOMPLETT":null,"GEBAEUDE_NUTZUNG":null,"GRUND_AENDERUNG":"Verbessert","HERKUNFT":"swisstopo","HERKUNFT_JAHR":2024,"HERKUNFT_MONAT":6,"ORIGINAL_HERKUNFT":"swisstopo","ERSTELLUNG_JAHR":2024,"ERSTELLUNG_MONAT":6,"REVISION_JAHR":2024,"REVISION_MONAT":6,"DATUM_AENDERUNG":"2025-07-08T11:55:40Z","DATUM_ERSTELLUNG":"2025-07-08T11:55:40Z","DACH_MAX":571.05,"DACH_MIN":567.57,"EGID":187524,"GEBAEUDEEINHEIT":"{0161A195-33E8-41ED-A8F7-CD5593D4FBF9}","layer":"swissbuildings3d_3_0_2024_1129-33_2056_5728.gdb — swissBUILDINGS3D_3-0_1129-33.gdb/a0000000b.gdbtable","path":"/vsizip//Users/wulf/Downloads/swissbuildings3d_3_0_2024_1129-33_2056_5728.gdb.zip/swissBUILDINGS3D_3-0_1129-33.gdb/a0000000b.gdbtable|layername=Roof_solid"},"geometry":{"type":"MultiPolygon","coordinates":[[[[2642149.432,1218450.879999998956919,598.967900000003283],[2642151.388304531108588,1218460.603496678639203,598.025078549860837],[2642142.897999998182058,1218462.311000000685453,596.944099999993341],[2642144.425999999046326,1218469.901000000536442,596.944099999993341],[2642152.490000000223517,1218468.278613167349249,596.944099999993341],[2642152.490000000223517,1218450.26471981825307,599.819976795844923],[2642149.432,1218450.879999998956919,598.967900000003283]]]]}},
{"type":"Feature","properties":{"fid":277,"OBJECTID":1,"UUID":"{0241BDAF-FECA-476C-BB76-2B1614C5FEC1}","OBJEKTART":"Gebaeude Einzelhaus","NAME_KOMPLETT":null,"GEBAEUDE_NUTZUNG":null,"GRUND_AENDERUNG":"Verbessert","HERKUNFT":"swisstopo","HERKUNFT_JAHR":2024,"HERKUNFT_MONAT":6,"ORIGINAL_HERKUNFT":"swisstopo","ERSTELLUNG_JAHR":2024,"ERSTELLUNG_MONAT":6,"REVISION_JAHR":2024,"REVISION_MONAT":6,"DATUM_AENDERUNG":"2025-07-08T11:55:40Z","DATUM_ERSTELLUNG":"2025-07-08T11:55:40Z","DACH_MAX":571.05,"DACH_MIN":567.57,"EGID":187524,"GEBAEUDEEINHEIT":"{0161A195-33E8-41ED-A8F7-CD5593D4FBF9}","layer":"swissbuildings3d_3_0_2024_1129-33_2056_5728.gdb — swissBUILDINGS3D_3-0_1129-33.gdb/a0000000b.gdbtable","path":"/vsizip//Users/wulf/Downloads/swissbuildings3d_3_0_2024_1129-33_2056_5728.gdb.zip/swissBUILDINGS3D_3-0_1129-33.gdb/a0000000b.gdbtable|layername=Roof_solid"},"geometry":{"type":"MultiPolygon","coordinates":[[[[2642119.686000000685453,1218812.034000001847744,574.455700000005891],[2642150.401000000536442,1218819.057,574.455700000005891],[2642152.490000000223517,1218809.919145863270387,574.34990106360226],[2642152.490000000223517,1218801.352270735427737,574.455700000005891],[2642123.635000001639128,1218794.75899999961257,574.455700000005891],[2642119.686000000685453,1218812.034000001847744,574.455700000005891]]]]}}
]
}
