{
"type": "FeatureCollection",
"name": "willisau_2024_swissbuildings3D_clip",
"crs": { "type": "name", "properties": { "name": "urn:ogc:def:crs:EPSG::2056" } },
"features": [
{"type":"Feature","properties":{"fid":87,"OBJECTID":1,"UUID":"{0241BDAF-FECA-476C-BB76-2B1614C5FEC1}","OBJEKTART":"Gebaeude Einzelhaus","NAME_KOMPLETT":null,"GEBAEUDE_NUTZUNG":null,"GRUND_AENDERUNG":"Verbessert","HERKUNFT":"swisstopo","HERKUNFT_JAHR":2024,"HERKUNFT_MONAT":6,"ORIGINAL_HERKUNFT":"swisstopo","ERSTELLUNG_JAHR":2024,"ERSTELLUNG_MONAT":6,"REVISION_JAHR":2024,"REVISION_MONAT":6,"DATUM_AENDERUNG":"2025-07-08T11:55:40Z","DATUM_ERSTELLUNG":"2025-07-08T11:55:40Z","DACH_MAX":571.05,"DACH_MIN":567.57,"EGID":187524,"GEBAEUDEEINHEIT":"{0161A195-33E8-41ED-A8F7-CD5593D4FBF9}","layer":"swissbuildings3d_3_0_2024_1129-33_2056_5728.gdb — swissBUILDINGS3D_3-0_1129-33.gdb/a0000000b.gdbtable","path":"/vsizip//Users/wulf/Downloads/swissbuildings3d_3_0_2024_1129-33_2056_5728.gdb.zip/swissBUILDINGS3D_3-0_1129-33.gdb/a0000000b.gdbtable|layername=Roof_solid"},"geometry":{"type":"Polygon","coordinates":[[[2641425.69,1218639.687551657902077,605.403859209350571],[2641425.979323260020465,1218639.73200353467837,605.297516909604155],[2641426.464249852579087,1218639.807488391175866,605.081561790488877],[2641427.008166473824531,1218639.892155779292807,604.813780559334418],[2641430.36600000038743,1218640.416000001132488,603.430900000006659],[2641430.504999998956919,1218635.545000001788139,603.430900000006659],[2641429.425999999046326,1218630.780000001192093,603.430900000006659],[2641427.195000000298023,1218626.43299999833107,603.630900000003749],[2641425.69,1218624.73482505325228,603.538027429802924],[2641425.69,1218639.687551657902077,605.403859209350571]]]}},
{"type":"Feature","properties":{"fid":89,"OBJECTID":1,"UUID":"{0241BDAF-FECA-476C-BB76-2B1614C5FEC1}","OBJEKTART":"Gebaeude Einzelhaus","NAME_KOMPLETT":null,"GEBAEUDE_NUTZUNG":null,"GRUND_AENDERUNG":"Verbessert","HERKUNFT":"swisstopo","HERKUNFT_JAHR":2024,"HERKUNFT_MONAT":6,"ORIGINAL_HERKUNFT":"swisstopo","ERSTELLUNG_JAHR":2024,"ERSTELLUNG_MONAT":6,"REVISION_JAHR":2024,"REVISION_MONAT":6,"DATUM_AENDERUNG":"2025-07-08T11:55:40Z","DATUM_ERSTELLUNG":"2025-07-08T11:55:40Z","DACH_MAX":571.05,"DACH_MIN":567.57,"EGID":187524,"GEBAEUDEEINHEIT":"{0161A195-33E8-41ED-A8F7-CD5593D4FBF9}","layer":"swissbuildings3d_3_0_2024_1129-33_2056_5728.gdb — swissBUILDINGS3D_3-0_1129-33.gdb/a0000000b.gdbtable","path":"/vsizip//Users/wulf/Downloads/swissbuildings3d_3_0_2024_1129-33_2056_5728.gdb.zip/swissBUILDINGS3D_3-0_1129-33.gdb/a0000000b.gdbtable|layername=Roof_solid"},"geometry":{"type":"Polygon","coordinates":[[[2641438.793000001460314,1218382.318999998271465,628.60109999999986],[2641439.55799999833107,1218367.820999998599291,628.801000000006752],[2641429.203000001609325,1218367.274999998509884,628.502099999997881],[2641428.438999999314547,1218381.772999998182058,628.502099999997881],[2641438.793000001460314,1218382.318999998271465,628.60109999999986]]]}},
{"type":"Feature","properties":{"fid":90,"OBJECTID":1,"UUID":"{0241BDAF-FECA-476C-BB76-2B1614C5FEC1}","OBJEKTART":"Gebaeude Einzelhaus","NAME_KOMPLETT":null,"GEBAEUDE_NUTZUNG":null,"GRUND_AENDERUNG":"Verbessert","HERKUNFT":"swisstopo","HERKUNFT_JAHR":2024,"HERKUNFT_MONAT":6,"ORIGINAL_HERKUNFT":"swisstopo","ERSTELLUNG_JAHR":2024,"ERSTELLUNG_MONAT":6,"REVISION_JAHR":2024,"REVISION_MONAT":6,"DATUM_AENDERUNG":"2025-07-08T11:55:40Z","DATUM_ERSTELLUNG":"2025-07-08T11:55:40Z","DACH_MAX":571.05,"DACH_MIN":567.57,"EGID":187524,"GEBAEUDEEINHEIT":"{0161A195-33E8-41ED-A8F7-CD5593D4FBF9}","layer":"swissbuildings3d_3_0_2024_1129-33_2056_5728.gdb — swissBUILDINGS3D_3-0_1129-33.gdb/a0000000b.gdbtable","path":"/vsizip//Users/wulf/Downloads/swissbuildings3d_3_0_2024_1129-33_2056_5728.gdb.zip/swissBUILDINGS3D_3-0_1129-33.gdb/a0000000b.gdbtable|layername=Roof_solid"},"geometry":{"type":"Polygon","coordinates":[[[2641440.960109785199165,1218460.881876593688503,612.602894307732868],[2641434.943,1218460.550000000745058,612.568799999993644],[2641434.748097500298172,1218464.088188122725114,614.00670271007084],[2641434.199000000953674,1218464.05799999833107,615.585500000001048],[2641433.524999998509884,1218464.021000001579523,615.435500000006869],[2641433.361000001430511,1218467.015999998897314,615.452499999999418],[2641429.493000000715256,1218466.802999999374151,615.602499999993597],[2641428.219999998807907,1218466.732999999076128,615.602499999993597],[2641428.203000001609325,1218466.73200000077486,615.652499999996508],[2641427.756999999284744,1218474.846000000834465,615.700500000006286],[2641439.379000000655651,1218475.486000001430511,615.700500000006286],[2641439.50570945860818,1218473.186757303774357,614.103166006135666],[2641440.519000001251698,1218473.243000000715256,612.703800000002957],[2641441.199000000953674,1218460.894999999552965,612.568799999993644],[2641441.125999635551125,1218460.890999978873879,612.700049934812796],[2641440.960109785199165,1218460.881876593688503,612.602894307732868]]]}},
{"type":"Feature","properties":{"fid":91,"OBJECTID":1,"UUID":"{0241BDAF-FECA-476C-BB76-2B1614C5FEC1}","OBJEKTART":"Gebaeude Einzelhaus","NAME_KOMPLETT":null,"GEBAEUDE_NUTZUNG":null,"GRUND_AENDERUNG":"Verbessert","HERKUNFT":"swisstopo","HERKUNFT_JAHR":2024,"HERKUNFT_MONAT":6,"ORIGINAL_HERKUNFT":"swisstopo","ERSTELLUNG_JAHR":2024,"ERSTELLUNG_MONAT":6,"REVISION_JAHR":2024,"REVISION_MONAT":6,"DATUM_AENDERUNG":"2025-07-08T11:55:40Z","DATUM_ERSTELLUNG":"2025-07-08T11:55:40Z","DACH_MAX":571.05,"DACH_MIN":567.57,"EGID":187524,"GEBAEUDEEINHEIT":"{0161A195-33E8-41ED-A8F7-CD5593D4FBF9}","layer":"swissbuildings3d_3_0_2024_1129-33_2056_5728.gdb — swissBUILDINGS3D_3-0_1129-33.gdb/a0000000b.gdbtable","path":"/vsizip//Users/wulf/Downloads/swissbuildings3d_3_0_2024_1129-33_2056_5728.gdb.zip/swissBUILDINGS3D_3-0_1129-33.gdb/a0000000b.gdbtable|layername=Roof_solid"},"geometry":{"type":"Polygon","coordinates":[[[2641440.109000001102686,1218512.484000001102686,607.729399999996531],[2641442.239,1218499.204,607.729300000006333],[2641435.662999998778105,1218498.149000000208616,611.923899999994319],[2641429.085999999195337,1218497.094000000506639,607.729300000006333],[2641426.956000000238419,1218510.375,607.729399999996531],[2641433.532999999821186,1218511.429999999701977,612.12390000000596],[2641440.109000001102686,1218512.484000001102686,607.729399999996531]]]}},
{"type":"Feature","properties":{"fid":92,"OBJECTID":1,"UUID":"{0241BDAF-FECA-476C-BB76-2B1614C5FEC1}","OBJEKTART":"Gebaeude Einzelhaus","NAME_KOMPLETT":null,"GEBAEUDE_NUTZUNG":null,"GRUND_AENDERUNG":"Verbessert","HERKUNFT":"swisstopo","HERKUNFT_JAHR":2024,"HERKUNFT_MONAT":6,"ORIGINAL_HERKUNFT":"swisstopo","ERSTELLUNG_JAHR":2024,"ERSTELLUNG_MONAT":6,"REVISION_JAHR":2024,"REVISION_MONAT":6,"DATUM_AENDERUNG":"2025-07-08T11:55:40Z","DATUM_ERSTELLUNG":"2025-07-08T11:55:40Z","DACH_MAX":571.05,"DACH_MIN":567.57,"EGID":187524,"GEBAEUDEEINHEIT":"{0161A195-33E8-41ED-A8F7-CD5593D4FBF9}","layer":"swissbuildings3d_3_0_2024_1129-33_2056_5728.gdb — swissBUILDINGS3D_3-0_1129-33.gdb/a0000000b.gdbtable","path":"/vsizip//Users/wulf/Downloads/swissbuildings3d_3_0_2024_1129-33_2056_5728.gdb.zip/swissBUILDINGS3D_3-0_1129-33.gdb/a0000000b.gdbtable|layername=Roof_solid"},"geometry":{"type":"Polygon","coordinates":[[[2641425.69,1218582.04646229930222,604.628376769528472],[2641428.289000000804663,1218582.475999999791384,607.061499999996158],[2641432.228000000119209,1218583.125999998301268,603.37390000000596],[2641432.299212532117963,1218582.694732912583277,602.281215834222735],[2641436.945000000298023,1218583.4239999987185,601.642099999997299],[2641440.744956969283521,1218584.020580274984241,602.448239279832023],[2641440.587999999523163,1218584.971000000834465,603.609899999995832],[2641443.712999999523163,1218585.486000001430511,606.278600000005099],[2641446.627999998629093,1218585.967999998480082,606.278600000005099],[2641449.750999998301268,1218586.484000001102686,603.409899999998743],[2641451.831000000238419,1218573.888999998569489,603.609800000005635],[2641448.706000000238419,1218573.372999999672174,606.278600000005099],[2641445.793000001460314,1218572.890999998897314,606.078599999993457],[2641442.668000001460314,1218572.375999998301268,603.409899999998743],[2641442.403251552022994,1218573.979128227103502,602.538678290820599],[2641438.604974740650505,1218573.383152944967151,601.742115026634792],[2641438.605000000447035,1218573.383000001311302,601.842000000004191],[2641433.956999998539686,1218572.653000000864267,601.842000000004191],[2641438.605999998748302,1218573.383000001311302,600.367199999993318],[2641438.868000000715256,1218571.791999999433756,600.167199999996228],[2641434.224990552291274,1218571.026059845229611,601.770445009302421],[2641434.225000001490116,1218571.026000000536442,603.173899999994319],[2641430.285999998450279,1218570.375999998301268,606.861499999999069],[2641426.348000001162291,1218569.725999999791384,603.37390000000596],[2641425.69,1218573.710555563215166,603.37390000000596],[2641425.69,1218582.04646229930222,604.628376769528472]],[[2641433.394000001251698,1218576.063999999314547,601.642099999997299],[2641434.215999998152256,1218571.083000000566244,603.37390000000596],[2641433.956999998539686,1218572.653000000864267,601.842000000004191],[2641433.394000001251698,1218576.063999999314547,601.642099999997299]]]}},
{"type":"Feature","properties":{"fid":93,"OBJECTID":1,"UUID":"{0241BDAF-FECA-476C-BB76-2B1614C5FEC1}","OBJEKTART":"Gebaeude Einzelhaus","NAME_KOMPLETT":null,"GEBAEUDE_NUTZUNG":null,"GRUND_AENDERUNG":"Verbessert","HERKUNFT":"swisstopo","HERKUNFT_JAHR":2024,"HERKUNFT_MONAT":6,"ORIGINAL_HERKUNFT":"swisstopo","ERSTELLUNG_JAHR":2024,"ERSTELLUNG_MONAT":6,"REVISION_JAHR":2024,"REVISION_MONAT":6,"DATUM_AENDERUNG":"2025-07-08T11:55:40Z","DATUM_ERSTELLUNG":"2025-07-08T11:55:40Z","DACH_MAX":571.05,"DACH_MIN":567.57,"EGID":187524,"GEBAEUDEEINHEIT":"{0161A195-33E8-41ED-A8F7-CD5593D4FBF9}","layer":"swissbuildings3d_3_0_2024_1129-33_2056_5728.gdb — swissBUILDINGS3D_3-0_1129-33.gdb/a0000000b.gdbtable","path":"/vsizip//Users/wulf/Downloads/swissbuildings3d_3_0_2024_1129-33_2056_5728.gdb.zip/swissBUILDINGS3D_3-0_1129-33.gdb/a0000000b.gdbtable|layername=Roof_solid"},"geometry":{"type":"Polygon","coordinates":[[[2641434.755164246074855,1218610.006952926749364,602.530620190146465],[2641444.175000000745058,1218611.484999999403954,604.060800000006566],[2641444.839184573851526,1218607.253871703753248,604.029636348894314],[2641444.839999999850988,1218607.254000000655651,603.154899999994086],[2641445.813000001013279,1218601.059000000357628,601.94100000000617],[2641432.798000000417233,1218599.015999998897314,601.741099999999278],[2641432.74100000038743,1218599.377999998629093,601.974000000001979],[2641432.620000001043081,1218600.147999998182058,602.048999999999069],[2641432.601952007506043,1218600.262992467964068,600.546682962420618],[2641428.300999999046326,1218599.587999999523163,598.916400000001886],[2641427.619074895977974,1218603.935979593312368,600.743149999994785],[2641426.912999998778105,1218603.824999999254942,602.369999999995343],[2641426.153999999165535,1218608.657999999821186,601.000199999994948],[2641434.754999998956919,1218610.008000001311302,600.800199999997858],[2641434.755164246074855,1218610.006952926749364,602.530620190146465]],[[2641432.086593692190945,1218603.544093161122873,603.577221998804362],[2641432.544508477207273,1218600.628992896992713,599.841264979217726],[2641432.087000001221895,1218603.543999999761581,602.774999999994179],[2641438.258012672420591,1218604.512501987861469,603.852284668091102],[2641432.086593692190945,1218603.544093161122873,603.577221998804362]]]}},
{"type":"Feature","properties":{"fid":95,"OBJECTID":1,"UUID":"{0241BDAF-FECA-476C-BB76-2B1614C5FEC1}","OBJEKTART":"Gebaeude Einzelhaus","NAME_KOMPLETT":null,"GEBAEUDE_NUTZUNG":null,"GRUND_AENDERUNG":"Verbessert","HERKUNFT":"swisstopo","HERKUNFT_JAHR":2024,"HERKUNFT_MONAT":6,"ORIGINAL_HERKUNFT":"swisstopo","ERSTELLUNG_JAHR":2024,"ERSTELLUNG_MONAT":6,"REVISION_JAHR":2024,"REVISION_MONAT":6,"DATUM_AENDERUNG":"2025-07-08T11:55:40Z","DATUM_ERSTELLUNG":"2025-07-08T11:55:40Z","DACH_MAX":571.05,"DACH_MIN":567.57,"EGID":187524,"GEBAEUDEEINHEIT":"{0161A195-33E8-41ED-A8F7-CD5593D4FBF9}","layer":"swissbuildings3d_3_0_2024_1129-33_2056_5728.gdb — swissBUILDINGS3D_3-0_1129-33.gdb/a0000000b.gdbtable","path":"/vsizip//Users/wulf/Downloads/swissbuildings3d_3_0_2024_1129-33_2056_5728.gdb.zip/swissBUILDINGS3D_3-0_1129-33.gdb/a0000000b.gdbtable|layername=Roof_solid"},"geometry":{"type":"Polygon","coordinates":[[[2641425.69,1218719.071964624570683,585.715025762917662],[2641432.660000000149012,1218719.535000000149012,585.526800000006915],[2641433.136,1218712.375999998301268,588.508499999996275],[2641433.210999999195337,1218711.252999998629093,588.342499999998836],[2641433.282003504689783,1218710.180429412052035,587.817606495450264],[2641433.359999999403954,1218709.006999999284744,587.459600000001956],[2641433.583999998867512,1218705.638999998569489,586.510699999998906],[2641426.177999999374151,1218705.146000001579523,586.510699999998906],[2641425.730000000447035,1218711.885000001639128,588.708499999993364],[2641425.69,1218712.486512614414096,588.457936971556592],[2641425.69,1218719.071964624570683,585.715025762917662]]]}},
{"type":"Feature","properties":{"fid":96,"OBJECTID":1,"UUID":"{0241BDAF-FECA-476C-BB76-2B1614C5FEC1}","OBJEKTART":"Gebaeude Einzelhaus","NAME_KOMPLETT":null,"GEBAEUDE_NUTZUNG":null,"GRUND_AENDERUNG":"Verbessert","HERKUNFT":"swisstopo","HERKUNFT_JAHR":2024,"HERKUNFT_MONAT":6,"ORIGINAL_HERKUNFT":"swisstopo","ERSTELLUNG_JAHR":2024,"ERSTELLUNG_MONAT":6,"REVISION_JAHR":2024,"REVISION_MONAT":6,"DATUM_AENDERUNG":"2025-07-08T11:55:40Z","DATUM_ERSTELLUNG":"2025-07-08T11:55:40Z","DACH_MAX":571.05,"DACH_MIN":567.57,"EGID":187524,"GEBAEUDEEINHEIT":"{0161A195-33E8-41ED-A8F7-CD5593D4FBF9}","layer":"swissbuildings3d_3_0_2024_1129-33_2056_5728.gdb — swissBUILDINGS3D_3-0_1129-33.gdb/a0000000b.gdbtable","path":"/vsizip//Users/wulf/Downloads/swissbuildings3d_3_0_2024_1129-33_2056_5728.gdb.zip/swissBUILDINGS3D_3-0_1129-33.gdb/a0000000b.gdbtable|layername=Roof_solid"},"geometry":{"type":"Polygon","coordinates":[[[2641425.69,1218771.604758726898581,582.074200000002747],[2641430.467999998480082,1218772.346999999135733,582.074200000002747],[2641431.425000000745058,1218766.18299999833107,584.672999999995227],[2641432.353000000119209,1218760.21000000089407,581.98420000000624],[2641425.69,1218759.174932271474972,581.98420000000624],[2641425.69,1218771.604758726898581,582.074200000002747]]]}},
{"type":"Feature","properties":{"fid":97,"OBJECTID":1,"UUID":"{0241BDAF-FECA-476C-BB76-2B1614C5FEC1}","OBJEKTART":"Gebaeude Einzelhaus","NAME_KOMPLETT":null,"GEBAEUDE_NUTZUNG":null,"GRUND_AENDERUNG":"Verbessert","HERKUNFT":"swisstopo","HERKUNFT_JAHR":2024,"HERKUNFT_MONAT":6,"ORIGINAL_HERKUNFT":"swisstopo","ERSTELLUNG_JAHR":2024,"ERSTELLUNG_MONAT":6,"REVISION_JAHR":2024,"REVISION_MONAT":6,"DATUM_AENDERUNG":"2025-07-08T11:55:40Z","DATUM_ERSTELLUNG":"2025-07-08T11:55:40Z","DACH_MAX":571.05,"DACH_MIN":567.57,"EGID":187524,"GEBAEUDEEINHEIT":"{0161A195-33E8-41ED-A8F7-CD5593D4FBF9}","layer":"swissbuildings3d_3_0_2024_1129-33_2056_5728.gdb — swissBUILDINGS3D_3-0_1129-33.gdb/a0000000b.gdbtable","path":"/vsizip//Users/wulf/Downloads/swissbuildings3d_3_0_2024_1129-33_2056_5728.gdb.zip/swissBUILDINGS3D_3-0_1129-33.gdb/a0000000b.gdbtable|layername=Roof_solid"},"geometry":{"type":"Polygon","coordinates":[[[2641425.69,1218822.076652731979266,568.591063344065446],[2641426.230000000447035,1218822.265999998897314,568.573699999993551],[2641430.379999998956919,1218810.425999999046326,568.573699999993551],[2641425.69,1218808.782502169022337,568.724404227652144],[2641425.69,1218822.076652731979266,568.591063344065446]]]}},
{"type":"Feature","properties":{"fid":98,"OBJECTID":1,"UUID":"{0241BDAF-FECA-476C-BB76-2B1614C5FEC1}","OBJEKTART":"Gebaeude Einzelhaus","NAME_KOMPLETT":null,"GEBAEUDE_NUTZUNG":null,"GRUND_AENDERUNG":"Verbessert","HERKUNFT":"swisstopo","HERKUNFT_JAHR":2024,"HERKUNFT_MONAT":6,"ORIGINAL_HERKUNFT":"swisstopo","ERSTELLUNG_JAHR":2024,"ERSTELLUNG_MONAT":6,"REVISION_JAHR":2024,"REVISION_MONAT":6,"DATUM_AENDERUNG":"2025-07-08T11:55:40Z","DATUM_ERSTELLUNG":"2025-07-08T11:55:40Z","DACH_MAX":571.05,"DACH_MIN":567.57,"EGID":187524,"GEBAEUDEEINHEIT":"{0161A195-33E8-41ED-A8F7-CD5593D4FBF9}","layer":"swissbuildings3d_3_0_2024_1129-33_2056_5728.gdb — swissBUILDINGS3D_3-0_1129-33.gdb/a0000000b.gdbtable","path":"/vsizip//Users/wulf/Downloads/swissbuildings3d_3_0_2024_1129-33_2056_5728.gdb.zip/swissBUILDINGS3D_3-0_1129-33.gdb/a0000000b.gdbtable|layername=Roof_solid"},"geometry":{"type":"Polygon","coordinates":[[[2641425.69,1218848.643891512649134,574.512348468942832],[2641433.247999999672174,1218851.149999998509884,574.380099999994854],[2641436.635000001639128,1218840.932,574.380099999994854],[2641439.563000001013279,1218832.111000001430511,574.380099999994854],[2641428.131000000983477,1218828.320000000298023,574.580100000006496],[2641426.706999998539686,1218832.614999998360872,574.380099999994854],[2641426.550000000745058,1218833.094999998807907,574.580100000006496],[2641425.69,1218835.687540153041482,574.580100000006496],[2641425.69,1218848.643891512649134,574.512348468942832]]]}},
{"type":"Feature","properties":{"fid":99,"OBJECTID":1,"UUID":"{0241BDAF-FECA-476C-BB76-2B1614C5FEC1}","OBJEKTART":"Gebaeude Einzelhaus","NAME_KOMPLETT":null,"GEBAEUDE_NUTZUNG":null,"GRUND_AENDERUNG":"Verbessert","HERKUNFT":"swisstopo","HERKUNFT_JAHR":2024,"HERKUNFT_MONAT":6,"ORIGINAL_HERKUNFT":"swisstopo","ERSTELLUNG_JAHR":2024,"ERSTELLUNG_MONAT":6,"REVISION_JAHR":2024,"REVISION_MONAT":6,"DATUM_AENDERUNG":"2025-07-08T11:55:40Z","DATUM_ERSTELLUNG":"2025-07-08T11:55:40Z","DACH_MAX":571.05,"DACH_MIN":567.57,"EGID":187524,"GEBAEUDEEINHEIT":"{0161A195-33E8-41ED-A8F7-CD5593D4FBF9}","layer":"swissbuildings3d_3_0_2024_1129-33_2056_5728.gdb — swissBUILDINGS3D_3-0_1129-33.gdb/a0000000b.gdbtable","path":"/vsizip//Users/wulf/Downloads/swissbuildings3d_3_0_2024_1129-33_2056_5728.gdb.zip/swissBUILDINGS3D_3-0_1129-33.gdb/a0000000b.gdbtable|layername=Roof_solid"},"geometry":{"type":"Polygon","coordinates":[[[2641442.535999998450279,1218406.75,624.402499999996508],[2641442.353000000119209,1218410.16499999910593,625.92939999999362],[2641442.054000001400709,1218415.695999998599291,624.402499999996508],[2641454.708000000566244,1218416.379000000655651,624.202600000004168],[2641455.006000000983477,1218410.848999999463558,626.129400000005262],[2641455.137968080118299,1218408.399701142916456,623.521818272842552],[2641456.598000001162291,1218408.478999998420477,622.152799999996205],[2641457.107999999076128,1218399.035000000149012,622.152700000006007],[2641450.489999998360872,1218398.677999999374151,622.152700000006007],[2641450.031852856744081,1218407.15518123563379,623.277648635574451],[2641442.535999998450279,1218406.75,624.402499999996508]]]}},
{"type":"Feature","properties":{"fid":100,"OBJECTID":1,"UUID":"{0241BDAF-FECA-476C-BB76-2B1614C5FEC1}","OBJEKTART":"Gebaeude Einzelhaus","NAME_KOMPLETT":null,"GEBAEUDE_NUTZUNG":null,"GRUND_AENDERUNG":"Verbessert","HERKUNFT":"swisstopo","HERKUNFT_JAHR":2024,"HERKUNFT_MONAT":6,"ORIGINAL_HERKUNFT":"swisstopo","ERSTELLUNG_JAHR":2024,"ERSTELLUNG_MONAT":6,"REVISION_JAHR":2024,"REVISION_MONAT":6,"DATUM_AENDERUNG":"2025-07-08T11:55:40Z","DATUM_ERSTELLUNG":"2025-07-08T11:55:40Z","DACH_MAX":571.05,"DACH_MIN":567.57,"EGID":187524,"GEBAEUDEEINHEIT":"{0161A195-33E8-41ED-A8F7-CD5593D4FBF9}","layer":"swissbuildings3d_3_0_2024_1129-33_2056_5728.gdb — swissBUILDINGS3D_3-0_1129-33.gdb/a0000000b.gdbtable","path":"/vsizip//Users/wulf/Downloads/swissbuildings3d_3_0_2024_1129-33_2056_5728.gdb.zip/swissBUILDINGS3D_3-0_1129-33.gdb/a0000000b.gdbtable|layername=Roof_solid"},"geometry":{"type":"Polygon","coordinates":[[[2641441.065000001341105,1218434.445999998599291,618.85910000000149],[2641427.359999999403954,1218433.63399999961257,618.85910000000149],[2641426.868000000715256,1218441.945000000298023,618.855100000000675],[2641440.572999998927116,1218442.756000000983477,618.855100000000675],[2641441.065000001341105,1218434.445999998599291,618.85910000000149]]]}},
{"type":"Feature","properties":{"fid":101,"OBJECTID":1,"UUID":"{0241BDAF-FECA-476C-BB76-2B1614C5FEC1}","OBJEKTART":"Gebaeude Einzelhaus","NAME_KOMPLETT":null,"GEBAEUDE_NUTZUNG":null,"GRUND_AENDERUNG":"Verbessert","HERKUNFT":"swisstopo","HERKUNFT_JAHR":2024,"HERKUNFT_MONAT":6,"ORIGINAL_HERKUNFT":"swisstopo","ERSTELLUNG_JAHR":2024,"ERSTELLUNG_MONAT":6,"REVISION_JAHR":2024,"REVISION_MONAT":6,"DATUM_AENDERUNG":"2025-07-08T11:55:40Z","DATUM_ERSTELLUNG":"2025-07-08T11:55:40Z","DACH_MAX":571.05,"DACH_MIN":567.57,"EGID":187524,"GEBAEUDEEINHEIT":"{0161A195-33E8-41ED-A8F7-CD5593D4FBF9}","layer":"swissbuildings3d_3_0_2024_1129-33_2056_5728.gdb — swissBUILDINGS3D_3-0_1129-33.gdb/a0000000b.gdbtable","path":"/vsizip//Users/wulf/Downloads/swissbuildings3d_3_0_2024_1129-33_2056_5728.gdb.zip/swissBUILDINGS3D_3-0_1129-33.gdb/a0000000b.gdbtable|layername=Roof_solid"},"geometry":{"type":"Polygon","coordinates":[[[2641437.749000001698732,1218535.883000001311302,608.001399999993737],[2641437.239999998360872,1218539.024000000208616,608.799299999998766],[2641443.111000001430511,1218539.973999999463558,608.799299999998766],[2641442.999000001698732,1218540.668000001460314,609.186199999996461],[2641443.254999998956919,1218540.71000000089407,609.004300000000512],[2641443.989999998360872,1218540.828000001609325,608.986300000004121],[2641444.017000000923872,1218540.660999998450279,609.091199999995297],[2641444.048924895003438,1218540.463566436199471,609.06299779625715],[2641445.118999999016523,1218533.850999999791384,607.30439999999362],[2641444.489999998360872,1218533.749000001698732,607.254400000005262],[2641443.583237031940371,1218533.602882579900324,607.179400000000896],[2641438.258000001311302,1218532.74100000038743,607.104399999996531],[2641437.934000000357628,1218534.743000000715256,607.84440000000177],[2641437.749000001698732,1218535.883000001311302,608.001399999993737]]]}},
{"type":"Feature","properties":{"fid":102,"OBJECTID":1,"UUID":"{0241BDAF-FECA-476C-BB76-2B1614C5FEC1}","OBJEKTART":"Gebaeude Einzelhaus","NAME_KOMPLETT":null,"GEBAEUDE_NUTZUNG":null,"GRUND_AENDERUNG":"Verbessert","HERKUNFT":"swisstopo","HERKUNFT_JAHR":2024,"HERKUNFT_MONAT":6,"ORIGINAL_HERKUNFT":"swisstopo","ERSTELLUNG_JAHR":2024,"ERSTELLUNG_MONAT":6,"REVISION_JAHR":2024,"REVISION_MONAT":6,"DATUM_AENDERUNG":"2025-07-08T11:55:40Z","DATUM_ERSTELLUNG":"2025-07-08T11:55:40Z","DACH_MAX":571.05,"DACH_MIN":567.57,"EGID":187524,"GEBAEUDEEINHEIT":"{0161A195-33E8-41ED-A8F7-CD5593D4FBF9}","layer":"swissbuildings3d_3_0_2024_1129-33_2056_5728.gdb — swissBUILDINGS3D_3-0_1129-33.gdb/a0000000b.gdbtable","path":"/vsizip//Users/wulf/Downloads/swissbuildings3d_3_0_2024_1129-33_2056_5728.gdb.zip/swissBUILDINGS3D_3-0_1129-33.gdb/a0000000b.gdbtable|layername=Roof_solid"},"geometry":{"type":"Polygon","coordinates":[[[2641443.111000001430511,1218539.973999999463558,608.799299999998766],[2641436.274000000208616,1218538.868000000715256,610.208100000003469],[2641435.291999999433756,1218544.932,607.64539999999397],[2641434.997999999672174,1218546.745999999344349,606.922500000000582],[2641434.964999999850988,1218546.953000001609325,606.990499999999884],[2641441.802999999374151,1218548.059999998658895,606.990499999999884],[2641441.848999999463558,1218547.778999999165535,607.052500000005239],[2641442.129999998956919,1218546.039000000804663,607.64539999999397],[2641443.111000001430511,1218539.973999999463558,608.799299999998766]]]}},
{"type":"Feature","properties":{"fid":103,"OBJECTID":1,"UUID":"{0241BDAF-FECA-476C-BB76-2B1614C5FEC1}","OBJEKTART":"Gebaeude Einzelhaus","NAME_KOMPLETT":null,"GEBAEUDE_NUTZUNG":null,"GRUND_AENDERUNG":"Verbessert","HERKUNFT":"swisstopo","HERKUNFT_JAHR":2024,"HERKUNFT_MONAT":6,"ORIGINAL_HERKUNFT":"swisstopo","ERSTELLUNG_JAHR":2024,"ERSTELLUNG_MONAT":6,"REVISION_JAHR":2024,"REVISION_MONAT":6,"DATUM_AENDERUNG":"2025-07-08T11:55:40Z","DATUM_ERSTELLUNG":"2025-07-08T11:55:40Z","DACH_MAX":571.05,"DACH_MIN":567.57,"EGID":187524,"GEBAEUDEEINHEIT":"{0161A195-33E8-41ED-A8F7-CD5593D4FBF9}","layer":"swissbuildings3d_3_0_2024_1129-33_2056_5728.gdb — swissBUILDINGS3D_3-0_1129-33.gdb/a0000000b.gdbtable","path":"/vsizip//Users/wulf/Downloads/swissbuildings3d_3_0_2024_1129-33_2056_5728.gdb.zip/swissBUILDINGS3D_3-0_1129-33.gdb/a0000000b.gdbtable|layername=Roof_solid"},"geometry":{"type":"Polygon","coordinates":[[[2641449.774000000208616,1218715.265000000596046,582.240200000000186],[2641452.598665442783386,1218716.21082003088668,583.529457885592592],[2641452.291000001132488,1218717.131000000983477,584.970900000000256],[2641459.140999998897314,1218719.4239999987185,585.165900000007241],[2641462.761999998241663,1218708.60700000077486,585.165900000007241],[2641462.548000000417233,1218708.543000001460314,585.159899999998743],[2641455.912000000476837,1218706.313999999314547,585.170899999997346],[2641455.896000001579523,1218706.348999999463558,585.170899999997346],[2641454.376336170826107,1218710.894080561352894,583.66339566350166],[2641451.554000001400709,1218709.949000000953674,582.240200000000186],[2641449.774000000208616,1218715.265000000596046,582.240200000000186]]]}},
{"type":"Feature","properties":{"fid":104,"OBJECTID":1,"UUID":"{0241BDAF-FECA-476C-BB76-2B1614C5FEC1}","OBJEKTART":"Gebaeude Einzelhaus","NAME_KOMPLETT":null,"GEBAEUDE_NUTZUNG":null,"GRUND_AENDERUNG":"Verbessert","HERKUNFT":"swisstopo","HERKUNFT_JAHR":2024,"HERKUNFT_MONAT":6,"ORIGINAL_HERKUNFT":"swisstopo","ERSTELLUNG_JAHR":2024,"ERSTELLUNG_MONAT":6,"REVISION_JAHR":2024,"REVISION_MONAT":6,"DATUM_AENDERUNG":"2025-07-08T11:55:40Z","DATUM_ERSTELLUNG":"2025-07-08T11:55:40Z","DACH_MAX":571.05,"DACH_MIN":567.57,"EGID":187524,"GEBAEUDEEINHEIT":"{0161A195-33E8-41ED-A8F7-CD5593D4FBF9}","layer":"swissbuildings3d_3_0_2024_1129-33_2056_5728.gdb — swissBUILDINGS3D_3-0_1129-33.gdb/a0000000b.gdbtable","path":"/vsizip//Users/wulf/Downloads/swissbuildings3d_3_0_2024_1129-33_2056_5728.gdb.zip/swissBUILDINGS3D_3-0_1129-33.gdb/a0000000b.gdbtable|layername=Roof_solid"},"geometry":{"type":"Polygon","coordinates":[[[2641437.44983670162037,1218810.468900491949171,574.62629752167993],[2641436.776999998837709,1218811.820000000298023,574.188099999999395],[2641444.550000000745058,1218815.690999999642372,574.188099999999395],[2641448.28999999910593,1218808.18299999833107,579.838499999998021],[2641452.028999999165535,1218800.6739999987185,574.188099999999395],[2641444.500119880307466,1218796.924573143944144,574.287548891182496],[2641445.177000001072884,1218795.565000001341105,573.9091000000044],[2641435.769999999552965,1218790.881000000983477,574.10910000000149],[2641432.030999999493361,1218798.390000000596046,579.631500000003143],[2641428.287999998778105,1218805.905999999493361,573.920100000003004],[2641437.44983670162037,1218810.468900491949171,574.62629752167993]],[[2641444.129000000655651,1218797.670000001788139,575.45690000000468],[2641441.343780985567719,1218803.264473403571174,579.160235350309677],[2641441.438000001013279,1218803.074999999254942,579.431500000006054],[2641444.129000000655651,1218797.670000001788139,575.45690000000468]]]}},
{"type":"Feature","properties":{"fid":105,"OBJECTID":1,"UUID":"{0241BDAF-FECA-476C-BB76-2B1614C5FEC1}","OBJEKTART":"Gebaeude Einzelhaus","NAME_KOMPLETT":null,"GEBAEUDE_NUTZUNG":null,"GRUND_AENDERUNG":"Verbessert","HERKUNFT":"swisstopo","HERKUNFT_JAHR":2024,"HERKUNFT_MONAT":6,"ORIGINAL_HERKUNFT":"swisstopo","ERSTELLUNG_JAHR":2024,"ERSTELLUNG_MONAT":6,"REVISION_JAHR":2024,"REVISION_MONAT":6,"DATUM_AENDERUNG":"2025-07-08T11:55:40Z","DATUM_ERSTELLUNG":"2025-07-08T11:55:40Z","DACH_MAX":571.05,"DACH_MIN":567.57,"EGID":187524,"GEBAEUDEEINHEIT":"{0161A195-33E8-41ED-A8F7-CD5593D4FBF9}","layer":"swissbuildings3d_3_0_2024_1129-33_2056_5728.gdb — swissBUILDINGS3D_3-0_1129-33.gdb/a0000000b.gdbtable","path":"/vsizip//Users/wulf/Downloads/swissbuildings3d_3_0_2024_1129-33_2056_5728.gdb.zip/swissBUILDINGS3D_3-0_1129-33.gdb/a0000000b.gdbtable|layername=Roof_solid"},"geometry":{"type":"Polygon","coordinates":[[[2641444.407999999821186,1218836.956000000238419,567.827799999999115],[2641456.105999998748302,1218843.86600000038743,568.027700000006007],[2641459.269999999552965,1218838.510000001639128,568.027700000006007],[2641446.083000000566244,1218830.719999998807907,567.827699999994365],[2641444.407999999821186,1218836.956000000238419,567.827799999999115]]]}},
{"type":"Feature","properties":{"fid":106,"OBJECTID":1,"UUID":"{0241BDAF-FECA-476C-BB76-2B1614C5FEC1}","OBJEKTART":"Gebaeude Einzelhaus","NAME_KOMPLETT":null,"GEBAEUDE_NUTZUNG":null,"GRUND_AENDERUNG":"Verbessert","HERKUNFT":"swisstopo","HERKUNFT_JAHR":2024,"HERKUNFT_MONAT":6,"ORIGINAL_HERKUNFT":"swisstopo","ERSTELLUNG_JAHR":2024,"ERSTELLUNG_MONAT":6,"REVISION_JAHR":2024,"REVISION_MONAT":6,"DATUM_AENDERUNG":"2025-07-08T11:55:40Z","DATUM_ERSTELLUNG":"2025-07-08T11:55:40Z","DACH_MAX":571.05,"DACH_MIN":567.57,"EGID":187524,"GEBAEUDEEINHEIT":"{0161A195-33E8-41ED-A8F7-CD5593D4FBF9}","layer":"swissbuildings3d_3_0_2024_1129-33_2056_5728.gdb — swissBUILDINGS3D_3-0_1129-33.gdb/a0000000b.gdbtable","path":"/vsizip//Users/wulf/Downloads/swissbuildings3d_3_0_2024_1129-33_2056_5728.gdb.zip/swissBUILDINGS3D_3-0_1129-33.gdb/a0000000b.gdbtable|layername=Roof_solid"},"geometry":{"type":"Polygon","coordinates":[[[2641463.695870052091777,1218855.31,573.674199999994016],[2641465.907999999821186,1218848.640000000596046,573.674199999994016],[2641453.771000001579523,1218844.614999998360872,573.674199999994016],[2641450.223964048549533,1218855.31,573.674199999994016],[2641463.695870052091777,1218855.31,573.674199999994016]]]}},
{"type":"Feature","properties":{"fid":107,"OBJECTID":1,"UUID":"{0241BDAF-FECA-476C-BB76-2B1614C5FEC1}","OBJEKTART":"Gebaeude Einzelhaus","NAME_KOMPLETT":null,"GEBAEUDE_NUTZUNG":null,"GRUND_AENDERUNG":"Verbessert","HERKUNFT":"swisstopo","HERKUNFT_JAHR":2024,"HERKUNFT_MONAT":6,"ORIGINAL_HERKUNFT":"swisstopo","ERSTELLUNG_JAHR":2024,"ERSTELLUNG_MONAT":6,"REVISION_JAHR":2024,"REVISION_MONAT":6,"DATUM_AENDERUNG":"2025-07-08T11:55:40Z","DATUM_ERSTELLUNG":"2025-07-08T11:55:40Z","DACH_MAX":571.05,"DACH_MIN":567.57,"EGID":187524,"GEBAEUDEEINHEIT":"{0161A195-33E8-41ED-A8F7-CD5593D4FBF9}","layer":"swissbuildings3d_3_0_2024_1129-33_2056_5728.gdb — swissBUILDINGS3D_3-0_1129-33.gdb/a0000000b.gdbtable","path":"/vsizip//Users/wulf/Downloads/swissbuildings3d_3_0_2024_1129-33_2056_5728.gdb.zip/swissBUILDINGS3D_3-0_1129-33.gdb/a0000000b.gdbtable|layername=Roof_solid"},"geometry":{"type":"Polygon","coordinates":[[[2641458.381999999284744,1218368.721000000834465,628.457099999999627],[2641457.684999998658895,1218383.298000000417233,628.457099999999627],[2641468.162999998778105,1218383.7989999987185,628.061100000006263],[2641468.859999999403954,1218369.221999999135733,628.261100000003353],[2641458.381999999284744,1218368.721000000834465,628.457099999999627]]]}},
{"type":"Feature","properties":{"fid":108,"OBJECTID":1,"UUID":"{0241BDAF-FECA-476C-BB76-2B1614C5FEC1}","OBJEKTART":"Gebaeude Einzelhaus","NAME_KOMPLETT":null,"GEBAEUDE_NUTZUNG":null,"GRUND_AENDERUNG":"Verbessert","HERKUNFT":"swisstopo","HERKUNFT_JAHR":2024,"HERKUNFT_MONAT":6,"ORIGINAL_HERKUNFT":"swisstopo","ERSTELLUNG_JAHR":2024,"ERSTELLUNG_MONAT":6,"REVISION_JAHR":2024,"REVISION_MONAT":6,"DATUM_AENDERUNG":"2025-07-08T11:55:40Z","DATUM_ERSTELLUNG":"2025-07-08T11:55:40Z","DACH_MAX":571.05,"DACH_MIN":567.57,"EGID":187524,"GEBAEUDEEINHEIT":"{0161A195-33E8-41ED-A8F7-CD5593D4FBF9}","layer":"swissbuildings3d_3_0_2024_1129-33_2056_5728.gdb — swissBUILDINGS3D_3-0_1129-33.gdb/a0000000b.gdbtable","path":"/vsizip//Users/wulf/Downloads/swissbuildings3d_3_0_2024_1129-33_2056_5728.gdb.zip/swissBUILDINGS3D_3-0_1129-33.gdb/a0000000b.gdbtable|layername=Roof_solid"},"geometry":{"type":"Polygon","coordinates":[[[2641465.622000001370907,1218417.747000001370907,623.389599999994971],[2641467.046689095906913,1218417.821499017998576,623.506453381167603],[2641476.445999998599291,1218418.315000001341105,623.539600000003702],[2641476.719000000506639,1218413.127000000327826,625.661399999997229],[2641476.812373221386224,1218411.35114035778679,623.208561274432213],[2641479.396999999880791,1218411.486999999731779,621.551800000001094],[2641479.730000000447035,1218405.140000000596046,621.351800000004005],[2641474.489,1218404.864999998360872,621.351800000004005],[2641474.368000000715256,1218407.175000000745058,621.551800000001094],[2641470.011999998241663,1218406.947000000625849,621.551800000001094],[2641469.970576676540077,1218407.737622944172472,622.095743285354274],[2641466.474819356109947,1218407.553983604768291,622.269889430746957],[2641466.511999998241663,1218406.848999999463558,621.551800000001094],[2641462.416999999433756,1218406.63399999961257,621.351800000004005],[2641462.160999998450279,1218411.497000001370907,621.551800000001094],[2641464.600409866776317,1218411.62518047937192,623.413023240022085],[2641464.554999999701977,1218412.489,625.661399999997229],[2641464.530999999493361,1218412.943,625.425399999992806],[2641464.506999999284744,1218413.397999998182058,625.089500000001863],[2641464.282999999821186,1218417.675999999046326,623.539600000003702],[2641465.622000001370907,1218417.747000001370907,623.389599999994971]]]}},
{"type":"Feature","properties":{"fid":109,"OBJECTID":1,"UUID":"{0241BDAF-FECA-476C-BB76-2B1614C5FEC1}","OBJEKTART":"Gebaeude Einzelhaus","NAME_KOMPLETT":null,"GEBAEUDE_NUTZUNG":null,"GRUND_AENDERUNG":"Verbessert","HERKUNFT":"swisstopo","HERKUNFT_JAHR":2024,"HERKUNFT_MONAT":6,"ORIGINAL_HERKUNFT":"swisstopo","ERSTELLUNG_JAHR":2024,"ERSTELLUNG_MONAT":6,"REVISION_JAHR":2024,"REVISION_MONAT":6,"DATUM_AENDERUNG":"2025-07-08T11:55:40Z","DATUM_ERSTELLUNG":"2025-07-08T11:55:40Z","DACH_MAX":571.05,"DACH_MIN":567.57,"EGID":187524,"GEBAEUDEEINHEIT":"{0161A195-33E8-41ED-A8F7-CD5593D4FBF9}","layer":"swissbuildings3d_3_0_2024_1129-33_2056_5728.gdb — swissBUILDINGS3D_3-0_1129-33.gdb/a0000000b.gdbtable","path":"/vsizip//Users/wulf/Downloads/swissbuildings3d_3_0_2024_1129-33_2056_5728.gdb.zip/swissBUILDINGS3D_3-0_1129-33.gdb/a0000000b.gdbtable|layername=Roof_solid"},"geometry":{"type":"Polygon","coordinates":[[[2641466.078000001609325,1218434.903000000864267,617.9771999999939],[2641461.206000000238419,1218434.653000000864267,620.817899999994552],[2641453.271000001579523,1218434.245000001043081,618.075200000006589],[2641453.249000001698732,1218434.664000000804663,618.075200000006589],[2641453.146999999880791,1218436.64299999922514,618.025200000003679],[2641452.888999998569489,1218441.666999999433756,618.075200000006589],[2641452.778000000864267,1218443.837000001221895,617.875199999994948],[2641460.712999999523163,1218444.243999999016523,620.817899999994552],[2641465.58500000089407,1218444.495000001043081,617.77719999999681],[2641466.078000001609325,1218434.903000000864267,617.9771999999939]]]}},
{"type":"Feature","properties":{"fid":110,"OBJECTID":1,"UUID":"{0241BDAF-FECA-476C-BB76-2B1614C5FEC1}","OBJEKTART":"Gebaeude Einzelhaus","NAME_KOMPLETT":null,"GEBAEUDE_NUTZUNG":null,"GRUND_AENDERUNG":"Verbessert","HERKUNFT":"swisstopo","HERKUNFT_JAHR":2024,"HERKUNFT_MONAT":6,"ORIGINAL_HERKUNFT":"swisstopo","ERSTELLUNG_JAHR":2024,"ERSTELLUNG_MONAT":6,"REVISION_JAHR":2024,"REVISION_MONAT":6,"DATUM_AENDERUNG":"2025-07-08T11:55:40Z","DATUM_ERSTELLUNG":"2025-07-08T11:55:40Z","DACH_MAX":571.05,"DACH_MIN":567.57,"EGID":187524,"GEBAEUDEEINHEIT":"{0161A195-33E8-41ED-A8F7-CD5593D4FBF9}","layer":"swissbuildings3d_3_0_2024_1129-33_2056_5728.gdb — swissBUILDINGS3D_3-0_1129-33.gdb/a0000000b.gdbtable","path":"/vsizip//Users/wulf/Downloads/swissbuildings3d_3_0_2024_1129-33_2056_5728.gdb.zip/swissBUILDINGS3D_3-0_1129-33.gdb/a0000000b.gdbtable|layername=Roof_solid"},"geometry":{"type":"Polygon","coordinates":[[[2641462.710999999195337,1218465.574999999254942,612.644799999994575],[2641462.592000000178814,1218467.66499999910593,612.644799999994575],[2641463.598000001162291,1218467.706999998539686,612.644799999994575],[2641463.864,1218461.372999999672174,612.644799999994575],[2641455.782999999821186,1218461.034000001847744,612.644799999994575],[2641455.609000001102686,1218465.168999999761581,612.644799999994575],[2641462.710999999195337,1218465.574999999254942,612.644799999994575]]]}},
{"type":"Feature","properties":{"fid":111,"OBJECTID":1,"UUID":"{0241BDAF-FECA-476C-BB76-2B1614C5FEC1}","OBJEKTART":"Gebaeude Einzelhaus","NAME_KOMPLETT":null,"GEBAEUDE_NUTZUNG":null,"GRUND_AENDERUNG":"Verbessert","HERKUNFT":"swisstopo","HERKUNFT_JAHR":2024,"HERKUNFT_MONAT":6,"ORIGINAL_HERKUNFT":"swisstopo","ERSTELLUNG_JAHR":2024,"ERSTELLUNG_MONAT":6,"REVISION_JAHR":2024,"REVISION_MONAT":6,"DATUM_AENDERUNG":"2025-07-08T11:55:40Z","DATUM_ERSTELLUNG":"2025-07-08T11:55:40Z","DACH_MAX":571.05,"DACH_MIN":567.57,"EGID":187524,"GEBAEUDEEINHEIT":"{0161A195-33E8-41ED-A8F7-CD5593D4FBF9}","layer":"swissbuildings3d_3_0_2024_1129-33_2056_5728.gdb — swissBUILDINGS3D_3-0_1129-33.gdb/a0000000b.gdbtable","path":"/vsizip//Users/wulf/Downloads/swissbuildings3d_3_0_2024_1129-33_2056_5728.gdb.zip/swissBUILDINGS3D_3-0_1129-33.gdb/a0000000b.gdbtable|layername=Roof_solid"},"geometry":{"type":"Polygon","coordinates":[[[2641450.473000001162291,1218464.875999998301268,615.205499999996391],[2641449.850000001490116,1218475.778000000864267,615.005600000004051],[2641462.087999999523163,1218476.478000000119209,615.005600000004051],[2641462.710999999195337,1218465.574999999254942,612.644799999994575],[2641450.473000001162291,1218464.875999998301268,615.205499999996391]]]}},
{"type":"Feature","properties":{"fid":112,"OBJECTID":1,"UUID":"{0241BDAF-FECA-476C-BB76-2B1614C5FEC1}","OBJEKTART":"Gebaeude Einzelhaus","NAME_KOMPLETT":null,"GEBAEUDE_NUTZUNG":null,"GRUND_AENDERUNG":"Verbessert","HERKUNFT":"swisstopo","HERKUNFT_JAHR":2024,"HERKUNFT_MONAT":6,"ORIGINAL_HERKUNFT":"swisstopo","ERSTELLUNG_JAHR":2024,"ERSTELLUNG_MONAT":6,"REVISION_JAHR":2024,"REVISION_MONAT":6,"DATUM_AENDERUNG":"2025-07-08T11:55:40Z","DATUM_ERSTELLUNG":"2025-07-08T11:55:40Z","DACH_MAX":571.05,"DACH_MIN":567.57,"EGID":187524,"GEBAEUDEEINHEIT":"{0161A195-33E8-41ED-A8F7-CD5593D4FBF9}","layer":"swissbuildings3d_3_0_2024_1129-33_2056_5728.gdb — swissBUILDINGS3D_3-0_1129-33.gdb/a0000000b.gdbtable","path":"/vsizip//Users/wulf/Downloads/swissbuildings3d_3_0_2024_1129-33_2056_5728.gdb.zip/swissBUILDINGS3D_3-0_1129-33.gdb/a0000000b.gdbtable|layername=Roof_solid"},"geometry":{"type":"Polygon","coordinates":[[[2641466.16991956718266,1218504.079526087734848,607.810794422621711],[2641467.083000000566244,1218498.118000000715256,607.529299999994691],[2641462.28999999910593,1218497.379999998956919,612.045899999997346],[2641457.620999999344349,1218496.662999998778105,607.729300000006333],[2641456.70337073225528,1218502.623810883844271,607.701769436001314],[2641448.653000000864267,1218501.385000001639128,608.121299999998882],[2641447.903999999165535,1218506.256000000983477,611.845900000000256],[2641447.153999999165535,1218511.127999998629093,608.121299999998882],[2641456.836684930603951,1218512.61812807014212,607.948276720227],[2641458.153999999165535,1218512.820999998599291,607.921300000001793],[2641460.732999999076128,1218513.217999998480082,607.971300000004703],[2641465.25899999961257,1218513.914000000804663,608.121299999998882],[2641466.00899999961257,1218509.041000001132488,612.045899999997346],[2641466.758000001311302,1218504.170000001788139,608.121299999998882],[2641466.16991956718266,1218504.079526087734848,607.810794422621711]]]}},
{"type":"Feature","properties":{"fid":113,"OBJECTID":1,"UUID":"{0241BDAF-FECA-476C-BB76-2B1614C5FEC1}","OBJEKTART":"Gebaeude Einzelhaus","NAME_KOMPLETT":null,"GEBAEUDE_NUTZUNG":null,"GRUND_AENDERUNG":"Verbessert","HERKUNFT":"swisstopo","HERKUNFT_JAHR":2024,"HERKUNFT_MONAT":6,"ORIGINAL_HERKUNFT":"swisstopo","ERSTELLUNG_JAHR":2024,"ERSTELLUNG_MONAT":6,"REVISION_JAHR":2024,"REVISION_MONAT":6,"DATUM_AENDERUNG":"2025-07-08T11:55:40Z","DATUM_ERSTELLUNG":"2025-07-08T11:55:40Z","DACH_MAX":571.05,"DACH_MIN":567.57,"EGID":187524,"GEBAEUDEEINHEIT":"{0161A195-33E8-41ED-A8F7-CD5593D4FBF9}","layer":"swissbuildings3d_3_0_2024_1129-33_2056_5728.gdb — swissBUILDINGS3D_3-0_1129-33.gdb/a0000000b.gdbtable","path":"/vsizip//Users/wulf/Downloads/swissbuildings3d_3_0_2024_1129-33_2056_5728.gdb.zip/swissBUILDINGS3D_3-0_1129-33.gdb/a0000000b.gdbtable|layername=Roof_solid"},"geometry":{"type":"Polygon","coordinates":[[[2641473.311000000685453,1218541.811999998986721,611.137000000002445],[2641472.159000001847744,1218541.642000000923872,610.937000000005355],[2641473.072000000625849,1218535.467000000178814,608.167300000000978],[2641465.627000000327826,1218534.36600000038743,608.167300000000978],[2641465.377000000327826,1218534.329,608.167300000000978],[2641465.104564112611115,1218536.172935557551682,608.00789455975837],[2641458.446416563354433,1218535.188576287124306,606.745735807419919],[2641458.552999999374151,1218534.4510000012815,605.03870000000461],[2641451.929000001400709,1218533.495000001043081,605.03870000000461],[2641451.090999998152256,1218539.293000001460314,605.03870000000461],[2641455.657004767563194,1218541.599887326592579,607.691611120575658],[2641454.427000001072884,1218549.916000001132488,607.541400000001886],[2641462.497000001370907,1218551.109999999403954,607.341400000004796],[2641462.771000001579523,1218549.254999998956919,608.167300000000978],[2641463.458999998867512,1218549.35700000077486,607.967399999994086],[2641472.00899999961257,1218550.620999999344349,607.967399999994086],[2641472.059029020369053,1218550.261379631701857,608.146681294897235],[2641472.296259320806712,1218548.647533357143402,608.805644318195391],[2641473.311000000685453,1218541.811999998986721,611.137000000002445]]]}},
{"type":"Feature","properties":{"fid":114,"OBJECTID":1,"UUID":"{0241BDAF-FECA-476C-BB76-2B1614C5FEC1}","OBJEKTART":"Gebaeude Einzelhaus","NAME_KOMPLETT":null,"GEBAEUDE_NUTZUNG":null,"GRUND_AENDERUNG":"Verbessert","HERKUNFT":"swisstopo","HERKUNFT_JAHR":2024,"HERKUNFT_MONAT":6,"ORIGINAL_HERKUNFT":"swisstopo","ERSTELLUNG_JAHR":2024,"ERSTELLUNG_MONAT":6,"REVISION_JAHR":2024,"REVISION_MONAT":6,"DATUM_AENDERUNG":"2025-07-08T11:55:40Z","DATUM_ERSTELLUNG":"2025-07-08T11:55:40Z","DACH_MAX":571.05,"DACH_MIN":567.57,"EGID":187524,"GEBAEUDEEINHEIT":"{0161A195-33E8-41ED-A8F7-CD5593D4FBF9}","layer":"swissbuildings3d_3_0_2024_1129-33_2056_5728.gdb — swissBUILDINGS3D_3-0_1129-33.gdb/a0000000b.gdbtable","path":"/vsizip//Users/wulf/Downloads/swissbuildings3d_3_0_2024_1129-33_2056_5728.gdb.zip/swissBUILDINGS3D_3-0_1129-33.gdb/a0000000b.gdbtable|layername=Roof_solid"},"geometry":{"type":"Polygon","coordinates":[[[2641481.870999999344349,1218583.155000001192093,605.728600000002189],[2641479.052002284210175,1218582.534989655716345,604.229191202059155],[2641479.149999998509884,1218582.090999998152256,602.859899999995832],[2641479.33036245033145,1218581.270630803890526,602.969713079251051],[2641479.633000001311302,1218579.896000001579523,603.009900000004563],[2641480.212999999523163,1218577.256000000983477,602.859899999995832],[2641465.791000001132488,1218574.083999998867512,603.059899999992922],[2641465.332435476593673,1218576.169173686997965,601.788549999997485],[2641458.697000000625849,1218574.743999999016523,600.517200000002049],[2641456.697000000625849,1218584.054999999701977,600.517200000002049],[2641463.286813438404351,1218585.470977509627119,601.788549999997485],[2641462.833999998867512,1218587.530000001192093,603.059899999992922],[2641477.254999998956919,1218590.703000001609325,603.059899999992922],[2641478.410000000149012,1218585.454999998211861,603.059899999992922],[2641477.556110676378012,1218585.267189468024299,605.387706996838006],[2641481.230000000447035,1218586.074999999254942,605.728600000002189],[2641481.870999999344349,1218583.155000001192093,605.728600000002189]]]}},
{"type":"Feature","properties":{"fid":115,"OBJECTID":1,"UUID":"{0241BDAF-FECA-476C-BB76-2B1614C5FEC1}","OBJEKTART":"Gebaeude Einzelhaus","NAME_KOMPLETT":null,"GEBAEUDE_NUTZUNG":null,"GRUND_AENDERUNG":"Verbessert","HERKUNFT":"swisstopo","HERKUNFT_JAHR":2024,"HERKUNFT_MONAT":6,"ORIGINAL_HERKUNFT":"swisstopo","ERSTELLUNG_JAHR":2024,"ERSTELLUNG_MONAT":6,"REVISION_JAHR":2024,"REVISION_MONAT":6,"DATUM_AENDERUNG":"2025-07-08T11:55:40Z","DATUM_ERSTELLUNG":"2025-07-08T11:55:40Z","DACH_MAX":571.05,"DACH_MIN":567.57,"EGID":187524,"GEBAEUDEEINHEIT":"{0161A195-33E8-41ED-A8F7-CD5593D4FBF9}","layer":"swissbuildings3d_3_0_2024_1129-33_2056_5728.gdb — swissBUILDINGS3D_3-0_1129-33.gdb/a0000000b.gdbtable","path":"/vsizip//Users/wulf/Downloads/swissbuildings3d_3_0_2024_1129-33_2056_5728.gdb.zip/swissBUILDINGS3D_3-0_1129-33.gdb/a0000000b.gdbtable|layername=Roof_solid"},"geometry":{"type":"Polygon","coordinates":[[[2641477.092999998480082,1218614.221000000834465,599.744300000005751],[2641478.096000000834465,1218607.824999999254942,599.744300000005751],[2641464.668999999761581,1218605.717999998480082,599.544299999994109],[2641464.563647199887782,1218606.388512034201995,600.814307990904354],[2641455.353000000119209,1218604.943,602.68399999999383],[2641454.545000001788139,1218610.08500000089407,604.253800000005867],[2641453.660999998450279,1218615.715999998152256,602.68399999999383],[2641470.407999999821186,1218618.344000000506639,602.883900000000722],[2641470.467999998480082,1218617.964000001549721,602.939899999997579],[2641470.57114046253264,1218617.301322521176189,603.0551449796219],[2641471.198778154328465,1218613.296122102532536,602.010306730320508],[2641477.092999998480082,1218614.221000000834465,599.744300000005751]]]}},
{"type":"Feature","properties":{"fid":116,"OBJECTID":1,"UUID":"{0241BDAF-FECA-476C-BB76-2B1614C5FEC1}","OBJEKTART":"Gebaeude Einzelhaus","NAME_KOMPLETT":null,"GEBAEUDE_NUTZUNG":null,"GRUND_AENDERUNG":"Verbessert","HERKUNFT":"swisstopo","HERKUNFT_JAHR":2024,"HERKUNFT_MONAT":6,"ORIGINAL_HERKUNFT":"swisstopo","ERSTELLUNG_JAHR":2024,"ERSTELLUNG_MONAT":6,"REVISION_JAHR":2024,"REVISION_MONAT":6,"DATUM_AENDERUNG":"2025-07-08T11:55:40Z","DATUM_ERSTELLUNG":"2025-07-08T11:55:40Z","DACH_MAX":571.05,"DACH_MIN":567.57,"EGID":187524,"GEBAEUDEEINHEIT":"{0161A195-33E8-41ED-A8F7-CD5593D4FBF9}","layer":"swissbuildings3d_3_0_2024_1129-33_2056_5728.gdb — swissBUILDINGS3D_3-0_1129-33.gdb/a0000000b.gdbtable","path":"/vsizip//Users/wulf/Downloads/swissbuildings3d_3_0_2024_1129-33_2056_5728.gdb.zip/swissBUILDINGS3D_3-0_1129-33.gdb/a0000000b.gdbtable|layername=Roof_solid"},"geometry":{"type":"Polygon","coordinates":[[[2641469.918605039361864,1218727.415372564923018,583.647846263573456],[2641466.741999998688698,1218722.368999999016523,582.045199999993201],[2641463.93299999833107,1218724.136999998241663,582.245200000004843],[2641467.109900291543454,1218729.183841604040936,583.615505564755381],[2641466.745999999344349,1218729.412999998778105,585.267900000006193],[2641466.681000001728535,1218729.454,585.267900000006193],[2641470.993999999016523,1218736.306000001728535,585.170899999997346],[2641480.243000000715256,1218730.484000001102686,585.170899999997346],[2641475.929000001400709,1218723.631999999284744,585.267800000001444],[2641475.615235864184797,1218723.82959540723823,585.165178266223393],[2641469.918605039361864,1218727.415372564923018,583.647846263573456]]]}},
{"type":"Feature","properties":{"fid":117,"OBJECTID":1,"UUID":"{0241BDAF-FECA-476C-BB76-2B1614C5FEC1}","OBJEKTART":"Gebaeude Einzelhaus","NAME_KOMPLETT":null,"GEBAEUDE_NUTZUNG":null,"GRUND_AENDERUNG":"Verbessert","HERKUNFT":"swisstopo","HERKUNFT_JAHR":2024,"HERKUNFT_MONAT":6,"ORIGINAL_HERKUNFT":"swisstopo","ERSTELLUNG_JAHR":2024,"ERSTELLUNG_MONAT":6,"REVISION_JAHR":2024,"REVISION_MONAT":6,"DATUM_AENDERUNG":"2025-07-08T11:55:40Z","DATUM_ERSTELLUNG":"2025-07-08T11:55:40Z","DACH_MAX":571.05,"DACH_MIN":567.57,"EGID":187524,"GEBAEUDEEINHEIT":"{0161A195-33E8-41ED-A8F7-CD5593D4FBF9}","layer":"swissbuildings3d_3_0_2024_1129-33_2056_5728.gdb — swissBUILDINGS3D_3-0_1129-33.gdb/a0000000b.gdbtable","path":"/vsizip//Users/wulf/Downloads/swissbuildings3d_3_0_2024_1129-33_2056_5728.gdb.zip/swissBUILDINGS3D_3-0_1129-33.gdb/a0000000b.gdbtable|layername=Roof_solid"},"geometry":{"type":"Polygon","coordinates":[[[2641452.958999998867512,1218773.41499999910593,575.936900000000605],[2641456.853000000119209,1218773.780000001192093,578.143599999995786],[2641458.495000001043081,1218773.934000000357628,579.074500000002445],[2641459.868999999016523,1218774.063000001013279,578.140599999998813],[2641460.758000001311302,1218774.146000001579523,577.782699999996112],[2641463.989999998360872,1218774.447999998927116,575.936900000000605],[2641464.870000001043081,1218765.043999999761581,575.936799999995856],[2641464.449399240780622,1218765.004657180747017,575.861686133061085],[2641464.706000000238419,1218761.594999998807907,575.710900000005495],[2641458.703000001609325,1218761.144000001251698,575.710900000005495],[2641458.455015352461487,1218764.443751440150663,576.242494918619514],[2641453.839000001549721,1218764.011,575.936900000000605],[2641452.958999998867512,1218773.41499999910593,575.936900000000605]]]}},
{"type":"Feature","properties":{"fid":118,"OBJECTID":1,"UUID":"{0241BDAF-FECA-476C-BB76-2B1614C5FEC1}","OBJEKTART":"Gebaeude Einzelhaus","NAME_KOMPLETT":null,"GEBAEUDE_NUTZUNG":null,"GRUND_AENDERUNG":"Verbessert","HERKUNFT":"swisstopo","HERKUNFT_JAHR":2024,"HERKUNFT_MONAT":6,"ORIGINAL_HERKUNFT":"swisstopo","ERSTELLUNG_JAHR":2024,"ERSTELLUNG_MONAT":6,"REVISION_JAHR":2024,"REVISION_MONAT":6,"DATUM_AENDERUNG":"2025-07-08T11:55:40Z","DATUM_ERSTELLUNG":"2025-07-08T11:55:40Z","DACH_MAX":571.05,"DACH_MIN":567.57,"EGID":187524,"GEBAEUDEEINHEIT":"{0161A195-33E8-41ED-A8F7-CD5593D4FBF9}","layer":"swissbuildings3d_3_0_2024_1129-33_2056_5728.gdb — swissBUILDINGS3D_3-0_1129-33.gdb/a0000000b.gdbtable","path":"/vsizip//Users/wulf/Downloads/swissbuildings3d_3_0_2024_1129-33_2056_5728.gdb.zip/swissBUILDINGS3D_3-0_1129-33.gdb/a0000000b.gdbtable|layername=Roof_solid"},"geometry":{"type":"Polygon","coordinates":[[[2641465.544247765559703,1218829.333127797581255,574.187972859110005],[2641465.015999998897314,1218830.412999998778105,573.835099999996601],[2641471.80799999833107,1218833.734000001102686,573.835099999996601],[2641475.059999998658895,1218827.083000000566244,577.523700000005192],[2641478.313999999314547,1218820.429999999701977,573.635099999999511],[2641473.590602164156735,1218818.120277949143201,573.850464736646927],[2641472.858535403385758,1218817.761934345820919,573.864449111603449],[2641473.386,1218816.68299999833107,573.8701],[2641467.678018660284579,1218813.891042310278863,574.166413845502007],[2641467.646265718154609,1218813.875499062240124,574.280630137351295],[2641468.048000000417233,1218813.054000001400709,574.263099999996484],[2641461.258000001311302,1218809.732999999076128,574.263099999996484],[2641458.004000000655651,1218816.385000001639128,577.951700000005076],[2641454.75,1218823.037999998778105,574.463099999993574],[2641460.49008072167635,1218825.845212699379772,574.431096609361248],[2641460.089000001549721,1218826.66499999910593,574.070099999997183],[2641464.64324607513845,1218828.892445667181164,574.071029271634302],[2641464.811999998986721,1218828.975000001490116,573.920100000003004],[2641465.544247765559703,1218829.333127797581255,574.187972859110005]]]}},
{"type":"Feature","properties":{"fid":119,"OBJECTID":1,"UUID":"{0241BDAF-FECA-476C-BB76-2B1614C5FEC1}","OBJEKTART":"Gebaeude Einzelhaus","NAME_KOMPLETT":null,"GEBAEUDE_NUTZUNG":null,"GRUND_AENDERUNG":"Verbessert","HERKUNFT":"swisstopo","HERKUNFT_JAHR":2024,"HERKUNFT_MONAT":6,"ORIGINAL_HERKUNFT":"swisstopo","ERSTELLUNG_JAHR":2024,"ERSTELLUNG_MONAT":6,"REVISION_JAHR":2024,"REVISION_MONAT":6,"DATUM_AENDERUNG":"2025-07-08T11:55:40Z","DATUM_ERSTELLUNG":"2025-07-08T11:55:40Z","DACH_MAX":571.05,"DACH_MIN":567.57,"EGID":187524,"GEBAEUDEEINHEIT":"{0161A195-33E8-41ED-A8F7-CD5593D4FBF9}","layer":"swissbuildings3d_3_0_2024_1129-33_2056_5728.gdb — swissBUILDINGS3D_3-0_1129-33.gdb/a0000000b.gdbtable","path":"/vsizip//Users/wulf/Downloads/swissbuildings3d_3_0_2024_1129-33_2056_5728.gdb.zip/swissBUILDINGS3D_3-0_1129-33.gdb/a0000000b.gdbtable|layername=Roof_solid"},"geometry":{"type":"Polygon","coordinates":[[[2641471.162954383995384,1218469.704036708921194,614.051960372047574],[2641470.719999998807907,1218478.421,615.691500000000815],[2641479.568999998271465,1218478.866999998688698,615.691500000000815],[2641479.596000000834465,1218478.872000001370907,615.691500000000815],[2641480.160000000149012,1218467.864,615.691500000000815],[2641480.157999999821186,1218467.833000000566244,615.691500000000815],[2641479.735354000236839,1218467.811479668132961,614.104923145016983],[2641479.809000000357628,1218466.368999999016523,612.400800000003073],[2641470.412000000476837,1218465.892000000923872,612.600800000000163],[2641470.221999999135733,1218469.655999999493361,612.400800000003073],[2641471.162954383995384,1218469.704036708921194,614.051960372047574]]]}},
{"type":"Feature","properties":{"fid":120,"OBJECTID":1,"UUID":"{0241BDAF-FECA-476C-BB76-2B1614C5FEC1}","OBJEKTART":"Gebaeude Einzelhaus","NAME_KOMPLETT":null,"GEBAEUDE_NUTZUNG":null,"GRUND_AENDERUNG":"Verbessert","HERKUNFT":"swisstopo","HERKUNFT_JAHR":2024,"HERKUNFT_MONAT":6,"ORIGINAL_HERKUNFT":"swisstopo","ERSTELLUNG_JAHR":2024,"ERSTELLUNG_MONAT":6,"REVISION_JAHR":2024,"REVISION_MONAT":6,"DATUM_AENDERUNG":"2025-07-08T11:55:40Z","DATUM_ERSTELLUNG":"2025-07-08T11:55:40Z","DACH_MAX":571.05,"DACH_MIN":567.57,"EGID":187524,"GEBAEUDEEINHEIT":"{0161A195-33E8-41ED-A8F7-CD5593D4FBF9}","layer":"swissbuildings3d_3_0_2024_1129-33_2056_5728.gdb — swissBUILDINGS3D_3-0_1129-33.gdb/a0000000b.gdbtable","path":"/vsizip//Users/wulf/Downloads/swissbuildings3d_3_0_2024_1129-33_2056_5728.gdb.zip/swissBUILDINGS3D_3-0_1129-33.gdb/a0000000b.gdbtable|layername=Roof_solid"},"geometry":{"type":"Polygon","coordinates":[[[2641479.622000001370907,1218504.164000000804663,608.941200000001118],[2641479.595651450101286,1218505.157372502610087,609.037227408053809],[2641479.526999998837709,1218507.736000001430511,609.118199999997159],[2641479.388999998569489,1218512.958000000566244,609.141199999998207],[2641495.859000001102686,1218513.394999999552965,609.141199999998207],[2641496.136,1218502.953000001609325,609.141199999998207],[2641494.825038011651486,1218502.917868439108133,609.328071731685213],[2641495.028999999165535,1218495.225999999791384,609.456099999995786],[2641486.467999998480082,1218494.999000001698732,609.256099999998696],[2641486.361000001430511,1218498.995999999344349,609.406099999992875],[2641486.301943446975201,1218501.222877754829824,609.344344235657445],[2641486.285613592714071,1218501.837288563139737,609.262410594461926],[2641486.262923644855618,1218502.690997907659039,609.071470996349262],[2641485.897999998182058,1218502.681000001728535,608.941200000001118],[2641479.666000001132488,1218502.515000000596046,608.941200000001118],[2641479.622000001370907,1218504.164000000804663,608.941200000001118]]]}},
{"type":"Feature","properties":{"fid":121,"OBJECTID":1,"UUID":"{0241BDAF-FECA-476C-BB76-2B1614C5FEC1}","OBJEKTART":"Gebaeude Einzelhaus","NAME_KOMPLETT":null,"GEBAEUDE_NUTZUNG":null,"GRUND_AENDERUNG":"Verbessert","HERKUNFT":"swisstopo","HERKUNFT_JAHR":2024,"HERKUNFT_MONAT":6,"ORIGINAL_HERKUNFT":"swisstopo","ERSTELLUNG_JAHR":2024,"ERSTELLUNG_MONAT":6,"REVISION_JAHR":2024,"REVISION_MONAT":6,"DATUM_AENDERUNG":"2025-07-08T11:55:40Z","DATUM_ERSTELLUNG":"2025-07-08T11:55:40Z","DACH_MAX":571.05,"DACH_MIN":567.57,"EGID":187524,"GEBAEUDEEINHEIT":"{0161A195-33E8-41ED-A8F7-CD5593D4FBF9}","layer":"swissbuildings3d_3_0_2024_1129-33_2056_5728.gdb — swissBUILDINGS3D_3-0_1129-33.gdb/a0000000b.gdbtable","path":"/vsizip//Users/wulf/Downloads/swissbuildings3d_3_0_2024_1129-33_2056_5728.gdb.zip/swissBUILDINGS3D_3-0_1129-33.gdb/a0000000b.gdbtable|layername=Roof_solid"},"geometry":{"type":"Polygon","coordinates":[[[2641473.004999998956919,1218646.840999998152256,601.03519999999844],[2641471.289000000804663,1218654.440000001341105,599.047399999995832],[2641488.421,1218658.309999998658895,599.047399999995832],[2641490.138000000268221,1218650.71000000089407,601.235100000005332],[2641490.761,1218647.945999998599291,599.247300000002724],[2641473.629000000655651,1218644.078000001609325,599.047399999995832],[2641473.004999998956919,1218646.840999998152256,601.03519999999844]]]}},
{"type":"Feature","properties":{"fid":122,"OBJECTID":1,"UUID":"{0241BDAF-FECA-476C-BB76-2B1614C5FEC1}","OBJEKTART":"Gebaeude Einzelhaus","NAME_KOMPLETT":null,"GEBAEUDE_NUTZUNG":null,"GRUND_AENDERUNG":"Verbessert","HERKUNFT":"swisstopo","HERKUNFT_JAHR":2024,"HERKUNFT_MONAT":6,"ORIGINAL_HERKUNFT":"swisstopo","ERSTELLUNG_JAHR":2024,"ERSTELLUNG_MONAT":6,"REVISION_JAHR":2024,"REVISION_MONAT":6,"DATUM_AENDERUNG":"2025-07-08T11:55:40Z","DATUM_ERSTELLUNG":"2025-07-08T11:55:40Z","DACH_MAX":571.05,"DACH_MIN":567.57,"EGID":187524,"GEBAEUDEEINHEIT":"{0161A195-33E8-41ED-A8F7-CD5593D4FBF9}","layer":"swissbuildings3d_3_0_2024_1129-33_2056_5728.gdb — swissBUILDINGS3D_3-0_1129-33.gdb/a0000000b.gdbtable","path":"/vsizip//Users/wulf/Downloads/swissbuildings3d_3_0_2024_1129-33_2056_5728.gdb.zip/swissBUILDINGS3D_3-0_1129-33.gdb/a0000000b.gdbtable|layername=Roof_solid"},"geometry":{"type":"Polygon","coordinates":[[[2641487.291000001132488,1218696.131000000983477,596.543699999994715],[2641489.875,1218688.993000000715256,596.343699999997625],[2641489.874559018295258,1218688.992833324475214,599.988190649099238],[2641490.75899999961257,1218686.5489999987185,605.398700000005192],[2641493.08500000089407,1218680.120000001043081,601.489100000006147],[2641475.46000000089407,1218673.741999998688698,601.489100000006147],[2641473.133000001311302,1218680.171999998390675,605.398700000005192],[2641471.375,1218685.030000001192093,601.489199999996345],[2641480.422971830703318,1218688.304512416943908,598.916449999996985],[2641478.714000001549721,1218692.828000001609325,596.343699999997625],[2641486.057,1218699.399000000208616,596.543699999994715],[2641487.291000001132488,1218696.131000000983477,596.543699999994715]]]}},
{"type":"Feature","properties":{"fid":123,"OBJECTID":1,"UUID":"{0241BDAF-FECA-476C-BB76-2B1614C5FEC1}","OBJEKTART":"Gebaeude Einzelhaus","NAME_KOMPLETT":null,"GEBAEUDE_NUTZUNG":null,"GRUND_AENDERUNG":"Verbessert","HERKUNFT":"swisstopo","HERKUNFT_JAHR":2024,"HERKUNFT_MONAT":6,"ORIGINAL_HERKUNFT":"swisstopo","ERSTELLUNG_JAHR":2024,"ERSTELLUNG_MONAT":6,"REVISION_JAHR":2024,"REVISION_MONAT":6,"DATUM_AENDERUNG":"2025-07-08T11:55:40Z","DATUM_ERSTELLUNG":"2025-07-08T11:55:40Z","DACH_MAX":571.05,"DACH_MIN":567.57,"EGID":187524,"GEBAEUDEEINHEIT":"{0161A195-33E8-41ED-A8F7-CD5593D4FBF9}","layer":"swissbuildings3d_3_0_2024_1129-33_2056_5728.gdb — swissBUILDINGS3D_3-0_1129-33.gdb/a0000000b.gdbtable","path":"/vsizip//Users/wulf/Downloads/swissbuildings3d_3_0_2024_1129-33_2056_5728.gdb.zip/swissBUILDINGS3D_3-0_1129-33.gdb/a0000000b.gdbtable|layername=Roof_solid"},"geometry":{"type":"Polygon","coordinates":[[[2641487.847918371669948,1218752.40487049263902,581.952698037751816],[2641491.695000000298023,1218749.973999999463558,584.585900000005495],[2641486.272999998182058,1218741.394000001251698,584.68289999999979],[2641486.225999999791384,1218741.4239999987185,584.532900000005611],[2641484.131999999284744,1218742.747000001370907,584.63289999999688],[2641482.424804260954261,1218743.82569045946002,581.848314718192455],[2641481.822999998927116,1218742.874000001698732,578.87149999999383],[2641480.017000000923872,1218740.01799999922514,578.931500000006054],[2641479.977000001817942,1218739.949000000953674,578.729500000001281],[2641473.64299999922514,1218743.9510000012815,578.729500000001281],[2641473.688000001013279,1218744.021999999880791,578.731499999994412],[2641473.954,1218744.443999998271465,578.744500000000698],[2641479.024999998509884,1218752.469000000506639,579.146500000002561],[2641481.418999999761581,1218756.256000000983477,579.314499999993131],[2641481.513999998569489,1218756.407000001519918,579.319499999997788],[2641483.129984417464584,1218755.38597542908974,581.952305113635475],[2641483.129999998956919,1218755.386,584.585900000005495],[2641483.883459548931569,1218754.90990857151337,581.952700000001641],[2641487.848000001162291,1218752.405000001192093,579.319499999997788],[2641487.847918371669948,1218752.40487049263902,581.952698037751816]]]}},
{"type":"Feature","properties":{"fid":124,"OBJECTID":1,"UUID":"{0241BDAF-FECA-476C-BB76-2B1614C5FEC1}","OBJEKTART":"Gebaeude Einzelhaus","NAME_KOMPLETT":null,"GEBAEUDE_NUTZUNG":null,"GRUND_AENDERUNG":"Verbessert","HERKUNFT":"swisstopo","HERKUNFT_JAHR":2024,"HERKUNFT_MONAT":6,"ORIGINAL_HERKUNFT":"swisstopo","ERSTELLUNG_JAHR":2024,"ERSTELLUNG_MONAT":6,"REVISION_JAHR":2024,"REVISION_MONAT":6,"DATUM_AENDERUNG":"2025-07-08T11:55:40Z","DATUM_ERSTELLUNG":"2025-07-08T11:55:40Z","DACH_MAX":571.05,"DACH_MIN":567.57,"EGID":187524,"GEBAEUDEEINHEIT":"{0161A195-33E8-41ED-A8F7-CD5593D4FBF9}","layer":"swissbuildings3d_3_0_2024_1129-33_2056_5728.gdb — swissBUILDINGS3D_3-0_1129-33.gdb/a0000000b.gdbtable","path":"/vsizip//Users/wulf/Downloads/swissbuildings3d_3_0_2024_1129-33_2056_5728.gdb.zip/swissBUILDINGS3D_3-0_1129-33.gdb/a0000000b.gdbtable|layername=Roof_solid"},"geometry":{"type":"Polygon","coordinates":[[[2641468.219999998807907,1218772.524000000208616,575.421900000001187],[2641467.539000000804663,1218781.530999999493361,575.621899999998277],[2641473.322999998927116,1218781.967999998480082,574.615000000005239],[2641474.004000000655651,1218772.962000001221895,574.615000000005239],[2641468.219999998807907,1218772.524000000208616,575.421900000001187]]]}},
{"type":"Feature","properties":{"fid":125,"OBJECTID":1,"UUID":"{0241BDAF-FECA-476C-BB76-2B1614C5FEC1}","OBJEKTART":"Gebaeude Einzelhaus","NAME_KOMPLETT":null,"GEBAEUDE_NUTZUNG":null,"GRUND_AENDERUNG":"Verbessert","HERKUNFT":"swisstopo","HERKUNFT_JAHR":2024,"HERKUNFT_MONAT":6,"ORIGINAL_HERKUNFT":"swisstopo","ERSTELLUNG_JAHR":2024,"ERSTELLUNG_MONAT":6,"REVISION_JAHR":2024,"REVISION_MONAT":6,"DATUM_AENDERUNG":"2025-07-08T11:55:40Z","DATUM_ERSTELLUNG":"2025-07-08T11:55:40Z","DACH_MAX":571.05,"DACH_MIN":567.57,"EGID":187524,"GEBAEUDEEINHEIT":"{0161A195-33E8-41ED-A8F7-CD5593D4FBF9}","layer":"swissbuildings3d_3_0_2024_1129-33_2056_5728.gdb — swissBUILDINGS3D_3-0_1129-33.gdb/a0000000b.gdbtable","path":"/vsizip//Users/wulf/Downloads/swissbuildings3d_3_0_2024_1129-33_2056_5728.gdb.zip/swissBUILDINGS3D_3-0_1129-33.gdb/a0000000b.gdbtable|layername=Roof_solid"},"geometry":{"type":"Polygon","coordinates":[[[2641494.397999998182058,1218840.888999998569489,574.73399999999674],[2641503.741999998688698,1218842.129999998956919,574.93399999999383],[2641504.478000000119209,1218836.589999999850988,577.008799999995972],[2641505.140000000596046,1218831.596999999135733,574.73399999999674],[2641504.46000000089407,1218831.506999999284744,574.73399999999674],[2641504.749000001698732,1218829.329999998211861,574.724000000001979],[2641500.006000000983477,1218828.699999999254942,574.724000000001979],[2641499.717000000178814,1218830.877000000327826,574.73399999999674],[2641488.521999999880791,1218829.390999998897314,574.93399999999383],[2641488.811000000685453,1218827.214000001549721,574.452999999994063],[2641484.076999999582767,1218826.58500000089407,574.452999999994063],[2641483.787999998778105,1218828.761999998241663,574.93399999999383],[2641483.162000000476837,1218828.679000001400709,574.73399999999674],[2641482.499000001698732,1218833.671,577.008799999995972],[2641481.763000000268221,1218839.210999999195337,574.93399999999383],[2641487.258000001311302,1218839.940999999642372,574.783999999999651],[2641491.131999999284744,1218840.454999998211861,574.93399999999383],[2641494.397999998182058,1218840.888999998569489,574.73399999999674]]]}},
{"type":"Feature","properties":{"fid":126,"OBJECTID":1,"UUID":"{0241BDAF-FECA-476C-BB76-2B1614C5FEC1}","OBJEKTART":"Gebaeude Einzelhaus","NAME_KOMPLETT":null,"GEBAEUDE_NUTZUNG":null,"GRUND_AENDERUNG":"Verbessert","HERKUNFT":"swisstopo","HERKUNFT_JAHR":2024,"HERKUNFT_MONAT":6,"ORIGINAL_HERKUNFT":"swisstopo","ERSTELLUNG_JAHR":2024,"ERSTELLUNG_MONAT":6,"REVISION_JAHR":2024,"REVISION_MONAT":6,"DATUM_AENDERUNG":"2025-07-08T11:55:40Z","DATUM_ERSTELLUNG":"2025-07-08T11:55:40Z","DACH_MAX":571.05,"DACH_MIN":567.57,"EGID":187524,"GEBAEUDEEINHEIT":"{0161A195-33E8-41ED-A8F7-CD5593D4FBF9}","layer":"swissbuildings3d_3_0_2024_1129-33_2056_5728.gdb — swissBUILDINGS3D_3-0_1129-33.gdb/a0000000b.gdbtable","path":"/vsizip//Users/wulf/Downloads/swissbuildings3d_3_0_2024_1129-33_2056_5728.gdb.zip/swissBUILDINGS3D_3-0_1129-33.gdb/a0000000b.gdbtable|layername=Roof_solid"},"geometry":{"type":"Polygon","coordinates":[[[2641489.204075413290411,1218855.31,576.088999173591901],[2641489.004000000655651,1218855.017000000923872,576.122900000002119],[2641486.765000000596046,1218854.690000001341105,576.122900000002119],[2641486.012621620669961,1218855.31,576.196629729735946],[2641489.204075413290411,1218855.31,576.088999173591901]]]}},
{"type":"Feature","properties":{"fid":127,"OBJECTID":1,"UUID":"{0241BDAF-FECA-476C-BB76-2B1614C5FEC1}","OBJEKTART":"Gebaeude Einzelhaus","NAME_KOMPLETT":null,"GEBAEUDE_NUTZUNG":null,"GRUND_AENDERUNG":"Verbessert","HERKUNFT":"swisstopo","HERKUNFT_JAHR":2024,"HERKUNFT_MONAT":6,"ORIGINAL_HERKUNFT":"swisstopo","ERSTELLUNG_JAHR":2024,"ERSTELLUNG_MONAT":6,"REVISION_JAHR":2024,"REVISION_MONAT":6,"DATUM_AENDERUNG":"2025-07-08T11:55:40Z","DATUM_ERSTELLUNG":"2025-07-08T11:55:40Z","DACH_MAX":571.05,"DACH_MIN":567.57,"EGID":187524,"GEBAEUDEEINHEIT":"{0161A195-33E8-41ED-A8F7-CD5593D4FBF9}","layer":"swissbuildings3d_3_0_2024_1129-33_2056_5728.gdb — swissBUILDINGS3D_3-0_1129-33.gdb/a0000000b.gdbtable","path":"/vsizip//Users/wulf/Downloads/swissbuildings3d_3_0_2024_1129-33_2056_5728.gdb.zip/swissBUILDINGS3D_3-0_1129-33.gdb/a0000000b.gdbtable|layername=Roof_solid"},"geometry":{"type":"Polygon","coordinates":[[[2641513.131000000983477,1218385.28999999910593,621.077799999999115],[2641500.129999998956919,1218385.074999999254942,621.077799999999115],[2641500.0489999987185,1218389.938999999314547,620.877800000002026],[2641513.050000000745058,1218390.155000001192093,621.077799999999115],[2641513.131000000983477,1218385.28999999910593,621.077799999999115]]]}},
{"type":"Feature","properties":{"fid":128,"OBJECTID":1,"UUID":"{0241BDAF-FECA-476C-BB76-2B1614C5FEC1}","OBJEKTART":"Gebaeude Einzelhaus","NAME_KOMPLETT":null,"GEBAEUDE_NUTZUNG":null,"GRUND_AENDERUNG":"Verbessert","HERKUNFT":"swisstopo","HERKUNFT_JAHR":2024,"HERKUNFT_MONAT":6,"ORIGINAL_HERKUNFT":"swisstopo","ERSTELLUNG_JAHR":2024,"ERSTELLUNG_MONAT":6,"REVISION_JAHR":2024,"REVISION_MONAT":6,"DATUM_AENDERUNG":"2025-07-08T11:55:40Z","DATUM_ERSTELLUNG":"2025-07-08T11:55:40Z","DACH_MAX":571.05,"DACH_MIN":567.57,"EGID":187524,"GEBAEUDEEINHEIT":"{0161A195-33E8-41ED-A8F7-CD5593D4FBF9}","layer":"swissbuildings3d_3_0_2024_1129-33_2056_5728.gdb — swissBUILDINGS3D_3-0_1129-33.gdb/a0000000b.gdbtable","path":"/vsizip//Users/wulf/Downloads/swissbuildings3d_3_0_2024_1129-33_2056_5728.gdb.zip/swissBUILDINGS3D_3-0_1129-33.gdb/a0000000b.gdbtable|layername=Roof_solid"},"geometry":{"type":"Polygon","coordinates":[[[2641494.837000001221895,1218401.81700000166893,621.057799999995041],[2641494.506999999284744,1218408.107999999076128,621.257800000006682],[2641500.947999998927116,1218408.447000000625849,621.257800000006682],[2641501.278000000864267,1218402.155000001192093,621.057799999995041],[2641494.837000001221895,1218401.81700000166893,621.057799999995041]]]}},
{"type":"Feature","properties":{"fid":129,"OBJECTID":1,"UUID":"{0241BDAF-FECA-476C-BB76-2B1614C5FEC1}","OBJEKTART":"Gebaeude Einzelhaus","NAME_KOMPLETT":null,"GEBAEUDE_NUTZUNG":null,"GRUND_AENDERUNG":"Verbessert","HERKUNFT":"swisstopo","HERKUNFT_JAHR":2024,"HERKUNFT_MONAT":6,"ORIGINAL_HERKUNFT":"swisstopo","ERSTELLUNG_JAHR":2024,"ERSTELLUNG_MONAT":6,"REVISION_JAHR":2024,"REVISION_MONAT":6,"DATUM_AENDERUNG":"2025-07-08T11:55:40Z","DATUM_ERSTELLUNG":"2025-07-08T11:55:40Z","DACH_MAX":571.05,"DACH_MIN":567.57,"EGID":187524,"GEBAEUDEEINHEIT":"{0161A195-33E8-41ED-A8F7-CD5593D4FBF9}","layer":"swissbuildings3d_3_0_2024_1129-33_2056_5728.gdb — swissBUILDINGS3D_3-0_1129-33.gdb/a0000000b.gdbtable","path":"/vsizip//Users/wulf/Downloads/swissbuildings3d_3_0_2024_1129-33_2056_5728.gdb.zip/swissBUILDINGS3D_3-0_1129-33.gdb/a0000000b.gdbtable|layername=Roof_solid"},"geometry":{"type":"Polygon","coordinates":[[[2641488.147999998182058,1218418.796999998390675,623.699600000007194],[2641500.743999999016523,1218419.458000000566244,623.699600000007194],[2641501.23200000077486,1218410.151999998837709,623.899600000004284],[2641488.636999998241663,1218409.49100000038743,623.899600000004284],[2641488.147999998182058,1218418.796999998390675,623.699600000007194]]]}},
{"type":"Feature","properties":{"fid":130,"OBJECTID":1,"UUID":"{0241BDAF-FECA-476C-BB76-2B1614C5FEC1}","OBJEKTART":"Gebaeude Einzelhaus","NAME_KOMPLETT":null,"GEBAEUDE_NUTZUNG":null,"GRUND_AENDERUNG":"Verbessert","HERKUNFT":"swisstopo","HERKUNFT_JAHR":2024,"HERKUNFT_MONAT":6,"ORIGINAL_HERKUNFT":"swisstopo","ERSTELLUNG_JAHR":2024,"ERSTELLUNG_MONAT":6,"REVISION_JAHR":2024,"REVISION_MONAT":6,"DATUM_AENDERUNG":"2025-07-08T11:55:40Z","DATUM_ERSTELLUNG":"2025-07-08T11:55:40Z","DACH_MAX":571.05,"DACH_MIN":567.57,"EGID":187524,"GEBAEUDEEINHEIT":"{0161A195-33E8-41ED-A8F7-CD5593D4FBF9}","layer":"swissbuildings3d_3_0_2024_1129-33_2056_5728.gdb — swissBUILDINGS3D_3-0_1129-33.gdb/a0000000b.gdbtable","path":"/vsizip//Users/wulf/Downloads/swissbuildings3d_3_0_2024_1129-33_2056_5728.gdb.zip/swissBUILDINGS3D_3-0_1129-33.gdb/a0000000b.gdbtable|layername=Roof_solid"},"geometry":{"type":"Polygon","coordinates":[[[2641495.364,1218468.725999999791384,612.600800000000163],[2641495.462000001221895,1218466.151999998837709,612.400800000003073],[2641490.324999999254942,1218465.956999998539686,612.600800000000163],[2641490.144999999552965,1218470.719000000506639,612.400800000003073],[2641491.042223083786666,1218470.753432904137298,614.190150000002177],[2641490.539000000804663,1218479.534000001847744,615.779500000004191],[2641499.375,1218480.034000001847744,615.779500000004191],[2641500.000999998301268,1218468.989,615.779399999999441],[2641491.171999998390675,1218468.489,615.779500000004191],[2641495.364,1218468.725999999791384,612.600800000000163]]]}},
{"type":"Feature","properties":{"fid":131,"OBJECTID":1,"UUID":"{0241BDAF-FECA-476C-BB76-2B1614C5FEC1}","OBJEKTART":"Gebaeude Einzelhaus","NAME_KOMPLETT":null,"GEBAEUDE_NUTZUNG":null,"GRUND_AENDERUNG":"Verbessert","HERKUNFT":"swisstopo","HERKUNFT_JAHR":2024,"HERKUNFT_MONAT":6,"ORIGINAL_HERKUNFT":"swisstopo","ERSTELLUNG_JAHR":2024,"ERSTELLUNG_MONAT":6,"REVISION_JAHR":2024,"REVISION_MONAT":6,"DATUM_AENDERUNG":"2025-07-08T11:55:40Z","DATUM_ERSTELLUNG":"2025-07-08T11:55:40Z","DACH_MAX":571.05,"DACH_MIN":567.57,"EGID":187524,"GEBAEUDEEINHEIT":"{0161A195-33E8-41ED-A8F7-CD5593D4FBF9}","layer":"swissbuildings3d_3_0_2024_1129-33_2056_5728.gdb — swissBUILDINGS3D_3-0_1129-33.gdb/a0000000b.gdbtable","path":"/vsizip//Users/wulf/Downloads/swissbuildings3d_3_0_2024_1129-33_2056_5728.gdb.zip/swissBUILDINGS3D_3-0_1129-33.gdb/a0000000b.gdbtable|layername=Roof_solid"},"geometry":{"type":"Polygon","coordinates":[[[2641511.223999999463558,1218542.26799999922514,606.205499999996391],[2641503.074999999254942,1218541.138000000268221,606.005499999999302],[2641502.721000000834465,1218541.089000001549721,606.205499999996391],[2641502.405329258181155,1218543.365052407141775,606.779243832079487],[2641491.679999999701977,1218541.877999998629093,606.284499999994296],[2641490.625,1218549.484000001102686,608.71129999999539],[2641490.379000000655651,1218551.265999998897314,603.415800000002491],[2641491.920000001788139,1218551.480000000447035,603.415800000002491],[2641509.572000000625849,1218553.929000001400709,603.615799999999581],[2641510.844000000506639,1218554.105000000447035,603.615799999999581],[2641511.129000000655651,1218552.045000001788139,609.538199999995413],[2641512.460999999195337,1218542.440000001341105,606.005499999999302],[2641511.223999999463558,1218542.26799999922514,606.205499999996391]],[[2641501.388999998569489,1218550.693999998271465,609.738200000007055],[2641501.35843907808885,1218550.911060912534595,608.890215039064515],[2641501.358324500266463,1218550.911045016953722,608.842681485047024],[2641501.799096697941422,1218547.73650083411485,608.332833065927844],[2641501.388999998569489,1218550.693999998271465,609.738200000007055]]]}},
{"type":"Feature","properties":{"fid":132,"OBJECTID":1,"UUID":"{0241BDAF-FECA-476C-BB76-2B1614C5FEC1}","OBJEKTART":"Gebaeude Einzelhaus","NAME_KOMPLETT":null,"GEBAEUDE_NUTZUNG":null,"GRUND_AENDERUNG":"Verbessert","HERKUNFT":"swisstopo","HERKUNFT_JAHR":2024,"HERKUNFT_MONAT":6,"ORIGINAL_HERKUNFT":"swisstopo","ERSTELLUNG_JAHR":2024,"ERSTELLUNG_MONAT":6,"REVISION_JAHR":2024,"REVISION_MONAT":6,"DATUM_AENDERUNG":"2025-07-08T11:55:40Z","DATUM_ERSTELLUNG":"2025-07-08T11:55:40Z","DACH_MAX":571.05,"DACH_MIN":567.57,"EGID":187524,"GEBAEUDEEINHEIT":"{0161A195-33E8-41ED-A8F7-CD5593D4FBF9}","layer":"swissbuildings3d_3_0_2024_1129-33_2056_5728.gdb — swissBUILDINGS3D_3-0_1129-33.gdb/a0000000b.gdbtable","path":"/vsizip//Users/wulf/Downloads/swissbuildings3d_3_0_2024_1129-33_2056_5728.gdb.zip/swissBUILDINGS3D_3-0_1129-33.gdb/a0000000b.gdbtable|layername=Roof_solid"},"geometry":{"type":"Polygon","coordinates":[[[2641493.333999998867512,1218593.763999998569489,603.4519],[2641507.754999998956919,1218596.936000000685453,603.251900000002934],[2641510.712999999523163,1218583.489999998360872,603.451799999995274],[2641496.291000001132488,1218580.318,603.251900000002934],[2641493.333999998867512,1218593.763999998569489,603.4519]]]}},
{"type":"Feature","properties":{"fid":133,"OBJECTID":1,"UUID":"{0241BDAF-FECA-476C-BB76-2B1614C5FEC1}","OBJEKTART":"Gebaeude Einzelhaus","NAME_KOMPLETT":null,"GEBAEUDE_NUTZUNG":null,"GRUND_AENDERUNG":"Verbessert","HERKUNFT":"swisstopo","HERKUNFT_JAHR":2024,"HERKUNFT_MONAT":6,"ORIGINAL_HERKUNFT":"swisstopo","ERSTELLUNG_JAHR":2024,"ERSTELLUNG_MONAT":6,"REVISION_JAHR":2024,"REVISION_MONAT":6,"DATUM_AENDERUNG":"2025-07-08T11:55:40Z","DATUM_ERSTELLUNG":"2025-07-08T11:55:40Z","DACH_MAX":571.05,"DACH_MIN":567.57,"EGID":187524,"GEBAEUDEEINHEIT":"{0161A195-33E8-41ED-A8F7-CD5593D4FBF9}","layer":"swissbuildings3d_3_0_2024_1129-33_2056_5728.gdb — swissBUILDINGS3D_3-0_1129-33.gdb/a0000000b.gdbtable","path":"/vsizip//Users/wulf/Downloads/swissbuildings3d_3_0_2024_1129-33_2056_5728.gdb.zip/swissBUILDINGS3D_3-0_1129-33.gdb/a0000000b.gdbtable|layername=Roof_solid"},"geometry":{"type":"Polygon","coordinates":[[[2641514.089999999850988,1218594.388999998569489,600.53509999999369],[2641514.111000001430511,1218594.293999999761581,600.670100000003004],[2641516.027254940010607,1218594.71483637415804,600.860917899217384],[2641516.026999998837709,1218594.715999998152256,601.052100000000792],[2641519.522999998182058,1218595.484999999403954,600.852100000003702],[2641524.738967468962073,1218596.631992845563218,602.252717211283425],[2641523.980999998748302,1218600.072999998927116,611.657000000006519],[2641531.028000000864267,1218601.625,611.657000000006519],[2641531.261999998241663,1218600.563000001013279,611.657000000006519],[2641533.965999998152256,1218601.157999999821186,611.456999999994878],[2641533.73200000077486,1218602.219999998807907,611.456999999994878],[2641540.793000001460314,1218603.774999998509884,611.657000000006519],[2641541.524999998509884,1218600.443,611.456999999994878],[2641543.853000000119209,1218589.877999998629093,611.657000000006519],[2641540.247000001370907,1218589.083999998867512,611.657000000006519],[2641540.370000001043081,1218588.467000000178814,611.456999999994878],[2641530.907999999821186,1218586.383000001311302,611.456999999994878],[2641530.747999999672174,1218587.111000001430511,611.657000000006519],[2641527.010000001639128,1218586.322000000625849,611.657000000006519],[2641524.861627608537674,1218596.075142539106309,606.254550000005111],[2641526.346999999135733,1218589.329999998211861,600.852100000003702],[2641517.629000000655651,1218587.412000000476837,600.852100000003702],[2641517.274011855013669,1218589.030434999614954,601.053025106162181],[2641517.361999999731779,1218588.627000000327826,601.112099999998463],[2641517.456999998539686,1218588.195000000298023,600.886100000003353],[2641517.590999998152256,1218587.583999998867512,600.900099999998929],[2641517.609999999403954,1218587.497999999672174,600.769100000004983],[2641515.048000000417233,1218586.936000000685453,600.769100000004983],[2641515.028999999165535,1218587.021999999880791,600.700100000001839],[2641514.975000001490116,1218587.265999998897314,601.012100000007194],[2641514.894999999552965,1218587.631999999284744,600.886100000003353],[2641514.800000000745058,1218588.063999999314547,601.112099999998463],[2641514.704999998211861,1218588.495999999344349,600.886100000003353],[2641514.625,1218588.861999999731779,600.812099999995553],[2641514.570999998599291,1218589.10700000077486,600.700100000001839],[2641514.552999999374151,1218589.193,600.569099999993341],[2641514.532000001519918,1218589.289000000804663,600.670100000003004],[2641514.471000000834465,1218589.563000001013279,600.98410000000149],[2641514.381999999284744,1218589.973000001162291,601.061100000006263],[2641514.274999998509884,1218590.456000000238419,601.088099999993574],[2641514.168999999761581,1218590.940000001341105,601.061100000006263],[2641514.079,1218591.350000001490116,600.98410000000149],[2641514.019000001251698,1218591.622999999672174,600.8701],[2641513.977000001817942,1218591.815999999642372,600.670100000003004],[2641513.916999999433756,1218592.089999999850988,600.7841000000044],[2641513.826999999582767,1218592.5,601.061100000006263],[2641513.721000000834465,1218592.982999999076128,600.888099999996484],[2641513.614999998360872,1218593.467000000178814,600.861099999994622],[2641513.524999998509884,1218593.877000000327826,600.98410000000149],[2641513.464999999850988,1218594.151000000536442,600.8701],[2641513.443999998271465,1218594.247000001370907,600.735100000005332],[2641514.089999999850988,1218594.388999998569489,600.53509999999369]],[[2641517.094000000506639,1218589.850999999791384,600.8701],[2641517.108399298042059,1218589.785483194515109,600.85815355066643],[2641517.076581812463701,1218589.930543058551848,600.862171060471837],[2641517.094000000506639,1218589.850999999791384,600.8701]],[[2641516.884045058395714,1218590.808473714394495,600.900541251884988],[2641516.780453581828624,1218591.280778424581513,601.034439931526663],[2641516.777587936259806,1218591.293843764113262,601.02455152499715],[2641516.837999999523163,1218591.01799999922514,600.888099999996484],[2641516.943999998271465,1218590.535000000149012,600.861099999994622],[2641516.884045058395714,1218590.808473714394495,600.900541251884988]]]}},
{"type":"Feature","properties":{"fid":134,"OBJECTID":1,"UUID":"{0241BDAF-FECA-476C-BB76-2B1614C5FEC1}","OBJEKTART":"Gebaeude Einzelhaus","NAME_KOMPLETT":null,"GEBAEUDE_NUTZUNG":null,"GRUND_AENDERUNG":"Verbessert","HERKUNFT":"swisstopo","HERKUNFT_JAHR":2024,"HERKUNFT_MONAT":6,"ORIGINAL_HERKUNFT":"swisstopo","ERSTELLUNG_JAHR":2024,"ERSTELLUNG_MONAT":6,"REVISION_JAHR":2024,"REVISION_MONAT":6,"DATUM_AENDERUNG":"2025-07-08T11:55:40Z","DATUM_ERSTELLUNG":"2025-07-08T11:55:40Z","DACH_MAX":571.05,"DACH_MIN":567.57,"EGID":187524,"GEBAEUDEEINHEIT":"{0161A195-33E8-41ED-A8F7-CD5593D4FBF9}","layer":"swissbuildings3d_3_0_2024_1129-33_2056_5728.gdb — swissBUILDINGS3D_3-0_1129-33.gdb/a0000000b.gdbtable","path":"/vsizip//Users/wulf/Downloads/swissbuildings3d_3_0_2024_1129-33_2056_5728.gdb.zip/swissBUILDINGS3D_3-0_1129-33.gdb/a0000000b.gdbtable|layername=Roof_solid"},"geometry":{"type":"Polygon","coordinates":[[[2641491.151000000536442,1218634.495999999344349,609.378299999996671],[2641507.754000000655651,1218638.289000000804663,609.378299999996671],[2641510.769999999552965,1218625.087999999523163,609.378299999996671],[2641506.508000001311302,1218624.114,609.378299999996671],[2641506.712999999523163,1218623.212999999523163,609.178299999999581],[2641498.434999998658895,1218621.320999998599291,609.378299999996671],[2641498.228999998420477,1218622.223000001162291,609.378299999996671],[2641494.168000001460314,1218621.295000001788139,609.378299999996671],[2641491.883000001311302,1218631.291000001132488,609.378299999996671],[2641491.151000000536442,1218634.495999999344349,609.378299999996671]]]}},
{"type":"Feature","properties":{"fid":135,"OBJECTID":1,"UUID":"{0241BDAF-FECA-476C-BB76-2B1614C5FEC1}","OBJEKTART":"Gebaeude Einzelhaus","NAME_KOMPLETT":null,"GEBAEUDE_NUTZUNG":null,"GRUND_AENDERUNG":"Verbessert","HERKUNFT":"swisstopo","HERKUNFT_JAHR":2024,"HERKUNFT_MONAT":6,"ORIGINAL_HERKUNFT":"swisstopo","ERSTELLUNG_JAHR":2024,"ERSTELLUNG_MONAT":6,"REVISION_JAHR":2024,"REVISION_MONAT":6,"DATUM_AENDERUNG":"2025-07-08T11:55:40Z","DATUM_ERSTELLUNG":"2025-07-08T11:55:40Z","DACH_MAX":571.05,"DACH_MIN":567.57,"EGID":187524,"GEBAEUDEEINHEIT":"{0161A195-33E8-41ED-A8F7-CD5593D4FBF9}","layer":"swissbuildings3d_3_0_2024_1129-33_2056_5728.gdb — swissBUILDINGS3D_3-0_1129-33.gdb/a0000000b.gdbtable","path":"/vsizip//Users/wulf/Downloads/swissbuildings3d_3_0_2024_1129-33_2056_5728.gdb.zip/swissBUILDINGS3D_3-0_1129-33.gdb/a0000000b.gdbtable|layername=Roof_solid"},"geometry":{"type":"Polygon","coordinates":[[[2641517.002999998629093,1218660.3260000012815,603.694900000002235],[2641517.815000001341105,1218656.798000000417233,601.732099999993807],[2641509.88399999961257,1218654.971000000834465,601.532099999996717],[2641510.324999999254942,1218653.056000001728535,601.732099999993807],[2641507.046,1218652.300999999046326,603.536900000006426],[2641503.344999998807907,1218651.449000000953674,601.532099999996717],[2641502.905000001192093,1218653.364,601.532099999996717],[2641502.822000000625849,1218653.723000001162291,601.732099999993807],[2641502.090999998152256,1218656.89299999922514,603.494900000005146],[2641501.329,1218660.206000000238419,603.694900000002235],[2641500.515999998897314,1218663.736000001430511,601.732099999993807],[2641508.105999998748302,1218665.484000001102686,601.732099999993807],[2641509.388000000268221,1218668.136,600.287200000006123],[2641514.910999998450279,1218669.409000001847744,600.487200000003213],[2641515.360981971025467,1218667.454560230253264,601.446666846293851],[2641515.670000001788139,1218666.114,602.119999999995343],[2641516.239,1218663.640999998897314,603.494900000005146],[2641517.002999998629093,1218660.3260000012815,603.694900000002235]]]}},
{"type":"Feature","properties":{"fid":136,"OBJECTID":1,"UUID":"{0241BDAF-FECA-476C-BB76-2B1614C5FEC1}","OBJEKTART":"Gebaeude Einzelhaus","NAME_KOMPLETT":null,"GEBAEUDE_NUTZUNG":null,"GRUND_AENDERUNG":"Verbessert","HERKUNFT":"swisstopo","HERKUNFT_JAHR":2024,"HERKUNFT_MONAT":6,"ORIGINAL_HERKUNFT":"swisstopo","ERSTELLUNG_JAHR":2024,"ERSTELLUNG_MONAT":6,"REVISION_JAHR":2024,"REVISION_MONAT":6,"DATUM_AENDERUNG":"2025-07-08T11:55:40Z","DATUM_ERSTELLUNG":"2025-07-08T11:55:40Z","DACH_MAX":571.05,"DACH_MIN":567.57,"EGID":187524,"GEBAEUDEEINHEIT":"{0161A195-33E8-41ED-A8F7-CD5593D4FBF9}","layer":"swissbuildings3d_3_0_2024_1129-33_2056_5728.gdb — swissBUILDINGS3D_3-0_1129-33.gdb/a0000000b.gdbtable","path":"/vsizip//Users/wulf/Downloads/swissbuildings3d_3_0_2024_1129-33_2056_5728.gdb.zip/swissBUILDINGS3D_3-0_1129-33.gdb/a0000000b.gdbtable|layername=Roof_solid"},"geometry":{"type":"Polygon","coordinates":[[[2641505.596000000834465,1218695.278999999165535,598.726399999999558],[2641513.021000001579523,1218697.309999998658895,598.526400000002468],[2641514.978999998420477,1218690.153000000864267,600.271299999993062],[2641515.802999999374151,1218687.14299999922514,598.980400000000373],[2641515.552000001072884,1218687.074000000953674,598.930399999997462],[2641512.545000001788139,1218686.250999998301268,598.830400000006193],[2641509.837999999523163,1218685.510000001639128,598.780400000003283],[2641502.769999999552965,1218683.5760000012815,598.780400000003283],[2641501.945999998599291,1218686.585999999195337,600.4712],[2641501.009769706055522,1218690.007755389902741,598.849470530956069],[2641499.460999999195337,1218689.583999998867512,598.249500000005355],[2641499.01799999922514,1218691.201999999582767,599.242400000002817],[2641498.10700000077486,1218694.532000001519918,598.431500000006054],[2641505.265000000596046,1218696.49100000038743,598.431500000006054],[2641505.596000000834465,1218695.278999999165535,598.726399999999558]]]}},
{"type":"Feature","properties":{"fid":137,"OBJECTID":1,"UUID":"{0241BDAF-FECA-476C-BB76-2B1614C5FEC1}","OBJEKTART":"Gebaeude Einzelhaus","NAME_KOMPLETT":null,"GEBAEUDE_NUTZUNG":null,"GRUND_AENDERUNG":"Verbessert","HERKUNFT":"swisstopo","HERKUNFT_JAHR":2024,"HERKUNFT_MONAT":6,"ORIGINAL_HERKUNFT":"swisstopo","ERSTELLUNG_JAHR":2024,"ERSTELLUNG_MONAT":6,"REVISION_JAHR":2024,"REVISION_MONAT":6,"DATUM_AENDERUNG":"2025-07-08T11:55:40Z","DATUM_ERSTELLUNG":"2025-07-08T11:55:40Z","DACH_MAX":571.05,"DACH_MIN":567.57,"EGID":187524,"GEBAEUDEEINHEIT":"{0161A195-33E8-41ED-A8F7-CD5593D4FBF9}","layer":"swissbuildings3d_3_0_2024_1129-33_2056_5728.gdb — swissBUILDINGS3D_3-0_1129-33.gdb/a0000000b.gdbtable","path":"/vsizip//Users/wulf/Downloads/swissbuildings3d_3_0_2024_1129-33_2056_5728.gdb.zip/swissBUILDINGS3D_3-0_1129-33.gdb/a0000000b.gdbtable|layername=Roof_solid"},"geometry":{"type":"Polygon","coordinates":[[[2641486.006000000983477,1218763.693999998271465,580.197400000004563],[2641496.879000000655651,1218775.75899999961257,580.197400000004563],[2641496.903999999165535,1218775.743999999016523,580.197400000004563],[2641502.140999998897314,1218771.015999998897314,580.197400000004563],[2641501.021999999880791,1218769.774000000208616,579.997399999992922],[2641497.208000000566244,1218773.186999998986721,580.197400000004563],[2641505.756000000983477,1218765.537000000476837,586.048800000004121],[2641500.93299999833107,1218760.149000000208616,586.048800000004121],[2641496.183577344752848,1218764.400530681479722,582.967540356799645],[2641491.302000001072884,1218758.980000000447035,580.197400000004563],[2641491.269000001251698,1218758.9510000012815,580.197400000004563],[2641486.006000000983477,1218763.693999998271465,580.197400000004563]]]}},
{"type":"Feature","properties":{"fid":138,"OBJECTID":1,"UUID":"{0241BDAF-FECA-476C-BB76-2B1614C5FEC1}","OBJEKTART":"Gebaeude Einzelhaus","NAME_KOMPLETT":null,"GEBAEUDE_NUTZUNG":null,"GRUND_AENDERUNG":"Verbessert","HERKUNFT":"swisstopo","HERKUNFT_JAHR":2024,"HERKUNFT_MONAT":6,"ORIGINAL_HERKUNFT":"swisstopo","ERSTELLUNG_JAHR":2024,"ERSTELLUNG_MONAT":6,"REVISION_JAHR":2024,"REVISION_MONAT":6,"DATUM_AENDERUNG":"2025-07-08T11:55:40Z","DATUM_ERSTELLUNG":"2025-07-08T11:55:40Z","DACH_MAX":571.05,"DACH_MIN":567.57,"EGID":187524,"GEBAEUDEEINHEIT":"{0161A195-33E8-41ED-A8F7-CD5593D4FBF9}","layer":"swissbuildings3d_3_0_2024_1129-33_2056_5728.gdb — swissBUILDINGS3D_3-0_1129-33.gdb/a0000000b.gdbtable","path":"/vsizip//Users/wulf/Downloads/swissbuildings3d_3_0_2024_1129-33_2056_5728.gdb.zip/swissBUILDINGS3D_3-0_1129-33.gdb/a0000000b.gdbtable|layername=Roof_solid"},"geometry":{"type":"Polygon","coordinates":[[[2641516.846999999135733,1218789.166999999433756,586.438800000003539],[2641522.315000001341105,1218780.019999999552965,586.043799999999464],[2641522.131000000983477,1218779.903999999165535,586.043799999999464],[2641515.074000000953674,1218775.699999999254942,586.243799999996554],[2641509.649999998509884,1218784.772999998182058,586.237800000002608],[2641509.609999999403954,1218784.840999998152256,586.438800000003539],[2641516.846999999135733,1218789.166999999433756,586.438800000003539]]]}},
{"type":"Feature","properties":{"fid":139,"OBJECTID":1,"UUID":"{0241BDAF-FECA-476C-BB76-2B1614C5FEC1}","OBJEKTART":"Gebaeude Einzelhaus","NAME_KOMPLETT":null,"GEBAEUDE_NUTZUNG":null,"GRUND_AENDERUNG":"Verbessert","HERKUNFT":"swisstopo","HERKUNFT_JAHR":2024,"HERKUNFT_MONAT":6,"ORIGINAL_HERKUNFT":"swisstopo","ERSTELLUNG_JAHR":2024,"ERSTELLUNG_MONAT":6,"REVISION_JAHR":2024,"REVISION_MONAT":6,"DATUM_AENDERUNG":"2025-07-08T11:55:40Z","DATUM_ERSTELLUNG":"2025-07-08T11:55:40Z","DACH_MAX":571.05,"DACH_MIN":567.57,"EGID":187524,"GEBAEUDEEINHEIT":"{0161A195-33E8-41ED-A8F7-CD5593D4FBF9}","layer":"swissbuildings3d_3_0_2024_1129-33_2056_5728.gdb — swissBUILDINGS3D_3-0_1129-33.gdb/a0000000b.gdbtable","path":"/vsizip//Users/wulf/Downloads/swissbuildings3d_3_0_2024_1129-33_2056_5728.gdb.zip/swissBUILDINGS3D_3-0_1129-33.gdb/a0000000b.gdbtable|layername=Roof_solid"},"geometry":{"type":"Polygon","coordinates":[[[2641534.892000000923872,1218835.793000001460314,574.777000000001863],[2641535.210999999195337,1218833.386999998241663,573.953099999998813],[2641530.570000000298023,1218832.769999999552965,574.153099999995902],[2641530.25,1218835.177000001072884,574.577000000004773],[2641519.070000000298023,1218833.69200000166893,574.777000000001863],[2641519.390000000596046,1218831.285000000149012,574.288000000000466],[2641514.728000000119209,1218830.666000001132488,574.088099999993574],[2641514.409000001847744,1218833.072999998927116,574.577000000004773],[2641513.673000000417233,1218832.975000001490116,574.777000000001863],[2641513.00899999961257,1218837.967000000178814,577.052800000004936],[2641512.274000000208616,1218843.508000001311302,574.577000000004773],[2641517.769000001251698,1218844.238000001758337,574.626999999993131],[2641521.620000001043081,1218844.749000001698732,574.777000000001863],[2641524.872999999672174,1218845.181000001728535,574.777000000001863],[2641534.252999998629093,1218846.427000001072884,574.777000000001863],[2641534.988000001758337,1218840.886999998241663,576.852799999993294],[2641535.651999998837709,1218835.894000001251698,574.777000000001863],[2641534.892000000923872,1218835.793000001460314,574.777000000001863]]]}},
{"type":"Feature","properties":{"fid":140,"OBJECTID":1,"UUID":"{0241BDAF-FECA-476C-BB76-2B1614C5FEC1}","OBJEKTART":"Gebaeude Einzelhaus","NAME_KOMPLETT":null,"GEBAEUDE_NUTZUNG":null,"GRUND_AENDERUNG":"Verbessert","HERKUNFT":"swisstopo","HERKUNFT_JAHR":2024,"HERKUNFT_MONAT":6,"ORIGINAL_HERKUNFT":"swisstopo","ERSTELLUNG_JAHR":2024,"ERSTELLUNG_MONAT":6,"REVISION_JAHR":2024,"REVISION_MONAT":6,"DATUM_AENDERUNG":"2025-07-08T11:55:40Z","DATUM_ERSTELLUNG":"2025-07-08T11:55:40Z","DACH_MAX":571.05,"DACH_MIN":567.57,"EGID":187524,"GEBAEUDEEINHEIT":"{0161A195-33E8-41ED-A8F7-CD5593D4FBF9}","layer":"swissbuildings3d_3_0_2024_1129-33_2056_5728.gdb — swissBUILDINGS3D_3-0_1129-33.gdb/a0000000b.gdbtable","path":"/vsizip//Users/wulf/Downloads/swissbuildings3d_3_0_2024_1129-33_2056_5728.gdb.zip/swissBUILDINGS3D_3-0_1129-33.gdb/a0000000b.gdbtable|layername=Roof_solid"},"geometry":{"type":"Polygon","coordinates":[[[2641521.329,1218384.969999998807907,627.983099999997648],[2641528.530999999493361,1218385.070000000298023,627.983099999997648],[2641528.738000001758337,1218370.309000000357628,627.983099999997648],[2641521.541000001132488,1218370.208000000566244,627.983099999997648],[2641521.329,1218384.969999998807907,627.983099999997648]]]}},
{"type":"Feature","properties":{"fid":141,"OBJECTID":1,"UUID":"{0241BDAF-FECA-476C-BB76-2B1614C5FEC1}","OBJEKTART":"Gebaeude Einzelhaus","NAME_KOMPLETT":null,"GEBAEUDE_NUTZUNG":null,"GRUND_AENDERUNG":"Verbessert","HERKUNFT":"swisstopo","HERKUNFT_JAHR":2024,"HERKUNFT_MONAT":6,"ORIGINAL_HERKUNFT":"swisstopo","ERSTELLUNG_JAHR":2024,"ERSTELLUNG_MONAT":6,"REVISION_JAHR":2024,"REVISION_MONAT":6,"DATUM_AENDERUNG":"2025-07-08T11:55:40Z","DATUM_ERSTELLUNG":"2025-07-08T11:55:40Z","DACH_MAX":571.05,"DACH_MIN":567.57,"EGID":187524,"GEBAEUDEEINHEIT":"{0161A195-33E8-41ED-A8F7-CD5593D4FBF9}","layer":"swissbuildings3d_3_0_2024_1129-33_2056_5728.gdb — swissBUILDINGS3D_3-0_1129-33.gdb/a0000000b.gdbtable","path":"/vsizip//Users/wulf/Downloads/swissbuildings3d_3_0_2024_1129-33_2056_5728.gdb.zip/swissBUILDINGS3D_3-0_1129-33.gdb/a0000000b.gdbtable|layername=Roof_solid"},"geometry":{"type":"Polygon","coordinates":[[[2641515.537999998778105,1218418.375,624.976399999999558],[2641528.464999999850988,1218418.557,624.976399999999558],[2641528.601479673292488,1218408.85115981195122,622.320334074011726],[2641528.73200000077486,1218408.853000000119209,621.644799999994575],[2641528.831000000238419,1218401.804000001400709,621.351800000004005],[2641519.36600000038743,1218401.671999998390675,621.551800000001094],[2641519.277506538201123,1218407.972019428852946,622.143702447004898],[2641518.916999999433756,1218407.967000000178814,622.673699999999371],[2641515.684999998658895,1218407.921999998390675,622.823699999993551],[2641515.537999998778105,1218418.375,624.976399999999558]]]}},
{"type":"Feature","properties":{"fid":142,"OBJECTID":1,"UUID":"{0241BDAF-FECA-476C-BB76-2B1614C5FEC1}","OBJEKTART":"Gebaeude Einzelhaus","NAME_KOMPLETT":null,"GEBAEUDE_NUTZUNG":null,"GRUND_AENDERUNG":"Verbessert","HERKUNFT":"swisstopo","HERKUNFT_JAHR":2024,"HERKUNFT_MONAT":6,"ORIGINAL_HERKUNFT":"swisstopo","ERSTELLUNG_JAHR":2024,"ERSTELLUNG_MONAT":6,"REVISION_JAHR":2024,"REVISION_MONAT":6,"DATUM_AENDERUNG":"2025-07-08T11:55:40Z","DATUM_ERSTELLUNG":"2025-07-08T11:55:40Z","DACH_MAX":571.05,"DACH_MIN":567.57,"EGID":187524,"GEBAEUDEEINHEIT":"{0161A195-33E8-41ED-A8F7-CD5593D4FBF9}","layer":"swissbuildings3d_3_0_2024_1129-33_2056_5728.gdb — swissBUILDINGS3D_3-0_1129-33.gdb/a0000000b.gdbtable","path":"/vsizip//Users/wulf/Downloads/swissbuildings3d_3_0_2024_1129-33_2056_5728.gdb.zip/swissBUILDINGS3D_3-0_1129-33.gdb/a0000000b.gdbtable|layername=Roof_solid"},"geometry":{"type":"Polygon","coordinates":[[[2641533.747999999672174,1218445.655999999493361,616.545299999997951],[2641533.750999998301268,1218444.879000000655651,616.805300000007264],[2641533.754000000655651,1218443.934999998658895,617.082299999994575],[2641533.769000001251698,1218438.769999999552965,619.292000000001281],[2641533.776999998837709,1218436.33500000089407,618.282099999996717],[2641533.782000001519918,1218434.888999998569489,617.633199999996577],[2641533.793999999761581,1218431.008000001311302,616.074399999997695],[2641521.063999999314547,1218430.969000000506639,616.074399999997695],[2641521.03999999910593,1218438.730000000447035,619.092099999994389],[2641523.25,1218438.763000000268221,619.082099999999627],[2641523.184000000357628,1218445.624000001698732,616.545299999997951],[2641533.747999999672174,1218445.655999999493361,616.545299999997951]]]}},
{"type":"Feature","properties":{"fid":143,"OBJECTID":1,"UUID":"{0241BDAF-FECA-476C-BB76-2B1614C5FEC1}","OBJEKTART":"Gebaeude Einzelhaus","NAME_KOMPLETT":null,"GEBAEUDE_NUTZUNG":null,"GRUND_AENDERUNG":"Verbessert","HERKUNFT":"swisstopo","HERKUNFT_JAHR":2024,"HERKUNFT_MONAT":6,"ORIGINAL_HERKUNFT":"swisstopo","ERSTELLUNG_JAHR":2024,"ERSTELLUNG_MONAT":6,"REVISION_JAHR":2024,"REVISION_MONAT":6,"DATUM_AENDERUNG":"2025-07-08T11:55:40Z","DATUM_ERSTELLUNG":"2025-07-08T11:55:40Z","DACH_MAX":571.05,"DACH_MIN":567.57,"EGID":187524,"GEBAEUDEEINHEIT":"{0161A195-33E8-41ED-A8F7-CD5593D4FBF9}","layer":"swissbuildings3d_3_0_2024_1129-33_2056_5728.gdb — swissBUILDINGS3D_3-0_1129-33.gdb/a0000000b.gdbtable","path":"/vsizip//Users/wulf/Downloads/swissbuildings3d_3_0_2024_1129-33_2056_5728.gdb.zip/swissBUILDINGS3D_3-0_1129-33.gdb/a0000000b.gdbtable|layername=Roof_solid"},"geometry":{"type":"Polygon","coordinates":[[[2641548.364,1218468.0489999987185,617.562200000000303],[2641539.618000000715256,1218467.886,617.362299999993411],[2641539.600999999791384,1218468.693,617.362299999993411],[2641535.493999999016523,1218468.61600000038743,617.362299999993411],[2641535.282000001519918,1218479.886,617.362299999993411],[2641535.225000001490116,1218483.070000000298023,617.562300000005052],[2641542.381999999284744,1218483.203000001609325,617.362299999993411],[2641545.368999999016523,1218483.25899999961257,617.362299999993411],[2641552.146000001579523,1218483.385000001639128,617.562300000005052],[2641552.41499999910593,1218468.929999999701977,617.362299999993411],[2641548.348999999463558,1218468.855000000447035,617.362299999993411],[2641548.364,1218468.0489999987185,617.562200000000303]]]}},
{"type":"Feature","properties":{"fid":144,"OBJECTID":1,"UUID":"{0241BDAF-FECA-476C-BB76-2B1614C5FEC1}","OBJEKTART":"Gebaeude Einzelhaus","NAME_KOMPLETT":null,"GEBAEUDE_NUTZUNG":null,"GRUND_AENDERUNG":"Verbessert","HERKUNFT":"swisstopo","HERKUNFT_JAHR":2024,"HERKUNFT_MONAT":6,"ORIGINAL_HERKUNFT":"swisstopo","ERSTELLUNG_JAHR":2024,"ERSTELLUNG_MONAT":6,"REVISION_JAHR":2024,"REVISION_MONAT":6,"DATUM_AENDERUNG":"2025-07-08T11:55:40Z","DATUM_ERSTELLUNG":"2025-07-08T11:55:40Z","DACH_MAX":571.05,"DACH_MIN":567.57,"EGID":187524,"GEBAEUDEEINHEIT":"{0161A195-33E8-41ED-A8F7-CD5593D4FBF9}","layer":"swissbuildings3d_3_0_2024_1129-33_2056_5728.gdb — swissBUILDINGS3D_3-0_1129-33.gdb/a0000000b.gdbtable","path":"/vsizip//Users/wulf/Downloads/swissbuildings3d_3_0_2024_1129-33_2056_5728.gdb.zip/swissBUILDINGS3D_3-0_1129-33.gdb/a0000000b.gdbtable|layername=Roof_solid"},"geometry":{"type":"Polygon","coordinates":[[[2641522.8260000012815,1218504.734999999403954,614.819600000002538],[2641522.513000000268221,1218521.568,614.619600000005448],[2641523.956999998539686,1218521.602000001817942,614.619600000005448],[2641526.278999999165535,1218521.638000000268221,614.619600000005448],[2641539.293000001460314,1218521.879999998956919,614.819600000002538],[2641539.357999999076128,1218518.363000001758337,614.819600000002538],[2641539.605999998748302,1218505.048000000417233,614.819600000002538],[2641534.695999998599291,1218504.954999998211861,614.819600000002538],[2641534.712999999523163,1218504.032999999821186,614.819600000002538],[2641527.938000001013279,1218503.905999999493361,614.819600000002538],[2641527.920000001788139,1218504.829999998211861,614.619600000005448],[2641522.8260000012815,1218504.734999999403954,614.819600000002538]]]}},
{"type":"Feature","properties":{"fid":145,"OBJECTID":1,"UUID":"{0241BDAF-FECA-476C-BB76-2B1614C5FEC1}","OBJEKTART":"Gebaeude Einzelhaus","NAME_KOMPLETT":null,"GEBAEUDE_NUTZUNG":null,"GRUND_AENDERUNG":"Verbessert","HERKUNFT":"swisstopo","HERKUNFT_JAHR":2024,"HERKUNFT_MONAT":6,"ORIGINAL_HERKUNFT":"swisstopo","ERSTELLUNG_JAHR":2024,"ERSTELLUNG_MONAT":6,"REVISION_JAHR":2024,"REVISION_MONAT":6,"DATUM_AENDERUNG":"2025-07-08T11:55:40Z","DATUM_ERSTELLUNG":"2025-07-08T11:55:40Z","DACH_MAX":571.05,"DACH_MIN":567.57,"EGID":187524,"GEBAEUDEEINHEIT":"{0161A195-33E8-41ED-A8F7-CD5593D4FBF9}","layer":"swissbuildings3d_3_0_2024_1129-33_2056_5728.gdb — swissBUILDINGS3D_3-0_1129-33.gdb/a0000000b.gdbtable","path":"/vsizip//Users/wulf/Downloads/swissbuildings3d_3_0_2024_1129-33_2056_5728.gdb.zip/swissBUILDINGS3D_3-0_1129-33.gdb/a0000000b.gdbtable|layername=Roof_solid"},"geometry":{"type":"Polygon","coordinates":[[[2641537.269000001251698,1218630.815999999642372,606.316600000005565],[2641533.208000000566244,1218629.888999998569489,606.316600000005565],[2641530.190999999642372,1218643.089999999850988,606.316600000005565],[2641546.793999999761581,1218646.883000001311302,606.316600000005565],[2641548.839999999850988,1218637.927999999374151,606.316600000005565],[2641549.809999998658895,1218633.681000001728535,606.316600000005565],[2641545.548000000417233,1218632.708000000566244,606.316600000005565],[2641545.752999998629093,1218631.806000001728535,606.116599999993923],[2641537.475000001490116,1218629.91499999910593,606.116599999993923],[2641537.269000001251698,1218630.815999999642372,606.316600000005565]]]}},
{"type":"Feature","properties":{"fid":146,"OBJECTID":1,"UUID":"{0241BDAF-FECA-476C-BB76-2B1614C5FEC1}","OBJEKTART":"Gebaeude Einzelhaus","NAME_KOMPLETT":null,"GEBAEUDE_NUTZUNG":null,"GRUND_AENDERUNG":"Verbessert","HERKUNFT":"swisstopo","HERKUNFT_JAHR":2024,"HERKUNFT_MONAT":6,"ORIGINAL_HERKUNFT":"swisstopo","ERSTELLUNG_JAHR":2024,"ERSTELLUNG_MONAT":6,"REVISION_JAHR":2024,"REVISION_MONAT":6,"DATUM_AENDERUNG":"2025-07-08T11:55:40Z","DATUM_ERSTELLUNG":"2025-07-08T11:55:40Z","DACH_MAX":571.05,"DACH_MIN":567.57,"EGID":187524,"GEBAEUDEEINHEIT":"{0161A195-33E8-41ED-A8F7-CD5593D4FBF9}","layer":"swissbuildings3d_3_0_2024_1129-33_2056_5728.gdb — swissBUILDINGS3D_3-0_1129-33.gdb/a0000000b.gdbtable","path":"/vsizip//Users/wulf/Downloads/swissbuildings3d_3_0_2024_1129-33_2056_5728.gdb.zip/swissBUILDINGS3D_3-0_1129-33.gdb/a0000000b.gdbtable|layername=Roof_solid"},"geometry":{"type":"Polygon","coordinates":[[[2641537.484999999403954,1218674.245000001043081,599.064400000002934],[2641538.774999998509884,1218668.964000001549721,602.630999999993946],[2641540.063999999314547,1218663.68299999833107,599.064299999998184],[2641525.651000000536442,1218660.164000000804663,598.864400000005844],[2641524.361000001430511,1218665.445000000298023,602.630999999993946],[2641523.072999998927116,1218670.725999999791384,599.064400000002934],[2641524.166742139030248,1218670.993060684762895,597.730891913484356],[2641523.028000000864267,1218675.741999998688698,596.564599999997881],[2641533.00899999961257,1218678.135000001639128,596.564599999997881],[2641534.137785741128027,1218673.427705595036969,597.814500000000407],[2641537.484999999403954,1218674.245000001043081,599.064400000002934]]]}},
{"type":"Feature","properties":{"fid":147,"OBJECTID":1,"UUID":"{0241BDAF-FECA-476C-BB76-2B1614C5FEC1}","OBJEKTART":"Gebaeude Einzelhaus","NAME_KOMPLETT":null,"GEBAEUDE_NUTZUNG":null,"GRUND_AENDERUNG":"Verbessert","HERKUNFT":"swisstopo","HERKUNFT_JAHR":2024,"HERKUNFT_MONAT":6,"ORIGINAL_HERKUNFT":"swisstopo","ERSTELLUNG_JAHR":2024,"ERSTELLUNG_MONAT":6,"REVISION_JAHR":2024,"REVISION_MONAT":6,"DATUM_AENDERUNG":"2025-07-08T11:55:40Z","DATUM_ERSTELLUNG":"2025-07-08T11:55:40Z","DACH_MAX":571.05,"DACH_MIN":567.57,"EGID":187524,"GEBAEUDEEINHEIT":"{0161A195-33E8-41ED-A8F7-CD5593D4FBF9}","layer":"swissbuildings3d_3_0_2024_1129-33_2056_5728.gdb — swissBUILDINGS3D_3-0_1129-33.gdb/a0000000b.gdbtable","path":"/vsizip//Users/wulf/Downloads/swissbuildings3d_3_0_2024_1129-33_2056_5728.gdb.zip/swissBUILDINGS3D_3-0_1129-33.gdb/a0000000b.gdbtable|layername=Roof_solid"},"geometry":{"type":"Polygon","coordinates":[[[2641524.796,1218711.346000000834465,598.352499999993597],[2641537.9239999987185,1218714.315000001341105,598.352499999993597],[2641539.41499999910593,1218707.721000000834465,600.4712],[2641540.988000001758337,1218700.765999998897314,597.760500000003958],[2641530.530000001192093,1218698.403000000864267,597.960500000001048],[2641529.01799999922514,1218705.089000001549721,600.375299999999697],[2641528.958000000566244,1218705.355999998748302,600.4712],[2641528.304999999701977,1218705.208999998867512,600.4712],[2641526.287999998778105,1218704.752999998629093,600.4712],[2641524.796,1218711.346000000834465,598.352499999993597]]]}},
{"type":"Feature","properties":{"fid":148,"OBJECTID":1,"UUID":"{0241BDAF-FECA-476C-BB76-2B1614C5FEC1}","OBJEKTART":"Gebaeude Einzelhaus","NAME_KOMPLETT":null,"GEBAEUDE_NUTZUNG":null,"GRUND_AENDERUNG":"Verbessert","HERKUNFT":"swisstopo","HERKUNFT_JAHR":2024,"HERKUNFT_MONAT":6,"ORIGINAL_HERKUNFT":"swisstopo","ERSTELLUNG_JAHR":2024,"ERSTELLUNG_MONAT":6,"REVISION_JAHR":2024,"REVISION_MONAT":6,"DATUM_AENDERUNG":"2025-07-08T11:55:40Z","DATUM_ERSTELLUNG":"2025-07-08T11:55:40Z","DACH_MAX":571.05,"DACH_MIN":567.57,"EGID":187524,"GEBAEUDEEINHEIT":"{0161A195-33E8-41ED-A8F7-CD5593D4FBF9}","layer":"swissbuildings3d_3_0_2024_1129-33_2056_5728.gdb — swissBUILDINGS3D_3-0_1129-33.gdb/a0000000b.gdbtable","path":"/vsizip//Users/wulf/Downloads/swissbuildings3d_3_0_2024_1129-33_2056_5728.gdb.zip/swissBUILDINGS3D_3-0_1129-33.gdb/a0000000b.gdbtable|layername=Roof_solid"},"geometry":{"type":"Polygon","coordinates":[[[2641527.390000000596046,1218732.043999999761581,593.502999999996973],[2641529.594999998807907,1218720.4239999987185,593.702999999994063],[2641521.008000001311302,1218718.793999999761581,593.702999999994063],[2641518.802999999374151,1218730.41499999910593,593.702999999994063],[2641527.390000000596046,1218732.043999999761581,593.502999999996973]]]}},
{"type":"Feature","properties":{"fid":149,"OBJECTID":1,"UUID":"{0241BDAF-FECA-476C-BB76-2B1614C5FEC1}","OBJEKTART":"Gebaeude Einzelhaus","NAME_KOMPLETT":null,"GEBAEUDE_NUTZUNG":null,"GRUND_AENDERUNG":"Verbessert","HERKUNFT":"swisstopo","HERKUNFT_JAHR":2024,"HERKUNFT_MONAT":6,"ORIGINAL_HERKUNFT":"swisstopo","ERSTELLUNG_JAHR":2024,"ERSTELLUNG_MONAT":6,"REVISION_JAHR":2024,"REVISION_MONAT":6,"DATUM_AENDERUNG":"2025-07-08T11:55:40Z","DATUM_ERSTELLUNG":"2025-07-08T11:55:40Z","DACH_MAX":571.05,"DACH_MIN":567.57,"EGID":187524,"GEBAEUDEEINHEIT":"{0161A195-33E8-41ED-A8F7-CD5593D4FBF9}","layer":"swissbuildings3d_3_0_2024_1129-33_2056_5728.gdb — swissBUILDINGS3D_3-0_1129-33.gdb/a0000000b.gdbtable","path":"/vsizip//Users/wulf/Downloads/swissbuildings3d_3_0_2024_1129-33_2056_5728.gdb.zip/swissBUILDINGS3D_3-0_1129-33.gdb/a0000000b.gdbtable|layername=Roof_solid"},"geometry":{"type":"Polygon","coordinates":[[[2641535.850999999791384,1218728.590999998152256,593.365999999994528],[2641532.035999998450279,1218748.638000000268221,593.365999999994528],[2641544.554999999701977,1218751.021000001579523,593.365999999994528],[2641548.370999999344349,1218730.973999999463558,593.365999999994528],[2641535.850999999791384,1218728.590999998152256,593.365999999994528]]]}},
{"type":"Feature","properties":{"fid":150,"OBJECTID":1,"UUID":"{0241BDAF-FECA-476C-BB76-2B1614C5FEC1}","OBJEKTART":"Gebaeude Einzelhaus","NAME_KOMPLETT":null,"GEBAEUDE_NUTZUNG":null,"GRUND_AENDERUNG":"Verbessert","HERKUNFT":"swisstopo","HERKUNFT_JAHR":2024,"HERKUNFT_MONAT":6,"ORIGINAL_HERKUNFT":"swisstopo","ERSTELLUNG_JAHR":2024,"ERSTELLUNG_MONAT":6,"REVISION_JAHR":2024,"REVISION_MONAT":6,"DATUM_AENDERUNG":"2025-07-08T11:55:40Z","DATUM_ERSTELLUNG":"2025-07-08T11:55:40Z","DACH_MAX":571.05,"DACH_MIN":567.57,"EGID":187524,"GEBAEUDEEINHEIT":"{0161A195-33E8-41ED-A8F7-CD5593D4FBF9}","layer":"swissbuildings3d_3_0_2024_1129-33_2056_5728.gdb — swissBUILDINGS3D_3-0_1129-33.gdb/a0000000b.gdbtable","path":"/vsizip//Users/wulf/Downloads/swissbuildings3d_3_0_2024_1129-33_2056_5728.gdb.zip/swissBUILDINGS3D_3-0_1129-33.gdb/a0000000b.gdbtable|layername=Roof_solid"},"geometry":{"type":"Polygon","coordinates":[[[2641542.949000000953674,1218794.489,586.332800000003772],[2641543.606196767184883,1218791.087623586412519,586.332931707054286],[2641543.967999998480082,1218789.219000000506639,586.33980000000156],[2641545.011,1218783.828000001609325,586.243799999996554],[2641544.883000001311302,1218783.809999998658895,586.243799999996554],[2641542.355999998748302,1218783.313999999314547,586.243799999996554],[2641541.750390393193811,1218783.196842068340629,586.139028773055657],[2641536.771000001579523,1218782.232999999076128,586.221799999999348],[2641534.065999999642372,1218781.71000000089407,586.243799999996554],[2641533.024000000208616,1218787.133000001311302,586.39079999999376],[2641531.980000000447035,1218792.493999999016523,586.535799999997835],[2641536.111000001430511,1218793.293000001460314,586.335800000000745],[2641542.925000000745058,1218794.611000001430511,586.335800000000745],[2641542.949000000953674,1218794.489,586.332800000003772]]]}},
{"type":"Feature","properties":{"fid":151,"OBJECTID":1,"UUID":"{0241BDAF-FECA-476C-BB76-2B1614C5FEC1}","OBJEKTART":"Gebaeude Einzelhaus","NAME_KOMPLETT":null,"GEBAEUDE_NUTZUNG":null,"GRUND_AENDERUNG":"Verbessert","HERKUNFT":"swisstopo","HERKUNFT_JAHR":2024,"HERKUNFT_MONAT":6,"ORIGINAL_HERKUNFT":"swisstopo","ERSTELLUNG_JAHR":2024,"ERSTELLUNG_MONAT":6,"REVISION_JAHR":2024,"REVISION_MONAT":6,"DATUM_AENDERUNG":"2025-07-08T11:55:40Z","DATUM_ERSTELLUNG":"2025-07-08T11:55:40Z","DACH_MAX":571.05,"DACH_MIN":567.57,"EGID":187524,"GEBAEUDEEINHEIT":"{0161A195-33E8-41ED-A8F7-CD5593D4FBF9}","layer":"swissbuildings3d_3_0_2024_1129-33_2056_5728.gdb — swissBUILDINGS3D_3-0_1129-33.gdb/a0000000b.gdbtable","path":"/vsizip//Users/wulf/Downloads/swissbuildings3d_3_0_2024_1129-33_2056_5728.gdb.zip/swissBUILDINGS3D_3-0_1129-33.gdb/a0000000b.gdbtable|layername=Roof_solid"},"geometry":{"type":"Polygon","coordinates":[[[2641541.7010000012815,1218380.886,627.223199999993085],[2641541.697000000625849,1218382.752000000327826,627.373200000001816],[2641541.693,1218385.105000000447035,627.423200000004726],[2641541.69200000166893,1218385.4239999987185,627.223199999993085],[2641551.631999999284744,1218385.445000000298023,627.521099999998114],[2641551.653999999165535,1218374.756000000983477,627.521099999998114],[2641541.714000001549721,1218374.734000001102686,627.223199999993085],[2641541.7010000012815,1218380.886,627.223199999993085]]]}},
{"type":"Feature","properties":{"fid":152,"OBJECTID":1,"UUID":"{0241BDAF-FECA-476C-BB76-2B1614C5FEC1}","OBJEKTART":"Gebaeude Einzelhaus","NAME_KOMPLETT":null,"GEBAEUDE_NUTZUNG":null,"GRUND_AENDERUNG":"Verbessert","HERKUNFT":"swisstopo","HERKUNFT_JAHR":2024,"HERKUNFT_MONAT":6,"ORIGINAL_HERKUNFT":"swisstopo","ERSTELLUNG_JAHR":2024,"ERSTELLUNG_MONAT":6,"REVISION_JAHR":2024,"REVISION_MONAT":6,"DATUM_AENDERUNG":"2025-07-08T11:55:40Z","DATUM_ERSTELLUNG":"2025-07-08T11:55:40Z","DACH_MAX":571.05,"DACH_MIN":567.57,"EGID":187524,"GEBAEUDEEINHEIT":"{0161A195-33E8-41ED-A8F7-CD5593D4FBF9}","layer":"swissbuildings3d_3_0_2024_1129-33_2056_5728.gdb — swissBUILDINGS3D_3-0_1129-33.gdb/a0000000b.gdbtable","path":"/vsizip//Users/wulf/Downloads/swissbuildings3d_3_0_2024_1129-33_2056_5728.gdb.zip/swissBUILDINGS3D_3-0_1129-33.gdb/a0000000b.gdbtable|layername=Roof_solid"},"geometry":{"type":"Polygon","coordinates":[[[2641539.116999998688698,1218408.111999999731779,620.572899999999208],[2641539.102726794313639,1218409.129932934883982,621.658271292922336],[2641538.682,1218409.124000001698732,623.508600000001024],[2641538.664000000804663,1218410.379999998956919,623.508600000001024],[2641538.605000000447035,1218414.625999998301268,624.384500000000116],[2641538.56700000166893,1218417.3260000012815,623.508600000001024],[2641538.552000001072884,1218418.348000001162291,623.308600000003935],[2641550.890999998897314,1218418.521000001579523,623.508600000001024],[2641550.905999999493361,1218417.499000001698732,623.508600000001024],[2641550.927780301310122,1218415.910215308656916,622.357417923422645],[2641551.467000000178814,1218415.918000001460314,620.572899999999208],[2641551.651000000536442,1218402.756000000983477,620.572899999999208],[2641545.352000001817942,1218402.668000001460314,620.372900000002119],[2641545.274000000208616,1218408.197999998927116,620.372900000002119],[2641539.116999998688698,1218408.111999999731779,620.572899999999208]],[[2641551.021000001579523,1218409.298000000417233,623.508600000001024],[2641551.011,1218410.010000001639128,620.572899999999208],[2641551.010788126382977,1218410.00999450404197,622.040750000000116],[2641551.021000001579523,1218409.298000000417233,623.508600000001024]],[[2641545.489999968092889,1218409.220003890572116,621.940750000001572],[2641545.489999998360872,1218409.219999998807907,620.372900000002119],[2641551.021000001579523,1218409.298000000417233,623.508600000001024],[2641545.489999968092889,1218409.220003890572116,621.940750000001572]]]}},
{"type":"Feature","properties":{"fid":153,"OBJECTID":1,"UUID":"{0241BDAF-FECA-476C-BB76-2B1614C5FEC1}","OBJEKTART":"Gebaeude Einzelhaus","NAME_KOMPLETT":null,"GEBAEUDE_NUTZUNG":null,"GRUND_AENDERUNG":"Verbessert","HERKUNFT":"swisstopo","HERKUNFT_JAHR":2024,"HERKUNFT_MONAT":6,"ORIGINAL_HERKUNFT":"swisstopo","ERSTELLUNG_JAHR":2024,"ERSTELLUNG_MONAT":6,"REVISION_JAHR":2024,"REVISION_MONAT":6,"DATUM_AENDERUNG":"2025-07-08T11:55:40Z","DATUM_ERSTELLUNG":"2025-07-08T11:55:40Z","DACH_MAX":571.05,"DACH_MIN":567.57,"EGID":187524,"GEBAEUDEEINHEIT":"{0161A195-33E8-41ED-A8F7-CD5593D4FBF9}","layer":"swissbuildings3d_3_0_2024_1129-33_2056_5728.gdb — swissBUILDINGS3D_3-0_1129-33.gdb/a0000000b.gdbtable","path":"/vsizip//Users/wulf/Downloads/swissbuildings3d_3_0_2024_1129-33_2056_5728.gdb.zip/swissBUILDINGS3D_3-0_1129-33.gdb/a0000000b.gdbtable|layername=Roof_solid"},"geometry":{"type":"Polygon","coordinates":[[[2641568.340999998152256,1218403.0,619.49199999999837],[2641565.513000000268221,1218402.958000000566244,619.49199999999837],[2641565.416240862105042,1218409.864430230343714,620.122481046321582],[2641561.254000000655651,1218409.806000001728535,620.372900000002119],[2641561.190000001341105,1218414.403999999165535,620.572899999999208],[2641561.138000000268221,1218418.08500000089407,620.572899999999208],[2641565.697000000625849,1218418.149000000208616,620.372900000002119],[2641565.697011767886579,1218418.148266520816833,621.721142234973286],[2641573.381999999284744,1218418.256000000983477,623.068599999998696],[2641573.410614631604403,1218416.214000629028305,621.355632213433864],[2641574.236000001430511,1218416.225999999791384,619.69199999999546],[2641574.322000000625849,1218410.473999999463558,619.69199999999546],[2641574.416999999433756,1218403.079999998211861,619.691900000005262],[2641568.340999998152256,1218403.0,619.49199999999837]]]}},
{"type":"Feature","properties":{"fid":154,"OBJECTID":1,"UUID":"{0241BDAF-FECA-476C-BB76-2B1614C5FEC1}","OBJEKTART":"Gebaeude Einzelhaus","NAME_KOMPLETT":null,"GEBAEUDE_NUTZUNG":null,"GRUND_AENDERUNG":"Verbessert","HERKUNFT":"swisstopo","HERKUNFT_JAHR":2024,"HERKUNFT_MONAT":6,"ORIGINAL_HERKUNFT":"swisstopo","ERSTELLUNG_JAHR":2024,"ERSTELLUNG_MONAT":6,"REVISION_JAHR":2024,"REVISION_MONAT":6,"DATUM_AENDERUNG":"2025-07-08T11:55:40Z","DATUM_ERSTELLUNG":"2025-07-08T11:55:40Z","DACH_MAX":571.05,"DACH_MIN":567.57,"EGID":187524,"GEBAEUDEEINHEIT":"{0161A195-33E8-41ED-A8F7-CD5593D4FBF9}","layer":"swissbuildings3d_3_0_2024_1129-33_2056_5728.gdb — swissBUILDINGS3D_3-0_1129-33.gdb/a0000000b.gdbtable","path":"/vsizip//Users/wulf/Downloads/swissbuildings3d_3_0_2024_1129-33_2056_5728.gdb.zip/swissBUILDINGS3D_3-0_1129-33.gdb/a0000000b.gdbtable|layername=Roof_solid"},"geometry":{"type":"Polygon","coordinates":[[[2641566.379000000655651,1218428.761999998241663,615.658400000000256],[2641557.3260000012815,1218428.71000000089407,615.560400000002119],[2641557.272265914827585,1218435.888475712854415,615.626416475372935],[2641552.096000000834465,1218435.850000001490116,615.324399999997695],[2641552.063000001013279,1218440.410999998450279,619.876999999993131],[2641552.028999999165535,1218444.975000001490116,615.524399999994785],[2641560.805287356488407,1218445.039973076432943,613.914550000001327],[2641560.787999998778105,1218446.513000000268221,612.504700000004959],[2641567.504999998956919,1218446.592999998480082,612.504700000004959],[2641567.624000001698732,1218436.579,612.704700000002049],[2641566.335395545698702,1218436.563405754277483,614.181550000001153],[2641566.379000000655651,1218428.761999998241663,615.658400000000256]]]}},
{"type":"Feature","properties":{"fid":155,"OBJECTID":1,"UUID":"{0241BDAF-FECA-476C-BB76-2B1614C5FEC1}","OBJEKTART":"Gebaeude Einzelhaus","NAME_KOMPLETT":null,"GEBAEUDE_NUTZUNG":null,"GRUND_AENDERUNG":"Verbessert","HERKUNFT":"swisstopo","HERKUNFT_JAHR":2024,"HERKUNFT_MONAT":6,"ORIGINAL_HERKUNFT":"swisstopo","ERSTELLUNG_JAHR":2024,"ERSTELLUNG_MONAT":6,"REVISION_JAHR":2024,"REVISION_MONAT":6,"DATUM_AENDERUNG":"2025-07-08T11:55:40Z","DATUM_ERSTELLUNG":"2025-07-08T11:55:40Z","DACH_MAX":571.05,"DACH_MIN":567.57,"EGID":187524,"GEBAEUDEEINHEIT":"{0161A195-33E8-41ED-A8F7-CD5593D4FBF9}","layer":"swissbuildings3d_3_0_2024_1129-33_2056_5728.gdb — swissBUILDINGS3D_3-0_1129-33.gdb/a0000000b.gdbtable","path":"/vsizip//Users/wulf/Downloads/swissbuildings3d_3_0_2024_1129-33_2056_5728.gdb.zip/swissBUILDINGS3D_3-0_1129-33.gdb/a0000000b.gdbtable|layername=Roof_solid"},"geometry":{"type":"Polygon","coordinates":[[[2641585.846000000834465,1218483.659000001847744,617.492199999993318],[2641591.824000000953674,1218483.725000001490116,617.492199999993318],[2641593.017000000923872,1218483.739,617.692200000004959],[2641593.056000001728535,1218480.432,617.692200000004959],[2641593.188000001013279,1218468.971999999135733,617.692200000004959],[2641589.296999998390675,1218468.927999999374151,617.492199999993318],[2641589.30799999833107,1218468.015999998897314,617.692200000004959],[2641579.850999999791384,1218467.905000001192093,617.492199999993318],[2641579.839999999850988,1218468.8260000012815,617.692200000004959],[2641576.004000677727163,1218468.781941814348102,614.883500000003551],[2641576.050999999046326,1218464.743000000715256,612.074800000002142],[2641570.322999998927116,1218464.675999999046326,612.274799999999232],[2641570.333000000566244,1218463.886,612.074800000002142],[2641564.614999998360872,1218463.818999998271465,612.074800000002142],[2641564.565999999642372,1218469.530999999493361,612.274799999999232],[2641570.269999999552965,1218469.594999998807907,612.274799999999232],[2641570.271999999880791,1218470.390000000596046,612.074800000002142],[2641575.901999998837709,1218470.4510000012815,612.274799999999232],[2641575.921999998390675,1218468.780999999493361,612.074800000002142],[2641575.747000001370907,1218483.55799999833107,617.692200000004959],[2641576.940000001341105,1218483.572000000625849,617.692200000004959],[2641582.910000000149012,1218483.629000000655651,617.692200000004959],[2641582.93299999833107,1218482.534000001847744,617.692200000004959],[2641585.86600000038743,1218482.568,617.692200000004959],[2641585.846000000834465,1218483.659000001847744,617.492199999993318]]]}},
{"type":"Feature","properties":{"fid":156,"OBJECTID":1,"UUID":"{0241BDAF-FECA-476C-BB76-2B1614C5FEC1}","OBJEKTART":"Gebaeude Einzelhaus","NAME_KOMPLETT":null,"GEBAEUDE_NUTZUNG":null,"GRUND_AENDERUNG":"Verbessert","HERKUNFT":"swisstopo","HERKUNFT_JAHR":2024,"HERKUNFT_MONAT":6,"ORIGINAL_HERKUNFT":"swisstopo","ERSTELLUNG_JAHR":2024,"ERSTELLUNG_MONAT":6,"REVISION_JAHR":2024,"REVISION_MONAT":6,"DATUM_AENDERUNG":"2025-07-08T11:55:40Z","DATUM_ERSTELLUNG":"2025-07-08T11:55:40Z","DACH_MAX":571.05,"DACH_MIN":567.57,"EGID":187524,"GEBAEUDEEINHEIT":"{0161A195-33E8-41ED-A8F7-CD5593D4FBF9}","layer":"swissbuildings3d_3_0_2024_1129-33_2056_5728.gdb — swissBUILDINGS3D_3-0_1129-33.gdb/a0000000b.gdbtable","path":"/vsizip//Users/wulf/Downloads/swissbuildings3d_3_0_2024_1129-33_2056_5728.gdb.zip/swissBUILDINGS3D_3-0_1129-33.gdb/a0000000b.gdbtable|layername=Roof_solid"},"geometry":{"type":"Polygon","coordinates":[[[2641570.441070831380785,1218509.877345326123759,610.561650232294596],[2641570.221999999135733,1218509.875,614.587599999998929],[2641555.912999998778105,1218509.723000001162291,614.737599999993108],[2641555.74100000038743,1218525.730000000447035,614.737599999993108],[2641574.820000000298023,1218525.934000000357628,614.737599999993108],[2641574.980069105513394,1218510.969514854252338,612.657341901414043],[2641576.171,1218510.984000001102686,606.699399999997695],[2641576.179999999701977,1218510.806000001728535,606.699399999997695],[2641576.272999998182058,1218502.385000001639128,606.899399999994785],[2641570.530999999493361,1218502.31700000166893,606.699399999997695],[2641570.441070831380785,1218509.877345326123759,610.561650232294596]]]}},
{"type":"Feature","properties":{"fid":157,"OBJECTID":1,"UUID":"{0241BDAF-FECA-476C-BB76-2B1614C5FEC1}","OBJEKTART":"Gebaeude Einzelhaus","NAME_KOMPLETT":null,"GEBAEUDE_NUTZUNG":null,"GRUND_AENDERUNG":"Verbessert","HERKUNFT":"swisstopo","HERKUNFT_JAHR":2024,"HERKUNFT_MONAT":6,"ORIGINAL_HERKUNFT":"swisstopo","ERSTELLUNG_JAHR":2024,"ERSTELLUNG_MONAT":6,"REVISION_JAHR":2024,"REVISION_MONAT":6,"DATUM_AENDERUNG":"2025-07-08T11:55:40Z","DATUM_ERSTELLUNG":"2025-07-08T11:55:40Z","DACH_MAX":571.05,"DACH_MIN":567.57,"EGID":187524,"GEBAEUDEEINHEIT":"{0161A195-33E8-41ED-A8F7-CD5593D4FBF9}","layer":"swissbuildings3d_3_0_2024_1129-33_2056_5728.gdb — swissBUILDINGS3D_3-0_1129-33.gdb/a0000000b.gdbtable","path":"/vsizip//Users/wulf/Downloads/swissbuildings3d_3_0_2024_1129-33_2056_5728.gdb.zip/swissBUILDINGS3D_3-0_1129-33.gdb/a0000000b.gdbtable|layername=Roof_solid"},"geometry":{"type":"Polygon","coordinates":[[[2641558.110551979858428,1218665.632485100999475,599.133361146475181],[2641558.21000000089407,1218665.234000001102686,599.85229999999865],[2641550.647999998182058,1218663.339999999850988,599.65230000000156],[2641550.002999998629093,1218665.916999999433756,598.580400000006193],[2641549.287999998778105,1218668.774000000208616,601.021099999998114],[2641547.364,1218676.458999998867512,598.678400000004331],[2641560.686000000685453,1218679.793999999761581,598.87840000000142],[2641562.609999999403954,1218672.109000001102686,601.021099999998114],[2641562.942989370319992,1218670.780855373246595,599.436614772544544],[2641563.214999999850988,1218670.848999999463558,598.580400000006193],[2641563.679000001400709,1218668.995999999344349,600.242199999993318],[2641564.14299999922514,1218667.142000000923872,598.780400000003283],[2641558.110551979858428,1218665.632485100999475,599.133361146475181]]]}},
{"type":"Feature","properties":{"fid":158,"OBJECTID":1,"UUID":"{0241BDAF-FECA-476C-BB76-2B1614C5FEC1}","OBJEKTART":"Gebaeude Einzelhaus","NAME_KOMPLETT":null,"GEBAEUDE_NUTZUNG":null,"GRUND_AENDERUNG":"Verbessert","HERKUNFT":"swisstopo","HERKUNFT_JAHR":2024,"HERKUNFT_MONAT":6,"ORIGINAL_HERKUNFT":"swisstopo","ERSTELLUNG_JAHR":2024,"ERSTELLUNG_MONAT":6,"REVISION_JAHR":2024,"REVISION_MONAT":6,"DATUM_AENDERUNG":"2025-07-08T11:55:40Z","DATUM_ERSTELLUNG":"2025-07-08T11:55:40Z","DACH_MAX":571.05,"DACH_MIN":567.57,"EGID":187524,"GEBAEUDEEINHEIT":"{0161A195-33E8-41ED-A8F7-CD5593D4FBF9}","layer":"swissbuildings3d_3_0_2024_1129-33_2056_5728.gdb — swissBUILDINGS3D_3-0_1129-33.gdb/a0000000b.gdbtable","path":"/vsizip//Users/wulf/Downloads/swissbuildings3d_3_0_2024_1129-33_2056_5728.gdb.zip/swissBUILDINGS3D_3-0_1129-33.gdb/a0000000b.gdbtable|layername=Roof_solid"},"geometry":{"type":"Polygon","coordinates":[[[2641565.284000001847744,1218838.199999999254942,573.768100000001141],[2641564.973974714521319,1218840.532892141724005,574.372786418219675],[2641553.519000001251698,1218839.011,574.335000000006403],[2641553.829,1218836.677999999374151,573.805099999997765],[2641549.217000000178814,1218836.065000001341105,573.805099999997765],[2641548.905999999493361,1218838.397999998182058,574.384000000005472],[2641547.971000000834465,1218838.274000000208616,574.384000000005472],[2641547.309000000357628,1218843.265999998897314,576.659799999993993],[2641546.572999998927116,1218848.806000001728535,574.384000000005472],[2641568.550999999046326,1218851.725999999791384,574.384000000005472],[2641569.287999998778105,1218846.184999998658895,576.659799999993993],[2641569.949999999254942,1218841.193999998271465,574.18399999999383],[2641569.422154265921563,1218841.123871142277494,574.374906641981397],[2641569.73200000077486,1218838.791000001132488,573.96809999999823],[2641565.284000001847744,1218838.199999999254942,573.768100000001141]]]}},
{"type":"Feature","properties":{"fid":159,"OBJECTID":1,"UUID":"{0241BDAF-FECA-476C-BB76-2B1614C5FEC1}","OBJEKTART":"Gebaeude Einzelhaus","NAME_KOMPLETT":null,"GEBAEUDE_NUTZUNG":null,"GRUND_AENDERUNG":"Verbessert","HERKUNFT":"swisstopo","HERKUNFT_JAHR":2024,"HERKUNFT_MONAT":6,"ORIGINAL_HERKUNFT":"swisstopo","ERSTELLUNG_JAHR":2024,"ERSTELLUNG_MONAT":6,"REVISION_JAHR":2024,"REVISION_MONAT":6,"DATUM_AENDERUNG":"2025-07-08T11:55:40Z","DATUM_ERSTELLUNG":"2025-07-08T11:55:40Z","DACH_MAX":571.05,"DACH_MIN":567.57,"EGID":187524,"GEBAEUDEEINHEIT":"{0161A195-33E8-41ED-A8F7-CD5593D4FBF9}","layer":"swissbuildings3d_3_0_2024_1129-33_2056_5728.gdb — swissBUILDINGS3D_3-0_1129-33.gdb/a0000000b.gdbtable","path":"/vsizip//Users/wulf/Downloads/swissbuildings3d_3_0_2024_1129-33_2056_5728.gdb.zip/swissBUILDINGS3D_3-0_1129-33.gdb/a0000000b.gdbtable|layername=Roof_solid"},"geometry":{"type":"Polygon","coordinates":[[[2641564.396000001579523,1218385.545000001788139,626.536200000002282],[2641574.372999999672174,1218385.6739999987185,626.536200000002282],[2641574.510000001639128,1218375.14299999922514,626.340200000006007],[2641574.509735603351146,1218375.14299081871286,624.91935000000376],[2641574.535000000149012,1218373.184999998658895,623.498500000001513],[2641564.55799999833107,1218373.056000001728535,623.298599999994622],[2641564.530000001192093,1218375.015000000596046,623.498500000001513],[2641574.36600000038743,1218375.138000000268221,623.298500000004424],[2641564.526999998837709,1218375.015000000596046,626.540200000003097],[2641564.392000000923872,1218385.357999999076128,626.733200000002398],[2641564.396000001579523,1218385.545000001788139,626.536200000002282]]]}},
{"type":"Feature","properties":{"fid":160,"OBJECTID":1,"UUID":"{0241BDAF-FECA-476C-BB76-2B1614C5FEC1}","OBJEKTART":"Gebaeude Einzelhaus","NAME_KOMPLETT":null,"GEBAEUDE_NUTZUNG":null,"GRUND_AENDERUNG":"Verbessert","HERKUNFT":"swisstopo","HERKUNFT_JAHR":2024,"HERKUNFT_MONAT":6,"ORIGINAL_HERKUNFT":"swisstopo","ERSTELLUNG_JAHR":2024,"ERSTELLUNG_MONAT":6,"REVISION_JAHR":2024,"REVISION_MONAT":6,"DATUM_AENDERUNG":"2025-07-08T11:55:40Z","DATUM_ERSTELLUNG":"2025-07-08T11:55:40Z","DACH_MAX":571.05,"DACH_MIN":567.57,"EGID":187524,"GEBAEUDEEINHEIT":"{0161A195-33E8-41ED-A8F7-CD5593D4FBF9}","layer":"swissbuildings3d_3_0_2024_1129-33_2056_5728.gdb — swissBUILDINGS3D_3-0_1129-33.gdb/a0000000b.gdbtable","path":"/vsizip//Users/wulf/Downloads/swissbuildings3d_3_0_2024_1129-33_2056_5728.gdb.zip/swissBUILDINGS3D_3-0_1129-33.gdb/a0000000b.gdbtable|layername=Roof_solid"},"geometry":{"type":"Polygon","coordinates":[[[2641597.087999999523163,1218385.929000001400709,626.246199999994133],[2641597.225999999791384,1218375.322000000625849,626.046300000001793],[2641587.197000000625849,1218375.19200000166893,626.046300000001793],[2641587.059000000357628,1218385.7989999987185,626.246299999998882],[2641597.087999999523163,1218385.929000001400709,626.246199999994133]]]}},
{"type":"Feature","properties":{"fid":161,"OBJECTID":1,"UUID":"{0241BDAF-FECA-476C-BB76-2B1614C5FEC1}","OBJEKTART":"Gebaeude Einzelhaus","NAME_KOMPLETT":null,"GEBAEUDE_NUTZUNG":null,"GRUND_AENDERUNG":"Verbessert","HERKUNFT":"swisstopo","HERKUNFT_JAHR":2024,"HERKUNFT_MONAT":6,"ORIGINAL_HERKUNFT":"swisstopo","ERSTELLUNG_JAHR":2024,"ERSTELLUNG_MONAT":6,"REVISION_JAHR":2024,"REVISION_MONAT":6,"DATUM_AENDERUNG":"2025-07-08T11:55:40Z","DATUM_ERSTELLUNG":"2025-07-08T11:55:40Z","DACH_MAX":571.05,"DACH_MIN":567.57,"EGID":187524,"GEBAEUDEEINHEIT":"{0161A195-33E8-41ED-A8F7-CD5593D4FBF9}","layer":"swissbuildings3d_3_0_2024_1129-33_2056_5728.gdb — swissBUILDINGS3D_3-0_1129-33.gdb/a0000000b.gdbtable","path":"/vsizip//Users/wulf/Downloads/swissbuildings3d_3_0_2024_1129-33_2056_5728.gdb.zip/swissBUILDINGS3D_3-0_1129-33.gdb/a0000000b.gdbtable|layername=Roof_solid"},"geometry":{"type":"Polygon","coordinates":[[[2641591.383000001311302,1218404.061999998986721,619.505999999993946],[2641589.445000000298023,1218404.037999998778105,619.691900000005262],[2641589.355438537430018,1218410.415771300205961,621.090608450500554],[2641584.58500000089407,1218410.348999999463558,622.92160000000149],[2641584.471999999135733,1218418.416999999433756,622.92160000000149],[2641596.238000001758337,1218418.581999998539686,622.427700000000186],[2641596.267821243498474,1218416.459078340325505,620.982076466526905],[2641597.162000000476837,1218416.471999999135733,619.544999999998254],[2641597.33500000089407,1218404.149000000208616,619.544999999998254],[2641597.197000000625849,1218404.140999998897314,619.547999999995227],[2641593.322000000625849,1218404.087000001221895,619.470000000001164],[2641593.022999998182058,1218404.083000000566244,619.42500000000291],[2641591.383000001311302,1218404.061999998986721,619.505999999993946]]]}},
{"type":"Feature","properties":{"fid":162,"OBJECTID":1,"UUID":"{0241BDAF-FECA-476C-BB76-2B1614C5FEC1}","OBJEKTART":"Gebaeude Einzelhaus","NAME_KOMPLETT":null,"GEBAEUDE_NUTZUNG":null,"GRUND_AENDERUNG":"Verbessert","HERKUNFT":"swisstopo","HERKUNFT_JAHR":2024,"HERKUNFT_MONAT":6,"ORIGINAL_HERKUNFT":"swisstopo","ERSTELLUNG_JAHR":2024,"ERSTELLUNG_MONAT":6,"REVISION_JAHR":2024,"REVISION_MONAT":6,"DATUM_AENDERUNG":"2025-07-08T11:55:40Z","DATUM_ERSTELLUNG":"2025-07-08T11:55:40Z","DACH_MAX":571.05,"DACH_MIN":567.57,"EGID":187524,"GEBAEUDEEINHEIT":"{0161A195-33E8-41ED-A8F7-CD5593D4FBF9}","layer":"swissbuildings3d_3_0_2024_1129-33_2056_5728.gdb — swissBUILDINGS3D_3-0_1129-33.gdb/a0000000b.gdbtable","path":"/vsizip//Users/wulf/Downloads/swissbuildings3d_3_0_2024_1129-33_2056_5728.gdb.zip/swissBUILDINGS3D_3-0_1129-33.gdb/a0000000b.gdbtable|layername=Roof_solid"},"geometry":{"type":"Polygon","coordinates":[[[2641596.602000001817942,1218440.379000000655651,617.029200000004494],[2641596.662000000476837,1218435.352000001817942,615.143400000000838],[2641581.899000000208616,1218435.175999999046326,615.143400000000838],[2641581.89674880169332,1218435.364314559381455,613.853995767957144],[2641580.350999999791384,1218435.346000000834465,613.196599999995669],[2641580.329,1218437.147999998182058,613.196599999995669],[2641574.806000001728535,1218437.081999998539686,612.996700000003329],[2641574.704,1218445.583999998867512,612.996700000003329],[2641581.774353698361665,1218445.668188935844228,614.288373080496854],[2641581.769999999552965,1218446.037000000476837,615.242400000002817],[2641591.725999999791384,1218446.155999999493361,615.242400000002817],[2641591.737190815620124,1218445.208002263214439,615.496398722317281],[2641596.543999999761581,1218445.265000000596046,615.26140000000305],[2641596.602000001817942,1218440.379000000655651,617.029200000004494]],[[2641581.821583849843591,1218441.66722260415554,615.552522111392364],[2641581.778463893570006,1218445.320005562156439,614.353370594509443],[2641581.778000000864267,1218445.320000000298023,613.196599999995669],[2641581.821583849843591,1218441.66722260415554,615.552522111392364]]]}},
{"type":"Feature","properties":{"fid":163,"OBJECTID":1,"UUID":"{0241BDAF-FECA-476C-BB76-2B1614C5FEC1}","OBJEKTART":"Gebaeude Einzelhaus","NAME_KOMPLETT":null,"GEBAEUDE_NUTZUNG":null,"GRUND_AENDERUNG":"Verbessert","HERKUNFT":"swisstopo","HERKUNFT_JAHR":2024,"HERKUNFT_MONAT":6,"ORIGINAL_HERKUNFT":"swisstopo","ERSTELLUNG_JAHR":2024,"ERSTELLUNG_MONAT":6,"REVISION_JAHR":2024,"REVISION_MONAT":6,"DATUM_AENDERUNG":"2025-07-08T11:55:40Z","DATUM_ERSTELLUNG":"2025-07-08T11:55:40Z","DACH_MAX":571.05,"DACH_MIN":567.57,"EGID":187524,"GEBAEUDEEINHEIT":"{0161A195-33E8-41ED-A8F7-CD5593D4FBF9}","layer":"swissbuildings3d_3_0_2024_1129-33_2056_5728.gdb — swissBUILDINGS3D_3-0_1129-33.gdb/a0000000b.gdbtable","path":"/vsizip//Users/wulf/Downloads/swissbuildings3d_3_0_2024_1129-33_2056_5728.gdb.zip/swissBUILDINGS3D_3-0_1129-33.gdb/a0000000b.gdbtable|layername=Roof_solid"},"geometry":{"type":"Polygon","coordinates":[[[2641593.153999999165535,1218464.932,612.274799999999232],[2641593.10700000077486,1218468.971000000834465,612.274799999999232],[2641593.188000001013279,1218468.971999999135733,617.692200000004959],[2641593.168999999761581,1218470.653000000864267,612.274799999999232],[2641598.791000001132488,1218470.717999998480082,612.074800000002142],[2641598.800000000745058,1218469.918000001460314,612.074800000002142],[2641604.521999999880791,1218469.984000001102686,612.074800000002142],[2641604.587999999523163,1218464.265000000596046,612.074800000002142],[2641598.881000000983477,1218464.197999998927116,612.074800000002142],[2641598.870999999344349,1218464.997999999672174,612.074800000002142],[2641593.153999999165535,1218464.932,612.274799999999232]]]}},
{"type":"Feature","properties":{"fid":164,"OBJECTID":1,"UUID":"{0241BDAF-FECA-476C-BB76-2B1614C5FEC1}","OBJEKTART":"Gebaeude Einzelhaus","NAME_KOMPLETT":null,"GEBAEUDE_NUTZUNG":null,"GRUND_AENDERUNG":"Verbessert","HERKUNFT":"swisstopo","HERKUNFT_JAHR":2024,"HERKUNFT_MONAT":6,"ORIGINAL_HERKUNFT":"swisstopo","ERSTELLUNG_JAHR":2024,"ERSTELLUNG_MONAT":6,"REVISION_JAHR":2024,"REVISION_MONAT":6,"DATUM_AENDERUNG":"2025-07-08T11:55:40Z","DATUM_ERSTELLUNG":"2025-07-08T11:55:40Z","DACH_MAX":571.05,"DACH_MIN":567.57,"EGID":187524,"GEBAEUDEEINHEIT":"{0161A195-33E8-41ED-A8F7-CD5593D4FBF9}","layer":"swissbuildings3d_3_0_2024_1129-33_2056_5728.gdb — swissBUILDINGS3D_3-0_1129-33.gdb/a0000000b.gdbtable","path":"/vsizip//Users/wulf/Downloads/swissbuildings3d_3_0_2024_1129-33_2056_5728.gdb.zip/swissBUILDINGS3D_3-0_1129-33.gdb/a0000000b.gdbtable|layername=Roof_solid"},"geometry":{"type":"Polygon","coordinates":[[[2641592.888999998569489,1218510.940999999642372,607.000400000004447],[2641592.728000000119209,1218526.043000001460314,614.458599999998114],[2641611.806000001728535,1218526.245999999344349,614.658599999995204],[2641611.978000000119209,1218510.239,614.458599999998114],[2641597.883000001311302,1218510.087999999523163,614.458599999998114],[2641597.916999999433756,1218502.434999998658895,606.800399999992806],[2641592.197000000625849,1218502.375999998301268,607.000400000004447],[2641592.109000001102686,1218510.936999998986721,607.000400000004447],[2641592.888999998569489,1218510.940999999642372,607.000400000004447]]]}},
{"type":"Feature","properties":{"fid":165,"OBJECTID":1,"UUID":"{0241BDAF-FECA-476C-BB76-2B1614C5FEC1}","OBJEKTART":"Gebaeude Einzelhaus","NAME_KOMPLETT":null,"GEBAEUDE_NUTZUNG":null,"GRUND_AENDERUNG":"Verbessert","HERKUNFT":"swisstopo","HERKUNFT_JAHR":2024,"HERKUNFT_MONAT":6,"ORIGINAL_HERKUNFT":"swisstopo","ERSTELLUNG_JAHR":2024,"ERSTELLUNG_MONAT":6,"REVISION_JAHR":2024,"REVISION_MONAT":6,"DATUM_AENDERUNG":"2025-07-08T11:55:40Z","DATUM_ERSTELLUNG":"2025-07-08T11:55:40Z","DACH_MAX":571.05,"DACH_MIN":567.57,"EGID":187524,"GEBAEUDEEINHEIT":"{0161A195-33E8-41ED-A8F7-CD5593D4FBF9}","layer":"swissbuildings3d_3_0_2024_1129-33_2056_5728.gdb — swissBUILDINGS3D_3-0_1129-33.gdb/a0000000b.gdbtable","path":"/vsizip//Users/wulf/Downloads/swissbuildings3d_3_0_2024_1129-33_2056_5728.gdb.zip/swissBUILDINGS3D_3-0_1129-33.gdb/a0000000b.gdbtable|layername=Roof_solid"},"geometry":{"type":"Polygon","coordinates":[[[2641574.063000001013279,1218580.947999998927116,606.031499999997322],[2641580.945999998599291,1218576.899999998509884,606.031499999997322],[2641580.145906415302306,1218575.539398594293743,605.305847972049378],[2641583.839116295333952,1218573.368360578082502,606.02119102072993],[2641585.394000001251698,1218576.013000000268221,606.624500000005355],[2641592.276000000536442,1218571.965999998152256,606.624500000005355],[2641591.32703000260517,1218570.35173060442321,605.777637132966447],[2641595.073423219844699,1218568.148949566995725,606.660751132156975],[2641596.899000000208616,1218571.254000000655651,607.173399999999674],[2641603.782999999821186,1218567.208000000566244,606.973400000002584],[2641602.747152777388692,1218565.446709881303832,606.493018783782645],[2641606.923000000417233,1218562.99100000038743,604.775599999993574],[2641602.835999999195337,1218556.043000001460314,604.775599999993574],[2641598.661204414442182,1218558.497842347482219,605.816729930895804],[2641597.271000001579523,1218556.133000001311302,606.973400000002584],[2641590.388000000268221,1218560.179999999701977,607.173399999999674],[2641591.002649614121765,1218561.225376424146816,605.891908097632268],[2641587.256984611507505,1218563.428656871663406,606.214179550558356],[2641585.765000000596046,1218560.890999998897314,606.624400000000605],[2641578.883000001311302,1218564.938999999314547,606.624500000005355],[2641579.467558814678341,1218565.933198952814564,605.490786620618792],[2641575.774268283974379,1218568.105197017546743,605.611819777266419],[2641574.434000000357628,1218565.8260000012815,606.231499999994412],[2641574.236000001430511,1218565.94200000166893,606.231499999994412],[2641569.271999999880791,1218568.861000001430511,606.050499999997555],[2641567.550999999046326,1218569.872999999672174,606.231499999994412],[2641570.806000001728535,1218575.410000000149012,609.920100000003004],[2641574.063000001013279,1218580.947999998927116,606.031499999997322]]]}},
{"type":"Feature","properties":{"fid":166,"OBJECTID":1,"UUID":"{0241BDAF-FECA-476C-BB76-2B1614C5FEC1}","OBJEKTART":"Gebaeude Einzelhaus","NAME_KOMPLETT":null,"GEBAEUDE_NUTZUNG":null,"GRUND_AENDERUNG":"Verbessert","HERKUNFT":"swisstopo","HERKUNFT_JAHR":2024,"HERKUNFT_MONAT":6,"ORIGINAL_HERKUNFT":"swisstopo","ERSTELLUNG_JAHR":2024,"ERSTELLUNG_MONAT":6,"REVISION_JAHR":2024,"REVISION_MONAT":6,"DATUM_AENDERUNG":"2025-07-08T11:55:40Z","DATUM_ERSTELLUNG":"2025-07-08T11:55:40Z","DACH_MAX":571.05,"DACH_MIN":567.57,"EGID":187524,"GEBAEUDEEINHEIT":"{0161A195-33E8-41ED-A8F7-CD5593D4FBF9}","layer":"swissbuildings3d_3_0_2024_1129-33_2056_5728.gdb — swissBUILDINGS3D_3-0_1129-33.gdb/a0000000b.gdbtable","path":"/vsizip//Users/wulf/Downloads/swissbuildings3d_3_0_2024_1129-33_2056_5728.gdb.zip/swissBUILDINGS3D_3-0_1129-33.gdb/a0000000b.gdbtable|layername=Roof_solid"},"geometry":{"type":"Polygon","coordinates":[[[2641598.68299999833107,1218599.464000001549721,605.713600000002771],[2641599.313999999314547,1218600.559999998658895,605.713600000002771],[2641607.644000001251698,1218595.765000000596046,605.713600000002771],[2641605.776999998837709,1218592.521999999880791,605.713600000002771],[2641603.984000001102686,1218589.407000001519918,605.713600000002771],[2641603.579999998211861,1218588.704999998211861,605.763600000005681],[2641602.225000001490116,1218586.350999999791384,605.913499999995111],[2641591.660999998450279,1218592.43299999833107,605.713600000002771],[2641592.266229589469731,1218593.484719630796462,605.518808209334225],[2641591.274999998509884,1218594.054999999701977,605.441600000005565],[2641589.320999998599291,1218595.179999999701977,605.241599999993923],[2641591.359999999403954,1218598.703000001609325,605.241599999993923],[2641594.296999998390675,1218597.013000000268221,605.441600000005565],[2641592.739999998360872,1218594.30799999833107,605.241599999993923],[2641594.87650662008673,1218598.018670439487323,605.819850003124657],[2641595.252000000327826,1218598.671,605.73859999999695],[2641596.449000000953674,1218600.75,605.713600000002771],[2641598.68299999833107,1218599.464000001549721,605.713600000002771]]]}},
{"type":"Feature","properties":{"fid":167,"OBJECTID":1,"UUID":"{0241BDAF-FECA-476C-BB76-2B1614C5FEC1}","OBJEKTART":"Gebaeude Einzelhaus","NAME_KOMPLETT":null,"GEBAEUDE_NUTZUNG":null,"GRUND_AENDERUNG":"Verbessert","HERKUNFT":"swisstopo","HERKUNFT_JAHR":2024,"HERKUNFT_MONAT":6,"ORIGINAL_HERKUNFT":"swisstopo","ERSTELLUNG_JAHR":2024,"ERSTELLUNG_MONAT":6,"REVISION_JAHR":2024,"REVISION_MONAT":6,"DATUM_AENDERUNG":"2025-07-08T11:55:40Z","DATUM_ERSTELLUNG":"2025-07-08T11:55:40Z","DACH_MAX":571.05,"DACH_MIN":567.57,"EGID":187524,"GEBAEUDEEINHEIT":"{0161A195-33E8-41ED-A8F7-CD5593D4FBF9}","layer":"swissbuildings3d_3_0_2024_1129-33_2056_5728.gdb — swissBUILDINGS3D_3-0_1129-33.gdb/a0000000b.gdbtable","path":"/vsizip//Users/wulf/Downloads/swissbuildings3d_3_0_2024_1129-33_2056_5728.gdb.zip/swissBUILDINGS3D_3-0_1129-33.gdb/a0000000b.gdbtable|layername=Roof_solid"},"geometry":{"type":"Polygon","coordinates":[[[2641566.322999998927116,1218633.475000001490116,608.726299999994808],[2641573.063000001013279,1218635.015000000596046,608.926300000006449],[2641575.932,1218635.671,608.926300000006449],[2641582.355999998748302,1218637.138999998569489,608.926300000006449],[2641585.331000000238419,1218624.111000001430511,608.726299999994808],[2641581.589000001549721,1218623.256000000983477,608.926300000006449],[2641581.795000001788139,1218622.353000000119209,608.726299999994808],[2641573.032999999821186,1218620.350000001490116,608.926300000006449],[2641572.8260000012815,1218621.254000000655651,608.926300000006449],[2641569.298000000417233,1218620.449000000953674,608.726299999994808],[2641566.322999998927116,1218633.475000001490116,608.726299999994808]]]}},
{"type":"Feature","properties":{"fid":168,"OBJECTID":1,"UUID":"{0241BDAF-FECA-476C-BB76-2B1614C5FEC1}","OBJEKTART":"Gebaeude Einzelhaus","NAME_KOMPLETT":null,"GEBAEUDE_NUTZUNG":null,"GRUND_AENDERUNG":"Verbessert","HERKUNFT":"swisstopo","HERKUNFT_JAHR":2024,"HERKUNFT_MONAT":6,"ORIGINAL_HERKUNFT":"swisstopo","ERSTELLUNG_JAHR":2024,"ERSTELLUNG_MONAT":6,"REVISION_JAHR":2024,"REVISION_MONAT":6,"DATUM_AENDERUNG":"2025-07-08T11:55:40Z","DATUM_ERSTELLUNG":"2025-07-08T11:55:40Z","DACH_MAX":571.05,"DACH_MIN":567.57,"EGID":187524,"GEBAEUDEEINHEIT":"{0161A195-33E8-41ED-A8F7-CD5593D4FBF9}","layer":"swissbuildings3d_3_0_2024_1129-33_2056_5728.gdb — swissBUILDINGS3D_3-0_1129-33.gdb/a0000000b.gdbtable","path":"/vsizip//Users/wulf/Downloads/swissbuildings3d_3_0_2024_1129-33_2056_5728.gdb.zip/swissBUILDINGS3D_3-0_1129-33.gdb/a0000000b.gdbtable|layername=Roof_solid"},"geometry":{"type":"Polygon","coordinates":[[[2641589.431000001728535,1218662.252999998629093,598.357399999993504],[2641590.89299999922514,1218655.53999999910593,598.357399999993504],[2641559.55799999833107,1218648.723000001162291,598.357399999993504],[2641558.096000000834465,1218655.434999998658895,598.357399999993504],[2641589.431000001728535,1218662.252999998629093,598.357399999993504]]]}},
{"type":"Feature","properties":{"fid":169,"OBJECTID":1,"UUID":"{0241BDAF-FECA-476C-BB76-2B1614C5FEC1}","OBJEKTART":"Gebaeude Einzelhaus","NAME_KOMPLETT":null,"GEBAEUDE_NUTZUNG":null,"GRUND_AENDERUNG":"Verbessert","HERKUNFT":"swisstopo","HERKUNFT_JAHR":2024,"HERKUNFT_MONAT":6,"ORIGINAL_HERKUNFT":"swisstopo","ERSTELLUNG_JAHR":2024,"ERSTELLUNG_MONAT":6,"REVISION_JAHR":2024,"REVISION_MONAT":6,"DATUM_AENDERUNG":"2025-07-08T11:55:40Z","DATUM_ERSTELLUNG":"2025-07-08T11:55:40Z","DACH_MAX":571.05,"DACH_MIN":567.57,"EGID":187524,"GEBAEUDEEINHEIT":"{0161A195-33E8-41ED-A8F7-CD5593D4FBF9}","layer":"swissbuildings3d_3_0_2024_1129-33_2056_5728.gdb — swissBUILDINGS3D_3-0_1129-33.gdb/a0000000b.gdbtable","path":"/vsizip//Users/wulf/Downloads/swissbuildings3d_3_0_2024_1129-33_2056_5728.gdb.zip/swissBUILDINGS3D_3-0_1129-33.gdb/a0000000b.gdbtable|layername=Roof_solid"},"geometry":{"type":"Polygon","coordinates":[[[2641571.087999999523163,1218681.217000000178814,598.255399999994552],[2641570.872999999672174,1218682.217999998480082,598.000499999994645],[2641583.989999998360872,1218685.041000001132488,598.200400000001537],[2641585.649999998509884,1218677.331000000238419,599.962199999994482],[2641586.260000001639128,1218674.5,598.000400000004447],[2641573.140999998897314,1218671.675999999046326,598.200400000001537],[2641572.855000000447035,1218673.004999998956919,598.921400000006543],[2641572.530999999493361,1218674.508000001311302,600.162200000006123],[2641571.287000000476837,1218680.291000001132488,598.541400000001886],[2641571.087999999523163,1218681.217000000178814,598.255399999994552]]]}},
{"type":"Feature","properties":{"fid":170,"OBJECTID":1,"UUID":"{0241BDAF-FECA-476C-BB76-2B1614C5FEC1}","OBJEKTART":"Gebaeude Einzelhaus","NAME_KOMPLETT":null,"GEBAEUDE_NUTZUNG":null,"GRUND_AENDERUNG":"Verbessert","HERKUNFT":"swisstopo","HERKUNFT_JAHR":2024,"HERKUNFT_MONAT":6,"ORIGINAL_HERKUNFT":"swisstopo","ERSTELLUNG_JAHR":2024,"ERSTELLUNG_MONAT":6,"REVISION_JAHR":2024,"REVISION_MONAT":6,"DATUM_AENDERUNG":"2025-07-08T11:55:40Z","DATUM_ERSTELLUNG":"2025-07-08T11:55:40Z","DACH_MAX":571.05,"DACH_MIN":567.57,"EGID":187524,"GEBAEUDEEINHEIT":"{0161A195-33E8-41ED-A8F7-CD5593D4FBF9}","layer":"swissbuildings3d_3_0_2024_1129-33_2056_5728.gdb — swissBUILDINGS3D_3-0_1129-33.gdb/a0000000b.gdbtable","path":"/vsizip//Users/wulf/Downloads/swissbuildings3d_3_0_2024_1129-33_2056_5728.gdb.zip/swissBUILDINGS3D_3-0_1129-33.gdb/a0000000b.gdbtable|layername=Roof_solid"},"geometry":{"type":"Polygon","coordinates":[[[2641567.263999998569489,1218701.125,597.672500000000582],[2641564.491999998688698,1218712.56700000166893,597.472500000003492],[2641573.19200000166893,1218714.6739999987185,597.672500000000582],[2641573.570999998599291,1218713.109999999403954,597.672500000000582],[2641577.315000001341105,1218714.017000000923872,597.672500000000582],[2641577.671,1218712.546999998390675,597.672500000000582],[2641580.682,1218713.276000000536442,597.672500000000582],[2641582.050000000745058,1218707.629000000655651,597.672500000000582],[2641576.778000000864267,1218706.353000000119209,597.672500000000582],[2641577.221999999135733,1218704.519999999552965,597.672500000000582],[2641573.818,1218703.695999998599291,597.472500000003492],[2641574.043000001460314,1218702.767000000923872,597.672500000000582],[2641567.263999998569489,1218701.125,597.672500000000582]]]}},
{"type":"Feature","properties":{"fid":171,"OBJECTID":1,"UUID":"{0241BDAF-FECA-476C-BB76-2B1614C5FEC1}","OBJEKTART":"Gebaeude Einzelhaus","NAME_KOMPLETT":null,"GEBAEUDE_NUTZUNG":null,"GRUND_AENDERUNG":"Verbessert","HERKUNFT":"swisstopo","HERKUNFT_JAHR":2024,"HERKUNFT_MONAT":6,"ORIGINAL_HERKUNFT":"swisstopo","ERSTELLUNG_JAHR":2024,"ERSTELLUNG_MONAT":6,"REVISION_JAHR":2024,"REVISION_MONAT":6,"DATUM_AENDERUNG":"2025-07-08T11:55:40Z","DATUM_ERSTELLUNG":"2025-07-08T11:55:40Z","DACH_MAX":571.05,"DACH_MIN":567.57,"EGID":187524,"GEBAEUDEEINHEIT":"{0161A195-33E8-41ED-A8F7-CD5593D4FBF9}","layer":"swissbuildings3d_3_0_2024_1129-33_2056_5728.gdb — swissBUILDINGS3D_3-0_1129-33.gdb/a0000000b.gdbtable","path":"/vsizip//Users/wulf/Downloads/swissbuildings3d_3_0_2024_1129-33_2056_5728.gdb.zip/swissBUILDINGS3D_3-0_1129-33.gdb/a0000000b.gdbtable|layername=Roof_solid"},"geometry":{"type":"Polygon","coordinates":[[[2641597.618000000715256,1218724.427000001072884,594.827799999999115],[2641604.782000001519918,1218727.936000000685453,595.027799999996205],[2641609.186999998986721,1218718.945999998599291,597.75449999999546],[2641610.006000000983477,1218719.346999999135733,595.810700000001816],[2641611.975000001490116,1218715.326999999582767,596.93760000000475],[2641613.651999998837709,1218711.905000001192093,595.819699999992736],[2641602.440999999642372,1218706.412999998778105,595.819699999992736],[2641597.515000000596046,1218704.0,595.1478000000061],[2641595.829,1218707.440999999642372,596.098700000002282],[2641594.861000001430511,1218709.416999999433756,595.656700000006822],[2641593.80799999833107,1218708.901000000536442,595.45669999999518],[2641592.043000001460314,1218712.504000000655651,594.286900000006426],[2641598.021999999880791,1218715.434000000357628,594.286900000006426],[2641599.568999998271465,1218712.276000000536442,595.312699999994948],[2641599.335999999195337,1218712.752000000327826,596.235700000004726],[2641602.563000001013279,1218714.333000000566244,596.235700000004726],[2641602.102000001817942,1218715.274999998509884,597.603499999997439],[2641601.653000000864267,1218716.190999999642372,597.325500000006286],[2641600.096999999135733,1218719.366999998688698,596.56260000000475],[2641597.818,1218724.019000001251698,595.151800000006915],[2641597.618000000715256,1218724.427000001072884,594.827799999999115]],[[2641602.325999399647117,1218706.648001225665212,596.070950400563106],[2641602.14862947165966,1218707.009879807475954,595.761501828154906],[2641602.440999999642372,1218706.412999998778105,595.819699999992736],[2641602.325999399647117,1218706.648001225665212,596.070950400563106]]]}},
{"type":"Feature","properties":{"fid":172,"OBJECTID":1,"UUID":"{0241BDAF-FECA-476C-BB76-2B1614C5FEC1}","OBJEKTART":"Gebaeude Einzelhaus","NAME_KOMPLETT":null,"GEBAEUDE_NUTZUNG":null,"GRUND_AENDERUNG":"Verbessert","HERKUNFT":"swisstopo","HERKUNFT_JAHR":2024,"HERKUNFT_MONAT":6,"ORIGINAL_HERKUNFT":"swisstopo","ERSTELLUNG_JAHR":2024,"ERSTELLUNG_MONAT":6,"REVISION_JAHR":2024,"REVISION_MONAT":6,"DATUM_AENDERUNG":"2025-07-08T11:55:40Z","DATUM_ERSTELLUNG":"2025-07-08T11:55:40Z","DACH_MAX":571.05,"DACH_MIN":567.57,"EGID":187524,"GEBAEUDEEINHEIT":"{0161A195-33E8-41ED-A8F7-CD5593D4FBF9}","layer":"swissbuildings3d_3_0_2024_1129-33_2056_5728.gdb — swissBUILDINGS3D_3-0_1129-33.gdb/a0000000b.gdbtable","path":"/vsizip//Users/wulf/Downloads/swissbuildings3d_3_0_2024_1129-33_2056_5728.gdb.zip/swissBUILDINGS3D_3-0_1129-33.gdb/a0000000b.gdbtable|layername=Roof_solid"},"geometry":{"type":"Polygon","coordinates":[[[2641582.63399999961257,1218758.447999998927116,583.831000000005588],[2641580.789000000804663,1218768.723999999463558,583.831000000005588],[2641588.690000001341105,1218770.14299999922514,584.031000000002678],[2641590.535000000149012,1218759.86600000038743,584.030899999997928],[2641582.63399999961257,1218758.447999998927116,583.831000000005588]]]}},
{"type":"Feature","properties":{"fid":173,"OBJECTID":1,"UUID":"{0241BDAF-FECA-476C-BB76-2B1614C5FEC1}","OBJEKTART":"Gebaeude Einzelhaus","NAME_KOMPLETT":null,"GEBAEUDE_NUTZUNG":null,"GRUND_AENDERUNG":"Verbessert","HERKUNFT":"swisstopo","HERKUNFT_JAHR":2024,"HERKUNFT_MONAT":6,"ORIGINAL_HERKUNFT":"swisstopo","ERSTELLUNG_JAHR":2024,"ERSTELLUNG_MONAT":6,"REVISION_JAHR":2024,"REVISION_MONAT":6,"DATUM_AENDERUNG":"2025-07-08T11:55:40Z","DATUM_ERSTELLUNG":"2025-07-08T11:55:40Z","DACH_MAX":571.05,"DACH_MIN":567.57,"EGID":187524,"GEBAEUDEEINHEIT":"{0161A195-33E8-41ED-A8F7-CD5593D4FBF9}","layer":"swissbuildings3d_3_0_2024_1129-33_2056_5728.gdb — swissBUILDINGS3D_3-0_1129-33.gdb/a0000000b.gdbtable","path":"/vsizip//Users/wulf/Downloads/swissbuildings3d_3_0_2024_1129-33_2056_5728.gdb.zip/swissBUILDINGS3D_3-0_1129-33.gdb/a0000000b.gdbtable|layername=Roof_solid"},"geometry":{"type":"Polygon","coordinates":[[[2641598.42884216690436,1218855.31,570.794398925538417],[2641599.138999998569489,1218850.204,573.458100000003469],[2641599.954,1218844.335999999195337,570.397400000001653],[2641577.774000000208616,1218841.250999998301268,570.597399999998743],[2641576.958000000566244,1218847.118999999016523,573.658100000000559],[2641576.140999998897314,1218852.986000001430511,570.597399999998743],[2641592.851200328674167,1218855.31,570.446735494277846],[2641598.42884216690436,1218855.31,570.794398925538417]]]}},
{"type":"Feature","properties":{"fid":174,"OBJECTID":1,"UUID":"{0241BDAF-FECA-476C-BB76-2B1614C5FEC1}","OBJEKTART":"Gebaeude Einzelhaus","NAME_KOMPLETT":null,"GEBAEUDE_NUTZUNG":null,"GRUND_AENDERUNG":"Verbessert","HERKUNFT":"swisstopo","HERKUNFT_JAHR":2024,"HERKUNFT_MONAT":6,"ORIGINAL_HERKUNFT":"swisstopo","ERSTELLUNG_JAHR":2024,"ERSTELLUNG_MONAT":6,"REVISION_JAHR":2024,"REVISION_MONAT":6,"DATUM_AENDERUNG":"2025-07-08T11:55:40Z","DATUM_ERSTELLUNG":"2025-07-08T11:55:40Z","DACH_MAX":571.05,"DACH_MIN":567.57,"EGID":187524,"GEBAEUDEEINHEIT":"{0161A195-33E8-41ED-A8F7-CD5593D4FBF9}","layer":"swissbuildings3d_3_0_2024_1129-33_2056_5728.gdb — swissBUILDINGS3D_3-0_1129-33.gdb/a0000000b.gdbtable","path":"/vsizip//Users/wulf/Downloads/swissbuildings3d_3_0_2024_1129-33_2056_5728.gdb.zip/swissBUILDINGS3D_3-0_1129-33.gdb/a0000000b.gdbtable|layername=Roof_solid"},"geometry":{"type":"Polygon","coordinates":[[[2641619.855999998748302,1218386.18299999833107,626.049299999998766],[2641619.991999998688698,1218375.653000000864267,626.049199999994016],[2641609.99100000038743,1218375.528999999165535,626.049299999998766],[2641609.964000001549721,1218375.522999998182058,626.049299999998766],[2641609.826999999582767,1218386.052999999374151,626.049299999998766],[2641619.855999998748302,1218386.18299999833107,626.049299999998766]]]}},
{"type":"Feature","properties":{"fid":175,"OBJECTID":1,"UUID":"{0241BDAF-FECA-476C-BB76-2B1614C5FEC1}","OBJEKTART":"Gebaeude Einzelhaus","NAME_KOMPLETT":null,"GEBAEUDE_NUTZUNG":null,"GRUND_AENDERUNG":"Verbessert","HERKUNFT":"swisstopo","HERKUNFT_JAHR":2024,"HERKUNFT_MONAT":6,"ORIGINAL_HERKUNFT":"swisstopo","ERSTELLUNG_JAHR":2024,"ERSTELLUNG_MONAT":6,"REVISION_JAHR":2024,"REVISION_MONAT":6,"DATUM_AENDERUNG":"2025-07-08T11:55:40Z","DATUM_ERSTELLUNG":"2025-07-08T11:55:40Z","DACH_MAX":571.05,"DACH_MIN":567.57,"EGID":187524,"GEBAEUDEEINHEIT":"{0161A195-33E8-41ED-A8F7-CD5593D4FBF9}","layer":"swissbuildings3d_3_0_2024_1129-33_2056_5728.gdb — swissBUILDINGS3D_3-0_1129-33.gdb/a0000000b.gdbtable","path":"/vsizip//Users/wulf/Downloads/swissbuildings3d_3_0_2024_1129-33_2056_5728.gdb.zip/swissBUILDINGS3D_3-0_1129-33.gdb/a0000000b.gdbtable|layername=Roof_solid"},"geometry":{"type":"Polygon","coordinates":[[[2641620.070000000298023,1218412.41499999910593,619.544899999993504],[2641620.206000000238419,1218402.769000001251698,619.544899999993504],[2641610.004999998956919,1218402.625999998301268,619.544899999993504],[2641609.90272706001997,1218409.940997472731397,620.872942319005233],[2641607.690999999642372,1218409.910000000149012,622.134699999995064],[2641607.56700000166893,1218418.693999998271465,622.334700000006706],[2641619.125999998301268,1218418.855999998748302,622.4807],[2641619.217098852153867,1218412.402674837503582,621.012804350459191],[2641620.070000000298023,1218412.41499999910593,619.544899999993504]]]}},
{"type":"Feature","properties":{"fid":176,"OBJECTID":1,"UUID":"{0241BDAF-FECA-476C-BB76-2B1614C5FEC1}","OBJEKTART":"Gebaeude Einzelhaus","NAME_KOMPLETT":null,"GEBAEUDE_NUTZUNG":null,"GRUND_AENDERUNG":"Verbessert","HERKUNFT":"swisstopo","HERKUNFT_JAHR":2024,"HERKUNFT_MONAT":6,"ORIGINAL_HERKUNFT":"swisstopo","ERSTELLUNG_JAHR":2024,"ERSTELLUNG_MONAT":6,"REVISION_JAHR":2024,"REVISION_MONAT":6,"DATUM_AENDERUNG":"2025-07-08T11:55:40Z","DATUM_ERSTELLUNG":"2025-07-08T11:55:40Z","DACH_MAX":571.05,"DACH_MIN":567.57,"EGID":187524,"GEBAEUDEEINHEIT":"{0161A195-33E8-41ED-A8F7-CD5593D4FBF9}","layer":"swissbuildings3d_3_0_2024_1129-33_2056_5728.gdb — swissBUILDINGS3D_3-0_1129-33.gdb/a0000000b.gdbtable","path":"/vsizip//Users/wulf/Downloads/swissbuildings3d_3_0_2024_1129-33_2056_5728.gdb.zip/swissBUILDINGS3D_3-0_1129-33.gdb/a0000000b.gdbtable|layername=Roof_solid"},"geometry":{"type":"Polygon","coordinates":[[[2641615.449999999254942,1218434.596999999135733,615.089399999997113],[2641604.890000000596046,1218434.495999999344349,615.089399999997113],[2641604.785999998450279,1218445.293999999761581,615.089399999997113],[2641625.934999998658895,1218445.495999999344349,615.289399999994203],[2641626.081000000238419,1218430.243999999016523,615.289399999994203],[2641615.493000000715256,1218430.14299999922514,615.289399999994203],[2641615.449999999254942,1218434.596999999135733,615.089399999997113]]]}},
{"type":"Feature","properties":{"fid":177,"OBJECTID":1,"UUID":"{0241BDAF-FECA-476C-BB76-2B1614C5FEC1}","OBJEKTART":"Gebaeude Einzelhaus","NAME_KOMPLETT":null,"GEBAEUDE_NUTZUNG":null,"GRUND_AENDERUNG":"Verbessert","HERKUNFT":"swisstopo","HERKUNFT_JAHR":2024,"HERKUNFT_MONAT":6,"ORIGINAL_HERKUNFT":"swisstopo","ERSTELLUNG_JAHR":2024,"ERSTELLUNG_MONAT":6,"REVISION_JAHR":2024,"REVISION_MONAT":6,"DATUM_AENDERUNG":"2025-07-08T11:55:40Z","DATUM_ERSTELLUNG":"2025-07-08T11:55:40Z","DACH_MAX":571.05,"DACH_MIN":567.57,"EGID":187524,"GEBAEUDEEINHEIT":"{0161A195-33E8-41ED-A8F7-CD5593D4FBF9}","layer":"swissbuildings3d_3_0_2024_1129-33_2056_5728.gdb — swissBUILDINGS3D_3-0_1129-33.gdb/a0000000b.gdbtable","path":"/vsizip//Users/wulf/Downloads/swissbuildings3d_3_0_2024_1129-33_2056_5728.gdb.zip/swissBUILDINGS3D_3-0_1129-33.gdb/a0000000b.gdbtable|layername=Roof_solid"},"geometry":{"type":"Polygon","coordinates":[[[2641609.418000001460314,1218607.984999999403954,604.614700000005541],[2641613.353999998420477,1218614.855000000447035,604.614700000005541],[2641616.111000001430511,1218613.276000000536442,604.614700000005541],[2641616.855999998748302,1218614.574999999254942,604.614700000005541],[2641623.239999998360872,1218610.918000001460314,604.614700000005541],[2641618.559999998658895,1218602.749000001698732,604.814700000002631],[2641609.418000001460314,1218607.984999999403954,604.614700000005541]]]}},
{"type":"Feature","properties":{"fid":178,"OBJECTID":1,"UUID":"{0241BDAF-FECA-476C-BB76-2B1614C5FEC1}","OBJEKTART":"Gebaeude Einzelhaus","NAME_KOMPLETT":null,"GEBAEUDE_NUTZUNG":null,"GRUND_AENDERUNG":"Verbessert","HERKUNFT":"swisstopo","HERKUNFT_JAHR":2024,"HERKUNFT_MONAT":6,"ORIGINAL_HERKUNFT":"swisstopo","ERSTELLUNG_JAHR":2024,"ERSTELLUNG_MONAT":6,"REVISION_JAHR":2024,"REVISION_MONAT":6,"DATUM_AENDERUNG":"2025-07-08T11:55:40Z","DATUM_ERSTELLUNG":"2025-07-08T11:55:40Z","DACH_MAX":571.05,"DACH_MIN":567.57,"EGID":187524,"GEBAEUDEEINHEIT":"{0161A195-33E8-41ED-A8F7-CD5593D4FBF9}","layer":"swissbuildings3d_3_0_2024_1129-33_2056_5728.gdb — swissBUILDINGS3D_3-0_1129-33.gdb/a0000000b.gdbtable","path":"/vsizip//Users/wulf/Downloads/swissbuildings3d_3_0_2024_1129-33_2056_5728.gdb.zip/swissBUILDINGS3D_3-0_1129-33.gdb/a0000000b.gdbtable|layername=Roof_solid"},"geometry":{"type":"Polygon","coordinates":[[[2641614.438999999314547,1218655.504999998956919,605.476599999994505],[2641613.40447010146454,1218660.188882914604619,604.103250000000116],[2641605.331000000238419,1218658.405000001192093,602.729900000005728],[2641604.484000001102686,1218662.238000001758337,602.729900000005728],[2641600.320999998599291,1218681.087999999523163,602.529999999998836],[2641600.321058088447899,1218681.088012832449749,598.43090079411877],[2641598.657999999821186,1218688.620000001043081,594.3318],[2641616.38399999961257,1218692.535000000149012,594.3318],[2641620.151999998837709,1218675.478000000119209,594.3318],[2641613.761535897385329,1218674.066490530502051,598.967850340412724],[2641614.323809166438878,1218671.520330345025286,603.69357704587992],[2641622.046,1218673.225999999791384,602.729900000005728],[2641624.225000001490116,1218663.361000001430511,602.529899999994086],[2641625.425000000745058,1218657.931000001728535,602.729900000005728],[2641624.090999998152256,1218657.636,602.729900000005728],[2641614.438999999314547,1218655.504999998956919,605.476599999994505]],[[2641601.372412545606494,1218680.971582264406607,602.190439189883364],[2641601.440000001341105,1218680.66499999910593,602.729999999995925],[2641601.440113850403577,1218680.66502547590062,603.931509429318226],[2641601.372412545606494,1218680.971582264406607,602.190439189883364]],[[2641603.721726844552904,1218670.333703913958743,604.017556732809453],[2641605.462000001221895,1218662.453000001609325,602.729900000005728],[2641605.46212871838361,1218662.453028509393334,603.93117726654441],[2641603.721726844552904,1218670.333703913958743,604.017556732809453]]]}},
{"type":"Feature","properties":{"fid":179,"OBJECTID":1,"UUID":"{0241BDAF-FECA-476C-BB76-2B1614C5FEC1}","OBJEKTART":"Gebaeude Einzelhaus","NAME_KOMPLETT":null,"GEBAEUDE_NUTZUNG":null,"GRUND_AENDERUNG":"Verbessert","HERKUNFT":"swisstopo","HERKUNFT_JAHR":2024,"HERKUNFT_MONAT":6,"ORIGINAL_HERKUNFT":"swisstopo","ERSTELLUNG_JAHR":2024,"ERSTELLUNG_MONAT":6,"REVISION_JAHR":2024,"REVISION_MONAT":6,"DATUM_AENDERUNG":"2025-07-08T11:55:40Z","DATUM_ERSTELLUNG":"2025-07-08T11:55:40Z","DACH_MAX":571.05,"DACH_MIN":567.57,"EGID":187524,"GEBAEUDEEINHEIT":"{0161A195-33E8-41ED-A8F7-CD5593D4FBF9}","layer":"swissbuildings3d_3_0_2024_1129-33_2056_5728.gdb — swissBUILDINGS3D_3-0_1129-33.gdb/a0000000b.gdbtable","path":"/vsizip//Users/wulf/Downloads/swissbuildings3d_3_0_2024_1129-33_2056_5728.gdb.zip/swissBUILDINGS3D_3-0_1129-33.gdb/a0000000b.gdbtable|layername=Roof_solid"},"geometry":{"type":"Polygon","coordinates":[[[2641611.80799999833107,1218779.350000001490116,583.245999999999185],[2641606.489999998360872,1218772.660000000149012,583.245999999999185],[2641604.535000000149012,1218774.214000001549721,583.245999999999185],[2641603.096000000834465,1218775.366999998688698,583.245999999999185],[2641598.822999998927116,1218778.756000000983477,583.046100000006845],[2641604.138999998569489,1218785.445000000298023,583.046100000006845],[2641611.80799999833107,1218779.350000001490116,583.245999999999185]]]}},
{"type":"Feature","properties":{"fid":180,"OBJECTID":1,"UUID":"{0241BDAF-FECA-476C-BB76-2B1614C5FEC1}","OBJEKTART":"Gebaeude Einzelhaus","NAME_KOMPLETT":null,"GEBAEUDE_NUTZUNG":null,"GRUND_AENDERUNG":"Verbessert","HERKUNFT":"swisstopo","HERKUNFT_JAHR":2024,"HERKUNFT_MONAT":6,"ORIGINAL_HERKUNFT":"swisstopo","ERSTELLUNG_JAHR":2024,"ERSTELLUNG_MONAT":6,"REVISION_JAHR":2024,"REVISION_MONAT":6,"DATUM_AENDERUNG":"2025-07-08T11:55:40Z","DATUM_ERSTELLUNG":"2025-07-08T11:55:40Z","DACH_MAX":571.05,"DACH_MIN":567.57,"EGID":187524,"GEBAEUDEEINHEIT":"{0161A195-33E8-41ED-A8F7-CD5593D4FBF9}","layer":"swissbuildings3d_3_0_2024_1129-33_2056_5728.gdb — swissBUILDINGS3D_3-0_1129-33.gdb/a0000000b.gdbtable","path":"/vsizip//Users/wulf/Downloads/swissbuildings3d_3_0_2024_1129-33_2056_5728.gdb.zip/swissBUILDINGS3D_3-0_1129-33.gdb/a0000000b.gdbtable|layername=Roof_solid"},"geometry":{"type":"Polygon","coordinates":[[[2641620.188000001013279,1218803.570999998599291,582.304199999998673],[2641617.609999999403954,1218795.695000000298023,582.304099999993923],[2641606.611000001430511,1218799.295000001788139,582.304199999998673],[2641609.188999999314547,1218807.170000001788139,582.304199999998673],[2641620.188000001013279,1218803.570999998599291,582.304199999998673]]]}},
{"type":"Feature","properties":{"fid":181,"OBJECTID":1,"UUID":"{0241BDAF-FECA-476C-BB76-2B1614C5FEC1}","OBJEKTART":"Gebaeude Einzelhaus","NAME_KOMPLETT":null,"GEBAEUDE_NUTZUNG":null,"GRUND_AENDERUNG":"Verbessert","HERKUNFT":"swisstopo","HERKUNFT_JAHR":2024,"HERKUNFT_MONAT":6,"ORIGINAL_HERKUNFT":"swisstopo","ERSTELLUNG_JAHR":2024,"ERSTELLUNG_MONAT":6,"REVISION_JAHR":2024,"REVISION_MONAT":6,"DATUM_AENDERUNG":"2025-07-08T11:55:40Z","DATUM_ERSTELLUNG":"2025-07-08T11:55:40Z","DACH_MAX":571.05,"DACH_MIN":567.57,"EGID":187524,"GEBAEUDEEINHEIT":"{0161A195-33E8-41ED-A8F7-CD5593D4FBF9}","layer":"swissbuildings3d_3_0_2024_1129-33_2056_5728.gdb — swissBUILDINGS3D_3-0_1129-33.gdb/a0000000b.gdbtable","path":"/vsizip//Users/wulf/Downloads/swissbuildings3d_3_0_2024_1129-33_2056_5728.gdb.zip/swissBUILDINGS3D_3-0_1129-33.gdb/a0000000b.gdbtable|layername=Roof_solid"},"geometry":{"type":"Polygon","coordinates":[[[2641629.02235479420051,1218855.31,569.028600000005099],[2641629.605000000447035,1218850.530999999493361,569.028600000005099],[2641627.171,1218850.234000001102686,569.813500000003842],[2641624.682,1218849.931000001728535,570.566399999996065],[2641622.221000000834465,1218849.631000000983477,571.409299999999348],[2641619.75899999961257,1218849.331000000238419,572.203200000003562],[2641613.125,1218848.522999998182058,570.005499999999302],[2641612.29736941261217,1218855.31,570.005499999999302],[2641629.02235479420051,1218855.31,569.028600000005099]]]}},
{"type":"Feature","properties":{"fid":182,"OBJECTID":1,"UUID":"{0241BDAF-FECA-476C-BB76-2B1614C5FEC1}","OBJEKTART":"Gebaeude Einzelhaus","NAME_KOMPLETT":null,"GEBAEUDE_NUTZUNG":null,"GRUND_AENDERUNG":"Verbessert","HERKUNFT":"swisstopo","HERKUNFT_JAHR":2024,"HERKUNFT_MONAT":6,"ORIGINAL_HERKUNFT":"swisstopo","ERSTELLUNG_JAHR":2024,"ERSTELLUNG_MONAT":6,"REVISION_JAHR":2024,"REVISION_MONAT":6,"DATUM_AENDERUNG":"2025-07-08T11:55:40Z","DATUM_ERSTELLUNG":"2025-07-08T11:55:40Z","DACH_MAX":571.05,"DACH_MIN":567.57,"EGID":187524,"GEBAEUDEEINHEIT":"{0161A195-33E8-41ED-A8F7-CD5593D4FBF9}","layer":"swissbuildings3d_3_0_2024_1129-33_2056_5728.gdb — swissBUILDINGS3D_3-0_1129-33.gdb/a0000000b.gdbtable","path":"/vsizip//Users/wulf/Downloads/swissbuildings3d_3_0_2024_1129-33_2056_5728.gdb.zip/swissBUILDINGS3D_3-0_1129-33.gdb/a0000000b.gdbtable|layername=Roof_solid"},"geometry":{"type":"Polygon","coordinates":[[[2641633.204,1218387.114,624.966400000004796],[2641643.265000000596046,1218387.261999998241663,625.166299999997136],[2641643.4510000012815,1218374.706999998539686,625.166299999997136],[2641633.388999998569489,1218374.55799999833107,625.166299999997136],[2641633.204,1218387.114,624.966400000004796]]]}},
{"type":"Feature","properties":{"fid":183,"OBJECTID":1,"UUID":"{0241BDAF-FECA-476C-BB76-2B1614C5FEC1}","OBJEKTART":"Gebaeude Einzelhaus","NAME_KOMPLETT":null,"GEBAEUDE_NUTZUNG":null,"GRUND_AENDERUNG":"Verbessert","HERKUNFT":"swisstopo","HERKUNFT_JAHR":2024,"HERKUNFT_MONAT":6,"ORIGINAL_HERKUNFT":"swisstopo","ERSTELLUNG_JAHR":2024,"ERSTELLUNG_MONAT":6,"REVISION_JAHR":2024,"REVISION_MONAT":6,"DATUM_AENDERUNG":"2025-07-08T11:55:40Z","DATUM_ERSTELLUNG":"2025-07-08T11:55:40Z","DACH_MAX":571.05,"DACH_MIN":567.57,"EGID":187524,"GEBAEUDEEINHEIT":"{0161A195-33E8-41ED-A8F7-CD5593D4FBF9}","layer":"swissbuildings3d_3_0_2024_1129-33_2056_5728.gdb — swissBUILDINGS3D_3-0_1129-33.gdb/a0000000b.gdbtable","path":"/vsizip//Users/wulf/Downloads/swissbuildings3d_3_0_2024_1129-33_2056_5728.gdb.zip/swissBUILDINGS3D_3-0_1129-33.gdb/a0000000b.gdbtable|layername=Roof_solid"},"geometry":{"type":"Polygon","coordinates":[[[2641643.034000001847744,1218403.004000000655651,619.407900000005611],[2641635.717999998480082,1218402.901999998837709,619.407900000005611],[2641635.618772488553077,1218409.966006601462141,619.894353804354296],[2641629.614,1218409.881999999284744,621.684699999997974],[2641629.486999999731779,1218418.932,621.884699999995064],[2641641.853000000119209,1218419.105000000447035,621.884699999995064],[2641641.924008886795491,1218414.044917929684743,620.590437490931663],[2641642.879000000655651,1218414.05799999833107,619.407999999995809],[2641643.034000001847744,1218403.004000000655651,619.407900000005611]],[[2641636.056997456587851,1218409.972137356875464,620.496364719613325],[2641636.057,1218409.971999999135733,619.207999999998719],[2641641.980000000447035,1218410.054999999701977,619.407999999995809],[2641636.056997456587851,1218409.972137356875464,620.496364719613325]]]}},
{"type":"Feature","properties":{"fid":184,"OBJECTID":1,"UUID":"{0241BDAF-FECA-476C-BB76-2B1614C5FEC1}","OBJEKTART":"Gebaeude Einzelhaus","NAME_KOMPLETT":null,"GEBAEUDE_NUTZUNG":null,"GRUND_AENDERUNG":"Verbessert","HERKUNFT":"swisstopo","HERKUNFT_JAHR":2024,"HERKUNFT_MONAT":6,"ORIGINAL_HERKUNFT":"swisstopo","ERSTELLUNG_JAHR":2024,"ERSTELLUNG_MONAT":6,"REVISION_JAHR":2024,"REVISION_MONAT":6,"DATUM_AENDERUNG":"2025-07-08T11:55:40Z","DATUM_ERSTELLUNG":"2025-07-08T11:55:40Z","DACH_MAX":571.05,"DACH_MIN":567.57,"EGID":187524,"GEBAEUDEEINHEIT":"{0161A195-33E8-41ED-A8F7-CD5593D4FBF9}","layer":"swissbuildings3d_3_0_2024_1129-33_2056_5728.gdb — swissBUILDINGS3D_3-0_1129-33.gdb/a0000000b.gdbtable","path":"/vsizip//Users/wulf/Downloads/swissbuildings3d_3_0_2024_1129-33_2056_5728.gdb.zip/swissBUILDINGS3D_3-0_1129-33.gdb/a0000000b.gdbtable|layername=Roof_solid"},"geometry":{"type":"Polygon","coordinates":[[[2641643.447000000625849,1218434.445999998599291,615.210399999996298],[2641641.929999999701977,1218434.449000000953674,615.210399999996298],[2641641.940000001341105,1218439.859000001102686,619.092000000004191],[2641641.9510000012815,1218445.934999998658895,614.932400000005146],[2641649.100999999791384,1218445.921999998390675,615.082399999999325],[2641652.686999998986721,1218445.916000001132488,614.982399999993504],[2641656.250999998301268,1218445.909000001847744,614.932400000005146],[2641656.24100000038743,1218439.833000000566244,619.292000000001281],[2641656.230999998748302,1218434.4239999987185,615.210399999996298],[2641649.079999998211861,1218434.436000000685453,615.060400000002119],[2641645.504999998956919,1218434.44200000166893,615.160399999993388],[2641643.447000000625849,1218434.445999998599291,615.210399999996298]]]}},
{"type":"Feature","properties":{"fid":185,"OBJECTID":1,"UUID":"{0241BDAF-FECA-476C-BB76-2B1614C5FEC1}","OBJEKTART":"Gebaeude Einzelhaus","NAME_KOMPLETT":null,"GEBAEUDE_NUTZUNG":null,"GRUND_AENDERUNG":"Verbessert","HERKUNFT":"swisstopo","HERKUNFT_JAHR":2024,"HERKUNFT_MONAT":6,"ORIGINAL_HERKUNFT":"swisstopo","ERSTELLUNG_JAHR":2024,"ERSTELLUNG_MONAT":6,"REVISION_JAHR":2024,"REVISION_MONAT":6,"DATUM_AENDERUNG":"2025-07-08T11:55:40Z","DATUM_ERSTELLUNG":"2025-07-08T11:55:40Z","DACH_MAX":571.05,"DACH_MIN":567.57,"EGID":187524,"GEBAEUDEEINHEIT":"{0161A195-33E8-41ED-A8F7-CD5593D4FBF9}","layer":"swissbuildings3d_3_0_2024_1129-33_2056_5728.gdb — swissBUILDINGS3D_3-0_1129-33.gdb/a0000000b.gdbtable","path":"/vsizip//Users/wulf/Downloads/swissbuildings3d_3_0_2024_1129-33_2056_5728.gdb.zip/swissBUILDINGS3D_3-0_1129-33.gdb/a0000000b.gdbtable|layername=Roof_solid"},"geometry":{"type":"Polygon","coordinates":[[[2641633.1739999987185,1218476.58500000089407,620.501900000002934],[2641633.278000000864267,1218470.993000000715256,620.501900000002934],[2641634.613000001758337,1218471.01799999922514,620.501900000002934],[2641634.688999999314547,1218466.890000000596046,620.501900000002934],[2641628.488000001758337,1218466.774999998509884,620.501900000002934],[2641628.5,1218466.079999998211861,620.7019],[2641621.535000000149012,1218465.9510000012815,620.501900000002934],[2641621.51799999922514,1218466.879000000655651,620.7019],[2641615.405000001192093,1218466.765000000596046,620.7019],[2641615.329999998211861,1218470.815999999642372,620.7019],[2641616.769000001251698,1218470.842999998480082,620.7019],[2641616.594000000506639,1218480.228000000119209,620.7019],[2641615.155999999493361,1218480.199999999254942,620.501900000002934],[2641615.083999998867512,1218484.090999998152256,620.501900000002934],[2641624.872999999672174,1218484.274000000208616,620.7019],[2641624.940999999642372,1218480.594000000506639,620.7019],[2641634.431000001728535,1218480.769999999552965,620.7019],[2641634.50899999961257,1218476.609000001102686,620.501900000002934],[2641633.1739999987185,1218476.58500000089407,620.501900000002934]]]}},
{"type":"Feature","properties":{"fid":186,"OBJECTID":1,"UUID":"{0241BDAF-FECA-476C-BB76-2B1614C5FEC1}","OBJEKTART":"Gebaeude Einzelhaus","NAME_KOMPLETT":null,"GEBAEUDE_NUTZUNG":null,"GRUND_AENDERUNG":"Verbessert","HERKUNFT":"swisstopo","HERKUNFT_JAHR":2024,"HERKUNFT_MONAT":6,"ORIGINAL_HERKUNFT":"swisstopo","ERSTELLUNG_JAHR":2024,"ERSTELLUNG_MONAT":6,"REVISION_JAHR":2024,"REVISION_MONAT":6,"DATUM_AENDERUNG":"2025-07-08T11:55:40Z","DATUM_ERSTELLUNG":"2025-07-08T11:55:40Z","DACH_MAX":571.05,"DACH_MIN":567.57,"EGID":187524,"GEBAEUDEEINHEIT":"{0161A195-33E8-41ED-A8F7-CD5593D4FBF9}","layer":"swissbuildings3d_3_0_2024_1129-33_2056_5728.gdb — swissBUILDINGS3D_3-0_1129-33.gdb/a0000000b.gdbtable","path":"/vsizip//Users/wulf/Downloads/swissbuildings3d_3_0_2024_1129-33_2056_5728.gdb.zip/swissBUILDINGS3D_3-0_1129-33.gdb/a0000000b.gdbtable|layername=Roof_solid"},"geometry":{"type":"Polygon","coordinates":[[[2641648.813999999314547,1218512.24100000038743,616.384399999995367],[2641648.918000001460314,1218506.649000000208616,616.184399999998277],[2641650.252999998629093,1218506.6739999987185,616.384399999995367],[2641650.331999998539686,1218502.546,616.184399999998277],[2641644.127999998629093,1218502.431000001728535,616.384399999995367],[2641644.140000000596046,1218501.736000001430511,616.184399999998277],[2641637.175000000745058,1218501.607999999076128,616.184399999998277],[2641637.157999999821186,1218502.535000000149012,616.184399999998277],[2641631.045000001788139,1218502.421,616.384399999995367],[2641630.969999998807907,1218506.473000001162291,616.184399999998277],[2641632.409000001847744,1218506.499000001698732,616.184399999998277],[2641632.234000001102686,1218515.88399999961257,616.384399999995367],[2641630.796,1218515.855999998748302,616.384399999995367],[2641630.723999999463558,1218519.747999999672174,616.384399999995367],[2641640.513000000268221,1218519.929999999701977,616.184399999998277],[2641640.580987305380404,1218516.250687024090439,617.414779262963862],[2641643.256000000983477,1218516.300000000745058,618.618199999997159],[2641643.256013286765665,1218516.299296213313937,617.401299990771349],[2641650.070999998599291,1218516.425999999046326,616.184399999998277],[2641650.149000000208616,1218512.265000000596046,616.384399999995367],[2641648.813999999314547,1218512.24100000038743,616.384399999995367]]]}},
{"type":"Feature","properties":{"fid":187,"OBJECTID":1,"UUID":"{0241BDAF-FECA-476C-BB76-2B1614C5FEC1}","OBJEKTART":"Gebaeude Einzelhaus","NAME_KOMPLETT":null,"GEBAEUDE_NUTZUNG":null,"GRUND_AENDERUNG":"Verbessert","HERKUNFT":"swisstopo","HERKUNFT_JAHR":2024,"HERKUNFT_MONAT":6,"ORIGINAL_HERKUNFT":"swisstopo","ERSTELLUNG_JAHR":2024,"ERSTELLUNG_MONAT":6,"REVISION_JAHR":2024,"REVISION_MONAT":6,"DATUM_AENDERUNG":"2025-07-08T11:55:40Z","DATUM_ERSTELLUNG":"2025-07-08T11:55:40Z","DACH_MAX":571.05,"DACH_MIN":567.57,"EGID":187524,"GEBAEUDEEINHEIT":"{0161A195-33E8-41ED-A8F7-CD5593D4FBF9}","layer":"swissbuildings3d_3_0_2024_1129-33_2056_5728.gdb — swissBUILDINGS3D_3-0_1129-33.gdb/a0000000b.gdbtable","path":"/vsizip//Users/wulf/Downloads/swissbuildings3d_3_0_2024_1129-33_2056_5728.gdb.zip/swissBUILDINGS3D_3-0_1129-33.gdb/a0000000b.gdbtable|layername=Roof_solid"},"geometry":{"type":"Polygon","coordinates":[[[2641651.489,1218562.118000000715256,606.698399999993853],[2641651.670000001788139,1218554.168000001460314,609.950100000001839],[2641651.846000000834465,1218546.467999998480082,606.698399999993853],[2641638.565000001341105,1218546.164000000804663,606.498399999996764],[2641638.49591395817697,1218549.18690686696209,607.31485537159142],[2641632.85700000077486,1218549.059000000357628,606.776400000002468],[2641632.802999999374151,1218551.427999999374151,606.776400000002468],[2641632.840999998152256,1218549.747000001370907,607.401299999997718],[2641632.857999999076128,1218548.993999999016523,607.114400000005844],[2641632.879000000655651,1218548.065000001341105,606.698399999993853],[2641627.302999999374151,1218547.938999999314547,606.498399999996764],[2641627.252089580986649,1218550.179058399051428,606.875312501806775],[2641615.905000001192093,1218549.921,606.698399999993853],[2641615.728999998420477,1218557.620999999344349,609.950100000001839],[2641615.548000000417233,1218565.572999998927116,606.498500000001513],[2641628.829,1218565.875,606.698399999993853],[2641628.880035549402237,1218563.633101385552436,607.185028188036995],[2641640.228000000119209,1218563.89299999922514,606.698399999993853],[2641640.274228118825704,1218561.862027637194842,607.025529606930263],[2641642.379999998956919,1218561.910000000149012,606.548399999999674],[2641651.489,1218562.118000000715256,606.698399999993853]]]}},
{"type":"Feature","properties":{"fid":188,"OBJECTID":1,"UUID":"{0241BDAF-FECA-476C-BB76-2B1614C5FEC1}","OBJEKTART":"Gebaeude Einzelhaus","NAME_KOMPLETT":null,"GEBAEUDE_NUTZUNG":null,"GRUND_AENDERUNG":"Verbessert","HERKUNFT":"swisstopo","HERKUNFT_JAHR":2024,"HERKUNFT_MONAT":6,"ORIGINAL_HERKUNFT":"swisstopo","ERSTELLUNG_JAHR":2024,"ERSTELLUNG_MONAT":6,"REVISION_JAHR":2024,"REVISION_MONAT":6,"DATUM_AENDERUNG":"2025-07-08T11:55:40Z","DATUM_ERSTELLUNG":"2025-07-08T11:55:40Z","DACH_MAX":571.05,"DACH_MIN":567.57,"EGID":187524,"GEBAEUDEEINHEIT":"{0161A195-33E8-41ED-A8F7-CD5593D4FBF9}","layer":"swissbuildings3d_3_0_2024_1129-33_2056_5728.gdb — swissBUILDINGS3D_3-0_1129-33.gdb/a0000000b.gdbtable","path":"/vsizip//Users/wulf/Downloads/swissbuildings3d_3_0_2024_1129-33_2056_5728.gdb.zip/swissBUILDINGS3D_3-0_1129-33.gdb/a0000000b.gdbtable|layername=Roof_solid"},"geometry":{"type":"Polygon","coordinates":[[[2641644.16499999910593,1218592.364999998360872,605.673500000004424],[2641642.704999998211861,1218589.761,604.059699999997974],[2641635.2989999987185,1218593.910999998450279,604.259699999995064],[2641632.704999998211861,1218589.284000001847744,601.548999999999069],[2641626.668000001460314,1218592.666000001132488,601.548999999999069],[2641629.984999999403954,1218598.587999999523163,604.960600000005797],[2641632.11600000038743,1218602.390000000596046,602.925799999997253],[2641636.365881239529699,1218600.008739898912609,603.406997198072077],[2641638.322999998927116,1218603.499000001698732,602.333899999997811],[2641635.978999998420477,1218604.813000001013279,602.333899999997811],[2641637.589000001549721,1218607.686000000685453,600.529099999999744],[2641643.918999999761581,1218604.140000000596046,600.529099999999744],[2641642.245000001043081,1218601.151000000536442,602.195900000006077],[2641647.453000001609325,1218598.234000001102686,602.395900000003166],[2641644.16499999910593,1218592.364999998360872,605.673500000004424]]]}},
{"type":"Feature","properties":{"fid":189,"OBJECTID":1,"UUID":"{0241BDAF-FECA-476C-BB76-2B1614C5FEC1}","OBJEKTART":"Gebaeude Einzelhaus","NAME_KOMPLETT":null,"GEBAEUDE_NUTZUNG":null,"GRUND_AENDERUNG":"Verbessert","HERKUNFT":"swisstopo","HERKUNFT_JAHR":2024,"HERKUNFT_MONAT":6,"ORIGINAL_HERKUNFT":"swisstopo","ERSTELLUNG_JAHR":2024,"ERSTELLUNG_MONAT":6,"REVISION_JAHR":2024,"REVISION_MONAT":6,"DATUM_AENDERUNG":"2025-07-08T11:55:40Z","DATUM_ERSTELLUNG":"2025-07-08T11:55:40Z","DACH_MAX":571.05,"DACH_MIN":567.57,"EGID":187524,"GEBAEUDEEINHEIT":"{0161A195-33E8-41ED-A8F7-CD5593D4FBF9}","layer":"swissbuildings3d_3_0_2024_1129-33_2056_5728.gdb — swissBUILDINGS3D_3-0_1129-33.gdb/a0000000b.gdbtable","path":"/vsizip//Users/wulf/Downloads/swissbuildings3d_3_0_2024_1129-33_2056_5728.gdb.zip/swissBUILDINGS3D_3-0_1129-33.gdb/a0000000b.gdbtable|layername=Roof_solid"},"geometry":{"type":"Polygon","coordinates":[[[2641640.956000000238419,1218625.473999999463558,601.519000000000233],[2641630.581000000238419,1218631.460999999195337,601.519000000000233],[2641633.563999999314547,1218636.629000000655651,603.636799999992945],[2641636.306000001728535,1218641.379999998956919,601.519000000000233],[2641646.681000001728535,1218635.39299999922514,601.519000000000233],[2641643.938999999314547,1218630.640000000596046,603.636799999992945],[2641640.956000000238419,1218625.473999999463558,601.519000000000233]]]}},
{"type":"Feature","properties":{"fid":190,"OBJECTID":1,"UUID":"{0241BDAF-FECA-476C-BB76-2B1614C5FEC1}","OBJEKTART":"Gebaeude Einzelhaus","NAME_KOMPLETT":null,"GEBAEUDE_NUTZUNG":null,"GRUND_AENDERUNG":"Verbessert","HERKUNFT":"swisstopo","HERKUNFT_JAHR":2024,"HERKUNFT_MONAT":6,"ORIGINAL_HERKUNFT":"swisstopo","ERSTELLUNG_JAHR":2024,"ERSTELLUNG_MONAT":6,"REVISION_JAHR":2024,"REVISION_MONAT":6,"DATUM_AENDERUNG":"2025-07-08T11:55:40Z","DATUM_ERSTELLUNG":"2025-07-08T11:55:40Z","DACH_MAX":571.05,"DACH_MIN":567.57,"EGID":187524,"GEBAEUDEEINHEIT":"{0161A195-33E8-41ED-A8F7-CD5593D4FBF9}","layer":"swissbuildings3d_3_0_2024_1129-33_2056_5728.gdb — swissBUILDINGS3D_3-0_1129-33.gdb/a0000000b.gdbtable","path":"/vsizip//Users/wulf/Downloads/swissbuildings3d_3_0_2024_1129-33_2056_5728.gdb.zip/swissBUILDINGS3D_3-0_1129-33.gdb/a0000000b.gdbtable|layername=Roof_solid"},"geometry":{"type":"Polygon","coordinates":[[[2641624.997999999672174,1218731.717999998480082,598.547399999995832],[2641624.114,1218731.276000000536442,598.451400000005378],[2641621.269999999552965,1218736.965999998152256,598.451400000005378],[2641627.103999998420477,1218739.881000000983477,600.412200000006123],[2641632.028999999165535,1218742.342999998480082,598.565400000006775],[2641639.059000000357628,1218728.274999998509884,598.765400000003865],[2641636.128277970477939,1218726.810432360274717,596.506970892532991],[2641639.263999998569489,1218720.535999998450279,593.506899999993038],[2641628.504999998956919,1218715.160000000149012,593.306899999995949],[2641624.997999999672174,1218722.179000001400709,593.306899999995949],[2641628.811800193041563,1218724.084933106554672,596.023848787810948],[2641624.997999999672174,1218731.717999998480082,598.547399999995832]],[[2641629.184000000357628,1218723.339999999850988,593.506899999993038],[2641629.010517358779907,1218723.687213943805546,596.026761009620486],[2641629.010000001639128,1218723.686999998986721,593.506899999993038],[2641629.184000000357628,1218723.339999999850988,593.506899999993038]]]}},
{"type":"Feature","properties":{"fid":191,"OBJECTID":1,"UUID":"{0241BDAF-FECA-476C-BB76-2B1614C5FEC1}","OBJEKTART":"Gebaeude Einzelhaus","NAME_KOMPLETT":null,"GEBAEUDE_NUTZUNG":null,"GRUND_AENDERUNG":"Verbessert","HERKUNFT":"swisstopo","HERKUNFT_JAHR":2024,"HERKUNFT_MONAT":6,"ORIGINAL_HERKUNFT":"swisstopo","ERSTELLUNG_JAHR":2024,"ERSTELLUNG_MONAT":6,"REVISION_JAHR":2024,"REVISION_MONAT":6,"DATUM_AENDERUNG":"2025-07-08T11:55:40Z","DATUM_ERSTELLUNG":"2025-07-08T11:55:40Z","DACH_MAX":571.05,"DACH_MIN":567.57,"EGID":187524,"GEBAEUDEEINHEIT":"{0161A195-33E8-41ED-A8F7-CD5593D4FBF9}","layer":"swissbuildings3d_3_0_2024_1129-33_2056_5728.gdb — swissBUILDINGS3D_3-0_1129-33.gdb/a0000000b.gdbtable","path":"/vsizip//Users/wulf/Downloads/swissbuildings3d_3_0_2024_1129-33_2056_5728.gdb.zip/swissBUILDINGS3D_3-0_1129-33.gdb/a0000000b.gdbtable|layername=Roof_solid"},"geometry":{"type":"Polygon","coordinates":[[[2641646.980999998748302,1218790.390999998897314,588.962400000003981],[2641646.946003685705364,1218786.305430456763133,590.379300000000512],[2641646.995999999344349,1218786.304999999701977,591.5962],[2641647.239999998360872,1218786.302999999374151,591.546199999997043],[2641647.482999999076128,1218786.300999999046326,591.396200000002864],[2641647.388000000268221,1218775.124000001698732,591.5962],[2641641.274000000208616,1218775.175999999046326,591.446200000005774],[2641639.282000001519918,1218775.193,591.5962],[2641636.38867372693494,1218775.218074954580516,591.455461257144407],[2641635.568999998271465,1218775.225000001490116,591.546199999997043],[2641635.160999998450279,1218775.228999998420477,591.5962],[2641635.300999999046326,1218791.589999999850988,591.5962],[2641643.090999998152256,1218791.524000000208616,591.5962],[2641643.085681306198239,1218790.869800734333694,591.374144821771324],[2641643.08206649357453,1218790.4251786863897,590.284632466920357],[2641646.980999998748302,1218790.390999998897314,588.962400000003981]]]}},
{"type":"Feature","properties":{"fid":192,"OBJECTID":1,"UUID":"{0241BDAF-FECA-476C-BB76-2B1614C5FEC1}","OBJEKTART":"Gebaeude Einzelhaus","NAME_KOMPLETT":null,"GEBAEUDE_NUTZUNG":null,"GRUND_AENDERUNG":"Verbessert","HERKUNFT":"swisstopo","HERKUNFT_JAHR":2024,"HERKUNFT_MONAT":6,"ORIGINAL_HERKUNFT":"swisstopo","ERSTELLUNG_JAHR":2024,"ERSTELLUNG_MONAT":6,"REVISION_JAHR":2024,"REVISION_MONAT":6,"DATUM_AENDERUNG":"2025-07-08T11:55:40Z","DATUM_ERSTELLUNG":"2025-07-08T11:55:40Z","DACH_MAX":571.05,"DACH_MIN":567.57,"EGID":187524,"GEBAEUDEEINHEIT":"{0161A195-33E8-41ED-A8F7-CD5593D4FBF9}","layer":"swissbuildings3d_3_0_2024_1129-33_2056_5728.gdb — swissBUILDINGS3D_3-0_1129-33.gdb/a0000000b.gdbtable","path":"/vsizip//Users/wulf/Downloads/swissbuildings3d_3_0_2024_1129-33_2056_5728.gdb.zip/swissBUILDINGS3D_3-0_1129-33.gdb/a0000000b.gdbtable|layername=Roof_solid"},"geometry":{"type":"Polygon","coordinates":[[[2641654.03999999910593,1218383.177999999374151,625.118300000001909],[2641653.99100000038743,1218386.541000001132488,625.118300000001909],[2641665.03999999910593,1218386.7010000012815,625.118300000001909],[2641665.153999999165535,1218378.795000001788139,625.118300000001909],[2641654.105999998748302,1218378.635000001639128,625.118300000001909],[2641654.085999999195337,1218380.397999998182058,624.918399999995017],[2641654.03999999910593,1218383.177999999374151,625.118300000001909]]]}},
{"type":"Feature","properties":{"fid":193,"OBJECTID":1,"UUID":"{0241BDAF-FECA-476C-BB76-2B1614C5FEC1}","OBJEKTART":"Gebaeude Einzelhaus","NAME_KOMPLETT":null,"GEBAEUDE_NUTZUNG":null,"GRUND_AENDERUNG":"Verbessert","HERKUNFT":"swisstopo","HERKUNFT_JAHR":2024,"HERKUNFT_MONAT":6,"ORIGINAL_HERKUNFT":"swisstopo","ERSTELLUNG_JAHR":2024,"ERSTELLUNG_MONAT":6,"REVISION_JAHR":2024,"REVISION_MONAT":6,"DATUM_AENDERUNG":"2025-07-08T11:55:40Z","DATUM_ERSTELLUNG":"2025-07-08T11:55:40Z","DACH_MAX":571.05,"DACH_MIN":567.57,"EGID":187524,"GEBAEUDEEINHEIT":"{0161A195-33E8-41ED-A8F7-CD5593D4FBF9}","layer":"swissbuildings3d_3_0_2024_1129-33_2056_5728.gdb — swissBUILDINGS3D_3-0_1129-33.gdb/a0000000b.gdbtable","path":"/vsizip//Users/wulf/Downloads/swissbuildings3d_3_0_2024_1129-33_2056_5728.gdb.zip/swissBUILDINGS3D_3-0_1129-33.gdb/a0000000b.gdbtable|layername=Roof_solid"},"geometry":{"type":"Polygon","coordinates":[[[2641659.839000001549721,1218404.129999998956919,619.048999999999069],[2641659.749001604504883,1218410.540885816095397,620.187558352315932],[2641658.39299999922514,1218410.521999999880791,621.982699999993201],[2641658.391864539124072,1218410.60299612977542,619.848407540031531],[2641654.787000000476837,1218410.5,619.490900000004331],[2641653.63399999961257,1218410.467000000178814,619.489900000000489],[2641653.585999999195337,1218410.465999998152256,619.539900000003399],[2641653.517491895705462,1218415.376006956677884,620.836814614709283],[2641653.517000000923872,1218415.375999998301268,621.982699999993201],[2641653.464000001549721,1218419.206000000238419,621.982699999993201],[2641664.73200000077486,1218419.364,621.982699999993201],[2641664.815239942632616,1218413.441105923382565,620.41584999999759],[2641666.065000001341105,1218413.458999998867512,619.048999999999069],[2641666.195000000298023,1218404.219000000506639,619.048999999999069],[2641659.839000001549721,1218404.129999998956919,619.048999999999069]]]}},
{"type":"Feature","properties":{"fid":194,"OBJECTID":1,"UUID":"{0241BDAF-FECA-476C-BB76-2B1614C5FEC1}","OBJEKTART":"Gebaeude Einzelhaus","NAME_KOMPLETT":null,"GEBAEUDE_NUTZUNG":null,"GRUND_AENDERUNG":"Verbessert","HERKUNFT":"swisstopo","HERKUNFT_JAHR":2024,"HERKUNFT_MONAT":6,"ORIGINAL_HERKUNFT":"swisstopo","ERSTELLUNG_JAHR":2024,"ERSTELLUNG_MONAT":6,"REVISION_JAHR":2024,"REVISION_MONAT":6,"DATUM_AENDERUNG":"2025-07-08T11:55:40Z","DATUM_ERSTELLUNG":"2025-07-08T11:55:40Z","DACH_MAX":571.05,"DACH_MIN":567.57,"EGID":187524,"GEBAEUDEEINHEIT":"{0161A195-33E8-41ED-A8F7-CD5593D4FBF9}","layer":"swissbuildings3d_3_0_2024_1129-33_2056_5728.gdb — swissBUILDINGS3D_3-0_1129-33.gdb/a0000000b.gdbtable","path":"/vsizip//Users/wulf/Downloads/swissbuildings3d_3_0_2024_1129-33_2056_5728.gdb.zip/swissBUILDINGS3D_3-0_1129-33.gdb/a0000000b.gdbtable|layername=Roof_solid"},"geometry":{"type":"Polygon","coordinates":[[[2641688.526000000536442,1218414.820999998599291,618.755999999993946],[2641688.822999998927116,1218404.175999999046326,618.555999999996857],[2641682.565999999642372,1218404.002000000327826,618.755999999993946],[2641682.458000000566244,1218407.875,618.755999999993946],[2641675.837999999523163,1218407.690999999642372,618.755999999993946],[2641675.646999999880791,1218414.537999998778105,618.755999999993946],[2641676.256000000983477,1218414.554000001400709,618.755999999993946],[2641676.230999998748302,1218417.443,618.755999999993946],[2641676.283271720167249,1218417.444510743021965,620.320349999994505],[2641676.23200000077486,1218419.287000000476837,621.884699999995064],[2641687.508000001311302,1218419.600999999791384,621.884699999995064],[2641687.641899321693927,1218414.796538717579097,620.320349999994505],[2641688.526000000536442,1218414.820999998599291,618.755999999993946]],[[2641687.147608722094446,1218410.829104006523266,619.572754833329327],[2641687.431000001728535,1218410.837000001221895,618.755999999993946],[2641687.430999309755862,1218410.83702630107291,620.320280789866956],[2641687.147608722094446,1218410.829104006523266,619.572754833329327]],[[2641680.892000000923872,1218415.497000001370907,618.755999999993946],[2641676.455994761548936,1218415.37320903968066,620.320349999994505],[2641676.456000000238419,1218415.372999999672174,618.755999999993946],[2641680.892000000923872,1218415.497000001370907,618.755999999993946]]]}},
{"type":"Feature","properties":{"fid":195,"OBJECTID":1,"UUID":"{0241BDAF-FECA-476C-BB76-2B1614C5FEC1}","OBJEKTART":"Gebaeude Einzelhaus","NAME_KOMPLETT":null,"GEBAEUDE_NUTZUNG":null,"GRUND_AENDERUNG":"Verbessert","HERKUNFT":"swisstopo","HERKUNFT_JAHR":2024,"HERKUNFT_MONAT":6,"ORIGINAL_HERKUNFT":"swisstopo","ERSTELLUNG_JAHR":2024,"ERSTELLUNG_MONAT":6,"REVISION_JAHR":2024,"REVISION_MONAT":6,"DATUM_AENDERUNG":"2025-07-08T11:55:40Z","DATUM_ERSTELLUNG":"2025-07-08T11:55:40Z","DACH_MAX":571.05,"DACH_MIN":567.57,"EGID":187524,"GEBAEUDEEINHEIT":"{0161A195-33E8-41ED-A8F7-CD5593D4FBF9}","layer":"swissbuildings3d_3_0_2024_1129-33_2056_5728.gdb — swissBUILDINGS3D_3-0_1129-33.gdb/a0000000b.gdbtable","path":"/vsizip//Users/wulf/Downloads/swissbuildings3d_3_0_2024_1129-33_2056_5728.gdb.zip/swissBUILDINGS3D_3-0_1129-33.gdb/a0000000b.gdbtable|layername=Roof_solid"},"geometry":{"type":"Polygon","coordinates":[[[2641686.39299999922514,1218439.697999998927116,618.324099999997998],[2641686.390000000596046,1218438.359000001102686,614.085500000001048],[2641681.761,1218438.368000000715256,614.085500000001048],[2641676.339000001549721,1218438.377999998629093,613.885500000003958],[2641676.340999998152256,1218439.714999999850988,618.124100000000908],[2641676.342999998480082,1218441.074000000953674,617.97609999999986],[2641676.349055696744472,1218444.259297198150307,615.692530848710021],[2641676.342999998480082,1218441.258000001311302,614.399499999999534],[2641669.550999999046326,1218441.269000001251698,614.399499999999534],[2641669.563000001013279,1218447.712999999523163,614.399499999999534],[2641676.355598859488964,1218447.701000710017979,615.15431432248613],[2641676.357999999076128,1218448.964000001549721,615.753299999996671],[2641680.9510000012815,1218448.954999998211861,615.95329999999376],[2641680.953000001609325,1218450.114999998360872,615.655400000003283],[2641686.410999998450279,1218450.105000000447035,615.655400000003283],[2641686.410999998450279,1218449.861000001430511,615.517399999996996],[2641686.410999998450279,1218449.857999999076128,615.718299999993178],[2641686.39299999922514,1218439.697999998927116,618.324099999997998]]]}},
{"type":"Feature","properties":{"fid":196,"OBJECTID":1,"UUID":"{0241BDAF-FECA-476C-BB76-2B1614C5FEC1}","OBJEKTART":"Gebaeude Einzelhaus","NAME_KOMPLETT":null,"GEBAEUDE_NUTZUNG":null,"GRUND_AENDERUNG":"Verbessert","HERKUNFT":"swisstopo","HERKUNFT_JAHR":2024,"HERKUNFT_MONAT":6,"ORIGINAL_HERKUNFT":"swisstopo","ERSTELLUNG_JAHR":2024,"ERSTELLUNG_MONAT":6,"REVISION_JAHR":2024,"REVISION_MONAT":6,"DATUM_AENDERUNG":"2025-07-08T11:55:40Z","DATUM_ERSTELLUNG":"2025-07-08T11:55:40Z","DACH_MAX":571.05,"DACH_MIN":567.57,"EGID":187524,"GEBAEUDEEINHEIT":"{0161A195-33E8-41ED-A8F7-CD5593D4FBF9}","layer":"swissbuildings3d_3_0_2024_1129-33_2056_5728.gdb — swissBUILDINGS3D_3-0_1129-33.gdb/a0000000b.gdbtable","path":"/vsizip//Users/wulf/Downloads/swissbuildings3d_3_0_2024_1129-33_2056_5728.gdb.zip/swissBUILDINGS3D_3-0_1129-33.gdb/a0000000b.gdbtable|layername=Roof_solid"},"geometry":{"type":"Polygon","coordinates":[[[2641681.300999999046326,1218480.921,612.261700000002747],[2641681.302999999374151,1218482.070000000298023,611.967799999998533],[2641686.761,1218482.059999998658895,611.767800000001444],[2641686.743000000715256,1218471.653000000864267,614.435500000006869],[2641686.739999998360872,1218470.30799999833107,610.197899999999208],[2641676.688999999314547,1218470.333000000566244,610.197899999999208],[2641676.690999999642372,1218471.670000001788139,614.635500000003958],[2641676.693836090620607,1218473.213000280316919,612.475357635347564],[2641670.857999999076128,1218473.223000001162291,610.710900000005495],[2641670.868999999016523,1218479.666000001132488,610.710900000005495],[2641676.705676723271608,1218479.655000610509887,611.649369075149025],[2641676.708000000566244,1218480.918999999761581,612.263699999995879],[2641680.157999999821186,1218480.912000000476837,612.264699999999721],[2641681.300999999046326,1218480.910000000149012,612.264699999999721],[2641681.300999999046326,1218480.918000001460314,612.062799999999697],[2641681.300999999046326,1218480.921,612.261700000002747]]]}},
{"type":"Feature","properties":{"fid":197,"OBJECTID":1,"UUID":"{0241BDAF-FECA-476C-BB76-2B1614C5FEC1}","OBJEKTART":"Gebaeude Einzelhaus","NAME_KOMPLETT":null,"GEBAEUDE_NUTZUNG":null,"GRUND_AENDERUNG":"Verbessert","HERKUNFT":"swisstopo","HERKUNFT_JAHR":2024,"HERKUNFT_MONAT":6,"ORIGINAL_HERKUNFT":"swisstopo","ERSTELLUNG_JAHR":2024,"ERSTELLUNG_MONAT":6,"REVISION_JAHR":2024,"REVISION_MONAT":6,"DATUM_AENDERUNG":"2025-07-08T11:55:40Z","DATUM_ERSTELLUNG":"2025-07-08T11:55:40Z","DACH_MAX":571.05,"DACH_MIN":567.57,"EGID":187524,"GEBAEUDEEINHEIT":"{0161A195-33E8-41ED-A8F7-CD5593D4FBF9}","layer":"swissbuildings3d_3_0_2024_1129-33_2056_5728.gdb — swissBUILDINGS3D_3-0_1129-33.gdb/a0000000b.gdbtable","path":"/vsizip//Users/wulf/Downloads/swissbuildings3d_3_0_2024_1129-33_2056_5728.gdb.zip/swissBUILDINGS3D_3-0_1129-33.gdb/a0000000b.gdbtable|layername=Roof_solid"},"geometry":{"type":"Polygon","coordinates":[[[2641682.397999998182058,1218508.361000001430511,611.927800000004936],[2641682.515999998897314,1218503.484999999403954,614.403600000005099],[2641682.631000000983477,1218498.804999999701977,612.127800000002026],[2641671.640999998897314,1218498.535000000149012,612.127800000002026],[2641671.526000000536442,1218503.214999999850988,614.203599999993457],[2641671.407999999821186,1218508.090999998152256,612.127800000002026],[2641682.397999998182058,1218508.361000001430511,611.927800000004936]]]}},
{"type":"Feature","properties":{"fid":198,"OBJECTID":1,"UUID":"{0241BDAF-FECA-476C-BB76-2B1614C5FEC1}","OBJEKTART":"Gebaeude Einzelhaus","NAME_KOMPLETT":null,"GEBAEUDE_NUTZUNG":null,"GRUND_AENDERUNG":"Verbessert","HERKUNFT":"swisstopo","HERKUNFT_JAHR":2024,"HERKUNFT_MONAT":6,"ORIGINAL_HERKUNFT":"swisstopo","ERSTELLUNG_JAHR":2024,"ERSTELLUNG_MONAT":6,"REVISION_JAHR":2024,"REVISION_MONAT":6,"DATUM_AENDERUNG":"2025-07-08T11:55:40Z","DATUM_ERSTELLUNG":"2025-07-08T11:55:40Z","DACH_MAX":571.05,"DACH_MIN":567.57,"EGID":187524,"GEBAEUDEEINHEIT":"{0161A195-33E8-41ED-A8F7-CD5593D4FBF9}","layer":"swissbuildings3d_3_0_2024_1129-33_2056_5728.gdb — swissBUILDINGS3D_3-0_1129-33.gdb/a0000000b.gdbtable","path":"/vsizip//Users/wulf/Downloads/swissbuildings3d_3_0_2024_1129-33_2056_5728.gdb.zip/swissBUILDINGS3D_3-0_1129-33.gdb/a0000000b.gdbtable|layername=Roof_solid"},"geometry":{"type":"Polygon","coordinates":[[[2641675.681000001728535,1218542.024999998509884,606.060400000002119],[2641675.761999998241663,1218542.019000001251698,606.260399999999208],[2641676.484000001102686,1218542.026999998837709,606.260399999999208],[2641679.021000001579523,1218542.034000001847744,606.260399999999208],[2641679.041000001132488,1218534.195000000298023,606.260399999999208],[2641678.339999999850988,1218534.193999998271465,606.060400000002119],[2641678.342999998480082,1218533.315999999642372,606.060400000002119],[2641671.804999999701977,1218533.300000000745058,606.260399999999208],[2641671.7989999987185,1218535.874000001698732,606.260399999999208],[2641664.969999998807907,1218535.855999998748302,606.260399999999208],[2641664.967999998480082,1218536.791000001132488,606.260399999999208],[2641662.0489999987185,1218536.785000000149012,606.260399999999208],[2641662.046,1218537.837999999523163,606.060500000006869],[2641658.881000000983477,1218537.829999998211861,606.260399999999208],[2641658.868000000715256,1218543.151000000536442,606.260399999999208],[2641662.079,1218543.160000000149012,606.060500000006869],[2641662.0760000012815,1218544.447999998927116,606.060500000006869],[2641672.874000001698732,1218544.475000001490116,606.060500000006869],[2641672.877999998629093,1218542.9510000012815,606.060500000006869],[2641675.679000001400709,1218542.960999999195337,606.260399999999208],[2641675.681000001728535,1218542.024999998509884,606.060400000002119]]]}},
{"type":"Feature","properties":{"fid":199,"OBJECTID":1,"UUID":"{0241BDAF-FECA-476C-BB76-2B1614C5FEC1}","OBJEKTART":"Gebaeude Einzelhaus","NAME_KOMPLETT":null,"GEBAEUDE_NUTZUNG":null,"GRUND_AENDERUNG":"Verbessert","HERKUNFT":"swisstopo","HERKUNFT_JAHR":2024,"HERKUNFT_MONAT":6,"ORIGINAL_HERKUNFT":"swisstopo","ERSTELLUNG_JAHR":2024,"ERSTELLUNG_MONAT":6,"REVISION_JAHR":2024,"REVISION_MONAT":6,"DATUM_AENDERUNG":"2025-07-08T11:55:40Z","DATUM_ERSTELLUNG":"2025-07-08T11:55:40Z","DACH_MAX":571.05,"DACH_MIN":567.57,"EGID":187524,"GEBAEUDEEINHEIT":"{0161A195-33E8-41ED-A8F7-CD5593D4FBF9}","layer":"swissbuildings3d_3_0_2024_1129-33_2056_5728.gdb — swissBUILDINGS3D_3-0_1129-33.gdb/a0000000b.gdbtable","path":"/vsizip//Users/wulf/Downloads/swissbuildings3d_3_0_2024_1129-33_2056_5728.gdb.zip/swissBUILDINGS3D_3-0_1129-33.gdb/a0000000b.gdbtable|layername=Roof_solid"},"geometry":{"type":"Polygon","coordinates":[[[2641658.7010000012815,1218562.0489999987185,603.828699999998207],[2641658.681000001728535,1218564.449999999254942,603.828699999998207],[2641677.120000001043081,1218564.605999998748302,603.628700000001118],[2641677.184000000357628,1218557.175999999046326,603.628700000001118],[2641674.254999998956919,1218557.151000000536442,603.828699999998207],[2641674.263000000268221,1218556.214999999850988,603.828699999998207],[2641668.019000001251698,1218556.162999998778105,603.828699999998207],[2641668.041000001132488,1218553.467999998480082,603.828699999998207],[2641660.217999998480082,1218553.399999998509884,603.828699999998207],[2641660.210999999195337,1218553.614999998360872,603.828699999998207],[2641660.144000001251698,1218562.061000000685453,603.828699999998207],[2641658.7010000012815,1218562.0489999987185,603.828699999998207]]]}},
{"type":"Feature","properties":{"fid":200,"OBJECTID":1,"UUID":"{0241BDAF-FECA-476C-BB76-2B1614C5FEC1}","OBJEKTART":"Gebaeude Einzelhaus","NAME_KOMPLETT":null,"GEBAEUDE_NUTZUNG":null,"GRUND_AENDERUNG":"Verbessert","HERKUNFT":"swisstopo","HERKUNFT_JAHR":2024,"HERKUNFT_MONAT":6,"ORIGINAL_HERKUNFT":"swisstopo","ERSTELLUNG_JAHR":2024,"ERSTELLUNG_MONAT":6,"REVISION_JAHR":2024,"REVISION_MONAT":6,"DATUM_AENDERUNG":"2025-07-08T11:55:40Z","DATUM_ERSTELLUNG":"2025-07-08T11:55:40Z","DACH_MAX":571.05,"DACH_MIN":567.57,"EGID":187524,"GEBAEUDEEINHEIT":"{0161A195-33E8-41ED-A8F7-CD5593D4FBF9}","layer":"swissbuildings3d_3_0_2024_1129-33_2056_5728.gdb — swissBUILDINGS3D_3-0_1129-33.gdb/a0000000b.gdbtable","path":"/vsizip//Users/wulf/Downloads/swissbuildings3d_3_0_2024_1129-33_2056_5728.gdb.zip/swissBUILDINGS3D_3-0_1129-33.gdb/a0000000b.gdbtable|layername=Roof_solid"},"geometry":{"type":"Polygon","coordinates":[[[2641671.580968474037945,1218583.374000243842602,601.573473263802384],[2641671.640000000596046,1218579.35700000077486,601.559899999992922],[2641666.408602761570364,1218579.279698229627684,601.673399999999674],[2641666.46000000089407,1218571.989,601.786900000006426],[2641658.989,1218571.934999998658895,601.586899999994785],[2641658.905910612549633,1218583.629592377692461,601.600273994397639],[2641658.903404727112502,1218583.97718294011429,601.500188903220078],[2641655.760000001639128,1218583.954999998211861,601.081000000005588],[2641655.704,1218591.989999998360872,601.081000000005588],[2641655.927011688705534,1218591.99162038648501,600.941841037782297],[2641655.842000000178814,1218597.778000000864267,600.997000000003027],[2641660.068999998271465,1218597.839999999850988,600.797000000005937],[2641660.127999998629093,1218593.831999998539686,600.797000000005937],[2641663.704999998211861,1218590.274999998509884,600.797000000005937],[2641663.71199938794598,1218589.78545446950011,601.215402391148018],[2641677.01799999922514,1218589.879999998956919,601.786900000006426],[2641677.063000001013279,1218583.412999998778105,601.786900000006426],[2641671.580968474037945,1218583.374000243842602,601.573473263802384]]]}},
{"type":"Feature","properties":{"fid":201,"OBJECTID":1,"UUID":"{0241BDAF-FECA-476C-BB76-2B1614C5FEC1}","OBJEKTART":"Gebaeude Einzelhaus","NAME_KOMPLETT":null,"GEBAEUDE_NUTZUNG":null,"GRUND_AENDERUNG":"Verbessert","HERKUNFT":"swisstopo","HERKUNFT_JAHR":2024,"HERKUNFT_MONAT":6,"ORIGINAL_HERKUNFT":"swisstopo","ERSTELLUNG_JAHR":2024,"ERSTELLUNG_MONAT":6,"REVISION_JAHR":2024,"REVISION_MONAT":6,"DATUM_AENDERUNG":"2025-07-08T11:55:40Z","DATUM_ERSTELLUNG":"2025-07-08T11:55:40Z","DACH_MAX":571.05,"DACH_MIN":567.57,"EGID":187524,"GEBAEUDEEINHEIT":"{0161A195-33E8-41ED-A8F7-CD5593D4FBF9}","layer":"swissbuildings3d_3_0_2024_1129-33_2056_5728.gdb — swissBUILDINGS3D_3-0_1129-33.gdb/a0000000b.gdbtable","path":"/vsizip//Users/wulf/Downloads/swissbuildings3d_3_0_2024_1129-33_2056_5728.gdb.zip/swissBUILDINGS3D_3-0_1129-33.gdb/a0000000b.gdbtable|layername=Roof_solid"},"geometry":{"type":"Polygon","coordinates":[[[2641657.420000001788139,1218610.274000000208616,600.724100000006729],[2641661.980999998748302,1218607.785000000149012,600.724100000006729],[2641662.5,1218608.736999999731779,600.724100000006729],[2641668.467999998480082,1218605.480000000447035,600.724100000006729],[2641669.997000001370907,1218608.280999999493361,600.524099999995087],[2641673.08500000089407,1218606.596000000834465,600.524099999995087],[2641669.642000000923872,1218600.287999998778105,600.524099999995087],[2641660.640999998897314,1218605.197000000625849,600.724100000006729],[2641656.026000000536442,1218607.719999998807907,600.724100000006729],[2641657.420000001788139,1218610.274000000208616,600.724100000006729]]]}},
{"type":"Feature","properties":{"fid":202,"OBJECTID":1,"UUID":"{0241BDAF-FECA-476C-BB76-2B1614C5FEC1}","OBJEKTART":"Gebaeude Einzelhaus","NAME_KOMPLETT":null,"GEBAEUDE_NUTZUNG":null,"GRUND_AENDERUNG":"Verbessert","HERKUNFT":"swisstopo","HERKUNFT_JAHR":2024,"HERKUNFT_MONAT":6,"ORIGINAL_HERKUNFT":"swisstopo","ERSTELLUNG_JAHR":2024,"ERSTELLUNG_MONAT":6,"REVISION_JAHR":2024,"REVISION_MONAT":6,"DATUM_AENDERUNG":"2025-07-08T11:55:40Z","DATUM_ERSTELLUNG":"2025-07-08T11:55:40Z","DACH_MAX":571.05,"DACH_MIN":567.57,"EGID":187524,"GEBAEUDEEINHEIT":"{0161A195-33E8-41ED-A8F7-CD5593D4FBF9}","layer":"swissbuildings3d_3_0_2024_1129-33_2056_5728.gdb — swissBUILDINGS3D_3-0_1129-33.gdb/a0000000b.gdbtable","path":"/vsizip//Users/wulf/Downloads/swissbuildings3d_3_0_2024_1129-33_2056_5728.gdb.zip/swissBUILDINGS3D_3-0_1129-33.gdb/a0000000b.gdbtable|layername=Roof_solid"},"geometry":{"type":"Polygon","coordinates":[[[2641666.499999925959855,1218618.685999864712358,602.793399998829045],[2641665.673058734741062,1218617.170582053484395,602.886762527933456],[2641661.265000000596046,1218609.089000001549721,602.930800000001909],[2641658.125,1218610.800999999046326,603.950700000001234],[2641651.704999998211861,1218614.304999999701977,601.988899999996647],[2641656.973999999463558,1218623.947000000625849,601.989000000001397],[2641663.388000000268221,1218620.445000000298023,603.950700000001234],[2641666.526000000536442,1218618.732999999076128,602.930800000001909],[2641666.499999925959855,1218618.685999864712358,602.793399998829045]]]}},
{"type":"Feature","properties":{"fid":203,"OBJECTID":1,"UUID":"{0241BDAF-FECA-476C-BB76-2B1614C5FEC1}","OBJEKTART":"Gebaeude Einzelhaus","NAME_KOMPLETT":null,"GEBAEUDE_NUTZUNG":null,"GRUND_AENDERUNG":"Verbessert","HERKUNFT":"swisstopo","HERKUNFT_JAHR":2024,"HERKUNFT_MONAT":6,"ORIGINAL_HERKUNFT":"swisstopo","ERSTELLUNG_JAHR":2024,"ERSTELLUNG_MONAT":6,"REVISION_JAHR":2024,"REVISION_MONAT":6,"DATUM_AENDERUNG":"2025-07-08T11:55:40Z","DATUM_ERSTELLUNG":"2025-07-08T11:55:40Z","DACH_MAX":571.05,"DACH_MIN":567.57,"EGID":187524,"GEBAEUDEEINHEIT":"{0161A195-33E8-41ED-A8F7-CD5593D4FBF9}","layer":"swissbuildings3d_3_0_2024_1129-33_2056_5728.gdb — swissBUILDINGS3D_3-0_1129-33.gdb/a0000000b.gdbtable","path":"/vsizip//Users/wulf/Downloads/swissbuildings3d_3_0_2024_1129-33_2056_5728.gdb.zip/swissBUILDINGS3D_3-0_1129-33.gdb/a0000000b.gdbtable|layername=Roof_solid"},"geometry":{"type":"Polygon","coordinates":[[[2641657.519000001251698,1218639.699999999254942,598.221399999994901],[2641647.344000000506639,1218645.179000001400709,598.021399999997811],[2641650.265000000596046,1218650.603999998420477,601.910999999992782],[2641653.276000000536442,1218656.193999998271465,598.221399999994901],[2641663.449999999254942,1218650.714000001549721,598.021399999997811],[2641663.190000001341105,1218650.230999998748302,598.340299999996205],[2641662.697000000625849,1218649.31700000166893,599.09429999999702],[2641660.434000000357628,1218645.127999998629093,601.710999999995693],[2641657.519000001251698,1218639.699999999254942,598.221399999994901]]]}},
{"type":"Feature","properties":{"fid":204,"OBJECTID":1,"UUID":"{0241BDAF-FECA-476C-BB76-2B1614C5FEC1}","OBJEKTART":"Gebaeude Einzelhaus","NAME_KOMPLETT":null,"GEBAEUDE_NUTZUNG":null,"GRUND_AENDERUNG":"Verbessert","HERKUNFT":"swisstopo","HERKUNFT_JAHR":2024,"HERKUNFT_MONAT":6,"ORIGINAL_HERKUNFT":"swisstopo","ERSTELLUNG_JAHR":2024,"ERSTELLUNG_MONAT":6,"REVISION_JAHR":2024,"REVISION_MONAT":6,"DATUM_AENDERUNG":"2025-07-08T11:55:40Z","DATUM_ERSTELLUNG":"2025-07-08T11:55:40Z","DACH_MAX":571.05,"DACH_MIN":567.57,"EGID":187524,"GEBAEUDEEINHEIT":"{0161A195-33E8-41ED-A8F7-CD5593D4FBF9}","layer":"swissbuildings3d_3_0_2024_1129-33_2056_5728.gdb — swissBUILDINGS3D_3-0_1129-33.gdb/a0000000b.gdbtable","path":"/vsizip//Users/wulf/Downloads/swissbuildings3d_3_0_2024_1129-33_2056_5728.gdb.zip/swissBUILDINGS3D_3-0_1129-33.gdb/a0000000b.gdbtable|layername=Roof_solid"},"geometry":{"type":"Polygon","coordinates":[[[2641682.530000001192093,1218669.177999999374151,595.0396999999939],[2641678.03999999910593,1218659.910999998450279,595.239700000005541],[2641672.019000001251698,1218662.829999998211861,597.865399999995134],[2641665.688000001013279,1218665.897999998182058,595.0396999999939],[2641670.177999999374151,1218675.162999998778105,595.0396999999939],[2641676.50899999961257,1218672.094999998807907,598.065400000006775],[2641682.530000001192093,1218669.177999999374151,595.0396999999939]]]}},
{"type":"Feature","properties":{"fid":205,"OBJECTID":1,"UUID":"{0241BDAF-FECA-476C-BB76-2B1614C5FEC1}","OBJEKTART":"Gebaeude Einzelhaus","NAME_KOMPLETT":null,"GEBAEUDE_NUTZUNG":null,"GRUND_AENDERUNG":"Verbessert","HERKUNFT":"swisstopo","HERKUNFT_JAHR":2024,"HERKUNFT_MONAT":6,"ORIGINAL_HERKUNFT":"swisstopo","ERSTELLUNG_JAHR":2024,"ERSTELLUNG_MONAT":6,"REVISION_JAHR":2024,"REVISION_MONAT":6,"DATUM_AENDERUNG":"2025-07-08T11:55:40Z","DATUM_ERSTELLUNG":"2025-07-08T11:55:40Z","DACH_MAX":571.05,"DACH_MIN":567.57,"EGID":187524,"GEBAEUDEEINHEIT":"{0161A195-33E8-41ED-A8F7-CD5593D4FBF9}","layer":"swissbuildings3d_3_0_2024_1129-33_2056_5728.gdb — swissBUILDINGS3D_3-0_1129-33.gdb/a0000000b.gdbtable","path":"/vsizip//Users/wulf/Downloads/swissbuildings3d_3_0_2024_1129-33_2056_5728.gdb.zip/swissBUILDINGS3D_3-0_1129-33.gdb/a0000000b.gdbtable|layername=Roof_solid"},"geometry":{"type":"Polygon","coordinates":[[[2641663.543999999761581,1218699.028000000864267,598.462400000003981],[2641663.410999998450279,1218688.125999998301268,598.262400000006892],[2641650.570999998599291,1218688.282999999821186,598.462400000003981],[2641650.704,1218699.184000000357628,598.262400000006892],[2641663.543999999761581,1218699.028000000864267,598.462400000003981]]]}},
{"type":"Feature","properties":{"fid":206,"OBJECTID":1,"UUID":"{0241BDAF-FECA-476C-BB76-2B1614C5FEC1}","OBJEKTART":"Gebaeude Einzelhaus","NAME_KOMPLETT":null,"GEBAEUDE_NUTZUNG":null,"GRUND_AENDERUNG":"Verbessert","HERKUNFT":"swisstopo","HERKUNFT_JAHR":2024,"HERKUNFT_MONAT":6,"ORIGINAL_HERKUNFT":"swisstopo","ERSTELLUNG_JAHR":2024,"ERSTELLUNG_MONAT":6,"REVISION_JAHR":2024,"REVISION_MONAT":6,"DATUM_AENDERUNG":"2025-07-08T11:55:40Z","DATUM_ERSTELLUNG":"2025-07-08T11:55:40Z","DACH_MAX":571.05,"DACH_MIN":567.57,"EGID":187524,"GEBAEUDEEINHEIT":"{0161A195-33E8-41ED-A8F7-CD5593D4FBF9}","layer":"swissbuildings3d_3_0_2024_1129-33_2056_5728.gdb — swissBUILDINGS3D_3-0_1129-33.gdb/a0000000b.gdbtable","path":"/vsizip//Users/wulf/Downloads/swissbuildings3d_3_0_2024_1129-33_2056_5728.gdb.zip/swissBUILDINGS3D_3-0_1129-33.gdb/a0000000b.gdbtable|layername=Roof_solid"},"geometry":{"type":"Polygon","coordinates":[[[2641654.390000000596046,1218742.258000001311302,593.439899999997579],[2641668.361000001430511,1218742.504999998956919,593.439899999997579],[2641668.416000001132488,1218739.390999998897314,595.403699999995297],[2641668.443,1218737.846999999135733,596.527600000001257],[2641668.469999998807907,1218736.293999999761581,597.556500000006054],[2641668.579999998211861,1218730.083000000566244,593.239900000000489],[2641665.087000001221895,1218730.021000001579523,593.389899999994668],[2641660.186814781744033,1218729.934251704253256,593.30681593895315],[2641658.314491677563637,1218729.901039764750749,593.336533143702127],[2641658.102000001817942,1218729.896999999880791,593.389899999994668],[2641654.609999999403954,1218729.83500000089407,593.439899999997579],[2641654.5,1218736.046,597.756500000003143],[2641654.390000000596046,1218742.258000001311302,593.439899999997579]]]}},
{"type":"Feature","properties":{"fid":207,"OBJECTID":1,"UUID":"{0241BDAF-FECA-476C-BB76-2B1614C5FEC1}","OBJEKTART":"Gebaeude Einzelhaus","NAME_KOMPLETT":null,"GEBAEUDE_NUTZUNG":null,"GRUND_AENDERUNG":"Verbessert","HERKUNFT":"swisstopo","HERKUNFT_JAHR":2024,"HERKUNFT_MONAT":6,"ORIGINAL_HERKUNFT":"swisstopo","ERSTELLUNG_JAHR":2024,"ERSTELLUNG_MONAT":6,"REVISION_JAHR":2024,"REVISION_MONAT":6,"DATUM_AENDERUNG":"2025-07-08T11:55:40Z","DATUM_ERSTELLUNG":"2025-07-08T11:55:40Z","DACH_MAX":571.05,"DACH_MIN":567.57,"EGID":187524,"GEBAEUDEEINHEIT":"{0161A195-33E8-41ED-A8F7-CD5593D4FBF9}","layer":"swissbuildings3d_3_0_2024_1129-33_2056_5728.gdb — swissBUILDINGS3D_3-0_1129-33.gdb/a0000000b.gdbtable","path":"/vsizip//Users/wulf/Downloads/swissbuildings3d_3_0_2024_1129-33_2056_5728.gdb.zip/swissBUILDINGS3D_3-0_1129-33.gdb/a0000000b.gdbtable|layername=Roof_solid"},"geometry":{"type":"Polygon","coordinates":[[[2641673.118999999016523,1218774.168000001460314,591.938099999999395],[2641668.528000000864267,1218773.629000000655651,593.552999999999884],[2641661.416999999433756,1218772.793999999761581,591.131200000003446],[2641659.259014035109431,1218772.541001646546647,590.506304876736294],[2641659.046,1218772.515999998897314,590.457299999994575],[2641657.688000001013279,1218784.092999998480082,590.257299999997485],[2641667.168999999761581,1218785.204999998211861,593.752900000006775],[2641673.291000001132488,1218785.9239999987185,591.200200000006589],[2641673.631000000983477,1218783.030000001192093,591.350200000000768],[2641673.971000000834465,1218780.136,591.250199999994948],[2641674.224812761414796,1218777.969232642790303,591.36263551064792],[2641674.427972590085119,1218776.237845057854429,591.308192180006472],[2641674.649999998509884,1218774.348000001162291,591.200200000006589],[2641674.295000001788139,1218774.306000001728535,591.486199999999371],[2641673.118999999016523,1218774.168000001460314,591.938099999999395]]]}},
{"type":"Feature","properties":{"fid":208,"OBJECTID":1,"UUID":"{0241BDAF-FECA-476C-BB76-2B1614C5FEC1}","OBJEKTART":"Gebaeude Einzelhaus","NAME_KOMPLETT":null,"GEBAEUDE_NUTZUNG":null,"GRUND_AENDERUNG":"Verbessert","HERKUNFT":"swisstopo","HERKUNFT_JAHR":2024,"HERKUNFT_MONAT":6,"ORIGINAL_HERKUNFT":"swisstopo","ERSTELLUNG_JAHR":2024,"ERSTELLUNG_MONAT":6,"REVISION_JAHR":2024,"REVISION_MONAT":6,"DATUM_AENDERUNG":"2025-07-08T11:55:40Z","DATUM_ERSTELLUNG":"2025-07-08T11:55:40Z","DACH_MAX":571.05,"DACH_MIN":567.57,"EGID":187524,"GEBAEUDEEINHEIT":"{0161A195-33E8-41ED-A8F7-CD5593D4FBF9}","layer":"swissbuildings3d_3_0_2024_1129-33_2056_5728.gdb — swissBUILDINGS3D_3-0_1129-33.gdb/a0000000b.gdbtable","path":"/vsizip//Users/wulf/Downloads/swissbuildings3d_3_0_2024_1129-33_2056_5728.gdb.zip/swissBUILDINGS3D_3-0_1129-33.gdb/a0000000b.gdbtable|layername=Roof_solid"},"geometry":{"type":"Polygon","coordinates":[[[2641654.296,1218806.068999998271465,584.670899999997346],[2641654.302999999374151,1218807.219000000506639,584.470900000000256],[2641659.49100000038743,1218807.245999999344349,584.470900000000256],[2641659.449999999254942,1218801.497999999672174,584.470900000000256],[2641653.324000000953674,1218798.9510000012815,584.670899999997346],[2641650.943999998271465,1218804.675000000745058,584.670899999997346],[2641654.296,1218806.068999998271465,584.670899999997346]]]}},
{"type":"Feature","properties":{"fid":209,"OBJECTID":1,"UUID":"{0241BDAF-FECA-476C-BB76-2B1614C5FEC1}","OBJEKTART":"Gebaeude Einzelhaus","NAME_KOMPLETT":null,"GEBAEUDE_NUTZUNG":null,"GRUND_AENDERUNG":"Verbessert","HERKUNFT":"swisstopo","HERKUNFT_JAHR":2024,"HERKUNFT_MONAT":6,"ORIGINAL_HERKUNFT":"swisstopo","ERSTELLUNG_JAHR":2024,"ERSTELLUNG_MONAT":6,"REVISION_JAHR":2024,"REVISION_MONAT":6,"DATUM_AENDERUNG":"2025-07-08T11:55:40Z","DATUM_ERSTELLUNG":"2025-07-08T11:55:40Z","DACH_MAX":571.05,"DACH_MIN":567.57,"EGID":187524,"GEBAEUDEEINHEIT":"{0161A195-33E8-41ED-A8F7-CD5593D4FBF9}","layer":"swissbuildings3d_3_0_2024_1129-33_2056_5728.gdb — swissBUILDINGS3D_3-0_1129-33.gdb/a0000000b.gdbtable","path":"/vsizip//Users/wulf/Downloads/swissbuildings3d_3_0_2024_1129-33_2056_5728.gdb.zip/swissBUILDINGS3D_3-0_1129-33.gdb/a0000000b.gdbtable|layername=Roof_solid"},"geometry":{"type":"Polygon","coordinates":[[[2641655.429950532969087,1218855.31,576.660799999997835],[2641656.083999998867512,1218851.260000001639128,576.660799999997835],[2641655.951999999582767,1218851.24100000038743,576.660799999997835],[2641641.214000001549721,1218848.857999999076128,576.660799999997835],[2641640.171729778405279,1218855.31,576.660799999997835],[2641655.429950532969087,1218855.31,576.660799999997835]]]}},
{"type":"Feature","properties":{"fid":210,"OBJECTID":1,"UUID":"{0241BDAF-FECA-476C-BB76-2B1614C5FEC1}","OBJEKTART":"Gebaeude Einzelhaus","NAME_KOMPLETT":null,"GEBAEUDE_NUTZUNG":null,"GRUND_AENDERUNG":"Verbessert","HERKUNFT":"swisstopo","HERKUNFT_JAHR":2024,"HERKUNFT_MONAT":6,"ORIGINAL_HERKUNFT":"swisstopo","ERSTELLUNG_JAHR":2024,"ERSTELLUNG_MONAT":6,"REVISION_JAHR":2024,"REVISION_MONAT":6,"DATUM_AENDERUNG":"2025-07-08T11:55:40Z","DATUM_ERSTELLUNG":"2025-07-08T11:55:40Z","DACH_MAX":571.05,"DACH_MIN":567.57,"EGID":187524,"GEBAEUDEEINHEIT":"{0161A195-33E8-41ED-A8F7-CD5593D4FBF9}","layer":"swissbuildings3d_3_0_2024_1129-33_2056_5728.gdb — swissBUILDINGS3D_3-0_1129-33.gdb/a0000000b.gdbtable","path":"/vsizip//Users/wulf/Downloads/swissbuildings3d_3_0_2024_1129-33_2056_5728.gdb.zip/swissBUILDINGS3D_3-0_1129-33.gdb/a0000000b.gdbtable|layername=Roof_solid"},"geometry":{"type":"Polygon","coordinates":[[[2641689.138999998569489,1218373.587999999523163,623.07850000000326],[2641684.355999998748302,1218373.519000001251698,626.374200000005658],[2641679.214000001549721,1218373.443999998271465,622.87850000000617],[2641679.135000001639128,1218378.888000000268221,622.87850000000617],[2641679.048930240795016,1218384.825290047097951,622.981730615768583],[2641679.006000000983477,1218387.785000000149012,623.07850000000326],[2641684.147999998182058,1218387.859000001102686,626.174199999994016],[2641688.931000001728535,1218387.929000001400709,622.878599999996368],[2641689.138999998569489,1218373.587999999523163,623.07850000000326]]]}},
{"type":"Feature","properties":{"fid":211,"OBJECTID":1,"UUID":"{0241BDAF-FECA-476C-BB76-2B1614C5FEC1}","OBJEKTART":"Gebaeude Einzelhaus","NAME_KOMPLETT":null,"GEBAEUDE_NUTZUNG":null,"GRUND_AENDERUNG":"Verbessert","HERKUNFT":"swisstopo","HERKUNFT_JAHR":2024,"HERKUNFT_MONAT":6,"ORIGINAL_HERKUNFT":"swisstopo","ERSTELLUNG_JAHR":2024,"ERSTELLUNG_MONAT":6,"REVISION_JAHR":2024,"REVISION_MONAT":6,"DATUM_AENDERUNG":"2025-07-08T11:55:40Z","DATUM_ERSTELLUNG":"2025-07-08T11:55:40Z","DACH_MAX":571.05,"DACH_MIN":567.57,"EGID":187524,"GEBAEUDEEINHEIT":"{0161A195-33E8-41ED-A8F7-CD5593D4FBF9}","layer":"swissbuildings3d_3_0_2024_1129-33_2056_5728.gdb — swissBUILDINGS3D_3-0_1129-33.gdb/a0000000b.gdbtable","path":"/vsizip//Users/wulf/Downloads/swissbuildings3d_3_0_2024_1129-33_2056_5728.gdb.zip/swissBUILDINGS3D_3-0_1129-33.gdb/a0000000b.gdbtable|layername=Roof_solid"},"geometry":{"type":"Polygon","coordinates":[[[2641723.791000001132488,1218417.458000000566244,620.909799999993993],[2641723.311286009382457,1218412.737282865215093,622.681678519761363],[2641729.149999998509884,1218412.14299999922514,618.672999999995227],[2641728.263000000268221,1218403.420000001788139,619.019899999999325],[2641721.409000001847744,1218404.116999998688698,619.020000000004075],[2641721.504000000655651,1218405.043999999761581,619.004000000000815],[2641717.791000001132488,1218405.421999998390675,619.004000000000815],[2641717.864962832536548,1218406.151355709182099,619.76573152265064],[2641714.209896128624678,1218406.523268354823813,619.703745758959599],[2641714.125,1218405.688000001013279,618.873000000006869],[2641706.473000001162291,1218406.465999998152256,618.873000000006869],[2641707.140000000596046,1218413.024000000208616,618.873000000006869],[2641709.860243558418006,1218412.747107199393213,621.818045668710283],[2641709.870999999344349,1218412.853000000119209,624.834400000007008],[2641710.478000000119209,1218418.811000000685453,620.909799999993993],[2641723.791000001132488,1218417.458000000566244,620.909799999993993]],[[2641723.269999999552965,1218412.331000000238419,618.679999999993015],[2641723.184999998658895,1218411.497999999672174,624.834400000007008],[2641722.592999998480082,1218405.671,620.909799999993993],[2641723.269999999552965,1218412.331000000238419,618.679999999993015]]]}},
{"type":"Feature","properties":{"fid":212,"OBJECTID":1,"UUID":"{0241BDAF-FECA-476C-BB76-2B1614C5FEC1}","OBJEKTART":"Gebaeude Einzelhaus","NAME_KOMPLETT":null,"GEBAEUDE_NUTZUNG":null,"GRUND_AENDERUNG":"Verbessert","HERKUNFT":"swisstopo","HERKUNFT_JAHR":2024,"HERKUNFT_MONAT":6,"ORIGINAL_HERKUNFT":"swisstopo","ERSTELLUNG_JAHR":2024,"ERSTELLUNG_MONAT":6,"REVISION_JAHR":2024,"REVISION_MONAT":6,"DATUM_AENDERUNG":"2025-07-08T11:55:40Z","DATUM_ERSTELLUNG":"2025-07-08T11:55:40Z","DACH_MAX":571.05,"DACH_MIN":567.57,"EGID":187524,"GEBAEUDEEINHEIT":"{0161A195-33E8-41ED-A8F7-CD5593D4FBF9}","layer":"swissbuildings3d_3_0_2024_1129-33_2056_5728.gdb — swissBUILDINGS3D_3-0_1129-33.gdb/a0000000b.gdbtable","path":"/vsizip//Users/wulf/Downloads/swissbuildings3d_3_0_2024_1129-33_2056_5728.gdb.zip/swissBUILDINGS3D_3-0_1129-33.gdb/a0000000b.gdbtable|layername=Roof_solid"},"geometry":{"type":"Polygon","coordinates":[[[2641758.125999998301268,1218472.188000001013279,611.220799999995506],[2641758.421,1218469.809000000357628,606.109299999996438],[2641758.429000001400709,1218469.74100000038743,606.163300000000163],[2641709.0489999987185,1218463.640000000596046,606.163300000000163],[2641708.745999999344349,1218466.08500000089407,611.420800000007148],[2641706.644000001251698,1218483.105999998748302,616.758300000001327],[2641704.530000001192093,1218500.212999999523163,611.420800000007148],[2641704.230999998748302,1218502.625999998301268,606.32039999999688],[2641753.611000001430511,1218508.728000000119209,606.12039999999979],[2641753.635000001639128,1218508.532000001519918,606.684299999993527],[2641753.661222056951374,1218508.318028018111363,607.011033147261855],[2641753.909000001847744,1218506.313999999314547,611.220799999995506],[2641756.022999998182058,1218489.208999998867512,616.558300000004238],[2641758.125999998301268,1218472.188000001013279,611.220799999995506]]]}},
{"type":"Feature","properties":{"fid":213,"OBJECTID":1,"UUID":"{0241BDAF-FECA-476C-BB76-2B1614C5FEC1}","OBJEKTART":"Gebaeude Einzelhaus","NAME_KOMPLETT":null,"GEBAEUDE_NUTZUNG":null,"GRUND_AENDERUNG":"Verbessert","HERKUNFT":"swisstopo","HERKUNFT_JAHR":2024,"HERKUNFT_MONAT":6,"ORIGINAL_HERKUNFT":"swisstopo","ERSTELLUNG_JAHR":2024,"ERSTELLUNG_MONAT":6,"REVISION_JAHR":2024,"REVISION_MONAT":6,"DATUM_AENDERUNG":"2025-07-08T11:55:40Z","DATUM_ERSTELLUNG":"2025-07-08T11:55:40Z","DACH_MAX":571.05,"DACH_MIN":567.57,"EGID":187524,"GEBAEUDEEINHEIT":"{0161A195-33E8-41ED-A8F7-CD5593D4FBF9}","layer":"swissbuildings3d_3_0_2024_1129-33_2056_5728.gdb — swissBUILDINGS3D_3-0_1129-33.gdb/a0000000b.gdbtable","path":"/vsizip//Users/wulf/Downloads/swissbuildings3d_3_0_2024_1129-33_2056_5728.gdb.zip/swissBUILDINGS3D_3-0_1129-33.gdb/a0000000b.gdbtable|layername=Roof_solid"},"geometry":{"type":"Polygon","coordinates":[[[2641683.313999999314547,1218728.409000001847744,595.594700000001467],[2641688.870000001043081,1218727.188000001013279,593.239900000000489],[2641685.396000001579523,1218711.388000000268221,593.439899999997579],[2641679.840999998152256,1218712.609000001102686,595.794699999998556],[2641673.140999998897314,1218714.081000000238419,593.046900000001187],[2641676.614,1218729.881000000983477,593.047000000005937],[2641683.313999999314547,1218728.409000001847744,595.594700000001467]]]}},
{"type":"Feature","properties":{"fid":214,"OBJECTID":1,"UUID":"{0241BDAF-FECA-476C-BB76-2B1614C5FEC1}","OBJEKTART":"Gebaeude Einzelhaus","NAME_KOMPLETT":null,"GEBAEUDE_NUTZUNG":null,"GRUND_AENDERUNG":"Verbessert","HERKUNFT":"swisstopo","HERKUNFT_JAHR":2024,"HERKUNFT_MONAT":6,"ORIGINAL_HERKUNFT":"swisstopo","ERSTELLUNG_JAHR":2024,"ERSTELLUNG_MONAT":6,"REVISION_JAHR":2024,"REVISION_MONAT":6,"DATUM_AENDERUNG":"2025-07-08T11:55:40Z","DATUM_ERSTELLUNG":"2025-07-08T11:55:40Z","DACH_MAX":571.05,"DACH_MIN":567.57,"EGID":187524,"GEBAEUDEEINHEIT":"{0161A195-33E8-41ED-A8F7-CD5593D4FBF9}","layer":"swissbuildings3d_3_0_2024_1129-33_2056_5728.gdb — swissBUILDINGS3D_3-0_1129-33.gdb/a0000000b.gdbtable","path":"/vsizip//Users/wulf/Downloads/swissbuildings3d_3_0_2024_1129-33_2056_5728.gdb.zip/swissBUILDINGS3D_3-0_1129-33.gdb/a0000000b.gdbtable|layername=Roof_solid"},"geometry":{"type":"Polygon","coordinates":[[[2641692.239,1218747.870999999344349,589.280400000003283],[2641686.782999999821186,1218747.774999998509884,589.280400000003283],[2641683.839000001549721,1218747.723000001162291,589.280400000003283],[2641681.004000000655651,1218747.673000000417233,589.280400000003283],[2641680.888000000268221,1218754.274999998509884,592.846999999994296],[2641680.769999999552965,1218760.879000000655651,589.080400000006193],[2641692.004999998956919,1218761.078000001609325,589.280400000003283],[2641692.120999999344349,1218754.473999999463558,593.047000000005937],[2641692.239,1218747.870999999344349,589.280400000003283]]]}},
{"type":"Feature","properties":{"fid":215,"OBJECTID":1,"UUID":"{0241BDAF-FECA-476C-BB76-2B1614C5FEC1}","OBJEKTART":"Gebaeude Einzelhaus","NAME_KOMPLETT":null,"GEBAEUDE_NUTZUNG":null,"GRUND_AENDERUNG":"Verbessert","HERKUNFT":"swisstopo","HERKUNFT_JAHR":2024,"HERKUNFT_MONAT":6,"ORIGINAL_HERKUNFT":"swisstopo","ERSTELLUNG_JAHR":2024,"ERSTELLUNG_MONAT":6,"REVISION_JAHR":2024,"REVISION_MONAT":6,"DATUM_AENDERUNG":"2025-07-08T11:55:40Z","DATUM_ERSTELLUNG":"2025-07-08T11:55:40Z","DACH_MAX":571.05,"DACH_MIN":567.57,"EGID":187524,"GEBAEUDEEINHEIT":"{0161A195-33E8-41ED-A8F7-CD5593D4FBF9}","layer":"swissbuildings3d_3_0_2024_1129-33_2056_5728.gdb — swissBUILDINGS3D_3-0_1129-33.gdb/a0000000b.gdbtable","path":"/vsizip//Users/wulf/Downloads/swissbuildings3d_3_0_2024_1129-33_2056_5728.gdb.zip/swissBUILDINGS3D_3-0_1129-33.gdb/a0000000b.gdbtable|layername=Roof_solid"},"geometry":{"type":"Polygon","coordinates":[[[2641696.079,1218790.269999999552965,584.708899999997811],[2641696.300999999046326,1218780.861000001430511,589.45339999999851],[2641696.473999999463558,1218773.627999998629093,586.000700000004144],[2641684.309000000357628,1218773.339000001549721,586.200700000001234],[2641684.136,1218780.572999998927116,589.45339999999851],[2641683.965999998152256,1218787.76799999922514,585.872700000007171],[2641690.989999998360872,1218787.934000000357628,585.872700000007171],[2641690.938000001013279,1218790.149000000208616,584.708899999997811],[2641696.079,1218790.269999999552965,584.708899999997811]]]}},
{"type":"Feature","properties":{"fid":216,"OBJECTID":1,"UUID":"{0241BDAF-FECA-476C-BB76-2B1614C5FEC1}","OBJEKTART":"Gebaeude Einzelhaus","NAME_KOMPLETT":null,"GEBAEUDE_NUTZUNG":null,"GRUND_AENDERUNG":"Verbessert","HERKUNFT":"swisstopo","HERKUNFT_JAHR":2024,"HERKUNFT_MONAT":6,"ORIGINAL_HERKUNFT":"swisstopo","ERSTELLUNG_JAHR":2024,"ERSTELLUNG_MONAT":6,"REVISION_JAHR":2024,"REVISION_MONAT":6,"DATUM_AENDERUNG":"2025-07-08T11:55:40Z","DATUM_ERSTELLUNG":"2025-07-08T11:55:40Z","DACH_MAX":571.05,"DACH_MIN":567.57,"EGID":187524,"GEBAEUDEEINHEIT":"{0161A195-33E8-41ED-A8F7-CD5593D4FBF9}","layer":"swissbuildings3d_3_0_2024_1129-33_2056_5728.gdb — swissBUILDINGS3D_3-0_1129-33.gdb/a0000000b.gdbtable","path":"/vsizip//Users/wulf/Downloads/swissbuildings3d_3_0_2024_1129-33_2056_5728.gdb.zip/swissBUILDINGS3D_3-0_1129-33.gdb/a0000000b.gdbtable|layername=Roof_solid"},"geometry":{"type":"Polygon","coordinates":[[[2641678.274000000208616,1218800.418999999761581,588.790500000002794],[2641678.140999998897314,1218805.975000001490116,585.572799999994459],[2641682.839000001549721,1218806.085999999195337,585.372799999997369],[2641685.337999999523163,1218806.144999999552965,585.372799999997369],[2641687.690000001341105,1218806.2010000012815,585.5228000000061],[2641690.872999999672174,1218806.276000000536442,585.372799999997369],[2641691.004999998956919,1218800.721000000834465,588.790500000002794],[2641691.136,1218795.144999999552965,585.572799999994459],[2641678.405000001192093,1218794.842999998480082,585.372799999997369],[2641678.274000000208616,1218800.418999999761581,588.790500000002794]]]}},
{"type":"Feature","properties":{"fid":217,"OBJECTID":1,"UUID":"{0241BDAF-FECA-476C-BB76-2B1614C5FEC1}","OBJEKTART":"Gebaeude Einzelhaus","NAME_KOMPLETT":null,"GEBAEUDE_NUTZUNG":null,"GRUND_AENDERUNG":"Verbessert","HERKUNFT":"swisstopo","HERKUNFT_JAHR":2024,"HERKUNFT_MONAT":6,"ORIGINAL_HERKUNFT":"swisstopo","ERSTELLUNG_JAHR":2024,"ERSTELLUNG_MONAT":6,"REVISION_JAHR":2024,"REVISION_MONAT":6,"DATUM_AENDERUNG":"2025-07-08T11:55:40Z","DATUM_ERSTELLUNG":"2025-07-08T11:55:40Z","DACH_MAX":571.05,"DACH_MIN":567.57,"EGID":187524,"GEBAEUDEEINHEIT":"{0161A195-33E8-41ED-A8F7-CD5593D4FBF9}","layer":"swissbuildings3d_3_0_2024_1129-33_2056_5728.gdb — swissBUILDINGS3D_3-0_1129-33.gdb/a0000000b.gdbtable","path":"/vsizip//Users/wulf/Downloads/swissbuildings3d_3_0_2024_1129-33_2056_5728.gdb.zip/swissBUILDINGS3D_3-0_1129-33.gdb/a0000000b.gdbtable|layername=Roof_solid"},"geometry":{"type":"Polygon","coordinates":[[[2641713.403999999165535,1218811.11600000038743,578.849499999996624],[2641715.431000001728535,1218802.274000000208616,578.849499999996624],[2641715.234999999403954,1218802.227000001817942,578.892500000001746],[2641715.03999999910593,1218802.181000001728535,579.034400000004098],[2641714.517000000923872,1218802.061000000685453,579.231400000004214],[2641711.771000001579523,1218801.434000000357628,580.576300000000629],[2641708.618999999016523,1218800.712000001221895,578.889500000004773],[2641708.109999999403954,1218800.594999998807907,578.649499999999534],[2641706.083000000566244,1218809.438000001013279,578.649499999999534],[2641709.743000000715256,1218810.278000000864267,580.576300000000629],[2641713.403999999165535,1218811.11600000038743,578.849499999996624]]]}},
{"type":"Feature","properties":{"fid":218,"OBJECTID":1,"UUID":"{0241BDAF-FECA-476C-BB76-2B1614C5FEC1}","OBJEKTART":"Gebaeude Einzelhaus","NAME_KOMPLETT":null,"GEBAEUDE_NUTZUNG":null,"GRUND_AENDERUNG":"Verbessert","HERKUNFT":"swisstopo","HERKUNFT_JAHR":2024,"HERKUNFT_MONAT":6,"ORIGINAL_HERKUNFT":"swisstopo","ERSTELLUNG_JAHR":2024,"ERSTELLUNG_MONAT":6,"REVISION_JAHR":2024,"REVISION_MONAT":6,"DATUM_AENDERUNG":"2025-07-08T11:55:40Z","DATUM_ERSTELLUNG":"2025-07-08T11:55:40Z","DACH_MAX":571.05,"DACH_MIN":567.57,"EGID":187524,"GEBAEUDEEINHEIT":"{0161A195-33E8-41ED-A8F7-CD5593D4FBF9}","layer":"swissbuildings3d_3_0_2024_1129-33_2056_5728.gdb — swissBUILDINGS3D_3-0_1129-33.gdb/a0000000b.gdbtable","path":"/vsizip//Users/wulf/Downloads/swissbuildings3d_3_0_2024_1129-33_2056_5728.gdb.zip/swissBUILDINGS3D_3-0_1129-33.gdb/a0000000b.gdbtable|layername=Roof_solid"},"geometry":{"type":"Polygon","coordinates":[[[2641676.160000000149012,1218824.785000000149012,586.078800000002957],[2641676.024999998509884,1218830.445000000298023,583.061100000006263],[2641677.158879348542541,1218830.471799104707316,582.718496733331904],[2641677.065000001341105,1218834.443999998271465,581.099300000001676],[2641687.425000000745058,1218834.688999999314547,581.099300000001676],[2641687.519434659276158,1218830.716669604182243,582.773742489473761],[2641688.295000001788139,1218830.734999999403954,583.061100000006263],[2641688.429000001400709,1218825.0760000012815,586.078800000002957],[2641688.552999999374151,1218819.850000001490116,583.061100000006263],[2641685.486000001430511,1218819.776999998837709,583.011100000003353],[2641682.418999999761581,1218819.704,583.011100000003353],[2641680.995884978678077,1218819.67060225456953,582.912907121557282],[2641676.284000001847744,1218819.559000000357628,582.861099999994622],[2641676.160000000149012,1218824.785000000149012,586.078800000002957]]]}},
{"type":"Feature","properties":{"fid":219,"OBJECTID":1,"UUID":"{0241BDAF-FECA-476C-BB76-2B1614C5FEC1}","OBJEKTART":"Gebaeude Einzelhaus","NAME_KOMPLETT":null,"GEBAEUDE_NUTZUNG":null,"GRUND_AENDERUNG":"Verbessert","HERKUNFT":"swisstopo","HERKUNFT_JAHR":2024,"HERKUNFT_MONAT":6,"ORIGINAL_HERKUNFT":"swisstopo","ERSTELLUNG_JAHR":2024,"ERSTELLUNG_MONAT":6,"REVISION_JAHR":2024,"REVISION_MONAT":6,"DATUM_AENDERUNG":"2025-07-08T11:55:40Z","DATUM_ERSTELLUNG":"2025-07-08T11:55:40Z","DACH_MAX":571.05,"DACH_MIN":567.57,"EGID":187524,"GEBAEUDEEINHEIT":"{0161A195-33E8-41ED-A8F7-CD5593D4FBF9}","layer":"swissbuildings3d_3_0_2024_1129-33_2056_5728.gdb — swissBUILDINGS3D_3-0_1129-33.gdb/a0000000b.gdbtable","path":"/vsizip//Users/wulf/Downloads/swissbuildings3d_3_0_2024_1129-33_2056_5728.gdb.zip/swissBUILDINGS3D_3-0_1129-33.gdb/a0000000b.gdbtable|layername=Roof_solid"},"geometry":{"type":"Polygon","coordinates":[[[2641702.785376653075218,1218855.31,571.349300000001676],[2641702.839999999850988,1218854.443999998271465,571.349300000001676],[2641694.787999998778105,1218853.934999998658895,578.80449999999837],[2641686.730000000447035,1218853.425999999046326,571.9771999999939],[2641686.611152535304427,1218855.31,571.9771999999939],[2641702.785376653075218,1218855.31,571.349300000001676]]]}},
{"type":"Feature","properties":{"fid":220,"OBJECTID":1,"UUID":"{0241BDAF-FECA-476C-BB76-2B1614C5FEC1}","OBJEKTART":"Gebaeude Einzelhaus","NAME_KOMPLETT":null,"GEBAEUDE_NUTZUNG":null,"GRUND_AENDERUNG":"Verbessert","HERKUNFT":"swisstopo","HERKUNFT_JAHR":2024,"HERKUNFT_MONAT":6,"ORIGINAL_HERKUNFT":"swisstopo","ERSTELLUNG_JAHR":2024,"ERSTELLUNG_MONAT":6,"REVISION_JAHR":2024,"REVISION_MONAT":6,"DATUM_AENDERUNG":"2025-07-08T11:55:40Z","DATUM_ERSTELLUNG":"2025-07-08T11:55:40Z","DACH_MAX":571.05,"DACH_MIN":567.57,"EGID":187524,"GEBAEUDEEINHEIT":"{0161A195-33E8-41ED-A8F7-CD5593D4FBF9}","layer":"swissbuildings3d_3_0_2024_1129-33_2056_5728.gdb — swissBUILDINGS3D_3-0_1129-33.gdb/a0000000b.gdbtable","path":"/vsizip//Users/wulf/Downloads/swissbuildings3d_3_0_2024_1129-33_2056_5728.gdb.zip/swissBUILDINGS3D_3-0_1129-33.gdb/a0000000b.gdbtable|layername=Roof_solid"},"geometry":{"type":"Polygon","coordinates":[[[2641738.590999998152256,1218385.186000000685453,622.144599999999627],[2641738.590993824414909,1218385.18593541579321,623.707797439248225],[2641745.872000001370907,1218384.500999998301268,624.928299999999581],[2641744.624000001698732,1218371.24100000038743,625.128299999996671],[2641738.094000000506639,1218371.855999998748302,625.128299999996671],[2641731.521999999880791,1218372.473999999463558,625.128299999996671],[2641731.864149982109666,1218376.103986111236736,623.736449999996694],[2641731.864,1218376.103999998420477,622.344599999996717],[2641732.769999999552965,1218385.734000001102686,622.144599999999627],[2641738.590999998152256,1218385.186000000685453,622.144599999999627]],[[2641732.050999999046326,1218377.465999998152256,622.144599999999627],[2641732.050954923965037,1218377.465536708710715,623.736449999996694],[2641734.888999998569489,1218377.197999998927116,625.128299999996671],[2641732.050999999046326,1218377.465999998152256,622.144599999999627]]]}},
{"type":"Feature","properties":{"fid":221,"OBJECTID":1,"UUID":"{0241BDAF-FECA-476C-BB76-2B1614C5FEC1}","OBJEKTART":"Gebaeude Einzelhaus","NAME_KOMPLETT":null,"GEBAEUDE_NUTZUNG":null,"GRUND_AENDERUNG":"Verbessert","HERKUNFT":"swisstopo","HERKUNFT_JAHR":2024,"HERKUNFT_MONAT":6,"ORIGINAL_HERKUNFT":"swisstopo","ERSTELLUNG_JAHR":2024,"ERSTELLUNG_MONAT":6,"REVISION_JAHR":2024,"REVISION_MONAT":6,"DATUM_AENDERUNG":"2025-07-08T11:55:40Z","DATUM_ERSTELLUNG":"2025-07-08T11:55:40Z","DACH_MAX":571.05,"DACH_MIN":567.57,"EGID":187524,"GEBAEUDEEINHEIT":"{0161A195-33E8-41ED-A8F7-CD5593D4FBF9}","layer":"swissbuildings3d_3_0_2024_1129-33_2056_5728.gdb — swissBUILDINGS3D_3-0_1129-33.gdb/a0000000b.gdbtable","path":"/vsizip//Users/wulf/Downloads/swissbuildings3d_3_0_2024_1129-33_2056_5728.gdb.zip/swissBUILDINGS3D_3-0_1129-33.gdb/a0000000b.gdbtable|layername=Roof_solid"},"geometry":{"type":"Polygon","coordinates":[[[2641756.034000001847744,1218374.925999999046326,628.217999999993481],[2641756.339114315807819,1218378.159989427775145,626.665649999995367],[2641756.339000001549721,1218378.160000000149012,625.113299999997253],[2641756.820999998599291,1218383.280999999493361,625.313299999994342],[2641766.339999999850988,1218382.385000001639128,625.113299999997253],[2641766.100999999791384,1218379.848999999463558,625.113299999997253],[2641763.874125128611922,1218380.058560143457726,626.589038408871829],[2641766.100000001490116,1218379.848999999463558,628.017999999996391],[2641765.313000001013279,1218371.49100000038743,628.017999999996391],[2641760.4239999987185,1218371.953000001609325,628.217999999993481],[2641760.662999998778105,1218374.489999998360872,628.217999999993481],[2641756.034000001847744,1218374.925999999046326,628.217999999993481]]]}},
{"type":"Feature","properties":{"fid":222,"OBJECTID":1,"UUID":"{0241BDAF-FECA-476C-BB76-2B1614C5FEC1}","OBJEKTART":"Gebaeude Einzelhaus","NAME_KOMPLETT":null,"GEBAEUDE_NUTZUNG":null,"GRUND_AENDERUNG":"Verbessert","HERKUNFT":"swisstopo","HERKUNFT_JAHR":2024,"HERKUNFT_MONAT":6,"ORIGINAL_HERKUNFT":"swisstopo","ERSTELLUNG_JAHR":2024,"ERSTELLUNG_MONAT":6,"REVISION_JAHR":2024,"REVISION_MONAT":6,"DATUM_AENDERUNG":"2025-07-08T11:55:40Z","DATUM_ERSTELLUNG":"2025-07-08T11:55:40Z","DACH_MAX":571.05,"DACH_MIN":567.57,"EGID":187524,"GEBAEUDEEINHEIT":"{0161A195-33E8-41ED-A8F7-CD5593D4FBF9}","layer":"swissbuildings3d_3_0_2024_1129-33_2056_5728.gdb — swissBUILDINGS3D_3-0_1129-33.gdb/a0000000b.gdbtable","path":"/vsizip//Users/wulf/Downloads/swissbuildings3d_3_0_2024_1129-33_2056_5728.gdb.zip/swissBUILDINGS3D_3-0_1129-33.gdb/a0000000b.gdbtable|layername=Roof_solid"},"geometry":{"type":"Polygon","coordinates":[[[2641746.978033907245845,1218404.385530049912632,621.981526443535245],[2641742.090999998152256,1218404.881999999284744,619.459900000001653],[2641742.603000000119209,1218409.916000001132488,619.459900000001653],[2641747.4898068071343,1218409.419353301636875,621.170726619491006],[2641747.949000000953674,1218413.936000000685453,622.881599999993341],[2641759.63399999961257,1218412.747999999672174,623.07050000000163],[2641759.36791486106813,1218410.132896587951109,622.211808637222703],[2641765.293000001460314,1218409.530000001192093,619.459900000001653],[2641764.236999999731779,1218399.138000000268221,619.459900000001653],[2641753.410000000149012,1218400.238000001758337,619.459900000001653],[2641753.750183820724487,1218403.587051049340516,622.100055321734317],[2641746.967000000178814,1218404.276999998837709,622.881500000003143],[2641746.978033907245845,1218404.385530049912632,621.981526443535245]]]}},
{"type":"Feature","properties":{"fid":223,"OBJECTID":1,"UUID":"{0241BDAF-FECA-476C-BB76-2B1614C5FEC1}","OBJEKTART":"Gebaeude Einzelhaus","NAME_KOMPLETT":null,"GEBAEUDE_NUTZUNG":null,"GRUND_AENDERUNG":"Verbessert","HERKUNFT":"swisstopo","HERKUNFT_JAHR":2024,"HERKUNFT_MONAT":6,"ORIGINAL_HERKUNFT":"swisstopo","ERSTELLUNG_JAHR":2024,"ERSTELLUNG_MONAT":6,"REVISION_JAHR":2024,"REVISION_MONAT":6,"DATUM_AENDERUNG":"2025-07-08T11:55:40Z","DATUM_ERSTELLUNG":"2025-07-08T11:55:40Z","DACH_MAX":571.05,"DACH_MIN":567.57,"EGID":187524,"GEBAEUDEEINHEIT":"{0161A195-33E8-41ED-A8F7-CD5593D4FBF9}","layer":"swissbuildings3d_3_0_2024_1129-33_2056_5728.gdb — swissBUILDINGS3D_3-0_1129-33.gdb/a0000000b.gdbtable","path":"/vsizip//Users/wulf/Downloads/swissbuildings3d_3_0_2024_1129-33_2056_5728.gdb.zip/swissBUILDINGS3D_3-0_1129-33.gdb/a0000000b.gdbtable|layername=Roof_solid"},"geometry":{"type":"Polygon","coordinates":[[[2641766.765000000596046,1218505.508000001311302,608.710099999996601],[2641770.414000000804663,1218475.984999999403954,608.910000000003492],[2641757.848999999463558,1218474.432,608.710099999996601],[2641754.2010000012815,1218503.954999998211861,608.710099999996601],[2641766.765000000596046,1218505.508000001311302,608.710099999996601]]]}},
{"type":"Feature","properties":{"fid":224,"OBJECTID":1,"UUID":"{0241BDAF-FECA-476C-BB76-2B1614C5FEC1}","OBJEKTART":"Gebaeude Einzelhaus","NAME_KOMPLETT":null,"GEBAEUDE_NUTZUNG":null,"GRUND_AENDERUNG":"Verbessert","HERKUNFT":"swisstopo","HERKUNFT_JAHR":2024,"HERKUNFT_MONAT":6,"ORIGINAL_HERKUNFT":"swisstopo","ERSTELLUNG_JAHR":2024,"ERSTELLUNG_MONAT":6,"REVISION_JAHR":2024,"REVISION_MONAT":6,"DATUM_AENDERUNG":"2025-07-08T11:55:40Z","DATUM_ERSTELLUNG":"2025-07-08T11:55:40Z","DACH_MAX":571.05,"DACH_MIN":567.57,"EGID":187524,"GEBAEUDEEINHEIT":"{0161A195-33E8-41ED-A8F7-CD5593D4FBF9}","layer":"swissbuildings3d_3_0_2024_1129-33_2056_5728.gdb — swissBUILDINGS3D_3-0_1129-33.gdb/a0000000b.gdbtable","path":"/vsizip//Users/wulf/Downloads/swissbuildings3d_3_0_2024_1129-33_2056_5728.gdb.zip/swissBUILDINGS3D_3-0_1129-33.gdb/a0000000b.gdbtable|layername=Roof_solid"},"geometry":{"type":"Polygon","coordinates":[[[2641789.19,1218628.608953151851892,605.888418635239418],[2641763.652056475635618,1218625.335822500521317,605.667701703017656],[2641763.679999999701977,1218625.247999999672174,605.716499999994994],[2641763.714000001549721,1218624.629999998956919,605.716499999994994],[2641763.592999998480082,1218624.024000000208616,605.716499999994994],[2641763.324999999254942,1218623.465999998152256,605.716499999994994],[2641762.925999999046326,1218622.993000000715256,605.716499999994994],[2641762.423000000417233,1218622.633000001311302,605.716499999994994],[2641761.846000000834465,1218622.410000000149012,605.716499999994994],[2641761.230999998748302,1218622.337999999523163,605.516499999997905],[2641760.618999999016523,1218622.420000001788139,605.516499999997905],[2641760.045000001788139,1218622.653000000864267,605.516499999997905],[2641759.548000000417233,1218623.019999999552965,605.716499999994994],[2641759.157999999821186,1218623.5,605.716499999994994],[2641758.899000000208616,1218624.061000000685453,605.716499999994994],[2641758.787999998778105,1218624.670000001788139,605.716499999994994],[2641758.790995578281581,1218624.712936603464186,605.767647432683248],[2641738.11600000038743,1218622.063000001013279,606.018500000005588],[2641736.758000001311302,1218632.666000001132488,606.018500000005588],[2641730.291000001132488,1218637.784000001847744,606.018500000005588],[2641750.074999999254942,1218663.094000000506639,606.018500000005588],[2641771.594999998807907,1218646.493000000715256,606.018500000005588],[2641789.19,1218648.748769231140614,605.901620765247117],[2641789.19,1218628.608953151851892,605.888418635239418]]]}},
{"type":"Feature","properties":{"fid":225,"OBJECTID":1,"UUID":"{0241BDAF-FECA-476C-BB76-2B1614C5FEC1}","OBJEKTART":"Gebaeude Einzelhaus","NAME_KOMPLETT":null,"GEBAEUDE_NUTZUNG":null,"GRUND_AENDERUNG":"Verbessert","HERKUNFT":"swisstopo","HERKUNFT_JAHR":2024,"HERKUNFT_MONAT":6,"ORIGINAL_HERKUNFT":"swisstopo","ERSTELLUNG_JAHR":2024,"ERSTELLUNG_MONAT":6,"REVISION_JAHR":2024,"REVISION_MONAT":6,"DATUM_AENDERUNG":"2025-07-08T11:55:40Z","DATUM_ERSTELLUNG":"2025-07-08T11:55:40Z","DACH_MAX":571.05,"DACH_MIN":567.57,"EGID":187524,"GEBAEUDEEINHEIT":"{0161A195-33E8-41ED-A8F7-CD5593D4FBF9}","layer":"swissbuildings3d_3_0_2024_1129-33_2056_5728.gdb — swissBUILDINGS3D_3-0_1129-33.gdb/a0000000b.gdbtable","path":"/vsizip//Users/wulf/Downloads/swissbuildings3d_3_0_2024_1129-33_2056_5728.gdb.zip/swissBUILDINGS3D_3-0_1129-33.gdb/a0000000b.gdbtable|layername=Roof_solid"},"geometry":{"type":"Polygon","coordinates":[[[2641715.535000000149012,1218658.221000000834465,591.861999999993714],[2641739.274000000208616,1218688.870000001043081,592.062000000005355],[2641743.271000001579523,1218685.774000000208616,591.861999999993714],[2641719.530999999493361,1218655.125,592.062000000005355],[2641715.535000000149012,1218658.221000000834465,591.861999999993714]]]}},
{"type":"Feature","properties":{"fid":226,"OBJECTID":1,"UUID":"{0241BDAF-FECA-476C-BB76-2B1614C5FEC1}","OBJEKTART":"Gebaeude Einzelhaus","NAME_KOMPLETT":null,"GEBAEUDE_NUTZUNG":null,"GRUND_AENDERUNG":"Verbessert","HERKUNFT":"swisstopo","HERKUNFT_JAHR":2024,"HERKUNFT_MONAT":6,"ORIGINAL_HERKUNFT":"swisstopo","ERSTELLUNG_JAHR":2024,"ERSTELLUNG_MONAT":6,"REVISION_JAHR":2024,"REVISION_MONAT":6,"DATUM_AENDERUNG":"2025-07-08T11:55:40Z","DATUM_ERSTELLUNG":"2025-07-08T11:55:40Z","DACH_MAX":571.05,"DACH_MIN":567.57,"EGID":187524,"GEBAEUDEEINHEIT":"{0161A195-33E8-41ED-A8F7-CD5593D4FBF9}","layer":"swissbuildings3d_3_0_2024_1129-33_2056_5728.gdb — swissBUILDINGS3D_3-0_1129-33.gdb/a0000000b.gdbtable","path":"/vsizip//Users/wulf/Downloads/swissbuildings3d_3_0_2024_1129-33_2056_5728.gdb.zip/swissBUILDINGS3D_3-0_1129-33.gdb/a0000000b.gdbtable|layername=Roof_solid"},"geometry":{"type":"Polygon","coordinates":[[[2641789.19,1218683.597721069585532,596.095406163163034],[2641771.943,1218661.329999998211861,599.239199999996345],[2641765.118999999016523,1218666.61600000038743,599.439199999993434],[2641769.684999998658895,1218672.513000000268221,599.439199999993434],[2641768.344000000506639,1218673.550999999046326,602.813899999993737],[2641740.475999999791384,1218695.136,602.813899999993737],[2641768.394000001251698,1218731.179999999701977,602.813899999993737],[2641789.19,1218715.072408913634717,599.043438125967441],[2641789.19,1218683.597721069585532,596.095406163163034]]]}},
{"type":"Feature","properties":{"fid":227,"OBJECTID":1,"UUID":"{0241BDAF-FECA-476C-BB76-2B1614C5FEC1}","OBJEKTART":"Gebaeude Einzelhaus","NAME_KOMPLETT":null,"GEBAEUDE_NUTZUNG":null,"GRUND_AENDERUNG":"Verbessert","HERKUNFT":"swisstopo","HERKUNFT_JAHR":2024,"HERKUNFT_MONAT":6,"ORIGINAL_HERKUNFT":"swisstopo","ERSTELLUNG_JAHR":2024,"ERSTELLUNG_MONAT":6,"REVISION_JAHR":2024,"REVISION_MONAT":6,"DATUM_AENDERUNG":"2025-07-08T11:55:40Z","DATUM_ERSTELLUNG":"2025-07-08T11:55:40Z","DACH_MAX":571.05,"DACH_MIN":567.57,"EGID":187524,"GEBAEUDEEINHEIT":"{0161A195-33E8-41ED-A8F7-CD5593D4FBF9}","layer":"swissbuildings3d_3_0_2024_1129-33_2056_5728.gdb — swissBUILDINGS3D_3-0_1129-33.gdb/a0000000b.gdbtable","path":"/vsizip//Users/wulf/Downloads/swissbuildings3d_3_0_2024_1129-33_2056_5728.gdb.zip/swissBUILDINGS3D_3-0_1129-33.gdb/a0000000b.gdbtable|layername=Roof_solid"},"geometry":{"type":"Polygon","coordinates":[[[2641734.61600000038743,1218834.480000000447035,576.677700000000186],[2641733.078000001609325,1218829.703000001609325,576.677700000000186],[2641729.920000001788139,1218819.899000000208616,576.677700000000186],[2641718.800000000745058,1218823.480000000447035,576.877699999997276],[2641720.195474448148161,1218827.813847267534584,577.505259823698793],[2641720.195000000298023,1218827.813999999314547,578.132599999997183],[2641722.031380347441882,1218833.51551796332933,577.496943774022611],[2641723.495000001043081,1218838.061000000685453,576.677700000000186],[2641725.443795539438725,1218837.433367293793708,577.754948113784849],[2641725.443999998271465,1218837.434000000357628,578.834499999997206],[2641725.682,1218837.35700000077486,578.99550000000454],[2641726.039000000804663,1218837.241999998688698,579.160499999998137],[2641727.903000000864267,1218836.640999998897314,579.973400000002584],[2641731.079999998211861,1218835.618999999016523,578.592499999998836],[2641731.662999998778105,1218835.431000001728535,578.361499999999069],[2641732.138999998569489,1218835.278000000864267,578.132599999997183],[2641732.138914338778704,1218835.277733988361433,578.111357323448601],[2641734.61600000038743,1218834.480000000447035,576.677700000000186]]]}},
{"type":"Feature","properties":{"fid":228,"OBJECTID":1,"UUID":"{0241BDAF-FECA-476C-BB76-2B1614C5FEC1}","OBJEKTART":"Gebaeude Einzelhaus","NAME_KOMPLETT":null,"GEBAEUDE_NUTZUNG":null,"GRUND_AENDERUNG":"Verbessert","HERKUNFT":"swisstopo","HERKUNFT_JAHR":2024,"HERKUNFT_MONAT":6,"ORIGINAL_HERKUNFT":"swisstopo","ERSTELLUNG_JAHR":2024,"ERSTELLUNG_MONAT":6,"REVISION_JAHR":2024,"REVISION_MONAT":6,"DATUM_AENDERUNG":"2025-07-08T11:55:40Z","DATUM_ERSTELLUNG":"2025-07-08T11:55:40Z","DACH_MAX":571.05,"DACH_MIN":567.57,"EGID":187524,"GEBAEUDEEINHEIT":"{0161A195-33E8-41ED-A8F7-CD5593D4FBF9}","layer":"swissbuildings3d_3_0_2024_1129-33_2056_5728.gdb — swissBUILDINGS3D_3-0_1129-33.gdb/a0000000b.gdbtable","path":"/vsizip//Users/wulf/Downloads/swissbuildings3d_3_0_2024_1129-33_2056_5728.gdb.zip/swissBUILDINGS3D_3-0_1129-33.gdb/a0000000b.gdbtable|layername=Roof_solid"},"geometry":{"type":"Polygon","coordinates":[[[2641740.446464967448264,1218855.31,572.797017197596119],[2641740.795000001788139,1218853.149999998509884,572.50810000000638],[2641740.686000000685453,1218853.131999999284744,572.658100000000559],[2641731.802000001072884,1218851.697999998927116,572.658100000000559],[2641730.607999999076128,1218851.504999998956919,572.658100000000559],[2641730.035999998450279,1218851.412999998778105,572.50810000000638],[2641729.524999998509884,1218854.574999999254942,572.930099999997765],[2641729.655000001192093,1218853.76799999922514,569.840400000000955],[2641726.855999998748302,1218853.315999999642372,570.024399999994785],[2641725.456000000238419,1218853.089999999850988,569.890400000003865],[2641724.056000001728535,1218852.864,569.840400000000955],[2641723.66121392743662,1218855.31,571.948026001011385],[2641740.446464967448264,1218855.31,572.797017197596119]]]}},
{"type":"Feature","properties":{"fid":229,"OBJECTID":1,"UUID":"{0241BDAF-FECA-476C-BB76-2B1614C5FEC1}","OBJEKTART":"Gebaeude Einzelhaus","NAME_KOMPLETT":null,"GEBAEUDE_NUTZUNG":null,"GRUND_AENDERUNG":"Verbessert","HERKUNFT":"swisstopo","HERKUNFT_JAHR":2024,"HERKUNFT_MONAT":6,"ORIGINAL_HERKUNFT":"swisstopo","ERSTELLUNG_JAHR":2024,"ERSTELLUNG_MONAT":6,"REVISION_JAHR":2024,"REVISION_MONAT":6,"DATUM_AENDERUNG":"2025-07-08T11:55:40Z","DATUM_ERSTELLUNG":"2025-07-08T11:55:40Z","DACH_MAX":571.05,"DACH_MIN":567.57,"EGID":187524,"GEBAEUDEEINHEIT":"{0161A195-33E8-41ED-A8F7-CD5593D4FBF9}","layer":"swissbuildings3d_3_0_2024_1129-33_2056_5728.gdb — swissBUILDINGS3D_3-0_1129-33.gdb/a0000000b.gdbtable","path":"/vsizip//Users/wulf/Downloads/swissbuildings3d_3_0_2024_1129-33_2056_5728.gdb.zip/swissBUILDINGS3D_3-0_1129-33.gdb/a0000000b.gdbtable|layername=Roof_solid"},"geometry":{"type":"Polygon","coordinates":[[[2641789.19,1218372.906328419456258,625.675137257829988],[2641788.603000000119209,1218367.149999998509884,625.584199999997509],[2641779.688000001013279,1218368.059999998658895,625.784199999994598],[2641780.978999998420477,1218380.719000000506639,625.784199999994598],[2641789.19,1218379.881781939417124,625.784199999994598],[2641789.19,1218372.906328419456258,625.675137257829988]]]}},
{"type":"Feature","properties":{"fid":230,"OBJECTID":1,"UUID":"{0241BDAF-FECA-476C-BB76-2B1614C5FEC1}","OBJEKTART":"Gebaeude Einzelhaus","NAME_KOMPLETT":null,"GEBAEUDE_NUTZUNG":null,"GRUND_AENDERUNG":"Verbessert","HERKUNFT":"swisstopo","HERKUNFT_JAHR":2024,"HERKUNFT_MONAT":6,"ORIGINAL_HERKUNFT":"swisstopo","ERSTELLUNG_JAHR":2024,"ERSTELLUNG_MONAT":6,"REVISION_JAHR":2024,"REVISION_MONAT":6,"DATUM_AENDERUNG":"2025-07-08T11:55:40Z","DATUM_ERSTELLUNG":"2025-07-08T11:55:40Z","DACH_MAX":571.05,"DACH_MIN":567.57,"EGID":187524,"GEBAEUDEEINHEIT":"{0161A195-33E8-41ED-A8F7-CD5593D4FBF9}","layer":"swissbuildings3d_3_0_2024_1129-33_2056_5728.gdb — swissBUILDINGS3D_3-0_1129-33.gdb/a0000000b.gdbtable","path":"/vsizip//Users/wulf/Downloads/swissbuildings3d_3_0_2024_1129-33_2056_5728.gdb.zip/swissBUILDINGS3D_3-0_1129-33.gdb/a0000000b.gdbtable|layername=Roof_solid"},"geometry":{"type":"Polygon","coordinates":[[[2641789.19,1218398.580030858749524,621.406181216469349],[2641781.33500000089407,1218399.302999999374151,621.54670000000624],[2641781.899000000208616,1218405.436000000685453,624.486399999994319],[2641782.427999999374151,1218411.190000001341105,621.346699999994598],[2641789.19,1218410.567629874218255,621.467666010748644],[2641789.19,1218398.580030858749524,621.406181216469349]]]}},
{"type":"Feature","properties":{"fid":231,"OBJECTID":1,"UUID":"{0241BDAF-FECA-476C-BB76-2B1614C5FEC1}","OBJEKTART":"Gebaeude Einzelhaus","NAME_KOMPLETT":null,"GEBAEUDE_NUTZUNG":null,"GRUND_AENDERUNG":"Verbessert","HERKUNFT":"swisstopo","HERKUNFT_JAHR":2024,"HERKUNFT_MONAT":6,"ORIGINAL_HERKUNFT":"swisstopo","ERSTELLUNG_JAHR":2024,"ERSTELLUNG_MONAT":6,"REVISION_JAHR":2024,"REVISION_MONAT":6,"DATUM_AENDERUNG":"2025-07-08T11:55:40Z","DATUM_ERSTELLUNG":"2025-07-08T11:55:40Z","DACH_MAX":571.05,"DACH_MIN":567.57,"EGID":187524,"GEBAEUDEEINHEIT":"{0161A195-33E8-41ED-A8F7-CD5593D4FBF9}","layer":"swissbuildings3d_3_0_2024_1129-33_2056_5728.gdb — swissBUILDINGS3D_3-0_1129-33.gdb/a0000000b.gdbtable","path":"/vsizip//Users/wulf/Downloads/swissbuildings3d_3_0_2024_1129-33_2056_5728.gdb.zip/swissBUILDINGS3D_3-0_1129-33.gdb/a0000000b.gdbtable|layername=Roof_solid"},"geometry":{"type":"Polygon","coordinates":[[[2641768.61600000038743,1218844.844000000506639,580.173299999994924],[2641770.1739999987185,1218840.464000001549721,578.561499999996158],[2641760.714999999850988,1218837.098999999463558,578.561499999996158],[2641759.157999999821186,1218841.478999998420477,580.173299999994924],[2641757.598999999463558,1218845.857999999076128,578.761499999993248],[2641767.05799999833107,1218849.223000001162291,578.761499999993248],[2641768.61600000038743,1218844.844000000506639,580.173299999994924]]]}},
{"type":"Feature","properties":{"fid":232,"OBJECTID":1,"UUID":"{0241BDAF-FECA-476C-BB76-2B1614C5FEC1}","OBJEKTART":"Gebaeude Einzelhaus","NAME_KOMPLETT":null,"GEBAEUDE_NUTZUNG":null,"GRUND_AENDERUNG":"Verbessert","HERKUNFT":"swisstopo","HERKUNFT_JAHR":2024,"HERKUNFT_MONAT":6,"ORIGINAL_HERKUNFT":"swisstopo","ERSTELLUNG_JAHR":2024,"ERSTELLUNG_MONAT":6,"REVISION_JAHR":2024,"REVISION_MONAT":6,"DATUM_AENDERUNG":"2025-07-08T11:55:40Z","DATUM_ERSTELLUNG":"2025-07-08T11:55:40Z","DACH_MAX":571.05,"DACH_MIN":567.57,"EGID":187524,"GEBAEUDEEINHEIT":"{0161A195-33E8-41ED-A8F7-CD5593D4FBF9}","layer":"swissbuildings3d_3_0_2024_1129-33_2056_5728.gdb — swissBUILDINGS3D_3-0_1129-33.gdb/a0000000b.gdbtable","path":"/vsizip//Users/wulf/Downloads/swissbuildings3d_3_0_2024_1129-33_2056_5728.gdb.zip/swissBUILDINGS3D_3-0_1129-33.gdb/a0000000b.gdbtable|layername=Roof_solid"},"geometry":{"type":"Polygon","coordinates":[[[2641789.19,1218788.687350387685001,597.273499999995693],[2641785.684999998658895,1218800.500999998301268,597.273499999995693],[2641789.19,1218801.540813277941197,597.273499999995693],[2641789.19,1218788.687350387685001,597.273499999995693]]]}}
]
}
