{
"type": "FeatureCollection",
"name": "willisau_2024_swissbuildings3D_clip",
"crs": { "type": "name", "properties": { "name": "urn:ogc:def:crs:EPSG::2056" } },
"features": [
{"type":"Feature","properties":{"fid":1,"OBJECTID":1,"UUID":"{0241BDAF-FECA-476C-BB76-2B1614C5FEC1}","OBJEKTART":"Gebaeude Einzelhaus","NAME_KOMPLETT":null,"GEBAEUDE_NUTZUNG":null,"GRUND_AENDERUNG":"Verbessert","HERKUNFT":"swisstopo","HERKUNFT_JAHR":2024,"HERKUNFT_MONAT":6,"ORIGINAL_HERKUNFT":"swisstopo","ERSTELLUNG_JAHR":2024,"ERSTELLUNG_MONAT":6,"REVISION_JAHR":2024,"REVISION_MONAT":6,"DATUM_AENDERUNG":"2025-07-08T11:55:40Z","DATUM_ERSTELLUNG":"2025-07-08T11:55:40Z","DACH_MAX":571.05,"DACH_MIN":567.57,"EGID":187524,"GEBAEUDEEINHEIT":"{0161A195-33E8-41ED-A8F7-CD5593D4FBF9}","layer":"swissbuildings3d_3_0_2024_1129-33_2056_5728.gdb — swissBUILDINGS3D_3-0_1129-33.gdb/a0000000b.gdbtable","path":"/vsizip//Users/wulf/Downloads/swissbuildings3d_3_0_2024_1129-33_2056_5728.gdb.zip/swissBUILDINGS3D_3-0_1129-33.gdb/a0000000b.gdbtable|layername=Roof_solid"},"geometry":{"type":"Polygon","coordinates":[[[2641073.86600000038743,1218706.914000000804663,585.461999999999534],[2641074.864,1218707.247999999672174,585.262000000002445],[2641083.598999999463558,1218703.035000000149012,585.262000000002445],[2641083.945000000298023,1218701.699999999254942,585.262000000002445],[2641086.629999998956919,1218700.405999999493361,585.461999999999534],[2641088.081000000238419,1218696.193,585.461999999999534],[2641087.559000000357628,1218696.013000000268221,585.461999999999534],[2641087.982999999076128,1218694.785999998450279,585.461999999999534],[2641087.396000001579523,1218693.513000000268221,585.461999999999534],[2641083.423000000417233,1218692.14299999922514,585.262000000002445],[2641082.403000000864267,1218689.857999999076128,585.262000000002445],[2641075.83500000089407,1218687.594999998807907,585.262000000002445],[2641074.269999999552965,1218688.348000001162291,585.461999999999534],[2641073.89299999922514,1218689.885000001639128,585.461999999999534],[2641070.181000001728535,1218691.673000000417233,585.461999999999534],[2641068.458000000566244,1218691.147999998182058,585.461999999999534],[2641067.363000001758337,1218691.675999999046326,585.461999999999534],[2641064.978999998420477,1218698.589000001549721,585.262000000002445],[2641066.021000001579523,1218700.43299999833107,585.262000000002445],[2641064.715999998152256,1218704.221000000834465,585.262000000002445],[2641065.443999998271465,1218705.725000001490116,585.461999999999534],[2641066.664000000804663,1218706.144999999552965,585.461999999999534],[2641066.425000000745058,1218706.840999998152256,585.262000000002445],[2641070.850000001490116,1218708.36600000038743,585.461999999999534],[2641073.86600000038743,1218706.914000000804663,585.461999999999534]]]}},
{"type":"Feature","properties":{"fid":2,"OBJECTID":1,"UUID":"{0241BDAF-FECA-476C-BB76-2B1614C5FEC1}","OBJEKTART":"Gebaeude Einzelhaus","NAME_KOMPLETT":null,"GEBAEUDE_NUTZUNG":null,"GRUND_AENDERUNG":"Verbessert","HERKUNFT":"swisstopo","HERKUNFT_JAHR":2024,"HERKUNFT_MONAT":6,"ORIGINAL_HERKUNFT":"swisstopo","ERSTELLUNG_JAHR":2024,"ERSTELLUNG_MONAT":6,"REVISION_JAHR":2024,"REVISION_MONAT":6,"DATUM_AENDERUNG":"2025-07-08T11:55:40Z","DATUM_ERSTELLUNG":"2025-07-08T11:55:40Z","DACH_MAX":571.05,"DACH_MIN":567.57,"EGID":187524,"GEBAEUDEEINHEIT":"{0161A195-33E8-41ED-A8F7-CD5593D4FBF9}","layer":"swissbuildings3d_3_0_2024_1129-33_2056_5728.gdb — swissBUILDINGS3D_3-0_1129-33.gdb/a0000000b.gdbtable","path":"/vsizip//Users/wulf/Downloads/swissbuildings3d_3_0_2024_1129-33_2056_5728.gdb.zip/swissBUILDINGS3D_3-0_1129-33.gdb/a0000000b.gdbtable|layername=Roof_solid"},"geometry":{"type":"Polygon","coordinates":[[[2641074.951999999582767,1218707.206000000238419,574.664099999994505],[2641074.497999999672174,1218708.458000000566244,574.464099999997416],[2641075.168999999761581,1218709.708999998867512,574.664099999994505],[2641075.179999999701977,1218709.739,574.664099999994505],[2641076.427999999374151,1218710.146000001579523,574.664099999994505],[2641080.964999999850988,1218711.651999998837709,574.664099999994505],[2641083.622000001370907,1218710.340999998152256,574.664099999994505],[2641085.550000000745058,1218704.734000001102686,574.664099999994505],[2641085.032999999821186,1218703.5,574.464099999997416],[2641083.616999998688698,1218702.965999998152256,574.464099999997416],[2641083.598999999463558,1218703.035000000149012,585.262000000002445],[2641074.951999999582767,1218707.206000000238419,574.664099999994505]]]}},
{"type":"Feature","properties":{"fid":3,"OBJECTID":1,"UUID":"{0241BDAF-FECA-476C-BB76-2B1614C5FEC1}","OBJEKTART":"Gebaeude Einzelhaus","NAME_KOMPLETT":null,"GEBAEUDE_NUTZUNG":null,"GRUND_AENDERUNG":"Verbessert","HERKUNFT":"swisstopo","HERKUNFT_JAHR":2024,"HERKUNFT_MONAT":6,"ORIGINAL_HERKUNFT":"swisstopo","ERSTELLUNG_JAHR":2024,"ERSTELLUNG_MONAT":6,"REVISION_JAHR":2024,"REVISION_MONAT":6,"DATUM_AENDERUNG":"2025-07-08T11:55:40Z","DATUM_ERSTELLUNG":"2025-07-08T11:55:40Z","DACH_MAX":571.05,"DACH_MIN":567.57,"EGID":187524,"GEBAEUDEEINHEIT":"{0161A195-33E8-41ED-A8F7-CD5593D4FBF9}","layer":"swissbuildings3d_3_0_2024_1129-33_2056_5728.gdb — swissBUILDINGS3D_3-0_1129-33.gdb/a0000000b.gdbtable","path":"/vsizip//Users/wulf/Downloads/swissbuildings3d_3_0_2024_1129-33_2056_5728.gdb.zip/swissBUILDINGS3D_3-0_1129-33.gdb/a0000000b.gdbtable|layername=Roof_solid"},"geometry":{"type":"Polygon","coordinates":[[[2641062.19,1218781.527597330510616,573.269424582949455],[2641062.693999998271465,1218781.818,573.157300000006217],[2641063.649999998509884,1218782.217999998480082,573.157300000006217],[2641064.649999998509884,1218782.493999999016523,573.157300000006217],[2641065.675999999046326,1218782.644000001251698,573.157300000006217],[2641066.712999999523163,1218782.662999998778105,573.157300000006217],[2641067.743999999016523,1218782.552999999374151,573.357300000003306],[2641068.752999998629093,1218782.313999999314547,573.357300000003306],[2641069.723999999463558,1218781.949999999254942,573.357300000003306],[2641070.640999998897314,1218781.467999998480082,573.157300000006217],[2641071.49100000038743,1218780.874000001698732,573.357300000003306],[2641072.261,1218780.179000001400709,573.157300000006217],[2641072.936000000685453,1218779.39299999922514,573.157300000006217],[2641073.0760000012815,1218779.181000001728535,573.357300000003306],[2641074.343847422394902,1218779.618546935264021,576.088505472574525],[2641073.640000000596046,1218781.655999999493361,578.08980000000156],[2641089.252999998629093,1218787.046,578.08980000000156],[2641089.443137892056257,1218786.496160949347541,578.284912682205686],[2641110.883948809001595,1218793.894200655631721,575.497599999995145],[2641109.668000001460314,1218797.344999998807907,572.517399999996996],[2641122.857506804168224,1218801.991428331239149,575.505548558705414],[2641122.738000001758337,1218802.331999998539686,580.558600000003935],[2641122.23200000077486,1218802.153999999165535,580.758600000001024],[2641121.38399999961257,1218804.568999998271465,580.758600000001024],[2641125.736999999731779,1218806.096999999135733,580.758600000001024],[2641125.199000000953674,1218807.631999999284744,580.758600000001024],[2641130.190000001341105,1218809.38399999961257,580.758600000001024],[2641132.639621259644628,1218802.403896412113681,582.97130639972579],[2641132.6739999987185,1218802.416000001132488,583.674299999998766],[2641135.602000001817942,1218803.443999998271465,583.624299999995856],[2641136.618000000715256,1218800.550000000745058,583.678199999994831],[2641136.941972638480365,1218799.626143960282207,582.2254702777484],[2641143.403000000864267,1218801.894000001251698,580.758499999996275],[2641142.61600000038743,1218804.136999998241663,580.758499999996275],[2641142.182,1218805.372000001370907,578.130799999998999],[2641142.0760000012815,1218805.675000000745058,578.1478000000061],[2641142.032000001519918,1218805.7989999987185,578.149799999999232],[2641147.006000000983477,1218807.543000001460314,578.149799999999232],[2641146.543000001460314,1218808.864,577.97280000000319],[2641156.480999998748302,1218812.352000001817942,578.172800000000279],[2641159.449999999254942,1218803.894999999552965,578.0288],[2641157.070000000298023,1218803.059000000357628,578.0288],[2641156.864,1218803.600999999791384,577.837799999993877],[2641153.728000000119209,1218802.500999998301268,578.037800000005518],[2641153.727687482722104,1218802.501890402287245,579.298189522538905],[2641152.287999998778105,1218801.997000001370907,580.758499999996275],[2641153.802000001072884,1218797.684999998658895,580.758499999996275],[2641151.320999998599291,1218796.815000001341105,580.558600000003935],[2641151.142000000923872,1218797.324000000953674,580.758499999996275],[2641146.699999999254942,1218795.765000000596046,580.758499999996275],[2641148.260000001639128,1218791.320000000298023,580.758499999996275],[2641145.738000001758337,1218790.407000001519918,580.558600000003935],[2641145.552000001072884,1218790.938000001013279,580.558600000003935],[2641142.401999998837709,1218789.833000000566244,580.558600000003935],[2641142.411642078775913,1218789.805542098358274,579.270592009500433],[2641142.412999998778105,1218789.806000001728535,578.172800000000279],[2641144.497999999672174,1218783.866999998688698,577.97280000000319],[2641138.144000001251698,1218781.636999998241663,578.172800000000279],[2641136.120000001043081,1218780.925999999046326,578.172800000000279],[2641135.271999999880791,1218783.339999999850988,578.172800000000279],[2641135.925000000745058,1218783.568999998271465,578.172800000000279],[2641134.829,1218786.51799999922514,578.172800000000279],[2641140.179999999701977,1218788.396000001579523,578.172800000000279],[2641134.723000001162291,1218786.480999998748302,580.758499999996275],[2641134.171,1218788.054999999701977,580.758499999996275],[2641129.784000001847744,1218786.515000000596046,580.758499999996275],[2641128.89299999922514,1218789.052000001072884,580.558600000003935],[2641129.342999998480082,1218789.21000000089407,580.758499999996275],[2641127.767000000923872,1218793.699999999254942,580.558600000003935],[2641123.443,1218792.182,580.758499999996275],[2641122.602000001817942,1218794.578000001609325,580.758499999996275],[2641123.109000001102686,1218794.756999999284744,580.758499999996275],[2641122.043678677640855,1218797.791123114060611,576.580616508521416],[2641115.655999999493361,1218795.537000000476837,572.517399999996996],[2641115.279063373804092,1218795.404022356960922,575.497553094446289],[2641119.675999999046326,1218782.666000001132488,578.277799999996205],[2641093.382181430701166,1218773.588431551121175,575.840049999998882],[2641097.947000000625849,1218760.364999998360872,573.002299999992829],[2641088.507785467430949,1218757.105913163628429,574.604710192856828],[2641093.620000001043081,1218758.870000001043081,578.627699999997276],[2641097.420000001788139,1218760.18299999833107,576.737899999992806],[2641098.149999998509884,1218760.434999998658895,576.51600000000326],[2641101.221000000834465,1218761.495000001043081,574.948099999994156],[2641101.345097393263131,1218761.135580683592707,574.056743038759123],[2641116.249236106872559,1218766.280211623525247,573.011800000000221],[2641115.673000000417233,1218767.949000000953674,572.847299999993993],[2641116.778999999165535,1218768.331000000238419,572.847299999993993],[2641112.659000001847744,1218780.243000000715256,572.847299999993993],[2641118.644999999552965,1218782.309999998658895,572.847299999993993],[2641120.640000000596046,1218776.528999999165535,572.847299999993993],[2641124.965999998152256,1218778.022999998182058,573.047300000005635],[2641125.734999999403954,1218775.793999999761581,572.847299999993993],[2641128.774999998509884,1218776.844000000506639,572.847299999993993],[2641131.730000000447035,1218768.285999998450279,573.047300000005635],[2641117.278999999165535,1218763.298000000417233,572.847299999993993],[2641117.27885469282046,1218763.298420809675008,572.947299999999814],[2641102.37464621802792,1218758.153731275582686,573.994722795088592],[2641107.785999998450279,1218742.480999998748302,574.948099999994156],[2641105.681000001728535,1218738.953000001609325,576.263000000006286],[2641106.760000001639128,1218735.829999998211861,576.462899999998626],[2641105.497999999672174,1218735.394999999552965,576.90690000000177],[2641103.800999999046326,1218734.809000000357628,577.7728000000061],[2641102.125999998301268,1218734.230999998748302,578.827699999994365],[2641094.631000000983477,1218731.64299999922514,574.948099999994156],[2641086.124000001698732,1218756.282999999821186,574.948099999994156],[2641086.444020845461637,1218756.393702073954046,573.969949374143653],[2641083.094000000506639,1218766.094999998807907,573.002299999992829],[2641086.021000001579523,1218767.105000000447035,573.20230000000447],[2641084.378688950557262,1218771.861905657220632,576.676960253738798],[2641062.19,1218764.201706245774403,577.643246400856469],[2641062.19,1218781.527597330510616,573.269424582949455]],[[2641084.51799999922514,1218771.910000000149012,578.066800000000512],[2641092.896614182274789,1218774.802498590201139,574.47776030010823],[2641092.896584909874946,1218774.802583342418075,577.090375257680989],[2641084.51799999922514,1218771.910000000149012,578.066800000000512]],[[2641122.978000000119209,1218801.646999999880791,572.3174],[2641123.78999999910593,1218799.333999998867512,572.517399999996996],[2641122.978327000979334,1218801.64711373928003,576.438000000001921],[2641122.978000000119209,1218801.646999999880791,572.3174]]]}},
{"type":"Feature","properties":{"fid":4,"OBJECTID":1,"UUID":"{0241BDAF-FECA-476C-BB76-2B1614C5FEC1}","OBJEKTART":"Gebaeude Einzelhaus","NAME_KOMPLETT":null,"GEBAEUDE_NUTZUNG":null,"GRUND_AENDERUNG":"Verbessert","HERKUNFT":"swisstopo","HERKUNFT_JAHR":2024,"HERKUNFT_MONAT":6,"ORIGINAL_HERKUNFT":"swisstopo","ERSTELLUNG_JAHR":2024,"ERSTELLUNG_MONAT":6,"REVISION_JAHR":2024,"REVISION_MONAT":6,"DATUM_AENDERUNG":"2025-07-08T11:55:40Z","DATUM_ERSTELLUNG":"2025-07-08T11:55:40Z","DACH_MAX":571.05,"DACH_MIN":567.57,"EGID":187524,"GEBAEUDEEINHEIT":"{0161A195-33E8-41ED-A8F7-CD5593D4FBF9}","layer":"swissbuildings3d_3_0_2024_1129-33_2056_5728.gdb — swissBUILDINGS3D_3-0_1129-33.gdb/a0000000b.gdbtable","path":"/vsizip//Users/wulf/Downloads/swissbuildings3d_3_0_2024_1129-33_2056_5728.gdb.zip/swissBUILDINGS3D_3-0_1129-33.gdb/a0000000b.gdbtable|layername=Roof_solid"},"geometry":{"type":"Polygon","coordinates":[[[2641062.19,1218840.147696456871927,573.674299999998766],[2641077.589999999850988,1218846.578000001609325,573.674299999998766],[2641080.127999998629093,1218840.499000001698732,573.474400000006426],[2641077.603999998420477,1218839.445999998599291,573.674299999998766],[2641077.933325910009444,1218838.657224280992523,574.798417621561612],[2641078.49100000038743,1218838.890000000596046,576.654999999998836],[2641085.168000001460314,1218822.894000001251698,576.854999999995925],[2641078.620000001043081,1218820.160000000149012,576.654999999998836],[2641073.515000000596046,1218832.386999998241663,576.654999999998836],[2641072.002000000327826,1218836.021999999880791,576.854999999995925],[2641071.940999999642372,1218836.155999999493361,576.854999999995925],[2641072.963478087913245,1218836.582787036895752,575.16460032731834],[2641072.63399999961257,1218837.370999999344349,573.674299999998766],[2641062.19,1218833.010914930375293,573.674299999998766],[2641062.19,1218840.147696456871927,573.674299999998766]]]}},
{"type":"Feature","properties":{"fid":5,"OBJECTID":1,"UUID":"{0241BDAF-FECA-476C-BB76-2B1614C5FEC1}","OBJEKTART":"Gebaeude Einzelhaus","NAME_KOMPLETT":null,"GEBAEUDE_NUTZUNG":null,"GRUND_AENDERUNG":"Verbessert","HERKUNFT":"swisstopo","HERKUNFT_JAHR":2024,"HERKUNFT_MONAT":6,"ORIGINAL_HERKUNFT":"swisstopo","ERSTELLUNG_JAHR":2024,"ERSTELLUNG_MONAT":6,"REVISION_JAHR":2024,"REVISION_MONAT":6,"DATUM_AENDERUNG":"2025-07-08T11:55:40Z","DATUM_ERSTELLUNG":"2025-07-08T11:55:40Z","DACH_MAX":571.05,"DACH_MIN":567.57,"EGID":187524,"GEBAEUDEEINHEIT":"{0161A195-33E8-41ED-A8F7-CD5593D4FBF9}","layer":"swissbuildings3d_3_0_2024_1129-33_2056_5728.gdb — swissBUILDINGS3D_3-0_1129-33.gdb/a0000000b.gdbtable","path":"/vsizip//Users/wulf/Downloads/swissbuildings3d_3_0_2024_1129-33_2056_5728.gdb.zip/swissBUILDINGS3D_3-0_1129-33.gdb/a0000000b.gdbtable|layername=Roof_solid"},"geometry":{"type":"Polygon","coordinates":[[[2641123.340999998152256,1218662.78999999910593,577.877699999997276],[2641122.083999998867512,1218663.43299999833107,577.877699999997276],[2641116.625,1218652.736000001430511,577.677700000000186],[2641107.624000001698732,1218657.331000000238419,577.877699999997276],[2641111.087999999523163,1218664.118999999016523,577.877699999997276],[2641109.717999998480082,1218664.818999998271465,577.877699999997276],[2641114.313000001013279,1218673.818999998271465,577.877699999997276],[2641119.884020058438182,1218670.975039295852184,576.363849694147348],[2641126.438999999314547,1218683.815999999642372,574.650099999998929],[2641134.019000001251698,1218679.945999998599291,574.850000000005821],[2641128.056000001728535,1218668.265000000596046,574.649999999994179],[2641126.532999999821186,1218669.043000001460314,574.649999999994179],[2641125.940999999642372,1218667.883000001311302,574.850000000005821],[2641123.340999998152256,1218662.78999999910593,577.877699999997276]]]}},
{"type":"Feature","properties":{"fid":6,"OBJECTID":1,"UUID":"{0241BDAF-FECA-476C-BB76-2B1614C5FEC1}","OBJEKTART":"Gebaeude Einzelhaus","NAME_KOMPLETT":null,"GEBAEUDE_NUTZUNG":null,"GRUND_AENDERUNG":"Verbessert","HERKUNFT":"swisstopo","HERKUNFT_JAHR":2024,"HERKUNFT_MONAT":6,"ORIGINAL_HERKUNFT":"swisstopo","ERSTELLUNG_JAHR":2024,"ERSTELLUNG_MONAT":6,"REVISION_JAHR":2024,"REVISION_MONAT":6,"DATUM_AENDERUNG":"2025-07-08T11:55:40Z","DATUM_ERSTELLUNG":"2025-07-08T11:55:40Z","DACH_MAX":571.05,"DACH_MIN":567.57,"EGID":187524,"GEBAEUDEEINHEIT":"{0161A195-33E8-41ED-A8F7-CD5593D4FBF9}","layer":"swissbuildings3d_3_0_2024_1129-33_2056_5728.gdb — swissBUILDINGS3D_3-0_1129-33.gdb/a0000000b.gdbtable","path":"/vsizip//Users/wulf/Downloads/swissbuildings3d_3_0_2024_1129-33_2056_5728.gdb.zip/swissBUILDINGS3D_3-0_1129-33.gdb/a0000000b.gdbtable|layername=Roof_solid"},"geometry":{"type":"Polygon","coordinates":[[[2641144.399999998509884,1218707.833000000566244,573.065199999997276],[2641141.153000000864267,1218701.649999998509884,573.065199999997276],[2641140.289000000804663,1218702.103999998420477,573.928100000004633],[2641135.907999999821186,1218693.75899999961257,573.728199999997742],[2641131.407999999821186,1218696.122999999672174,578.419699999998556],[2641126.864,1218698.50899999961257,574.385099999999511],[2641131.693,1218707.704,574.385099999999511],[2641133.524795715231448,1218706.742236028192565,574.779934468722558],[2641136.324999999254942,1218712.074000000953674,573.487200000003213],[2641140.348999999463558,1218709.96000000089407,577.109800000005635],[2641144.399999998509884,1218707.833000000566244,573.065199999997276]]]}},
{"type":"Feature","properties":{"fid":7,"OBJECTID":1,"UUID":"{0241BDAF-FECA-476C-BB76-2B1614C5FEC1}","OBJEKTART":"Gebaeude Einzelhaus","NAME_KOMPLETT":null,"GEBAEUDE_NUTZUNG":null,"GRUND_AENDERUNG":"Verbessert","HERKUNFT":"swisstopo","HERKUNFT_JAHR":2024,"HERKUNFT_MONAT":6,"ORIGINAL_HERKUNFT":"swisstopo","ERSTELLUNG_JAHR":2024,"ERSTELLUNG_MONAT":6,"REVISION_JAHR":2024,"REVISION_MONAT":6,"DATUM_AENDERUNG":"2025-07-08T11:55:40Z","DATUM_ERSTELLUNG":"2025-07-08T11:55:40Z","DACH_MAX":571.05,"DACH_MIN":567.57,"EGID":187524,"GEBAEUDEEINHEIT":"{0161A195-33E8-41ED-A8F7-CD5593D4FBF9}","layer":"swissbuildings3d_3_0_2024_1129-33_2056_5728.gdb — swissBUILDINGS3D_3-0_1129-33.gdb/a0000000b.gdbtable","path":"/vsizip//Users/wulf/Downloads/swissbuildings3d_3_0_2024_1129-33_2056_5728.gdb.zip/swissBUILDINGS3D_3-0_1129-33.gdb/a0000000b.gdbtable|layername=Roof_solid"},"geometry":{"type":"Polygon","coordinates":[[[2641111.921519697643816,1218855.31,577.057156011968573],[2641114.054999999701977,1218850.250999998301268,575.337199999994482],[2641113.929999999701977,1218850.197999998927116,575.487099999998463],[2641113.804999999701977,1218850.144999999552965,575.337199999994482],[2641103.022999998182058,1218845.596000000834465,575.337199999994482],[2641108.960999999195337,1218848.100999999791384,573.697299999999814],[2641110.337000001221895,1218844.840999998152256,573.359400000001187],[2641110.74100000038743,1218843.883000001311302,573.0283999999956],[2641110.795000001788139,1218843.754000000655651,573.008400000006077],[2641104.856656753923744,1218841.248731366824359,573.100691224170646],[2641105.085999999195337,1218840.704999998211861,573.053400000004331],[2641103.384586555883288,1218839.986980268266052,573.978846679375465],[2641103.385000001639128,1218839.986000001430511,575.104200000001583],[2641097.978999998420477,1218837.704999998211861,575.104200000001583],[2641097.978731788694859,1218837.705635663354769,574.971944625204515],[2641095.282999999821186,1218836.568,572.853400000007241],[2641093.219000000506639,1218841.458999998867512,575.337199999994482],[2641090.754999998956919,1218847.296,577.322000000000116],[2641089.721000000834465,1218849.745999999344349,573.008400000006077],[2641097.778205682057887,1218853.145894882036373,573.05851908889008],[2641102.905785909853876,1218855.31,573.024274478083612],[2641111.921519697643816,1218855.31,577.057156011968573]]]}},
{"type":"Feature","properties":{"fid":8,"OBJECTID":1,"UUID":"{0241BDAF-FECA-476C-BB76-2B1614C5FEC1}","OBJEKTART":"Gebaeude Einzelhaus","NAME_KOMPLETT":null,"GEBAEUDE_NUTZUNG":null,"GRUND_AENDERUNG":"Verbessert","HERKUNFT":"swisstopo","HERKUNFT_JAHR":2024,"HERKUNFT_MONAT":6,"ORIGINAL_HERKUNFT":"swisstopo","ERSTELLUNG_JAHR":2024,"ERSTELLUNG_MONAT":6,"REVISION_JAHR":2024,"REVISION_MONAT":6,"DATUM_AENDERUNG":"2025-07-08T11:55:40Z","DATUM_ERSTELLUNG":"2025-07-08T11:55:40Z","DACH_MAX":571.05,"DACH_MIN":567.57,"EGID":187524,"GEBAEUDEEINHEIT":"{0161A195-33E8-41ED-A8F7-CD5593D4FBF9}","layer":"swissbuildings3d_3_0_2024_1129-33_2056_5728.gdb — swissBUILDINGS3D_3-0_1129-33.gdb/a0000000b.gdbtable","path":"/vsizip//Users/wulf/Downloads/swissbuildings3d_3_0_2024_1129-33_2056_5728.gdb.zip/swissBUILDINGS3D_3-0_1129-33.gdb/a0000000b.gdbtable|layername=Roof_solid"},"geometry":{"type":"MultiPolygon","coordinates":[[[[2641145.465622988063842,1218855.31,574.736133487412985],[2641145.686000000685453,1218854.681000001728535,574.915200000003097],[2641133.085999999195337,1218850.265000000596046,574.715200000006007],[2641131.403000000864267,1218855.068,576.654999999998836],[2641131.31809323001653,1218855.31,575.458496115754087],[2641145.465622988063842,1218855.31,574.736133487412985]]],[[[2641129.700708065181971,1218855.31,571.656086871442312],[2641128.881999999284744,1218855.022999998182058,570.91359999999986],[2641129.2010000012815,1218854.114,572.188500000003842],[2641130.013000000268221,1218851.796,571.11359999999695],[2641122.969000000506639,1218849.328000001609325,571.11359999999695],[2641121.344000000506639,1218853.962999999523163,573.363400000002002],[2641120.871811167802662,1218855.31,572.989866091410022],[2641129.700708065181971,1218855.31,571.656086871442312]]]]}},
{"type":"Feature","properties":{"fid":9,"OBJECTID":1,"UUID":"{0241BDAF-FECA-476C-BB76-2B1614C5FEC1}","OBJEKTART":"Gebaeude Einzelhaus","NAME_KOMPLETT":null,"GEBAEUDE_NUTZUNG":null,"GRUND_AENDERUNG":"Verbessert","HERKUNFT":"swisstopo","HERKUNFT_JAHR":2024,"HERKUNFT_MONAT":6,"ORIGINAL_HERKUNFT":"swisstopo","ERSTELLUNG_JAHR":2024,"ERSTELLUNG_MONAT":6,"REVISION_JAHR":2024,"REVISION_MONAT":6,"DATUM_AENDERUNG":"2025-07-08T11:55:40Z","DATUM_ERSTELLUNG":"2025-07-08T11:55:40Z","DACH_MAX":571.05,"DACH_MIN":567.57,"EGID":187524,"GEBAEUDEEINHEIT":"{0161A195-33E8-41ED-A8F7-CD5593D4FBF9}","layer":"swissbuildings3d_3_0_2024_1129-33_2056_5728.gdb — swissBUILDINGS3D_3-0_1129-33.gdb/a0000000b.gdbtable","path":"/vsizip//Users/wulf/Downloads/swissbuildings3d_3_0_2024_1129-33_2056_5728.gdb.zip/swissBUILDINGS3D_3-0_1129-33.gdb/a0000000b.gdbtable|layername=Roof_solid"},"geometry":{"type":"Polygon","coordinates":[[[2641183.532000001519918,1218550.256000000983477,606.415699999997742],[2641186.197999998927116,1218551.043999999761581,605.049799999993411],[2641189.011999998241663,1218541.964000001549721,605.049799999993411],[2641186.366999998688698,1218541.105000000447035,606.215700000000652],[2641183.734999999403954,1218540.329,605.146800000002258],[2641180.921999998390675,1218549.409000001847744,605.146800000002258],[2641183.532000001519918,1218550.256000000983477,606.415699999997742]]]}},
{"type":"Feature","properties":{"fid":10,"OBJECTID":1,"UUID":"{0241BDAF-FECA-476C-BB76-2B1614C5FEC1}","OBJEKTART":"Gebaeude Einzelhaus","NAME_KOMPLETT":null,"GEBAEUDE_NUTZUNG":null,"GRUND_AENDERUNG":"Verbessert","HERKUNFT":"swisstopo","HERKUNFT_JAHR":2024,"HERKUNFT_MONAT":6,"ORIGINAL_HERKUNFT":"swisstopo","ERSTELLUNG_JAHR":2024,"ERSTELLUNG_MONAT":6,"REVISION_JAHR":2024,"REVISION_MONAT":6,"DATUM_AENDERUNG":"2025-07-08T11:55:40Z","DATUM_ERSTELLUNG":"2025-07-08T11:55:40Z","DACH_MAX":571.05,"DACH_MIN":567.57,"EGID":187524,"GEBAEUDEEINHEIT":"{0161A195-33E8-41ED-A8F7-CD5593D4FBF9}","layer":"swissbuildings3d_3_0_2024_1129-33_2056_5728.gdb — swissBUILDINGS3D_3-0_1129-33.gdb/a0000000b.gdbtable","path":"/vsizip//Users/wulf/Downloads/swissbuildings3d_3_0_2024_1129-33_2056_5728.gdb.zip/swissBUILDINGS3D_3-0_1129-33.gdb/a0000000b.gdbtable|layername=Roof_solid"},"geometry":{"type":"Polygon","coordinates":[[[2641186.618000000715256,1218590.118000000715256,607.810599999997066],[2641190.329,1218587.636,607.810500000006869],[2641192.131000000983477,1218586.431000001728535,605.970700000005309],[2641192.776000000536442,1218586.0,605.240799999999581],[2641195.857999999076128,1218583.940000001341105,602.710099999996601],[2641193.252000000327826,1218580.041999999433756,602.760099999999511],[2641191.949000000953674,1218578.092999998480082,602.860000000000582],[2641190.646000001579523,1218576.144000001251698,602.910000000003492],[2641190.183732740115374,1218576.452930517261848,603.936802341113889],[2641190.234164846595377,1218576.419210948282853,605.343922698548909],[2641191.083997721783817,1218575.851001522038132,605.950303534217483],[2641191.083999998867512,1218575.850999999791384,605.895699999993667],[2641192.454,1218574.934999998658895,605.874700000000303],[2641191.34947185497731,1218573.283703959546983,607.084908957185007],[2641191.361000001430511,1218573.276000000536442,606.93859999999404],[2641189.765999998897314,1218570.890000000596046,608.700400000001537],[2641186.454999998211861,1218565.938000001013279,608.700400000001537],[2641184.859999999403954,1218563.550999999046326,606.93859999999404],[2641183.725276082754135,1218564.309552163816988,605.806660615722535],[2641183.725000001490116,1218564.309000000357628,605.325800000005984],[2641183.107874158304185,1218563.386215357342735,605.590430315528693],[2641182.568999998271465,1218562.579999998211861,605.525800000003073],[2641171.708999998867512,1218569.839999999850988,605.325800000005984],[2641172.865377340465784,1218571.569412813987583,605.406712035617488],[2641171.638438443187624,1218572.390206157695502,606.860281731066152],[2641171.065663021989167,1218572.773024484980851,606.600549726099416],[2641170.747999999672174,1218572.984999999403954,604.643899999995483],[2641169.431000001728535,1218573.86600000038743,602.866099999999278],[2641169.431065644137561,1218573.866098206257448,603.215303263989313],[2641167.813999999314547,1218574.947999998927116,602.439100000003236],[2641169.266910118982196,1218577.121865518623963,602.464879415117593],[2641167.239999998360872,1218576.427999999374151,602.142099999997299],[2641161.83500000089407,1218592.212000001221895,602.142099999997299],[2641167.065000001341105,1218594.002999998629093,602.124100000000908],[2641171.633474734146148,1218580.661508188117296,602.159331325272092],[2641180.631000000983477,1218594.118999999016523,602.439100000003236],[2641183.842000000178814,1218591.973000001162291,604.868900000001304],[2641184.01841395534575,1218591.855023168958724,605.018852421026622],[2641186.618000000715256,1218590.118000000715256,607.810599999997066]],[[2641173.153423445764929,1218571.377655683318153,607.283507435150796],[2641173.153000000864267,1218571.377000000327826,605.525800000003073],[2641175.932579944375902,1218569.519389872206375,607.936060660334647],[2641175.655000001192093,1218569.704999998211861,610.321299999995972],[2641175.089000001549721,1218570.083999998867512,609.842300000003888],[2641173.153423445764929,1218571.377655683318153,607.283507435150796]],[[2641178.364228983875364,1218584.370846956502646,606.924679015096217],[2641178.736588792875409,1218584.12197775952518,606.184402074568879],[2641178.36435618577525,1218584.371037186123431,605.841972378487526],[2641178.364228983875364,1218584.370846956502646,606.924679015096217]]]}},
{"type":"Feature","properties":{"fid":11,"OBJECTID":1,"UUID":"{0241BDAF-FECA-476C-BB76-2B1614C5FEC1}","OBJEKTART":"Gebaeude Einzelhaus","NAME_KOMPLETT":null,"GEBAEUDE_NUTZUNG":null,"GRUND_AENDERUNG":"Verbessert","HERKUNFT":"swisstopo","HERKUNFT_JAHR":2024,"HERKUNFT_MONAT":6,"ORIGINAL_HERKUNFT":"swisstopo","ERSTELLUNG_JAHR":2024,"ERSTELLUNG_MONAT":6,"REVISION_JAHR":2024,"REVISION_MONAT":6,"DATUM_AENDERUNG":"2025-07-08T11:55:40Z","DATUM_ERSTELLUNG":"2025-07-08T11:55:40Z","DACH_MAX":571.05,"DACH_MIN":567.57,"EGID":187524,"GEBAEUDEEINHEIT":"{0161A195-33E8-41ED-A8F7-CD5593D4FBF9}","layer":"swissbuildings3d_3_0_2024_1129-33_2056_5728.gdb — swissBUILDINGS3D_3-0_1129-33.gdb/a0000000b.gdbtable","path":"/vsizip//Users/wulf/Downloads/swissbuildings3d_3_0_2024_1129-33_2056_5728.gdb.zip/swissBUILDINGS3D_3-0_1129-33.gdb/a0000000b.gdbtable|layername=Roof_solid"},"geometry":{"type":"Polygon","coordinates":[[[2641168.570999998599291,1218634.254999998956919,602.431200000006356],[2641169.859999999403954,1218634.879999998956919,602.631099999998696],[2641171.217999998480082,1218635.337999999523163,602.631099999998696],[2641172.670000001788139,1218635.625,602.631099999998696],[2641173.055815926287323,1218632.63642586953938,603.318487475907546],[2641178.063000001013279,1218633.280999999493361,606.687699999994948],[2641179.510000001639128,1218633.467000000178814,606.993700000006356],[2641180.587999999523163,1218633.605999998748302,607.183699999994133],[2641182.537999998778105,1218618.464000001549721,607.183600000003935],[2641172.886,1218617.221000000834465,605.478799999997136],[2641172.897999998182058,1218617.127999998629093,605.328800000002957],[2641173.057,1218615.892000000923872,605.328800000002957],[2641173.570000000298023,1218611.905000001192093,605.478799999997136],[2641167.677999999374151,1218611.146000001579523,604.236900000003516],[2641167.015000000596046,1218616.28999999910593,604.436900000000605],[2641166.287000000476837,1218621.943,604.436900000000605],[2641165.649000000208616,1218626.892000000923872,604.436900000000605],[2641165.5760000012815,1218627.46000000089407,604.436900000000605],[2641165.585999999195337,1218627.381000000983477,602.631099999998696],[2641163.127999998629093,1218627.063999999314547,602.631099999998696],[2641163.28999999910593,1218627.725000001490116,602.431200000006356],[2641163.802999999374151,1218629.063999999314547,602.631099999998696],[2641164.478999998420477,1218630.3260000012815,602.431200000006356],[2641165.30799999833107,1218631.493999999016523,602.631099999998696],[2641166.276000000536442,1218632.5489999987185,602.431200000006356],[2641167.370000001043081,1218633.475000001490116,602.631099999998696],[2641168.570999998599291,1218634.254999998956919,602.431200000006356]]]}},
{"type":"Feature","properties":{"fid":12,"OBJECTID":1,"UUID":"{0241BDAF-FECA-476C-BB76-2B1614C5FEC1}","OBJEKTART":"Gebaeude Einzelhaus","NAME_KOMPLETT":null,"GEBAEUDE_NUTZUNG":null,"GRUND_AENDERUNG":"Verbessert","HERKUNFT":"swisstopo","HERKUNFT_JAHR":2024,"HERKUNFT_MONAT":6,"ORIGINAL_HERKUNFT":"swisstopo","ERSTELLUNG_JAHR":2024,"ERSTELLUNG_MONAT":6,"REVISION_JAHR":2024,"REVISION_MONAT":6,"DATUM_AENDERUNG":"2025-07-08T11:55:40Z","DATUM_ERSTELLUNG":"2025-07-08T11:55:40Z","DACH_MAX":571.05,"DACH_MIN":567.57,"EGID":187524,"GEBAEUDEEINHEIT":"{0161A195-33E8-41ED-A8F7-CD5593D4FBF9}","layer":"swissbuildings3d_3_0_2024_1129-33_2056_5728.gdb — swissBUILDINGS3D_3-0_1129-33.gdb/a0000000b.gdbtable","path":"/vsizip//Users/wulf/Downloads/swissbuildings3d_3_0_2024_1129-33_2056_5728.gdb.zip/swissBUILDINGS3D_3-0_1129-33.gdb/a0000000b.gdbtable|layername=Roof_solid"},"geometry":{"type":"Polygon","coordinates":[[[2641159.809000000357628,1218738.265000000596046,572.323300000003655],[2641163.949999999254942,1218739.725999999791384,572.323300000003655],[2641165.170000001788139,1218736.265999998897314,574.297099999996135],[2641170.489,1218738.14299999922514,574.497099999993225],[2641172.772999998182058,1218731.670000001788139,578.187699999994948],[2641174.285000000149012,1218727.379000000655651,575.782000000006519],[2641156.609577919356525,1218721.14468240737915,574.705957777229742],[2641157.967000000178814,1218718.793000001460314,573.443199999994249],[2641150.982999999076128,1218714.760000001639128,573.643200000005891],[2641145.618999999016523,1218724.0489999987185,573.443199999994249],[2641145.626982877962291,1218724.053610472008586,572.200349999999162],[2641144.008000001311302,1218726.896999999880791,570.957500000004075],[2641148.250999998301268,1218729.311999998986721,570.957500000004075],[2641147.749000001698732,1218730.736000001430511,570.957500000004075],[2641149.3260000012815,1218731.295000001788139,570.957500000004075],[2641151.631895110011101,1218732.106963066617027,572.570448273672127],[2641151.627999998629093,1218732.118000000715256,574.177100000000792],[2641151.271000001579523,1218733.129999998956919,573.600200000000768],[2641160.475000001490116,1218736.375999998301268,573.600200000000768],[2641159.809000000357628,1218738.265000000596046,572.323300000003655]],[[2641145.665187483187765,1218724.075675358064473,572.200977803235219],[2641152.975999999791384,1218728.298000000417233,573.643200000005891],[2641145.66499999910593,1218724.0760000012815,570.957500000004075],[2641145.665187483187765,1218724.075675358064473,572.200977803235219]],[[2641155.273935253266245,1218721.781078753527254,574.913445828104386],[2641155.243000000715256,1218721.868999999016523,576.33289999999397],[2641154.109000001102686,1218725.087999999523163,578.187699999994948],[2641152.247908896300942,1218730.36146652745083,573.068349299194779],[2641152.975999999791384,1218728.298000000417233,573.643200000005891],[2641155.273935253266245,1218721.781078753527254,574.913445828104386]]]}},
{"type":"Feature","properties":{"fid":13,"OBJECTID":1,"UUID":"{0241BDAF-FECA-476C-BB76-2B1614C5FEC1}","OBJEKTART":"Gebaeude Einzelhaus","NAME_KOMPLETT":null,"GEBAEUDE_NUTZUNG":null,"GRUND_AENDERUNG":"Verbessert","HERKUNFT":"swisstopo","HERKUNFT_JAHR":2024,"HERKUNFT_MONAT":6,"ORIGINAL_HERKUNFT":"swisstopo","ERSTELLUNG_JAHR":2024,"ERSTELLUNG_MONAT":6,"REVISION_JAHR":2024,"REVISION_MONAT":6,"DATUM_AENDERUNG":"2025-07-08T11:55:40Z","DATUM_ERSTELLUNG":"2025-07-08T11:55:40Z","DACH_MAX":571.05,"DACH_MIN":567.57,"EGID":187524,"GEBAEUDEEINHEIT":"{0161A195-33E8-41ED-A8F7-CD5593D4FBF9}","layer":"swissbuildings3d_3_0_2024_1129-33_2056_5728.gdb — swissBUILDINGS3D_3-0_1129-33.gdb/a0000000b.gdbtable","path":"/vsizip//Users/wulf/Downloads/swissbuildings3d_3_0_2024_1129-33_2056_5728.gdb.zip/swissBUILDINGS3D_3-0_1129-33.gdb/a0000000b.gdbtable|layername=Roof_solid"},"geometry":{"type":"Polygon","coordinates":[[[2641183.256999999284744,1218731.379999998956919,571.092399999994086],[2641180.131000000983477,1218740.309999998658895,571.092499999998836],[2641188.390000000596046,1218743.2010000012815,570.892500000001746],[2641191.515000000596046,1218734.269999999552965,570.892500000001746],[2641183.256999999284744,1218731.379999998956919,571.092399999994086]]]}},
{"type":"Feature","properties":{"fid":14,"OBJECTID":1,"UUID":"{0241BDAF-FECA-476C-BB76-2B1614C5FEC1}","OBJEKTART":"Gebaeude Einzelhaus","NAME_KOMPLETT":null,"GEBAEUDE_NUTZUNG":null,"GRUND_AENDERUNG":"Verbessert","HERKUNFT":"swisstopo","HERKUNFT_JAHR":2024,"HERKUNFT_MONAT":6,"ORIGINAL_HERKUNFT":"swisstopo","ERSTELLUNG_JAHR":2024,"ERSTELLUNG_MONAT":6,"REVISION_JAHR":2024,"REVISION_MONAT":6,"DATUM_AENDERUNG":"2025-07-08T11:55:40Z","DATUM_ERSTELLUNG":"2025-07-08T11:55:40Z","DACH_MAX":571.05,"DACH_MIN":567.57,"EGID":187524,"GEBAEUDEEINHEIT":"{0161A195-33E8-41ED-A8F7-CD5593D4FBF9}","layer":"swissbuildings3d_3_0_2024_1129-33_2056_5728.gdb — swissBUILDINGS3D_3-0_1129-33.gdb/a0000000b.gdbtable","path":"/vsizip//Users/wulf/Downloads/swissbuildings3d_3_0_2024_1129-33_2056_5728.gdb.zip/swissBUILDINGS3D_3-0_1129-33.gdb/a0000000b.gdbtable|layername=Roof_solid"},"geometry":{"type":"Polygon","coordinates":[[[2641182.217999998480082,1218776.045000001788139,578.064799999992829],[2641187.151000000536442,1218777.75899999961257,574.899099999995087],[2641187.263000000268221,1218777.436999998986721,574.899099999995087],[2641187.364999998360872,1218777.14299999922514,574.749100000000908],[2641188.006000000983477,1218775.295000001788139,574.699099999997998],[2641188.289000000804663,1218775.39299999922514,574.706099999995786],[2641190.464999999850988,1218776.149999998509884,573.222299999993993],[2641193.528000000864267,1218767.333000000566244,573.022299999996903],[2641193.471000000834465,1218767.313000001013279,573.21129999999539],[2641193.414000000804663,1218767.293000001460314,573.300199999997858],[2641186.135000001639128,1218764.765000000596046,578.264699999999721],[2641179.989,1218762.629999998956919,573.099300000001676],[2641184.28999999910593,1218764.124000001698732,573.299199999994016],[2641185.0489999987185,1218761.940000001341105,573.299199999994016],[2641177.318,1218759.254999998956919,573.299199999994016],[2641172.784000001847744,1218772.309000000357628,573.099300000001676],[2641176.212999999523163,1218773.5,573.099300000001676],[2641176.615236339624971,1218772.342079179594293,573.59679558777384],[2641176.184000000357628,1218773.583999998867512,573.919200000003912],[2641176.070999998599291,1218773.910000000149012,573.719200000006822],[2641182.217999998480082,1218776.045000001788139,578.064799999992829]]]}},
{"type":"Feature","properties":{"fid":15,"OBJECTID":1,"UUID":"{0241BDAF-FECA-476C-BB76-2B1614C5FEC1}","OBJEKTART":"Gebaeude Einzelhaus","NAME_KOMPLETT":null,"GEBAEUDE_NUTZUNG":null,"GRUND_AENDERUNG":"Verbessert","HERKUNFT":"swisstopo","HERKUNFT_JAHR":2024,"HERKUNFT_MONAT":6,"ORIGINAL_HERKUNFT":"swisstopo","ERSTELLUNG_JAHR":2024,"ERSTELLUNG_MONAT":6,"REVISION_JAHR":2024,"REVISION_MONAT":6,"DATUM_AENDERUNG":"2025-07-08T11:55:40Z","DATUM_ERSTELLUNG":"2025-07-08T11:55:40Z","DACH_MAX":571.05,"DACH_MIN":567.57,"EGID":187524,"GEBAEUDEEINHEIT":"{0161A195-33E8-41ED-A8F7-CD5593D4FBF9}","layer":"swissbuildings3d_3_0_2024_1129-33_2056_5728.gdb — swissBUILDINGS3D_3-0_1129-33.gdb/a0000000b.gdbtable","path":"/vsizip//Users/wulf/Downloads/swissbuildings3d_3_0_2024_1129-33_2056_5728.gdb.zip/swissBUILDINGS3D_3-0_1129-33.gdb/a0000000b.gdbtable|layername=Roof_solid"},"geometry":{"type":"Polygon","coordinates":[[[2641180.244080778211355,1218855.31,573.698338893048799],[2641169.462000001221895,1218851.164000000804663,573.574299999992945],[2641167.868036233820021,1218855.31,573.630773472716101],[2641180.244080778211355,1218855.31,573.698338893048799]]]}},
{"type":"Feature","properties":{"fid":16,"OBJECTID":1,"UUID":"{0241BDAF-FECA-476C-BB76-2B1614C5FEC1}","OBJEKTART":"Gebaeude Einzelhaus","NAME_KOMPLETT":null,"GEBAEUDE_NUTZUNG":null,"GRUND_AENDERUNG":"Verbessert","HERKUNFT":"swisstopo","HERKUNFT_JAHR":2024,"HERKUNFT_MONAT":6,"ORIGINAL_HERKUNFT":"swisstopo","ERSTELLUNG_JAHR":2024,"ERSTELLUNG_MONAT":6,"REVISION_JAHR":2024,"REVISION_MONAT":6,"DATUM_AENDERUNG":"2025-07-08T11:55:40Z","DATUM_ERSTELLUNG":"2025-07-08T11:55:40Z","DACH_MAX":571.05,"DACH_MIN":567.57,"EGID":187524,"GEBAEUDEEINHEIT":"{0161A195-33E8-41ED-A8F7-CD5593D4FBF9}","layer":"swissbuildings3d_3_0_2024_1129-33_2056_5728.gdb — swissBUILDINGS3D_3-0_1129-33.gdb/a0000000b.gdbtable","path":"/vsizip//Users/wulf/Downloads/swissbuildings3d_3_0_2024_1129-33_2056_5728.gdb.zip/swissBUILDINGS3D_3-0_1129-33.gdb/a0000000b.gdbtable|layername=Roof_solid"},"geometry":{"type":"Polygon","coordinates":[[[2641215.23440632596612,1218497.302144637797028,613.61562701038747],[2641216.340999998152256,1218497.454999998211861,612.99989999999525],[2641217.78999999910593,1218486.973000001162291,612.99989999999525],[2641210.320999998599291,1218485.940000001341105,619.478199999997742],[2641202.679000001400709,1218484.88399999961257,613.199900000006892],[2641201.289444793947041,1218494.935979073634371,613.631491976399502],[2641200.125,1218494.774999998509884,613.199900000006892],[2641198.749000001698732,1218504.730000000447035,613.199900000006892],[2641206.333999998867512,1218505.778999999165535,619.399300000004587],[2641213.918000001460314,1218506.8260000012815,613.199900000006892],[2641215.23440632596612,1218497.302144637797028,613.61562701038747]],[[2641209.888166982680559,1218496.563310788013041,618.198468912777571],[2641214.103017950896174,1218497.145864268299192,614.403213365917964],[2641214.103000000119209,1218497.146000001579523,613.924799999993411],[2641209.888166982680559,1218496.563310788013041,618.198468912777571]],[[2641207.953766870778054,1218495.857703791698441,618.764212098217058],[2641207.708999998867512,1218495.824000000953674,619.199299999992945],[2641202.758000001311302,1218495.138999998569489,615.151700000002165],[2641207.953766870778054,1218495.857703791698441,618.764212098217058]]]}},
{"type":"Feature","properties":{"fid":17,"OBJECTID":1,"UUID":"{0241BDAF-FECA-476C-BB76-2B1614C5FEC1}","OBJEKTART":"Gebaeude Einzelhaus","NAME_KOMPLETT":null,"GEBAEUDE_NUTZUNG":null,"GRUND_AENDERUNG":"Verbessert","HERKUNFT":"swisstopo","HERKUNFT_JAHR":2024,"HERKUNFT_MONAT":6,"ORIGINAL_HERKUNFT":"swisstopo","ERSTELLUNG_JAHR":2024,"ERSTELLUNG_MONAT":6,"REVISION_JAHR":2024,"REVISION_MONAT":6,"DATUM_AENDERUNG":"2025-07-08T11:55:40Z","DATUM_ERSTELLUNG":"2025-07-08T11:55:40Z","DACH_MAX":571.05,"DACH_MIN":567.57,"EGID":187524,"GEBAEUDEEINHEIT":"{0161A195-33E8-41ED-A8F7-CD5593D4FBF9}","layer":"swissbuildings3d_3_0_2024_1129-33_2056_5728.gdb — swissBUILDINGS3D_3-0_1129-33.gdb/a0000000b.gdbtable","path":"/vsizip//Users/wulf/Downloads/swissbuildings3d_3_0_2024_1129-33_2056_5728.gdb.zip/swissBUILDINGS3D_3-0_1129-33.gdb/a0000000b.gdbtable|layername=Roof_solid"},"geometry":{"type":"Polygon","coordinates":[[[2641213.389957236126065,1218536.83962290873751,612.394109912058184],[2641213.265000000596046,1218537.745000001043081,611.863100000002305],[2641223.436000000685453,1218539.151000000536442,612.062999999994645],[2641224.412999998778105,1218532.094000000506639,618.183399999994435],[2641225.388999998569489,1218525.024999998509884,612.062999999994645],[2641211.517447324004024,1218523.106728924671188,612.377546853266608],[2641211.644000001251698,1218522.190000001341105,612.139999999999418],[2641201.346000000834465,1218520.76799999922514,612.139999999999418],[2641200.368999999016523,1218527.835999999195337,618.104399999996531],[2641199.39299999922514,1218534.905000001192093,611.940100000007078],[2641209.690000001341105,1218536.329,611.940100000007078],[2641209.690133040305227,1218536.328038392821327,612.092694839487649],[2641213.389957236126065,1218536.83962290873751,612.394109912058184]]]}},
{"type":"Feature","properties":{"fid":18,"OBJECTID":1,"UUID":"{0241BDAF-FECA-476C-BB76-2B1614C5FEC1}","OBJEKTART":"Gebaeude Einzelhaus","NAME_KOMPLETT":null,"GEBAEUDE_NUTZUNG":null,"GRUND_AENDERUNG":"Verbessert","HERKUNFT":"swisstopo","HERKUNFT_JAHR":2024,"HERKUNFT_MONAT":6,"ORIGINAL_HERKUNFT":"swisstopo","ERSTELLUNG_JAHR":2024,"ERSTELLUNG_MONAT":6,"REVISION_JAHR":2024,"REVISION_MONAT":6,"DATUM_AENDERUNG":"2025-07-08T11:55:40Z","DATUM_ERSTELLUNG":"2025-07-08T11:55:40Z","DACH_MAX":571.05,"DACH_MIN":567.57,"EGID":187524,"GEBAEUDEEINHEIT":"{0161A195-33E8-41ED-A8F7-CD5593D4FBF9}","layer":"swissbuildings3d_3_0_2024_1129-33_2056_5728.gdb — swissBUILDINGS3D_3-0_1129-33.gdb/a0000000b.gdbtable","path":"/vsizip//Users/wulf/Downloads/swissbuildings3d_3_0_2024_1129-33_2056_5728.gdb.zip/swissBUILDINGS3D_3-0_1129-33.gdb/a0000000b.gdbtable|layername=Roof_solid"},"geometry":{"type":"Polygon","coordinates":[[[2641193.565999999642372,1218630.4239999987185,605.570800000001327],[2641207.651000000536442,1218632.098999999463558,605.570800000001327],[2641208.263000000268221,1218626.9510000012815,606.904699999999139],[2641208.795000001788139,1218622.480999998748302,605.693799999993644],[2641210.495999999344349,1218622.684000000357628,605.893800000005285],[2641211.170000001788139,1218617.01799999922514,604.358900000006543],[2641192.333000000566244,1218614.776000000536442,604.358900000006543],[2641191.125999998301268,1218624.914000000804663,606.904699999999139],[2641194.179000001400709,1218625.276000000536442,607.104699999996228],[2641193.565999999642372,1218630.4239999987185,605.570800000001327]]]}},
{"type":"Feature","properties":{"fid":19,"OBJECTID":1,"UUID":"{0241BDAF-FECA-476C-BB76-2B1614C5FEC1}","OBJEKTART":"Gebaeude Einzelhaus","NAME_KOMPLETT":null,"GEBAEUDE_NUTZUNG":null,"GRUND_AENDERUNG":"Verbessert","HERKUNFT":"swisstopo","HERKUNFT_JAHR":2024,"HERKUNFT_MONAT":6,"ORIGINAL_HERKUNFT":"swisstopo","ERSTELLUNG_JAHR":2024,"ERSTELLUNG_MONAT":6,"REVISION_JAHR":2024,"REVISION_MONAT":6,"DATUM_AENDERUNG":"2025-07-08T11:55:40Z","DATUM_ERSTELLUNG":"2025-07-08T11:55:40Z","DACH_MAX":571.05,"DACH_MIN":567.57,"EGID":187524,"GEBAEUDEEINHEIT":"{0161A195-33E8-41ED-A8F7-CD5593D4FBF9}","layer":"swissbuildings3d_3_0_2024_1129-33_2056_5728.gdb — swissBUILDINGS3D_3-0_1129-33.gdb/a0000000b.gdbtable","path":"/vsizip//Users/wulf/Downloads/swissbuildings3d_3_0_2024_1129-33_2056_5728.gdb.zip/swissBUILDINGS3D_3-0_1129-33.gdb/a0000000b.gdbtable|layername=Roof_solid"},"geometry":{"type":"Polygon","coordinates":[[[2641191.840999998152256,1218644.28999999910593,600.862299999993411],[2641190.473000001162291,1218656.449999999254942,600.862299999993411],[2641206.638999998569489,1218658.269999999552965,601.062300000005052],[2641207.125236348714679,1218653.951056240359321,600.961050889549597],[2641207.666000001132488,1218649.149999998509884,600.882299999997485],[2641208.008000001311302,1218646.109999999403954,600.862299999993411],[2641206.493000000715256,1218645.940000001341105,600.862299999993411],[2641207.265999998897314,1218639.072999998927116,601.062300000005052],[2641200.530999999493361,1218638.313999999314547,600.862299999993411],[2641200.065000001341105,1218642.458999998867512,600.862299999993411],[2641199.75899999961257,1218645.181000001728535,601.062300000005052],[2641191.840999998152256,1218644.28999999910593,600.862299999993411]]]}},
{"type":"Feature","properties":{"fid":20,"OBJECTID":1,"UUID":"{0241BDAF-FECA-476C-BB76-2B1614C5FEC1}","OBJEKTART":"Gebaeude Einzelhaus","NAME_KOMPLETT":null,"GEBAEUDE_NUTZUNG":null,"GRUND_AENDERUNG":"Verbessert","HERKUNFT":"swisstopo","HERKUNFT_JAHR":2024,"HERKUNFT_MONAT":6,"ORIGINAL_HERKUNFT":"swisstopo","ERSTELLUNG_JAHR":2024,"ERSTELLUNG_MONAT":6,"REVISION_JAHR":2024,"REVISION_MONAT":6,"DATUM_AENDERUNG":"2025-07-08T11:55:40Z","DATUM_ERSTELLUNG":"2025-07-08T11:55:40Z","DACH_MAX":571.05,"DACH_MIN":567.57,"EGID":187524,"GEBAEUDEEINHEIT":"{0161A195-33E8-41ED-A8F7-CD5593D4FBF9}","layer":"swissbuildings3d_3_0_2024_1129-33_2056_5728.gdb — swissBUILDINGS3D_3-0_1129-33.gdb/a0000000b.gdbtable","path":"/vsizip//Users/wulf/Downloads/swissbuildings3d_3_0_2024_1129-33_2056_5728.gdb.zip/swissBUILDINGS3D_3-0_1129-33.gdb/a0000000b.gdbtable|layername=Roof_solid"},"geometry":{"type":"Polygon","coordinates":[[[2641209.965999998152256,1218747.528999999165535,575.664999999993597],[2641211.41499999910593,1218743.271000001579523,575.464999999996508],[2641212.462999999523163,1218740.190999999642372,572.672300000005635],[2641195.359999999403954,1218734.370999999344349,572.872300000002724],[2641194.313000001013279,1218737.453000001609325,575.664999999993597],[2641192.864,1218741.71000000089407,575.464999999996508],[2641191.695999998599291,1218745.140000000596046,572.794299999994109],[2641208.7989999987185,1218750.958999998867512,572.794299999994109],[2641209.965999998152256,1218747.528999999165535,575.664999999993597]]]}},
{"type":"Feature","properties":{"fid":21,"OBJECTID":1,"UUID":"{0241BDAF-FECA-476C-BB76-2B1614C5FEC1}","OBJEKTART":"Gebaeude Einzelhaus","NAME_KOMPLETT":null,"GEBAEUDE_NUTZUNG":null,"GRUND_AENDERUNG":"Verbessert","HERKUNFT":"swisstopo","HERKUNFT_JAHR":2024,"HERKUNFT_MONAT":6,"ORIGINAL_HERKUNFT":"swisstopo","ERSTELLUNG_JAHR":2024,"ERSTELLUNG_MONAT":6,"REVISION_JAHR":2024,"REVISION_MONAT":6,"DATUM_AENDERUNG":"2025-07-08T11:55:40Z","DATUM_ERSTELLUNG":"2025-07-08T11:55:40Z","DACH_MAX":571.05,"DACH_MIN":567.57,"EGID":187524,"GEBAEUDEEINHEIT":"{0161A195-33E8-41ED-A8F7-CD5593D4FBF9}","layer":"swissbuildings3d_3_0_2024_1129-33_2056_5728.gdb — swissBUILDINGS3D_3-0_1129-33.gdb/a0000000b.gdbtable","path":"/vsizip//Users/wulf/Downloads/swissbuildings3d_3_0_2024_1129-33_2056_5728.gdb.zip/swissBUILDINGS3D_3-0_1129-33.gdb/a0000000b.gdbtable|layername=Roof_solid"},"geometry":{"type":"Polygon","coordinates":[[[2641220.745000001043081,1218776.357999999076128,572.134399999995367],[2641217.019999999552965,1218775.103000000119209,574.41710000000603],[2641217.769000001251698,1218772.881000000983477,574.41710000000603],[2641214.526000000536442,1218771.789000000804663,576.402900000000955],[2641208.793999999761581,1218769.859000001102686,572.552299999995739],[2641206.552999999374151,1218776.515000000596046,572.552299999995739],[2641205.339000001549721,1218776.105999998748302,571.979399999996531],[2641203.223999999463558,1218782.386,571.979399999996531],[2641207.619379753246903,1218783.866315802792087,574.039131305981073],[2641207.261,1218784.929999999701977,573.299299999998766],[2641210.28999999910593,1218785.949999999254942,575.908999999999651],[2641216.778000000864267,1218788.135000001639128,572.134399999995367],[2641220.745000001043081,1218776.357999999076128,572.134399999995367]],[[2641209.546999998390675,1218784.515999998897314,575.088099999993574],[2641209.547149447258562,1218784.515567540191114,575.547462906441979],[2641210.168999999761581,1218784.725000001490116,576.402900000000955],[2641210.40328410314396,1218784.804070884827524,576.116424528785046],[2641209.546999998390675,1218784.515999998897314,575.088099999993574]]]}},
{"type":"Feature","properties":{"fid":22,"OBJECTID":1,"UUID":"{0241BDAF-FECA-476C-BB76-2B1614C5FEC1}","OBJEKTART":"Gebaeude Einzelhaus","NAME_KOMPLETT":null,"GEBAEUDE_NUTZUNG":null,"GRUND_AENDERUNG":"Verbessert","HERKUNFT":"swisstopo","HERKUNFT_JAHR":2024,"HERKUNFT_MONAT":6,"ORIGINAL_HERKUNFT":"swisstopo","ERSTELLUNG_JAHR":2024,"ERSTELLUNG_MONAT":6,"REVISION_JAHR":2024,"REVISION_MONAT":6,"DATUM_AENDERUNG":"2025-07-08T11:55:40Z","DATUM_ERSTELLUNG":"2025-07-08T11:55:40Z","DACH_MAX":571.05,"DACH_MIN":567.57,"EGID":187524,"GEBAEUDEEINHEIT":"{0161A195-33E8-41ED-A8F7-CD5593D4FBF9}","layer":"swissbuildings3d_3_0_2024_1129-33_2056_5728.gdb — swissBUILDINGS3D_3-0_1129-33.gdb/a0000000b.gdbtable","path":"/vsizip//Users/wulf/Downloads/swissbuildings3d_3_0_2024_1129-33_2056_5728.gdb.zip/swissBUILDINGS3D_3-0_1129-33.gdb/a0000000b.gdbtable|layername=Roof_solid"},"geometry":{"type":"Polygon","coordinates":[[[2641200.5760000012815,1218806.668000001460314,573.498300000006566],[2641203.315000001341105,1218807.5760000012815,575.394100000004983],[2641203.592999998480082,1218807.668000001460314,575.049100000003818],[2641203.870894249994308,1218807.760319000575691,574.952382688465605],[2641202.603000000119209,1218811.58500000089407,570.815499999996973],[2641205.530000001192093,1218812.554999999701977,572.748300000006566],[2641208.030000001192093,1218813.385000001639128,571.193499999993946],[2641209.252999998629093,1218809.697999998927116,570.993499999996857],[2641209.901000000536442,1218809.912999998778105,570.738500000006752],[2641214.214000001549721,1218796.905999999493361,570.738500000006752],[2641207.581000000238419,1218794.708000000566244,575.194099999993341],[2641205.404965217690915,1218793.985064856242388,573.761954307621636],[2641205.089000001549721,1218793.879999998956919,573.618199999997159],[2641204.606873834040016,1218791.53863493935205,570.517357494475164],[2641204.555545449722558,1218791.288409071974456,570.502025000337767],[2641204.546,1218791.239999998360872,570.364600000000792],[2641203.943282210733742,1218791.040661199716851,570.38985365187682],[2641202.377000000327826,1218790.521000001579523,570.364600000000792],[2641201.986999999731779,1218790.392000000923872,570.564499999993131],[2641201.245000001043081,1218791.052000001072884,570.564499999993131],[2641200.969999998807907,1218791.296,570.414600000003702],[2641200.435374698601663,1218791.772000269033015,570.474461384471169],[2641199.973000001162291,1218792.18299999833107,570.364600000000792],[2641198.631999999284744,1218796.227000001817942,570.564599999997881],[2641198.728000000119209,1218796.25899999961257,570.564599999997881],[2641199.271000001579523,1218796.438999999314547,570.847500000003492],[2641199.741994369775057,1218796.59501688554883,570.993032129212452],[2641199.71000000089407,1218796.690999999642372,570.893500000005588],[2641197.670000001788139,1218802.842999998480082,570.693499999993946],[2641201.431000001728535,1218804.089999999850988,573.498300000006566],[2641200.5760000012815,1218806.668000001460314,573.498300000006566]]]}},
{"type":"Feature","properties":{"fid":23,"OBJECTID":1,"UUID":"{0241BDAF-FECA-476C-BB76-2B1614C5FEC1}","OBJEKTART":"Gebaeude Einzelhaus","NAME_KOMPLETT":null,"GEBAEUDE_NUTZUNG":null,"GRUND_AENDERUNG":"Verbessert","HERKUNFT":"swisstopo","HERKUNFT_JAHR":2024,"HERKUNFT_MONAT":6,"ORIGINAL_HERKUNFT":"swisstopo","ERSTELLUNG_JAHR":2024,"ERSTELLUNG_MONAT":6,"REVISION_JAHR":2024,"REVISION_MONAT":6,"DATUM_AENDERUNG":"2025-07-08T11:55:40Z","DATUM_ERSTELLUNG":"2025-07-08T11:55:40Z","DACH_MAX":571.05,"DACH_MIN":567.57,"EGID":187524,"GEBAEUDEEINHEIT":"{0161A195-33E8-41ED-A8F7-CD5593D4FBF9}","layer":"swissbuildings3d_3_0_2024_1129-33_2056_5728.gdb — swissBUILDINGS3D_3-0_1129-33.gdb/a0000000b.gdbtable","path":"/vsizip//Users/wulf/Downloads/swissbuildings3d_3_0_2024_1129-33_2056_5728.gdb.zip/swissBUILDINGS3D_3-0_1129-33.gdb/a0000000b.gdbtable|layername=Roof_solid"},"geometry":{"type":"Polygon","coordinates":[[[2641242.53999999910593,1218465.541000001132488,614.024699999994482],[2641228.668418901506811,1218463.62293481035158,614.448735105904007],[2641228.795000001788139,1218462.706000000238419,614.102700000003097],[2641218.497999999672174,1218461.284000001847744,614.102700000003097],[2641217.519999999552965,1218468.353000000119209,619.867199999993318],[2641216.543999999761581,1218475.421,613.902799999996205],[2641224.259009725879878,1218476.487929575843737,614.0777534144529],[2641224.25899999961257,1218476.488000001758337,614.102799999993294],[2641226.781286200042814,1218476.836742016021162,614.163244702553584],[2641226.840999998152256,1218476.844999998807907,614.102799999993294],[2641230.540934160817415,1218477.356566928327084,614.406772345912259],[2641230.416000001132488,1218478.261,614.024799999999232],[2641240.587999999523163,1218479.668000001460314,614.024799999999232],[2641241.481743142474443,1218473.204845179338008,619.104990891414218],[2641241.63399999961257,1218472.103999998420477,619.507199999992736],[2641241.639126309659332,1218472.065873066429049,619.574094838079645],[2641242.53999999910593,1218465.541000001132488,614.024699999994482]]]}},
{"type":"Feature","properties":{"fid":24,"OBJECTID":1,"UUID":"{0241BDAF-FECA-476C-BB76-2B1614C5FEC1}","OBJEKTART":"Gebaeude Einzelhaus","NAME_KOMPLETT":null,"GEBAEUDE_NUTZUNG":null,"GRUND_AENDERUNG":"Verbessert","HERKUNFT":"swisstopo","HERKUNFT_JAHR":2024,"HERKUNFT_MONAT":6,"ORIGINAL_HERKUNFT":"swisstopo","ERSTELLUNG_JAHR":2024,"ERSTELLUNG_MONAT":6,"REVISION_JAHR":2024,"REVISION_MONAT":6,"DATUM_AENDERUNG":"2025-07-08T11:55:40Z","DATUM_ERSTELLUNG":"2025-07-08T11:55:40Z","DACH_MAX":571.05,"DACH_MIN":567.57,"EGID":187524,"GEBAEUDEEINHEIT":"{0161A195-33E8-41ED-A8F7-CD5593D4FBF9}","layer":"swissbuildings3d_3_0_2024_1129-33_2056_5728.gdb — swissBUILDINGS3D_3-0_1129-33.gdb/a0000000b.gdbtable","path":"/vsizip//Users/wulf/Downloads/swissbuildings3d_3_0_2024_1129-33_2056_5728.gdb.zip/swissBUILDINGS3D_3-0_1129-33.gdb/a0000000b.gdbtable|layername=Roof_solid"},"geometry":{"type":"Polygon","coordinates":[[[2641247.53999999910593,1218486.234999999403954,613.199800000002142],[2641246.15056346077472,1218496.287079517263919,613.631509472428206],[2641244.986000001430511,1218496.125999998301268,613.199900000006892],[2641243.609999999403954,1218506.081000000238419,612.99989999999525],[2641251.195000000298023,1218507.129999998956919,619.399300000004587],[2641258.778999999165535,1218508.177999999374151,613.199900000006892],[2641260.095566655043513,1218498.652984709711745,613.521982377906625],[2641261.203000001609325,1218498.806000001728535,613.199900000006892],[2641262.651000000536442,1218488.324000000953674,613.199800000002142],[2641255.18299999833107,1218487.291000001132488,619.478199999997742],[2641247.53999999910593,1218486.234999999403954,613.199800000002142]],[[2641252.045030121225864,1218497.102358589880168,618.131862655982331],[2641252.740636237896979,1218497.198496187105775,618.625148010924363],[2641252.570000000298023,1218497.175000000745058,619.399199999999837],[2641251.783790295477957,1218497.066253431374207,618.216583239193142],[2641252.045030121225864,1218497.102358589880168,618.131862655982331]]]}},
{"type":"Feature","properties":{"fid":25,"OBJECTID":1,"UUID":"{0241BDAF-FECA-476C-BB76-2B1614C5FEC1}","OBJEKTART":"Gebaeude Einzelhaus","NAME_KOMPLETT":null,"GEBAEUDE_NUTZUNG":null,"GRUND_AENDERUNG":"Verbessert","HERKUNFT":"swisstopo","HERKUNFT_JAHR":2024,"HERKUNFT_MONAT":6,"ORIGINAL_HERKUNFT":"swisstopo","ERSTELLUNG_JAHR":2024,"ERSTELLUNG_MONAT":6,"REVISION_JAHR":2024,"REVISION_MONAT":6,"DATUM_AENDERUNG":"2025-07-08T11:55:40Z","DATUM_ERSTELLUNG":"2025-07-08T11:55:40Z","DACH_MAX":571.05,"DACH_MIN":567.57,"EGID":187524,"GEBAEUDEEINHEIT":"{0161A195-33E8-41ED-A8F7-CD5593D4FBF9}","layer":"swissbuildings3d_3_0_2024_1129-33_2056_5728.gdb — swissBUILDINGS3D_3-0_1129-33.gdb/a0000000b.gdbtable","path":"/vsizip//Users/wulf/Downloads/swissbuildings3d_3_0_2024_1129-33_2056_5728.gdb.zip/swissBUILDINGS3D_3-0_1129-33.gdb/a0000000b.gdbtable|layername=Roof_solid"},"geometry":{"type":"Polygon","coordinates":[[[2641243.094999998807907,1218519.809999998658895,612.179999999993015],[2641241.705563463736326,1218529.862079520244151,612.531041814841956],[2641240.541000001132488,1218529.7010000012815,612.179999999993015],[2641239.16499999910593,1218539.655999999493361,612.179999999993015],[2641246.75,1218540.704999998211861,618.379400000005262],[2641254.333999998867512,1218541.752999998629093,612.179999999993015],[2641255.650539641268551,1218532.228180143749341,612.597062800574804],[2641256.758000001311302,1218532.381000000983477,612.179999999993015],[2641258.206000000238419,1218521.899000000208616,612.179999999993015],[2641250.738000001758337,1218520.86600000038743,618.458400000003166],[2641243.094999998807907,1218519.809999998658895,612.179999999993015]],[[2641248.125,1218530.75,618.17939999999362],[2641245.46673533692956,1218530.382315449882299,615.631189795265868],[2641248.339776647277176,1218530.779574211454019,617.747353147008084],[2641248.125,1218530.75,618.17939999999362]]]}},
{"type":"Feature","properties":{"fid":26,"OBJECTID":1,"UUID":"{0241BDAF-FECA-476C-BB76-2B1614C5FEC1}","OBJEKTART":"Gebaeude Einzelhaus","NAME_KOMPLETT":null,"GEBAEUDE_NUTZUNG":null,"GRUND_AENDERUNG":"Verbessert","HERKUNFT":"swisstopo","HERKUNFT_JAHR":2024,"HERKUNFT_MONAT":6,"ORIGINAL_HERKUNFT":"swisstopo","ERSTELLUNG_JAHR":2024,"ERSTELLUNG_MONAT":6,"REVISION_JAHR":2024,"REVISION_MONAT":6,"DATUM_AENDERUNG":"2025-07-08T11:55:40Z","DATUM_ERSTELLUNG":"2025-07-08T11:55:40Z","DACH_MAX":571.05,"DACH_MIN":567.57,"EGID":187524,"GEBAEUDEEINHEIT":"{0161A195-33E8-41ED-A8F7-CD5593D4FBF9}","layer":"swissbuildings3d_3_0_2024_1129-33_2056_5728.gdb — swissBUILDINGS3D_3-0_1129-33.gdb/a0000000b.gdbtable","path":"/vsizip//Users/wulf/Downloads/swissbuildings3d_3_0_2024_1129-33_2056_5728.gdb.zip/swissBUILDINGS3D_3-0_1129-33.gdb/a0000000b.gdbtable|layername=Roof_solid"},"geometry":{"type":"Polygon","coordinates":[[[2641231.027011736296117,1218586.152194111840799,608.92095262413352],[2641228.603999998420477,1218583.074000000953674,607.325599999996484],[2641229.230999998748302,1218577.596000000834465,607.325599999996484],[2641226.184000000357628,1218579.962999999523163,607.325599999996484],[2641228.602000001817942,1218583.0760000012815,607.125599999999395],[2641231.081560682039708,1218586.267434556270018,608.110482285618218],[2641224.818,1218591.13399999961257,608.89539999999397],[2641227.322999998927116,1218594.359000001102686,608.89539999999397],[2641227.897999998182058,1218589.315000001341105,608.69539999999688],[2641226.885000001639128,1218598.206000000238419,610.621299999998882],[2641238.322999998927116,1218599.508000001311302,610.621199999994133],[2641238.889105361886322,1218594.534000061452389,609.959633728321705],[2641238.756999999284744,1218595.695999998599291,608.89539999999397],[2641240.96000000089407,1218593.984000001102686,608.69539999999688],[2641239.208305765409023,1218591.729393548099324,610.143351383370828],[2641239.333999998867512,1218590.625,610.621199999994133],[2641240.068441628944129,1218584.165926043642685,610.453560904219671],[2641240.186059564352036,1218583.131953736534342,608.854543709200584],[2641242.649000000208616,1218581.219000000506639,607.125599999999395],[2641240.690021558664739,1218578.69702775334008,608.338060529736367],[2641240.696719029918313,1218578.637692343909293,609.566183894304913],[2641240.765000000596046,1218578.03999999910593,609.530299999998533],[2641241.079999998211861,1218575.272999998182058,609.480299999995623],[2641238.021000001579523,1218574.9239999987185,609.480299999995623],[2641236.936369220726192,1218574.800403486704454,608.472356803871207],[2641237.732999999076128,1218574.890999998897314,607.325599999996484],[2641235.844000000506639,1218572.458999998867512,607.325599999996484],[2641233.354293837677687,1218574.392771772341803,608.429983638342037],[2641232.549628677312285,1218574.301300566876307,609.535997393639718],[2641229.644000001251698,1218573.969999998807907,609.680300000007264],[2641229.243000000715256,1218577.491999998688698,609.680300000007264],[2641228.607999999076128,1218583.070999998599291,609.480400000000373],[2641231.027011736296117,1218586.152194111840799,608.92095262413352]],[[2641234.434000000357628,1218584.18299999833107,612.975999999995111],[2641233.758000001311302,1218584.713788247434422,610.703092195831232],[2641233.758000001311302,1218584.712999999523163,608.69539999999688],[2641240.618999999016523,1218579.3260000012815,607.325599999996484],[2641234.434000000357628,1218584.18299999833107,612.975999999995111]]]}},
{"type":"Feature","properties":{"fid":27,"OBJECTID":1,"UUID":"{0241BDAF-FECA-476C-BB76-2B1614C5FEC1}","OBJEKTART":"Gebaeude Einzelhaus","NAME_KOMPLETT":null,"GEBAEUDE_NUTZUNG":null,"GRUND_AENDERUNG":"Verbessert","HERKUNFT":"swisstopo","HERKUNFT_JAHR":2024,"HERKUNFT_MONAT":6,"ORIGINAL_HERKUNFT":"swisstopo","ERSTELLUNG_JAHR":2024,"ERSTELLUNG_MONAT":6,"REVISION_JAHR":2024,"REVISION_MONAT":6,"DATUM_AENDERUNG":"2025-07-08T11:55:40Z","DATUM_ERSTELLUNG":"2025-07-08T11:55:40Z","DACH_MAX":571.05,"DACH_MIN":567.57,"EGID":187524,"GEBAEUDEEINHEIT":"{0161A195-33E8-41ED-A8F7-CD5593D4FBF9}","layer":"swissbuildings3d_3_0_2024_1129-33_2056_5728.gdb — swissBUILDINGS3D_3-0_1129-33.gdb/a0000000b.gdbtable","path":"/vsizip//Users/wulf/Downloads/swissbuildings3d_3_0_2024_1129-33_2056_5728.gdb.zip/swissBUILDINGS3D_3-0_1129-33.gdb/a0000000b.gdbtable|layername=Roof_solid"},"geometry":{"type":"Polygon","coordinates":[[[2641230.64299999922514,1218598.63399999961257,608.89539999999397],[2641232.274000000208616,1218600.732999999076128,608.89539999999397],[2641234.421999998390675,1218599.063999999314547,608.89539999999397],[2641230.64299999922514,1218598.63399999961257,608.89539999999397]]]}},
{"type":"Feature","properties":{"fid":28,"OBJECTID":1,"UUID":"{0241BDAF-FECA-476C-BB76-2B1614C5FEC1}","OBJEKTART":"Gebaeude Einzelhaus","NAME_KOMPLETT":null,"GEBAEUDE_NUTZUNG":null,"GRUND_AENDERUNG":"Verbessert","HERKUNFT":"swisstopo","HERKUNFT_JAHR":2024,"HERKUNFT_MONAT":6,"ORIGINAL_HERKUNFT":"swisstopo","ERSTELLUNG_JAHR":2024,"ERSTELLUNG_MONAT":6,"REVISION_JAHR":2024,"REVISION_MONAT":6,"DATUM_AENDERUNG":"2025-07-08T11:55:40Z","DATUM_ERSTELLUNG":"2025-07-08T11:55:40Z","DACH_MAX":571.05,"DACH_MIN":567.57,"EGID":187524,"GEBAEUDEEINHEIT":"{0161A195-33E8-41ED-A8F7-CD5593D4FBF9}","layer":"swissbuildings3d_3_0_2024_1129-33_2056_5728.gdb — swissBUILDINGS3D_3-0_1129-33.gdb/a0000000b.gdbtable","path":"/vsizip//Users/wulf/Downloads/swissbuildings3d_3_0_2024_1129-33_2056_5728.gdb.zip/swissBUILDINGS3D_3-0_1129-33.gdb/a0000000b.gdbtable|layername=Roof_solid"},"geometry":{"type":"Polygon","coordinates":[[[2641222.627999998629093,1218637.43299999833107,603.494999999995343],[2641222.092999998480082,1218641.905000001192093,605.929799999998068],[2641221.556000001728535,1218646.394999999552965,603.521999999997206],[2641230.625,1218647.480000000447035,603.521999999997206],[2641230.699999999254942,1218646.850999999791384,603.887000000002445],[2641235.988000001758337,1218647.482999999076128,603.687000000005355],[2641236.618000000715256,1218642.212999999523163,606.748699999996461],[2641237.219999998807907,1218637.175000000745058,603.887000000002445],[2641228.149999998509884,1218636.089999999850988,603.887000000002445],[2641227.914136605802923,1218638.063886669231579,604.102265631328919],[2641222.627999998629093,1218637.43299999833107,603.494999999995343]]]}},
{"type":"Feature","properties":{"fid":29,"OBJECTID":1,"UUID":"{0241BDAF-FECA-476C-BB76-2B1614C5FEC1}","OBJEKTART":"Gebaeude Einzelhaus","NAME_KOMPLETT":null,"GEBAEUDE_NUTZUNG":null,"GRUND_AENDERUNG":"Verbessert","HERKUNFT":"swisstopo","HERKUNFT_JAHR":2024,"HERKUNFT_MONAT":6,"ORIGINAL_HERKUNFT":"swisstopo","ERSTELLUNG_JAHR":2024,"ERSTELLUNG_MONAT":6,"REVISION_JAHR":2024,"REVISION_MONAT":6,"DATUM_AENDERUNG":"2025-07-08T11:55:40Z","DATUM_ERSTELLUNG":"2025-07-08T11:55:40Z","DACH_MAX":571.05,"DACH_MIN":567.57,"EGID":187524,"GEBAEUDEEINHEIT":"{0161A195-33E8-41ED-A8F7-CD5593D4FBF9}","layer":"swissbuildings3d_3_0_2024_1129-33_2056_5728.gdb — swissBUILDINGS3D_3-0_1129-33.gdb/a0000000b.gdbtable","path":"/vsizip//Users/wulf/Downloads/swissbuildings3d_3_0_2024_1129-33_2056_5728.gdb.zip/swissBUILDINGS3D_3-0_1129-33.gdb/a0000000b.gdbtable|layername=Roof_solid"},"geometry":{"type":"Polygon","coordinates":[[[2641219.559999998658895,1218665.436999998986721,602.549100000003818],[2641220.924674218520522,1218665.600354108726606,602.517949397531197],[2641220.285999998450279,1218670.965999998152256,600.358399999997346],[2641229.524999998509884,1218672.065999999642372,600.558399999994435],[2641229.525028050411493,1218672.065765161765739,600.48237455070398],[2641229.526999998837709,1218672.065999999642372,600.500400000004447],[2641229.744229608681053,1218670.241154495393857,600.938214270343678],[2641234.000999998301268,1218670.776000000536442,601.248300000006566],[2641234.340042545460165,1218667.934207024052739,601.990108498914424],[2641236.425000000745058,1218668.182,601.640199999994365],[2641236.754999998956919,1218665.405999999493361,604.346000000005006],[2641237.078000001609325,1218662.699000000953674,601.840200000006007],[2641236.846000000834465,1218662.671,601.640199999994365],[2641237.55799999833107,1218657.089000001549721,600.125400000004447],[2641237.386999998241663,1218657.074000000953674,599.922399999995832],[2641238.111000001430511,1218651.524000000208616,600.122399999992922],[2641232.280000001192093,1218650.771000001579523,599.796400000006543],[2641231.668161236681044,1218655.483167518395931,600.36220493544738],[2641226.671,1218654.888000000268221,603.122099999993225],[2641221.057,1218654.219999998807907,600.415399999998044],[2641220.609000001102686,1218654.166999999433756,600.415399999998044],[2641220.539000000804663,1218654.752999998629093,600.415399999998044],[2641220.531528998166323,1218654.815744748571888,600.342947257908918],[2641217.969999998807907,1218654.484999999403954,599.70339999999851],[2641217.177999999374151,1218660.625,599.50350000000617],[2641219.798946410883218,1218660.96829381887801,601.228494288128786],[2641219.515000000596046,1218663.353000000119209,603.349100000006729],[2641219.804000001400709,1218663.386999998241663,603.349100000006729],[2641219.876000704243779,1218662.781994083430618,603.641461034617123],[2641219.804000001400709,1218663.388000000268221,604.545899999997346],[2641219.559999998658895,1218665.436999998986721,602.549100000003818]]]}},
{"type":"Feature","properties":{"fid":30,"OBJECTID":1,"UUID":"{0241BDAF-FECA-476C-BB76-2B1614C5FEC1}","OBJEKTART":"Gebaeude Einzelhaus","NAME_KOMPLETT":null,"GEBAEUDE_NUTZUNG":null,"GRUND_AENDERUNG":"Verbessert","HERKUNFT":"swisstopo","HERKUNFT_JAHR":2024,"HERKUNFT_MONAT":6,"ORIGINAL_HERKUNFT":"swisstopo","ERSTELLUNG_JAHR":2024,"ERSTELLUNG_MONAT":6,"REVISION_JAHR":2024,"REVISION_MONAT":6,"DATUM_AENDERUNG":"2025-07-08T11:55:40Z","DATUM_ERSTELLUNG":"2025-07-08T11:55:40Z","DACH_MAX":571.05,"DACH_MIN":567.57,"EGID":187524,"GEBAEUDEEINHEIT":"{0161A195-33E8-41ED-A8F7-CD5593D4FBF9}","layer":"swissbuildings3d_3_0_2024_1129-33_2056_5728.gdb — swissBUILDINGS3D_3-0_1129-33.gdb/a0000000b.gdbtable","path":"/vsizip//Users/wulf/Downloads/swissbuildings3d_3_0_2024_1129-33_2056_5728.gdb.zip/swissBUILDINGS3D_3-0_1129-33.gdb/a0000000b.gdbtable|layername=Roof_solid"},"geometry":{"type":"Polygon","coordinates":[[[2641258.425000000745058,1218682.609000001102686,599.492499999993015],[2641258.488000001758337,1218682.078000001609325,599.802400000000489],[2641258.528999999165535,1218681.736000001430511,600.001399999993737],[2641266.065000001341105,1218682.633000001311302,600.051399999996647],[2641266.537999998778105,1218682.688999999314547,599.854399999996531],[2641267.306000001728535,1218676.78999999910593,603.295100000003004],[2641267.684000000357628,1218673.899000000208616,601.925199999997858],[2641263.785999998450279,1218673.390999998897314,601.925199999997858],[2641263.26799999922514,1218673.324000000953674,601.925199999997858],[2641263.33500000089407,1218672.811999998986721,601.447199999995064],[2641263.449999999254942,1218671.9239999987185,600.965299999996205],[2641261.953000001609325,1218669.627999998629093,599.841400000004796],[2641257.177999999374151,1218669.006000000983477,600.041400000001886],[2641252.280999999493361,1218668.368000000715256,600.041400000001886],[2641250.548000000417233,1218669.688000001013279,600.667300000000978],[2641250.421,1218670.660999998450279,601.246299999998882],[2641250.364,1218671.100000001490116,601.435299999997369],[2641250.293999999761581,1218671.633000001311302,601.925199999997858],[2641249.763999998569489,1218671.563999999314547,601.925199999997858],[2641245.462999999523163,1218671.004000000655651,601.725200000000768],[2641245.085999999195337,1218673.894000001251698,603.295100000003004],[2641244.285000000149012,1218680.03999999910593,599.709400000007008],[2641245.217999998480082,1218680.151000000536442,599.715400000000955],[2641252.429999999701977,1218681.010000001639128,599.76140000000305],[2641252.405999999493361,1218681.210999999195337,599.794399999998859],[2641252.381999999284744,1218681.412000000476837,599.576499999995576],[2641252.33500000089407,1218681.815000001341105,599.292499999995925],[2641255.517000000923872,1218682.230000000447035,599.292499999995925],[2641258.425000000745058,1218682.609000001102686,599.492499999993015]]]}},
{"type":"Feature","properties":{"fid":31,"OBJECTID":1,"UUID":"{0241BDAF-FECA-476C-BB76-2B1614C5FEC1}","OBJEKTART":"Gebaeude Einzelhaus","NAME_KOMPLETT":null,"GEBAEUDE_NUTZUNG":null,"GRUND_AENDERUNG":"Verbessert","HERKUNFT":"swisstopo","HERKUNFT_JAHR":2024,"HERKUNFT_MONAT":6,"ORIGINAL_HERKUNFT":"swisstopo","ERSTELLUNG_JAHR":2024,"ERSTELLUNG_MONAT":6,"REVISION_JAHR":2024,"REVISION_MONAT":6,"DATUM_AENDERUNG":"2025-07-08T11:55:40Z","DATUM_ERSTELLUNG":"2025-07-08T11:55:40Z","DACH_MAX":571.05,"DACH_MIN":567.57,"EGID":187524,"GEBAEUDEEINHEIT":"{0161A195-33E8-41ED-A8F7-CD5593D4FBF9}","layer":"swissbuildings3d_3_0_2024_1129-33_2056_5728.gdb — swissBUILDINGS3D_3-0_1129-33.gdb/a0000000b.gdbtable","path":"/vsizip//Users/wulf/Downloads/swissbuildings3d_3_0_2024_1129-33_2056_5728.gdb.zip/swissBUILDINGS3D_3-0_1129-33.gdb/a0000000b.gdbtable|layername=Roof_solid"},"geometry":{"type":"Polygon","coordinates":[[[2641240.594999998807907,1218742.583999998867512,572.635299999994459],[2641229.181000001728535,1218738.635000001639128,572.635299999994459],[2641228.307275858242065,1218741.161257676547393,574.901466386487073],[2641227.846999999135733,1218741.002000000327826,577.696800000005169],[2641225.037999998778105,1218749.120999999344349,578.90559999999823],[2641222.697999998927116,1218755.886,577.696800000005169],[2641223.764252276159823,1218756.254928451264277,574.546270375610902],[2641222.125999998301268,1218760.99100000038743,571.013500000000931],[2641232.473999999463558,1218764.570999998599291,571.213399999993271],[2641234.11254727980122,1218759.835488635580987,573.653358906509197],[2641235.087999999523163,1218760.173000000417233,577.896800000002258],[2641237.429000001400709,1218753.407000001519918,579.10559999999532],[2641240.236999999731779,1218745.289000000804663,577.696800000005169],[2641239.720921536441892,1218745.110434353351593,575.081270323688614],[2641240.594999998807907,1218742.583999998867512,572.635299999994459]]]}},
{"type":"Feature","properties":{"fid":32,"OBJECTID":1,"UUID":"{0241BDAF-FECA-476C-BB76-2B1614C5FEC1}","OBJEKTART":"Gebaeude Einzelhaus","NAME_KOMPLETT":null,"GEBAEUDE_NUTZUNG":null,"GRUND_AENDERUNG":"Verbessert","HERKUNFT":"swisstopo","HERKUNFT_JAHR":2024,"HERKUNFT_MONAT":6,"ORIGINAL_HERKUNFT":"swisstopo","ERSTELLUNG_JAHR":2024,"ERSTELLUNG_MONAT":6,"REVISION_JAHR":2024,"REVISION_MONAT":6,"DATUM_AENDERUNG":"2025-07-08T11:55:40Z","DATUM_ERSTELLUNG":"2025-07-08T11:55:40Z","DACH_MAX":571.05,"DACH_MIN":567.57,"EGID":187524,"GEBAEUDEEINHEIT":"{0161A195-33E8-41ED-A8F7-CD5593D4FBF9}","layer":"swissbuildings3d_3_0_2024_1129-33_2056_5728.gdb — swissBUILDINGS3D_3-0_1129-33.gdb/a0000000b.gdbtable","path":"/vsizip//Users/wulf/Downloads/swissbuildings3d_3_0_2024_1129-33_2056_5728.gdb.zip/swissBUILDINGS3D_3-0_1129-33.gdb/a0000000b.gdbtable|layername=Roof_solid"},"geometry":{"type":"Polygon","coordinates":[[[2641257.734000001102686,1218793.556000001728535,573.525200000003679],[2641251.938000001013279,1218791.605000000447035,576.518899999995483],[2641242.7010000012815,1218788.493999999016523,572.174400000003516],[2641238.765999998897314,1218800.177999999374151,571.974400000006426],[2641248.004000000655651,1218803.287999998778105,576.318899999998393],[2641253.7989999987185,1218805.239999998360872,573.525200000003679],[2641257.734000001102686,1218793.556000001728535,573.525200000003679]]]}},
{"type":"Feature","properties":{"fid":33,"OBJECTID":1,"UUID":"{0241BDAF-FECA-476C-BB76-2B1614C5FEC1}","OBJEKTART":"Gebaeude Einzelhaus","NAME_KOMPLETT":null,"GEBAEUDE_NUTZUNG":null,"GRUND_AENDERUNG":"Verbessert","HERKUNFT":"swisstopo","HERKUNFT_JAHR":2024,"HERKUNFT_MONAT":6,"ORIGINAL_HERKUNFT":"swisstopo","ERSTELLUNG_JAHR":2024,"ERSTELLUNG_MONAT":6,"REVISION_JAHR":2024,"REVISION_MONAT":6,"DATUM_AENDERUNG":"2025-07-08T11:55:40Z","DATUM_ERSTELLUNG":"2025-07-08T11:55:40Z","DACH_MAX":571.05,"DACH_MIN":567.57,"EGID":187524,"GEBAEUDEEINHEIT":"{0161A195-33E8-41ED-A8F7-CD5593D4FBF9}","layer":"swissbuildings3d_3_0_2024_1129-33_2056_5728.gdb — swissBUILDINGS3D_3-0_1129-33.gdb/a0000000b.gdbtable","path":"/vsizip//Users/wulf/Downloads/swissbuildings3d_3_0_2024_1129-33_2056_5728.gdb.zip/swissBUILDINGS3D_3-0_1129-33.gdb/a0000000b.gdbtable|layername=Roof_solid"},"geometry":{"type":"Polygon","coordinates":[[[2641236.822000000625849,1218821.828000001609325,573.796199999997043],[2641236.421999998390675,1218823.026999998837709,573.795199999993201],[2641239.094999998807907,1218823.916000001132488,575.466100000005099],[2641243.337000001221895,1218825.326999999582767,572.697299999999814],[2641243.896999999880791,1218823.64299999922514,572.697299999999814],[2641247.454,1218824.8260000012815,570.008600000001024],[2641249.86600000038743,1218817.572000000625849,570.208599999998114],[2641246.603999998420477,1218816.486999999731779,572.491399999998976],[2641247.146999999880791,1218815.076999999582767,572.444399999993038],[2641242.543000001460314,1218813.546,575.665999999997439],[2641235.614,1218811.241999998688698,570.817500000004657],[2641232.497999999672174,1218820.392000000923872,570.57060000000638],[2641236.822000000625849,1218821.828000001609325,573.796199999997043]]]}},
{"type":"Feature","properties":{"fid":34,"OBJECTID":1,"UUID":"{0241BDAF-FECA-476C-BB76-2B1614C5FEC1}","OBJEKTART":"Gebaeude Einzelhaus","NAME_KOMPLETT":null,"GEBAEUDE_NUTZUNG":null,"GRUND_AENDERUNG":"Verbessert","HERKUNFT":"swisstopo","HERKUNFT_JAHR":2024,"HERKUNFT_MONAT":6,"ORIGINAL_HERKUNFT":"swisstopo","ERSTELLUNG_JAHR":2024,"ERSTELLUNG_MONAT":6,"REVISION_JAHR":2024,"REVISION_MONAT":6,"DATUM_AENDERUNG":"2025-07-08T11:55:40Z","DATUM_ERSTELLUNG":"2025-07-08T11:55:40Z","DACH_MAX":571.05,"DACH_MIN":567.57,"EGID":187524,"GEBAEUDEEINHEIT":"{0161A195-33E8-41ED-A8F7-CD5593D4FBF9}","layer":"swissbuildings3d_3_0_2024_1129-33_2056_5728.gdb — swissBUILDINGS3D_3-0_1129-33.gdb/a0000000b.gdbtable","path":"/vsizip//Users/wulf/Downloads/swissbuildings3d_3_0_2024_1129-33_2056_5728.gdb.zip/swissBUILDINGS3D_3-0_1129-33.gdb/a0000000b.gdbtable|layername=Roof_solid"},"geometry":{"type":"Polygon","coordinates":[[[2641274.085999999195337,1218542.035999998450279,605.97960000000603],[2641280.890999998897314,1218542.975999999791384,612.686000000001513],[2641287.695000000298023,1218543.918000001460314,605.779699999999139],[2641288.739,1218536.364999998360872,605.97960000000603],[2641288.006000000983477,1218536.263999998569489,606.523600000000442],[2641287.037999998778105,1218536.129999998956919,607.556500000006054],[2641286.745077893137932,1218536.089474228443578,607.046395442811672],[2641286.752999998629093,1218536.035999998450279,606.086599999995087],[2641286.982999999076128,1218534.368000000715256,606.086599999995087],[2641287.569739546161145,1218530.120835246052593,607.422429890663579],[2641289.800000000745058,1218530.429000001400709,606.450599999996484],[2641290.844000000506639,1218522.875999998301268,606.450599999996484],[2641288.780504737515002,1218522.590919818729162,607.682409779442878],[2641289.544547247700393,1218517.067937317071483,607.105254092463383],[2641289.545000001788139,1218517.068,607.235499999995227],[2641290.456933015491813,1218510.47367029869929,608.124335882970627],[2641292.340999998152256,1218510.734000001102686,607.506500000003143],[2641293.385000001639128,1218503.181000001728535,607.506399999998393],[2641289.559863373637199,1218502.652541971998289,609.668443240290685],[2641289.98200000077486,1218499.589999999850988,607.835399999996298],[2641286.798000000417233,1218498.135000001639128,607.835399999996298],[2641283.723000001162291,1218496.728999998420477,607.635399999999208],[2641281.686000000685453,1218496.460999999195337,607.835399999996298],[2641280.997560342773795,1218501.46869120770134,608.052777233588813],[2641279.778000000864267,1218501.300000000745058,607.506500000003143],[2641279.054000001400709,1218506.535999998450279,607.556500000006054],[2641278.866457145661116,1218507.89448349759914,608.353041310127537],[2641276.980999998748302,1218507.63399999961257,607.235499999995227],[2641275.936000000685453,1218515.186000000685453,607.035499999998137],[2641275.9367182594724,1218515.186099216341972,607.031256286008556],[2641275.118000000715256,1218521.10700000077486,607.000499999994645],[2641275.644000001251698,1218521.177999999374151,607.334499999997206],[2641276.820000000298023,1218521.337999999523163,608.577399999994668],[2641280.42909499630332,1218521.82863896805793,610.928875818299048],[2641277.18299999833107,1218521.388000000268221,606.250599999999395],[2641276.319259312935174,1218527.631447090534493,607.321418219496763],[2641274.089000001549721,1218527.322999998927116,605.936600000000908],[2641273.045000001788139,1218534.875,606.136599999997998],[2641275.038741060532629,1218535.150736381066963,607.070105263072492],[2641274.085999999195337,1218542.035999998450279,605.97960000000603]]]}},
{"type":"Feature","properties":{"fid":35,"OBJECTID":1,"UUID":"{0241BDAF-FECA-476C-BB76-2B1614C5FEC1}","OBJEKTART":"Gebaeude Einzelhaus","NAME_KOMPLETT":null,"GEBAEUDE_NUTZUNG":null,"GRUND_AENDERUNG":"Verbessert","HERKUNFT":"swisstopo","HERKUNFT_JAHR":2024,"HERKUNFT_MONAT":6,"ORIGINAL_HERKUNFT":"swisstopo","ERSTELLUNG_JAHR":2024,"ERSTELLUNG_MONAT":6,"REVISION_JAHR":2024,"REVISION_MONAT":6,"DATUM_AENDERUNG":"2025-07-08T11:55:40Z","DATUM_ERSTELLUNG":"2025-07-08T11:55:40Z","DACH_MAX":571.05,"DACH_MIN":567.57,"EGID":187524,"GEBAEUDEEINHEIT":"{0161A195-33E8-41ED-A8F7-CD5593D4FBF9}","layer":"swissbuildings3d_3_0_2024_1129-33_2056_5728.gdb — swissBUILDINGS3D_3-0_1129-33.gdb/a0000000b.gdbtable","path":"/vsizip//Users/wulf/Downloads/swissbuildings3d_3_0_2024_1129-33_2056_5728.gdb.zip/swissBUILDINGS3D_3-0_1129-33.gdb/a0000000b.gdbtable|layername=Roof_solid"},"geometry":{"type":"Polygon","coordinates":[[[2641282.842999998480082,1218579.923000000417233,605.758700000005774],[2641283.504999998956919,1218574.675999999046326,605.558699999994133],[2641281.048000000417233,1218574.36600000038743,607.226599999994505],[2641280.026999998837709,1218574.236999999731779,607.686499999996158],[2641279.68279786920175,1218574.193653095513582,607.935833915331045],[2641276.723000001162291,1218573.820000000298023,609.611300000004121],[2641276.5489999987185,1218573.798000000417233,609.715299999996205],[2641269.497999999672174,1218572.905999999493361,605.441699999995762],[2641268.798000000417233,1218578.445999998599291,605.241800000003423],[2641269.632034674752504,1218578.55144272535108,605.566905919978126],[2641269.02268635481596,1218583.371280719060451,604.729145447901146],[2641268.188999999314547,1218583.265999998897314,605.241800000003423],[2641267.464999999850988,1218588.997999999672174,605.241800000003423],[2641274.515000000596046,1218589.888999998569489,609.915299999993294],[2641279.094000000506639,1218590.467999998480082,607.17960000000312],[2641285.36600000038743,1218589.55799999833107,603.558900000003632],[2641286.397999998182058,1218581.388999998569489,603.35899999999674],[2641282.842999998480082,1218579.923000000417233,605.758700000005774]]]}},
{"type":"Feature","properties":{"fid":36,"OBJECTID":1,"UUID":"{0241BDAF-FECA-476C-BB76-2B1614C5FEC1}","OBJEKTART":"Gebaeude Einzelhaus","NAME_KOMPLETT":null,"GEBAEUDE_NUTZUNG":null,"GRUND_AENDERUNG":"Verbessert","HERKUNFT":"swisstopo","HERKUNFT_JAHR":2024,"HERKUNFT_MONAT":6,"ORIGINAL_HERKUNFT":"swisstopo","ERSTELLUNG_JAHR":2024,"ERSTELLUNG_MONAT":6,"REVISION_JAHR":2024,"REVISION_MONAT":6,"DATUM_AENDERUNG":"2025-07-08T11:55:40Z","DATUM_ERSTELLUNG":"2025-07-08T11:55:40Z","DACH_MAX":571.05,"DACH_MIN":567.57,"EGID":187524,"GEBAEUDEEINHEIT":"{0161A195-33E8-41ED-A8F7-CD5593D4FBF9}","layer":"swissbuildings3d_3_0_2024_1129-33_2056_5728.gdb — swissBUILDINGS3D_3-0_1129-33.gdb/a0000000b.gdbtable","path":"/vsizip//Users/wulf/Downloads/swissbuildings3d_3_0_2024_1129-33_2056_5728.gdb.zip/swissBUILDINGS3D_3-0_1129-33.gdb/a0000000b.gdbtable|layername=Roof_solid"},"geometry":{"type":"Polygon","coordinates":[[[2641268.947999998927116,1218621.059999998658895,604.966799999994691],[2641272.258082686923444,1218621.468225822085515,607.224082911548635],[2641272.203000001609325,1218621.659000001847744,608.855400000000373],[2641272.440000001341105,1218622.625999998301268,608.855400000000373],[2641273.129999998956919,1218623.346000000834465,608.855400000000373],[2641274.085999999195337,1218623.624000001698732,608.855400000000373],[2641274.645096181426197,1218623.485766771482304,608.780977620664771],[2641274.813000001013279,1218623.445000000298023,608.805399999997462],[2641275.054999999701977,1218623.386,608.655499999993481],[2641275.776000000536442,1218622.697999998927116,608.855400000000373],[2641275.844000000506639,1218622.458000000566244,608.805399999997462],[2641275.893798024393618,1218622.282242267858237,608.828399469168517],[2641275.99600581638515,1218621.929043188225478,608.338959318839443],[2641279.306000001728535,1218622.337999999523163,605.166800000006333],[2641280.818999998271465,1218610.070999998599291,605.166800000006333],[2641278.920000001788139,1218607.346000000834465,606.340700000000652],[2641278.822000000625849,1218607.333999998867512,606.343699999997625],[2641278.57197575038299,1218607.303367889951915,606.420789411641181],[2641278.571530637331307,1218607.303312975680456,606.461175001995116],[2641278.543031139299273,1218607.299796945648268,604.808405732706433],[2641278.756000000983477,1218605.910999998450279,603.414999999993597],[2641278.379999998956919,1218604.940000001341105,603.214999999996508],[2641278.247999999672174,1218604.600999999791384,603.414999999993597],[2641277.861999999731779,1218604.291999999433756,603.414999999993597],[2641277.379675984848291,1218603.905411375453696,603.302867599336196],[2641277.149999998509884,1218603.721000000834465,603.414999999993597],[2641275.761,1218603.508000001311302,603.414999999993597],[2641274.449999999254942,1218604.01799999922514,603.214999999996508],[2641273.570000000298023,1218605.114,603.414999999993597],[2641273.355999998748302,1218606.504000000655651,603.414999999993597],[2641273.419583169743419,1218606.667800354305655,604.92867657168199],[2641272.989,1218606.614999998360872,606.078699999998207],[2641270.488000001758337,1218608.574000000953674,605.166800000006333],[2641269.840999998152256,1218613.822000000625849,605.166800000006333],[2641268.947999998927116,1218621.059999998658895,604.966799999994691]],[[2641277.11685176147148,1218607.123846845701337,604.624315763840855],[2641276.546595194377005,1218607.053493353305385,605.337627699277846],[2641276.688999999314547,1218607.070999998599291,603.953899999993155],[2641277.11685176147148,1218607.123846845701337,604.624315763840855]],[[2641275.124000001698732,1218620.052999999374151,607.509600000004866],[2641274.168000001460314,1218619.774000000208616,608.855400000000373],[2641274.524999998509884,1218619.877999998629093,607.835500000001048],[2641275.124000001698732,1218620.052999999374151,607.509600000004866]]]}},
{"type":"Feature","properties":{"fid":37,"OBJECTID":1,"UUID":"{0241BDAF-FECA-476C-BB76-2B1614C5FEC1}","OBJEKTART":"Gebaeude Einzelhaus","NAME_KOMPLETT":null,"GEBAEUDE_NUTZUNG":null,"GRUND_AENDERUNG":"Verbessert","HERKUNFT":"swisstopo","HERKUNFT_JAHR":2024,"HERKUNFT_MONAT":6,"ORIGINAL_HERKUNFT":"swisstopo","ERSTELLUNG_JAHR":2024,"ERSTELLUNG_MONAT":6,"REVISION_JAHR":2024,"REVISION_MONAT":6,"DATUM_AENDERUNG":"2025-07-08T11:55:40Z","DATUM_ERSTELLUNG":"2025-07-08T11:55:40Z","DACH_MAX":571.05,"DACH_MIN":567.57,"EGID":187524,"GEBAEUDEEINHEIT":"{0161A195-33E8-41ED-A8F7-CD5593D4FBF9}","layer":"swissbuildings3d_3_0_2024_1129-33_2056_5728.gdb — swissBUILDINGS3D_3-0_1129-33.gdb/a0000000b.gdbtable","path":"/vsizip//Users/wulf/Downloads/swissbuildings3d_3_0_2024_1129-33_2056_5728.gdb.zip/swissBUILDINGS3D_3-0_1129-33.gdb/a0000000b.gdbtable|layername=Roof_solid"},"geometry":{"type":"Polygon","coordinates":[[[2641261.473999999463558,1218610.030000001192093,607.835500000001048],[2641262.140000000596046,1218604.627999998629093,603.946899999995367],[2641249.894999999552965,1218603.118000000715256,603.946899999995367],[2641249.228999998420477,1218608.519999999552965,607.835500000001048],[2641248.903000000864267,1218611.1739999987185,607.835500000001048],[2641248.236000001430511,1218616.5760000012815,604.146900000007008],[2641260.480999998748302,1218618.085999999195337,604.146900000007008],[2641261.147999998182058,1218612.684000000357628,607.635599999994156],[2641261.473999999463558,1218610.030000001192093,607.835500000001048]]]}},
{"type":"Feature","properties":{"fid":38,"OBJECTID":1,"UUID":"{0241BDAF-FECA-476C-BB76-2B1614C5FEC1}","OBJEKTART":"Gebaeude Einzelhaus","NAME_KOMPLETT":null,"GEBAEUDE_NUTZUNG":null,"GRUND_AENDERUNG":"Verbessert","HERKUNFT":"swisstopo","HERKUNFT_JAHR":2024,"HERKUNFT_MONAT":6,"ORIGINAL_HERKUNFT":"swisstopo","ERSTELLUNG_JAHR":2024,"ERSTELLUNG_MONAT":6,"REVISION_JAHR":2024,"REVISION_MONAT":6,"DATUM_AENDERUNG":"2025-07-08T11:55:40Z","DATUM_ERSTELLUNG":"2025-07-08T11:55:40Z","DACH_MAX":571.05,"DACH_MIN":567.57,"EGID":187524,"GEBAEUDEEINHEIT":"{0161A195-33E8-41ED-A8F7-CD5593D4FBF9}","layer":"swissbuildings3d_3_0_2024_1129-33_2056_5728.gdb — swissBUILDINGS3D_3-0_1129-33.gdb/a0000000b.gdbtable","path":"/vsizip//Users/wulf/Downloads/swissbuildings3d_3_0_2024_1129-33_2056_5728.gdb.zip/swissBUILDINGS3D_3-0_1129-33.gdb/a0000000b.gdbtable|layername=Roof_solid"},"geometry":{"type":"Polygon","coordinates":[[[2641267.028999999165535,1218645.114,602.31710000000021],[2641264.449000000953674,1218644.774000000208616,602.31710000000021],[2641259.534000001847744,1218644.125999998301268,602.117199999993318],[2641257.675999999046326,1218643.881000000983477,602.16710000000603],[2641248.322999998927116,1218642.647999998182058,602.31710000000021],[2641246.934999998658895,1218653.166000001132488,602.31710000000021],[2641265.640999998897314,1218655.63399999961257,602.31710000000021],[2641266.554000001400709,1218648.714999999850988,602.117199999993318],[2641266.731969883199781,1218647.36556954216212,602.181993519661773],[2641266.927999999374151,1218645.881000000983477,602.16710000000603],[2641267.028999999165535,1218645.114,602.31710000000021]]]}},
{"type":"Feature","properties":{"fid":39,"OBJECTID":1,"UUID":"{0241BDAF-FECA-476C-BB76-2B1614C5FEC1}","OBJEKTART":"Gebaeude Einzelhaus","NAME_KOMPLETT":null,"GEBAEUDE_NUTZUNG":null,"GRUND_AENDERUNG":"Verbessert","HERKUNFT":"swisstopo","HERKUNFT_JAHR":2024,"HERKUNFT_MONAT":6,"ORIGINAL_HERKUNFT":"swisstopo","ERSTELLUNG_JAHR":2024,"ERSTELLUNG_MONAT":6,"REVISION_JAHR":2024,"REVISION_MONAT":6,"DATUM_AENDERUNG":"2025-07-08T11:55:40Z","DATUM_ERSTELLUNG":"2025-07-08T11:55:40Z","DACH_MAX":571.05,"DACH_MIN":567.57,"EGID":187524,"GEBAEUDEEINHEIT":"{0161A195-33E8-41ED-A8F7-CD5593D4FBF9}","layer":"swissbuildings3d_3_0_2024_1129-33_2056_5728.gdb — swissBUILDINGS3D_3-0_1129-33.gdb/a0000000b.gdbtable","path":"/vsizip//Users/wulf/Downloads/swissbuildings3d_3_0_2024_1129-33_2056_5728.gdb.zip/swissBUILDINGS3D_3-0_1129-33.gdb/a0000000b.gdbtable|layername=Roof_solid"},"geometry":{"type":"Polygon","coordinates":[[[2641289.015999998897314,1218699.543000001460314,598.531600000002072],[2641288.765000000596046,1218701.802999999374151,598.531600000002072],[2641293.995999999344349,1218702.385000001639128,598.531600000002072],[2641295.703000001609325,1218687.056000001728535,598.331600000004983],[2641290.675999999046326,1218686.497999999672174,598.331600000004983],[2641290.497999999672174,1218688.105999998748302,598.331600000004983],[2641282.089999999850988,1218687.170000001788139,598.331600000004983],[2641282.269000001251698,1218685.561000000685453,598.331600000004983],[2641275.1739999987185,1218684.771000001579523,598.531600000002072],[2641274.673000000417233,1218689.269999999552965,598.531600000002072],[2641277.664000000804663,1218689.603000000119209,598.531600000002072],[2641277.4510000012815,1218691.510000001639128,598.531600000002072],[2641281.888999998569489,1218692.004000000655651,598.531600000002072],[2641281.695999998599291,1218693.732999999076128,598.531600000002072],[2641281.914000000804663,1218693.761999998241663,598.531600000002072],[2641285.550999999046326,1218694.162999998778105,598.531600000002072],[2641285.000999998301268,1218699.094999998807907,598.531600000002072],[2641289.015999998897314,1218699.543000001460314,598.531600000002072]]]}},
{"type":"Feature","properties":{"fid":40,"OBJECTID":1,"UUID":"{0241BDAF-FECA-476C-BB76-2B1614C5FEC1}","OBJEKTART":"Gebaeude Einzelhaus","NAME_KOMPLETT":null,"GEBAEUDE_NUTZUNG":null,"GRUND_AENDERUNG":"Verbessert","HERKUNFT":"swisstopo","HERKUNFT_JAHR":2024,"HERKUNFT_MONAT":6,"ORIGINAL_HERKUNFT":"swisstopo","ERSTELLUNG_JAHR":2024,"ERSTELLUNG_MONAT":6,"REVISION_JAHR":2024,"REVISION_MONAT":6,"DATUM_AENDERUNG":"2025-07-08T11:55:40Z","DATUM_ERSTELLUNG":"2025-07-08T11:55:40Z","DACH_MAX":571.05,"DACH_MIN":567.57,"EGID":187524,"GEBAEUDEEINHEIT":"{0161A195-33E8-41ED-A8F7-CD5593D4FBF9}","layer":"swissbuildings3d_3_0_2024_1129-33_2056_5728.gdb — swissBUILDINGS3D_3-0_1129-33.gdb/a0000000b.gdbtable","path":"/vsizip//Users/wulf/Downloads/swissbuildings3d_3_0_2024_1129-33_2056_5728.gdb.zip/swissBUILDINGS3D_3-0_1129-33.gdb/a0000000b.gdbtable|layername=Roof_solid"},"geometry":{"type":"Polygon","coordinates":[[[2641260.269000001251698,1218764.899000000208616,576.396900000007008],[2641252.949000000953674,1218762.361000001430511,571.708400000003166],[2641249.383000001311302,1218772.653999999165535,571.708400000003166],[2641255.337999999523163,1218774.715999998152256,575.48399999999674],[2641255.081000000238419,1218775.458000000566244,575.68399999999383],[2641256.445999998599291,1218775.931000001728535,576.396900000007008],[2641260.41499999910593,1218777.306000001728535,574.084099999992759],[2641260.708000000566244,1218776.460999999195337,573.885200000004261],[2641263.848999999463558,1218777.550000000745058,572.095300000000861],[2641267.379000000655651,1218767.361000001430511,572.095300000000861],[2641260.269000001251698,1218764.899000000208616,576.396900000007008]]]}},
{"type":"Feature","properties":{"fid":41,"OBJECTID":1,"UUID":"{0241BDAF-FECA-476C-BB76-2B1614C5FEC1}","OBJEKTART":"Gebaeude Einzelhaus","NAME_KOMPLETT":null,"GEBAEUDE_NUTZUNG":null,"GRUND_AENDERUNG":"Verbessert","HERKUNFT":"swisstopo","HERKUNFT_JAHR":2024,"HERKUNFT_MONAT":6,"ORIGINAL_HERKUNFT":"swisstopo","ERSTELLUNG_JAHR":2024,"ERSTELLUNG_MONAT":6,"REVISION_JAHR":2024,"REVISION_MONAT":6,"DATUM_AENDERUNG":"2025-07-08T11:55:40Z","DATUM_ERSTELLUNG":"2025-07-08T11:55:40Z","DACH_MAX":571.05,"DACH_MIN":567.57,"EGID":187524,"GEBAEUDEEINHEIT":"{0161A195-33E8-41ED-A8F7-CD5593D4FBF9}","layer":"swissbuildings3d_3_0_2024_1129-33_2056_5728.gdb — swissBUILDINGS3D_3-0_1129-33.gdb/a0000000b.gdbtable","path":"/vsizip//Users/wulf/Downloads/swissbuildings3d_3_0_2024_1129-33_2056_5728.gdb.zip/swissBUILDINGS3D_3-0_1129-33.gdb/a0000000b.gdbtable|layername=Roof_solid"},"geometry":{"type":"Polygon","coordinates":[[[2641284.045000001788139,1218779.646000001579523,571.239400000005844],[2641279.833682654425502,1218791.733507050666958,571.106449999999313],[2641270.065000001341105,1218788.329999998211861,570.973499999992782],[2641268.695999998599291,1218792.25899999961257,571.173500000004424],[2641278.822000000625849,1218795.787000000476837,571.173500000004424],[2641279.724279471673071,1218793.197477687848732,571.311986601476292],[2641282.750999998301268,1218794.252000000327826,574.487099999998463],[2641286.625,1218795.602000001817942,574.287100000001374],[2641290.00899999961257,1218796.780999999493361,571.239400000005844],[2641294.686999998986721,1218783.353999998420477,571.239400000005844],[2641291.421,1218782.215999998152256,574.381099999998696],[2641287.311999998986721,1218780.784000001847744,574.381099999998696],[2641284.045000001788139,1218779.646000001579523,571.239400000005844]]]}},
{"type":"Feature","properties":{"fid":42,"OBJECTID":1,"UUID":"{0241BDAF-FECA-476C-BB76-2B1614C5FEC1}","OBJEKTART":"Gebaeude Einzelhaus","NAME_KOMPLETT":null,"GEBAEUDE_NUTZUNG":null,"GRUND_AENDERUNG":"Verbessert","HERKUNFT":"swisstopo","HERKUNFT_JAHR":2024,"HERKUNFT_MONAT":6,"ORIGINAL_HERKUNFT":"swisstopo","ERSTELLUNG_JAHR":2024,"ERSTELLUNG_MONAT":6,"REVISION_JAHR":2024,"REVISION_MONAT":6,"DATUM_AENDERUNG":"2025-07-08T11:55:40Z","DATUM_ERSTELLUNG":"2025-07-08T11:55:40Z","DACH_MAX":571.05,"DACH_MIN":567.57,"EGID":187524,"GEBAEUDEEINHEIT":"{0161A195-33E8-41ED-A8F7-CD5593D4FBF9}","layer":"swissbuildings3d_3_0_2024_1129-33_2056_5728.gdb — swissBUILDINGS3D_3-0_1129-33.gdb/a0000000b.gdbtable","path":"/vsizip//Users/wulf/Downloads/swissbuildings3d_3_0_2024_1129-33_2056_5728.gdb.zip/swissBUILDINGS3D_3-0_1129-33.gdb/a0000000b.gdbtable|layername=Roof_solid"},"geometry":{"type":"Polygon","coordinates":[[[2641274.140999998897314,1218813.75899999961257,580.95350000000326],[2641268.175000000745058,1218830.681000001728535,581.153500000000349],[2641269.734000001102686,1218831.230999998748302,580.95350000000326],[2641281.888999998569489,1218835.51799999922514,583.899199999999837],[2641284.91499999910593,1218836.58500000089407,580.95350000000326],[2641290.883000001311302,1218819.664000000804663,581.1533999999956],[2641285.157000001519918,1218817.644999999552965,580.95350000000326],[2641274.140999998897314,1218813.75899999961257,580.95350000000326]],[[2641279.974909940734506,1218816.463259976590052,582.389526388813579],[2641275.499000001698732,1218814.885000001639128,583.899199999999837],[2641279.975000001490116,1218816.462999999523163,580.95350000000326],[2641279.974909940734506,1218816.463259976590052,582.389526388813579]],[[2641284.958000000566244,1218818.219999998807907,581.1533999999956],[2641287.653999999165535,1218819.171,583.699200000002747],[2641284.957889819517732,1218818.220318944659084,582.448448878590852],[2641284.958000000566244,1218818.219999998807907,581.1533999999956]]]}},
{"type":"Feature","properties":{"fid":43,"OBJECTID":1,"UUID":"{0241BDAF-FECA-476C-BB76-2B1614C5FEC1}","OBJEKTART":"Gebaeude Einzelhaus","NAME_KOMPLETT":null,"GEBAEUDE_NUTZUNG":null,"GRUND_AENDERUNG":"Verbessert","HERKUNFT":"swisstopo","HERKUNFT_JAHR":2024,"HERKUNFT_MONAT":6,"ORIGINAL_HERKUNFT":"swisstopo","ERSTELLUNG_JAHR":2024,"ERSTELLUNG_MONAT":6,"REVISION_JAHR":2024,"REVISION_MONAT":6,"DATUM_AENDERUNG":"2025-07-08T11:55:40Z","DATUM_ERSTELLUNG":"2025-07-08T11:55:40Z","DACH_MAX":571.05,"DACH_MIN":567.57,"EGID":187524,"GEBAEUDEEINHEIT":"{0161A195-33E8-41ED-A8F7-CD5593D4FBF9}","layer":"swissbuildings3d_3_0_2024_1129-33_2056_5728.gdb — swissBUILDINGS3D_3-0_1129-33.gdb/a0000000b.gdbtable","path":"/vsizip//Users/wulf/Downloads/swissbuildings3d_3_0_2024_1129-33_2056_5728.gdb.zip/swissBUILDINGS3D_3-0_1129-33.gdb/a0000000b.gdbtable|layername=Roof_solid"},"geometry":{"type":"Polygon","coordinates":[[[2641289.579,1218347.175999999046326,625.057499999995343],[2641288.503890911582857,1218349.53748166654259,625.153171884117796],[2641283.868999999016523,1218359.715999998152256,625.207500000004075],[2641290.153999999165535,1218362.579,631.835800000000745],[2641298.284000001847744,1218366.280000001192093,624.266600000002654],[2641305.896000001579523,1218349.559000000357628,624.266600000002654],[2641297.76799999922514,1218345.857999999076128,632.035799999997835],[2641291.482999999076128,1218342.995999999344349,625.007500000006985],[2641291.181000001728535,1218343.659000001847744,625.207500000004075],[2641289.579,1218347.175999999046326,625.057499999995343]]]}},
{"type":"Feature","properties":{"fid":44,"OBJECTID":1,"UUID":"{0241BDAF-FECA-476C-BB76-2B1614C5FEC1}","OBJEKTART":"Gebaeude Einzelhaus","NAME_KOMPLETT":null,"GEBAEUDE_NUTZUNG":null,"GRUND_AENDERUNG":"Verbessert","HERKUNFT":"swisstopo","HERKUNFT_JAHR":2024,"HERKUNFT_MONAT":6,"ORIGINAL_HERKUNFT":"swisstopo","ERSTELLUNG_JAHR":2024,"ERSTELLUNG_MONAT":6,"REVISION_JAHR":2024,"REVISION_MONAT":6,"DATUM_AENDERUNG":"2025-07-08T11:55:40Z","DATUM_ERSTELLUNG":"2025-07-08T11:55:40Z","DACH_MAX":571.05,"DACH_MIN":567.57,"EGID":187524,"GEBAEUDEEINHEIT":"{0161A195-33E8-41ED-A8F7-CD5593D4FBF9}","layer":"swissbuildings3d_3_0_2024_1129-33_2056_5728.gdb — swissBUILDINGS3D_3-0_1129-33.gdb/a0000000b.gdbtable","path":"/vsizip//Users/wulf/Downloads/swissbuildings3d_3_0_2024_1129-33_2056_5728.gdb.zip/swissBUILDINGS3D_3-0_1129-33.gdb/a0000000b.gdbtable|layername=Roof_solid"},"geometry":{"type":"Polygon","coordinates":[[[2641291.673000000417233,1218385.660999998450279,622.067800000004354],[2641294.146999999880791,1218386.570000000298023,621.917799999995623],[2641296.743223137687892,1218387.523554124403745,621.955299999964836],[2641299.427999999374151,1218388.510000001639128,621.867800000007264],[2641301.094999998807907,1218383.971000000834465,625.442500000004657],[2641302.609999999403954,1218379.850000001490116,622.382800000006682],[2641292.0489999987185,1218375.969999998807907,622.382800000006682],[2641290.534000001847744,1218380.090999998152256,625.442500000004657],[2641288.86600000038743,1218384.629999998956919,622.067800000004354],[2641291.673000000417233,1218385.660999998450279,622.067800000004354]]]}},
{"type":"Feature","properties":{"fid":45,"OBJECTID":1,"UUID":"{0241BDAF-FECA-476C-BB76-2B1614C5FEC1}","OBJEKTART":"Gebaeude Einzelhaus","NAME_KOMPLETT":null,"GEBAEUDE_NUTZUNG":null,"GRUND_AENDERUNG":"Verbessert","HERKUNFT":"swisstopo","HERKUNFT_JAHR":2024,"HERKUNFT_MONAT":6,"ORIGINAL_HERKUNFT":"swisstopo","ERSTELLUNG_JAHR":2024,"ERSTELLUNG_MONAT":6,"REVISION_JAHR":2024,"REVISION_MONAT":6,"DATUM_AENDERUNG":"2025-07-08T11:55:40Z","DATUM_ERSTELLUNG":"2025-07-08T11:55:40Z","DACH_MAX":571.05,"DACH_MIN":567.57,"EGID":187524,"GEBAEUDEEINHEIT":"{0161A195-33E8-41ED-A8F7-CD5593D4FBF9}","layer":"swissbuildings3d_3_0_2024_1129-33_2056_5728.gdb — swissBUILDINGS3D_3-0_1129-33.gdb/a0000000b.gdbtable","path":"/vsizip//Users/wulf/Downloads/swissbuildings3d_3_0_2024_1129-33_2056_5728.gdb.zip/swissBUILDINGS3D_3-0_1129-33.gdb/a0000000b.gdbtable|layername=Roof_solid"},"geometry":{"type":"Polygon","coordinates":[[[2641324.545000001788139,1218449.094999998807907,614.909599999999045],[2641324.868999999016523,1218449.184999998658895,614.709600000001956],[2641326.0,1218449.524000000208616,614.709600000001956],[2641328.429000001400709,1218441.285000000149012,614.909599999999045],[2641319.896000001579523,1218438.769000001251698,614.909599999999045],[2641319.149057125207037,1218441.30180629552342,616.162422896881822],[2641314.592999998480082,1218439.958999998867512,617.735300000000279],[2641313.610282942187041,1218443.291642463300377,616.25510594197408],[2641314.135000001639128,1218441.511999998241663,614.832599999994272],[2641310.269999999552965,1218440.372999999672174,614.832599999994272],[2641307.320999998599291,1218450.372999999672174,614.632599999997183],[2641311.186058769933879,1218451.512800699099898,616.083951724954204],[2641311.186000000685453,1218451.513000000268221,617.53530000000319],[2641317.510996598750353,1218453.37799899559468,616.891374973998836],[2641322.820999998599291,1218454.943999998271465,614.909599999999045],[2641324.545000001788139,1218449.094999998807907,614.909599999999045]],[[2641318.875,1218453.416999999433756,614.909599999999045],[2641318.874520794022828,1218453.416862115263939,616.319558283140395],[2641322.18299999833107,1218442.195999998599291,617.53530000000319],[2641318.875,1218453.416999999433756,614.909599999999045]]]}},
{"type":"Feature","properties":{"fid":46,"OBJECTID":1,"UUID":"{0241BDAF-FECA-476C-BB76-2B1614C5FEC1}","OBJEKTART":"Gebaeude Einzelhaus","NAME_KOMPLETT":null,"GEBAEUDE_NUTZUNG":null,"GRUND_AENDERUNG":"Verbessert","HERKUNFT":"swisstopo","HERKUNFT_JAHR":2024,"HERKUNFT_MONAT":6,"ORIGINAL_HERKUNFT":"swisstopo","ERSTELLUNG_JAHR":2024,"ERSTELLUNG_MONAT":6,"REVISION_JAHR":2024,"REVISION_MONAT":6,"DATUM_AENDERUNG":"2025-07-08T11:55:40Z","DATUM_ERSTELLUNG":"2025-07-08T11:55:40Z","DACH_MAX":571.05,"DACH_MIN":567.57,"EGID":187524,"GEBAEUDEEINHEIT":"{0161A195-33E8-41ED-A8F7-CD5593D4FBF9}","layer":"swissbuildings3d_3_0_2024_1129-33_2056_5728.gdb — swissBUILDINGS3D_3-0_1129-33.gdb/a0000000b.gdbtable","path":"/vsizip//Users/wulf/Downloads/swissbuildings3d_3_0_2024_1129-33_2056_5728.gdb.zip/swissBUILDINGS3D_3-0_1129-33.gdb/a0000000b.gdbtable|layername=Roof_solid"},"geometry":{"type":"Polygon","coordinates":[[[2641328.75899999961257,1218495.480000000447035,610.044099999999162],[2641329.693999998271465,1218489.478000000119209,615.773499999995693],[2641330.629000000655651,1218483.475999999791384,610.044099999999162],[2641322.561999998986721,1218482.219000000506639,609.994099999996251],[2641320.639999661594629,1218481.919581849360839,610.549747354806641],[2641320.960999999195337,1218479.859000001102686,610.35910000000149],[2641310.941946001723409,1218478.299187269993126,611.073720803102447],[2641311.234999999403954,1218476.418000001460314,610.6731],[2641299.480999998748302,1218474.587999999523163,610.473100000002887],[2641299.247000001370907,1218476.087999999523163,612.054900000002817],[2641299.013000000268221,1218477.589000001549721,613.386799999992945],[2641298.546,1218480.589999999850988,616.200500000006286],[2641297.844999998807907,1218485.092000000178814,611.954899999996996],[2641297.708000000566244,1218485.971000000834465,611.216000000000349],[2641297.611000001430511,1218486.592999998480082,610.6731],[2641307.630978246685117,1218488.152985647553578,611.322036355915429],[2641307.337999999523163,1218490.034000001847744,610.35910000000149],[2641316.648423986975104,1218491.484315653564408,610.584202433806468],[2641317.325913667213172,1218491.589974509784952,611.127080573597141],[2641317.004999998956919,1218493.649999998509884,610.044099999999162],[2641328.75899999961257,1218495.480000000447035,610.044099999999162]]]}},
{"type":"Feature","properties":{"fid":47,"OBJECTID":1,"UUID":"{0241BDAF-FECA-476C-BB76-2B1614C5FEC1}","OBJEKTART":"Gebaeude Einzelhaus","NAME_KOMPLETT":null,"GEBAEUDE_NUTZUNG":null,"GRUND_AENDERUNG":"Verbessert","HERKUNFT":"swisstopo","HERKUNFT_JAHR":2024,"HERKUNFT_MONAT":6,"ORIGINAL_HERKUNFT":"swisstopo","ERSTELLUNG_JAHR":2024,"ERSTELLUNG_MONAT":6,"REVISION_JAHR":2024,"REVISION_MONAT":6,"DATUM_AENDERUNG":"2025-07-08T11:55:40Z","DATUM_ERSTELLUNG":"2025-07-08T11:55:40Z","DACH_MAX":571.05,"DACH_MIN":567.57,"EGID":187524,"GEBAEUDEEINHEIT":"{0161A195-33E8-41ED-A8F7-CD5593D4FBF9}","layer":"swissbuildings3d_3_0_2024_1129-33_2056_5728.gdb — swissBUILDINGS3D_3-0_1129-33.gdb/a0000000b.gdbtable","path":"/vsizip//Users/wulf/Downloads/swissbuildings3d_3_0_2024_1129-33_2056_5728.gdb.zip/swissBUILDINGS3D_3-0_1129-33.gdb/a0000000b.gdbtable|layername=Roof_solid"},"geometry":{"type":"Polygon","coordinates":[[[2641319.630951820872724,1218531.695876580663025,607.520047223879601],[2641321.579,1218531.964999999850988,606.826499999995576],[2641322.644000001251698,1218524.263999998569489,606.826499999995576],[2641320.543262481223792,1218523.973782503046095,607.973166067744387],[2641320.725000001490116,1218522.659000001847744,606.990499999999884],[2641321.177000001072884,1218519.388999998569489,606.990499999999884],[2641321.315817138180137,1218518.384725577197969,608.247170445051438],[2641323.328000001609325,1218518.662999998778105,607.333499999993364],[2641324.390999998897314,1218510.960999999195337,607.333499999993364],[2641317.471000000834465,1218510.004999998956919,614.082800000003772],[2641310.552999999374151,1218509.0489999987185,607.533400000000256],[2641309.62001339206472,1218515.796250985004008,608.318140895218903],[2641307.607999999076128,1218515.51799999922514,607.140499999994063],[2641306.543999999761581,1218523.219999998807907,607.140499999994063],[2641308.643675959203392,1218523.510112763382494,607.273179706920246],[2641308.530000001192093,1218524.331999998539686,606.676500000001397],[2641308.078000001609325,1218527.600999999791384,606.676500000001397],[2641307.864054081961513,1218529.147847934393212,607.124156379897613],[2641305.918000001460314,1218528.879000000655651,606.513600000005681],[2641304.853000000119209,1218536.579999998211861,606.513600000005681],[2641311.772999998182058,1218537.537999998778105,613.062900000004447],[2641318.693,1218538.493999999016523,606.31359999999404],[2641319.630951820872724,1218531.695876580663025,607.520047223879601]]]}},
{"type":"Feature","properties":{"fid":48,"OBJECTID":1,"UUID":"{0241BDAF-FECA-476C-BB76-2B1614C5FEC1}","OBJEKTART":"Gebaeude Einzelhaus","NAME_KOMPLETT":null,"GEBAEUDE_NUTZUNG":null,"GRUND_AENDERUNG":"Verbessert","HERKUNFT":"swisstopo","HERKUNFT_JAHR":2024,"HERKUNFT_MONAT":6,"ORIGINAL_HERKUNFT":"swisstopo","ERSTELLUNG_JAHR":2024,"ERSTELLUNG_MONAT":6,"REVISION_JAHR":2024,"REVISION_MONAT":6,"DATUM_AENDERUNG":"2025-07-08T11:55:40Z","DATUM_ERSTELLUNG":"2025-07-08T11:55:40Z","DACH_MAX":571.05,"DACH_MIN":567.57,"EGID":187524,"GEBAEUDEEINHEIT":"{0161A195-33E8-41ED-A8F7-CD5593D4FBF9}","layer":"swissbuildings3d_3_0_2024_1129-33_2056_5728.gdb — swissBUILDINGS3D_3-0_1129-33.gdb/a0000000b.gdbtable","path":"/vsizip//Users/wulf/Downloads/swissbuildings3d_3_0_2024_1129-33_2056_5728.gdb.zip/swissBUILDINGS3D_3-0_1129-33.gdb/a0000000b.gdbtable|layername=Roof_solid"},"geometry":{"type":"Polygon","coordinates":[[[2641310.568,1218580.508000001311302,603.943899999998393],[2641312.065000001341105,1218567.230000000447035,603.743900000001304],[2641308.403000000864267,1218566.815999999642372,606.646599999992759],[2641303.96000000089407,1218566.315999999642372,606.646599999992759],[2641300.298000000417233,1218565.903000000864267,603.943899999998393],[2641298.800000000745058,1218579.181000001728535,603.943899999998393],[2641302.462999999523163,1218579.594000000506639,606.8466000000044],[2641306.905999999493361,1218580.094999998807907,606.646599999992759],[2641310.568,1218580.508000001311302,603.943899999998393]]]}},
{"type":"Feature","properties":{"fid":49,"OBJECTID":1,"UUID":"{0241BDAF-FECA-476C-BB76-2B1614C5FEC1}","OBJEKTART":"Gebaeude Einzelhaus","NAME_KOMPLETT":null,"GEBAEUDE_NUTZUNG":null,"GRUND_AENDERUNG":"Verbessert","HERKUNFT":"swisstopo","HERKUNFT_JAHR":2024,"HERKUNFT_MONAT":6,"ORIGINAL_HERKUNFT":"swisstopo","ERSTELLUNG_JAHR":2024,"ERSTELLUNG_MONAT":6,"REVISION_JAHR":2024,"REVISION_MONAT":6,"DATUM_AENDERUNG":"2025-07-08T11:55:40Z","DATUM_ERSTELLUNG":"2025-07-08T11:55:40Z","DACH_MAX":571.05,"DACH_MIN":567.57,"EGID":187524,"GEBAEUDEEINHEIT":"{0161A195-33E8-41ED-A8F7-CD5593D4FBF9}","layer":"swissbuildings3d_3_0_2024_1129-33_2056_5728.gdb — swissBUILDINGS3D_3-0_1129-33.gdb/a0000000b.gdbtable","path":"/vsizip//Users/wulf/Downloads/swissbuildings3d_3_0_2024_1129-33_2056_5728.gdb.zip/swissBUILDINGS3D_3-0_1129-33.gdb/a0000000b.gdbtable|layername=Roof_solid"},"geometry":{"type":"Polygon","coordinates":[[[2641292.425999999046326,1218598.784000001847744,605.904699999999139],[2641291.720067047979683,1218604.437383381882682,606.409413446481722],[2641289.901000000536442,1218604.21000000089407,605.826700000005076],[2641288.089999999850988,1218618.708000000566244,605.626799999998184],[2641295.690000001341105,1218619.657999999821186,612.261100000003353],[2641303.28999999910593,1218620.605999998748302,605.826700000005076],[2641303.342999998480082,1218620.184000000357628,605.776700000002165],[2641303.521538010332733,1218618.751410994445905,605.753494736862876],[2641303.897999998182058,1218615.736000001430511,605.826700000005076],[2641303.897999998182058,1218615.73570809001103,606.740231159579025],[2641306.085999999195337,1218616.00899999961257,605.904699999999139],[2641307.995999999344349,1218600.728999998420477,605.904699999999139],[2641300.109000001102686,1218599.743999999016523,612.219100000002072],[2641292.425999999046326,1218598.784000001847744,605.904699999999139]],[[2641293.886,1218604.708000000566244,607.541500000006636],[2641294.757001913618296,1218604.817000239621848,608.814162668893346],[2641293.885984773747623,1218604.708123097196221,608.371008420994031],[2641293.886,1218604.708000000566244,607.541500000006636]]]}},
{"type":"Feature","properties":{"fid":50,"OBJECTID":1,"UUID":"{0241BDAF-FECA-476C-BB76-2B1614C5FEC1}","OBJEKTART":"Gebaeude Einzelhaus","NAME_KOMPLETT":null,"GEBAEUDE_NUTZUNG":null,"GRUND_AENDERUNG":"Verbessert","HERKUNFT":"swisstopo","HERKUNFT_JAHR":2024,"HERKUNFT_MONAT":6,"ORIGINAL_HERKUNFT":"swisstopo","ERSTELLUNG_JAHR":2024,"ERSTELLUNG_MONAT":6,"REVISION_JAHR":2024,"REVISION_MONAT":6,"DATUM_AENDERUNG":"2025-07-08T11:55:40Z","DATUM_ERSTELLUNG":"2025-07-08T11:55:40Z","DACH_MAX":571.05,"DACH_MIN":567.57,"EGID":187524,"GEBAEUDEEINHEIT":"{0161A195-33E8-41ED-A8F7-CD5593D4FBF9}","layer":"swissbuildings3d_3_0_2024_1129-33_2056_5728.gdb — swissBUILDINGS3D_3-0_1129-33.gdb/a0000000b.gdbtable","path":"/vsizip//Users/wulf/Downloads/swissbuildings3d_3_0_2024_1129-33_2056_5728.gdb.zip/swissBUILDINGS3D_3-0_1129-33.gdb/a0000000b.gdbtable|layername=Roof_solid"},"geometry":{"type":"Polygon","coordinates":[[[2641312.493999999016523,1218630.320000000298023,606.885599999994156],[2641331.107999999076128,1218632.574999999254942,606.685599999997066],[2641333.379999998956919,1218613.811000000685453,606.885599999994156],[2641314.765999998897314,1218611.55799999833107,606.685599999997066],[2641312.493999999016523,1218630.320000000298023,606.885599999994156]]]}},
{"type":"Feature","properties":{"fid":51,"OBJECTID":1,"UUID":"{0241BDAF-FECA-476C-BB76-2B1614C5FEC1}","OBJEKTART":"Gebaeude Einzelhaus","NAME_KOMPLETT":null,"GEBAEUDE_NUTZUNG":null,"GRUND_AENDERUNG":"Verbessert","HERKUNFT":"swisstopo","HERKUNFT_JAHR":2024,"HERKUNFT_MONAT":6,"ORIGINAL_HERKUNFT":"swisstopo","ERSTELLUNG_JAHR":2024,"ERSTELLUNG_MONAT":6,"REVISION_JAHR":2024,"REVISION_MONAT":6,"DATUM_AENDERUNG":"2025-07-08T11:55:40Z","DATUM_ERSTELLUNG":"2025-07-08T11:55:40Z","DACH_MAX":571.05,"DACH_MIN":567.57,"EGID":187524,"GEBAEUDEEINHEIT":"{0161A195-33E8-41ED-A8F7-CD5593D4FBF9}","layer":"swissbuildings3d_3_0_2024_1129-33_2056_5728.gdb — swissBUILDINGS3D_3-0_1129-33.gdb/a0000000b.gdbtable","path":"/vsizip//Users/wulf/Downloads/swissbuildings3d_3_0_2024_1129-33_2056_5728.gdb.zip/swissBUILDINGS3D_3-0_1129-33.gdb/a0000000b.gdbtable|layername=Roof_solid"},"geometry":{"type":"Polygon","coordinates":[[[2641283.708999998867512,1218661.00899999961257,605.005900000003749],[2641283.219999998807907,1218665.225999999791384,601.196299999995972],[2641293.881000000983477,1218666.460999999195337,601.396200000002864],[2641294.370000001043081,1218662.243999999016523,604.805900000006659],[2641294.820999998599291,1218658.339000001549721,605.005900000003749],[2641295.309999998658895,1218654.120999999344349,601.396200000002864],[2641284.649000000208616,1218652.888000000268221,601.396200000002864],[2641284.160999998450279,1218657.105000000447035,604.805900000006659],[2641283.708999998867512,1218661.00899999961257,605.005900000003749]]]}},
{"type":"Feature","properties":{"fid":52,"OBJECTID":1,"UUID":"{0241BDAF-FECA-476C-BB76-2B1614C5FEC1}","OBJEKTART":"Gebaeude Einzelhaus","NAME_KOMPLETT":null,"GEBAEUDE_NUTZUNG":null,"GRUND_AENDERUNG":"Verbessert","HERKUNFT":"swisstopo","HERKUNFT_JAHR":2024,"HERKUNFT_MONAT":6,"ORIGINAL_HERKUNFT":"swisstopo","ERSTELLUNG_JAHR":2024,"ERSTELLUNG_MONAT":6,"REVISION_JAHR":2024,"REVISION_MONAT":6,"DATUM_AENDERUNG":"2025-07-08T11:55:40Z","DATUM_ERSTELLUNG":"2025-07-08T11:55:40Z","DACH_MAX":571.05,"DACH_MIN":567.57,"EGID":187524,"GEBAEUDEEINHEIT":"{0161A195-33E8-41ED-A8F7-CD5593D4FBF9}","layer":"swissbuildings3d_3_0_2024_1129-33_2056_5728.gdb — swissBUILDINGS3D_3-0_1129-33.gdb/a0000000b.gdbtable","path":"/vsizip//Users/wulf/Downloads/swissbuildings3d_3_0_2024_1129-33_2056_5728.gdb.zip/swissBUILDINGS3D_3-0_1129-33.gdb/a0000000b.gdbtable|layername=Roof_solid"},"geometry":{"type":"Polygon","coordinates":[[[2641289.784000001847744,1218671.377999998629093,598.749500000005355],[2641289.078000001609325,1218677.348000001162291,598.749500000005355],[2641293.219999998807907,1218677.837999999523163,599.756399999998393],[2641296.420000001788139,1218678.215999998152256,598.947499999994761],[2641297.697000000625849,1218676.328000001609325,598.749500000005355],[2641298.16499999910593,1218672.370000001043081,598.949500000002445],[2641293.925999999046326,1218671.868000000715256,599.556400000001304],[2641289.784000001847744,1218671.377999998629093,598.749500000005355]]]}},
{"type":"Feature","properties":{"fid":53,"OBJECTID":1,"UUID":"{0241BDAF-FECA-476C-BB76-2B1614C5FEC1}","OBJEKTART":"Gebaeude Einzelhaus","NAME_KOMPLETT":null,"GEBAEUDE_NUTZUNG":null,"GRUND_AENDERUNG":"Verbessert","HERKUNFT":"swisstopo","HERKUNFT_JAHR":2024,"HERKUNFT_MONAT":6,"ORIGINAL_HERKUNFT":"swisstopo","ERSTELLUNG_JAHR":2024,"ERSTELLUNG_MONAT":6,"REVISION_JAHR":2024,"REVISION_MONAT":6,"DATUM_AENDERUNG":"2025-07-08T11:55:40Z","DATUM_ERSTELLUNG":"2025-07-08T11:55:40Z","DACH_MAX":571.05,"DACH_MIN":567.57,"EGID":187524,"GEBAEUDEEINHEIT":"{0161A195-33E8-41ED-A8F7-CD5593D4FBF9}","layer":"swissbuildings3d_3_0_2024_1129-33_2056_5728.gdb — swissBUILDINGS3D_3-0_1129-33.gdb/a0000000b.gdbtable","path":"/vsizip//Users/wulf/Downloads/swissbuildings3d_3_0_2024_1129-33_2056_5728.gdb.zip/swissBUILDINGS3D_3-0_1129-33.gdb/a0000000b.gdbtable|layername=Roof_solid"},"geometry":{"type":"Polygon","coordinates":[[[2641325.644999999552965,1218712.896000001579523,600.296400000006543],[2641326.405000001192093,1218706.954999998211861,600.296400000006543],[2641326.802999999374151,1218703.850999999791384,597.942599999994854],[2641311.809000000357628,1218701.931000001728535,597.942599999994854],[2641311.769999999552965,1218702.230999998748302,598.020600000003469],[2641311.742162091191858,1218702.450772961834446,596.353529970667751],[2641302.842999998480082,1218701.311999998986721,595.447899999999208],[2641302.818999998271465,1218701.453000001609325,595.6478000000061],[2641302.517000000923872,1218703.859999999403954,595.647899999996298],[2641301.506999999284744,1218711.752000000327826,595.647899999996298],[2641310.405918150674552,1218712.890741748036817,597.195147807334479],[2641310.353000000119209,1218713.304999999701977,598.481599999999162],[2641310.254000000655651,1218714.081000000238419,597.942599999994854],[2641325.247999999672174,1218716.0,597.942599999994854],[2641325.644999999552965,1218712.896000001579523,600.296400000006543]],[[2641310.555171127896756,1218711.725368892541155,597.673745633979934],[2641310.843129760585725,1218709.475595833733678,598.105774245063458],[2641310.651000000536442,1218710.978000000119209,600.096399999994901],[2641310.555171127896756,1218711.725368892541155,597.673745633979934]]]}},
{"type":"Feature","properties":{"fid":54,"OBJECTID":1,"UUID":"{0241BDAF-FECA-476C-BB76-2B1614C5FEC1}","OBJEKTART":"Gebaeude Einzelhaus","NAME_KOMPLETT":null,"GEBAEUDE_NUTZUNG":null,"GRUND_AENDERUNG":"Verbessert","HERKUNFT":"swisstopo","HERKUNFT_JAHR":2024,"HERKUNFT_MONAT":6,"ORIGINAL_HERKUNFT":"swisstopo","ERSTELLUNG_JAHR":2024,"ERSTELLUNG_MONAT":6,"REVISION_JAHR":2024,"REVISION_MONAT":6,"DATUM_AENDERUNG":"2025-07-08T11:55:40Z","DATUM_ERSTELLUNG":"2025-07-08T11:55:40Z","DACH_MAX":571.05,"DACH_MIN":567.57,"EGID":187524,"GEBAEUDEEINHEIT":"{0161A195-33E8-41ED-A8F7-CD5593D4FBF9}","layer":"swissbuildings3d_3_0_2024_1129-33_2056_5728.gdb — swissBUILDINGS3D_3-0_1129-33.gdb/a0000000b.gdbtable","path":"/vsizip//Users/wulf/Downloads/swissbuildings3d_3_0_2024_1129-33_2056_5728.gdb.zip/swissBUILDINGS3D_3-0_1129-33.gdb/a0000000b.gdbtable|layername=Roof_solid"},"geometry":{"type":"Polygon","coordinates":[[[2641333.859999999403954,1218370.208000000566244,631.383799999995972],[2641332.289000000804663,1218375.230000000447035,628.209199999997509],[2641343.122999999672174,1218378.620000001043081,628.209199999997509],[2641343.515999998897314,1218377.364,628.903099999995902],[2641343.905000001192093,1218376.120999999344349,629.737999999997555],[2641344.693999998271465,1218373.598000001162291,631.583799999993062],[2641345.978000000119209,1218369.493000000715256,628.764100000000326],[2641346.809999998658895,1218366.83500000089407,627.267200000002049],[2641340.278999999165535,1218364.793000001460314,627.267200000002049],[2641339.706000000238419,1218366.618999999016523,628.233099999997648],[2641335.403999999165535,1218365.274000000208616,628.233099999997648],[2641333.859999999403954,1218370.208000000566244,631.383799999995972]]]}},
{"type":"Feature","properties":{"fid":55,"OBJECTID":1,"UUID":"{0241BDAF-FECA-476C-BB76-2B1614C5FEC1}","OBJEKTART":"Gebaeude Einzelhaus","NAME_KOMPLETT":null,"GEBAEUDE_NUTZUNG":null,"GRUND_AENDERUNG":"Verbessert","HERKUNFT":"swisstopo","HERKUNFT_JAHR":2024,"HERKUNFT_MONAT":6,"ORIGINAL_HERKUNFT":"swisstopo","ERSTELLUNG_JAHR":2024,"ERSTELLUNG_MONAT":6,"REVISION_JAHR":2024,"REVISION_MONAT":6,"DATUM_AENDERUNG":"2025-07-08T11:55:40Z","DATUM_ERSTELLUNG":"2025-07-08T11:55:40Z","DACH_MAX":571.05,"DACH_MIN":567.57,"EGID":187524,"GEBAEUDEEINHEIT":"{0161A195-33E8-41ED-A8F7-CD5593D4FBF9}","layer":"swissbuildings3d_3_0_2024_1129-33_2056_5728.gdb — swissBUILDINGS3D_3-0_1129-33.gdb/a0000000b.gdbtable","path":"/vsizip//Users/wulf/Downloads/swissbuildings3d_3_0_2024_1129-33_2056_5728.gdb.zip/swissBUILDINGS3D_3-0_1129-33.gdb/a0000000b.gdbtable|layername=Roof_solid"},"geometry":{"type":"Polygon","coordinates":[[[2641341.136,1218425.888999998569489,618.1021999999939],[2641343.993999999016523,1218416.068999998271465,618.1021999999939],[2641339.162000000476837,1218414.662999998778105,618.302200000005541],[2641338.981189771555364,1218415.284475828520954,620.211473249478104],[2641339.449999999254942,1218413.673000000417233,620.847899999993388],[2641331.646999999880791,1218411.401000000536442,620.847999999998137],[2641330.469000000506639,1218415.403999999165535,621.047900000005029],[2641328.181000001728535,1218423.284000001847744,621.047900000005029],[2641335.993000000715256,1218425.556000001728535,621.047900000005029],[2641336.305144696962088,1218424.483042111387476,619.575049999999464],[2641341.136,1218425.888999998569489,618.1021999999939]]]}},
{"type":"Feature","properties":{"fid":56,"OBJECTID":1,"UUID":"{0241BDAF-FECA-476C-BB76-2B1614C5FEC1}","OBJEKTART":"Gebaeude Einzelhaus","NAME_KOMPLETT":null,"GEBAEUDE_NUTZUNG":null,"GRUND_AENDERUNG":"Verbessert","HERKUNFT":"swisstopo","HERKUNFT_JAHR":2024,"HERKUNFT_MONAT":6,"ORIGINAL_HERKUNFT":"swisstopo","ERSTELLUNG_JAHR":2024,"ERSTELLUNG_MONAT":6,"REVISION_JAHR":2024,"REVISION_MONAT":6,"DATUM_AENDERUNG":"2025-07-08T11:55:40Z","DATUM_ERSTELLUNG":"2025-07-08T11:55:40Z","DACH_MAX":571.05,"DACH_MIN":567.57,"EGID":187524,"GEBAEUDEEINHEIT":"{0161A195-33E8-41ED-A8F7-CD5593D4FBF9}","layer":"swissbuildings3d_3_0_2024_1129-33_2056_5728.gdb — swissBUILDINGS3D_3-0_1129-33.gdb/a0000000b.gdbtable","path":"/vsizip//Users/wulf/Downloads/swissbuildings3d_3_0_2024_1129-33_2056_5728.gdb.zip/swissBUILDINGS3D_3-0_1129-33.gdb/a0000000b.gdbtable|layername=Roof_solid"},"geometry":{"type":"Polygon","coordinates":[[[2641341.517000000923872,1218447.55799999833107,614.128700000001118],[2641340.132439582142979,1218452.762516920920461,615.63719916132618],[2641335.475999999791384,1218451.524000000208616,616.963399999993271],[2641333.359999999403954,1218459.471999999135733,617.26140000000305],[2641345.969000000506639,1218462.828000001609325,617.06140000000596],[2641347.820999998599291,1218455.872000001370907,617.175399999992806],[2641348.46000000089407,1218456.041000001132488,614.1137000000017],[2641348.617999902460724,1218456.082999974489212,614.088700000000244],[2641348.673000000417233,1218456.098000001162291,614.063699999998789],[2641350.322000000625849,1218449.901999998837709,614.328599999993457],[2641348.120999999344349,1218449.315999999642372,614.178700000004028],[2641344.436000000685453,1218448.33500000089407,614.128700000001118],[2641341.517000000923872,1218447.55799999833107,614.128700000001118]]]}},
{"type":"Feature","properties":{"fid":57,"OBJECTID":1,"UUID":"{0241BDAF-FECA-476C-BB76-2B1614C5FEC1}","OBJEKTART":"Gebaeude Einzelhaus","NAME_KOMPLETT":null,"GEBAEUDE_NUTZUNG":null,"GRUND_AENDERUNG":"Verbessert","HERKUNFT":"swisstopo","HERKUNFT_JAHR":2024,"HERKUNFT_MONAT":6,"ORIGINAL_HERKUNFT":"swisstopo","ERSTELLUNG_JAHR":2024,"ERSTELLUNG_MONAT":6,"REVISION_JAHR":2024,"REVISION_MONAT":6,"DATUM_AENDERUNG":"2025-07-08T11:55:40Z","DATUM_ERSTELLUNG":"2025-07-08T11:55:40Z","DACH_MAX":571.05,"DACH_MIN":567.57,"EGID":187524,"GEBAEUDEEINHEIT":"{0161A195-33E8-41ED-A8F7-CD5593D4FBF9}","layer":"swissbuildings3d_3_0_2024_1129-33_2056_5728.gdb — swissBUILDINGS3D_3-0_1129-33.gdb/a0000000b.gdbtable","path":"/vsizip//Users/wulf/Downloads/swissbuildings3d_3_0_2024_1129-33_2056_5728.gdb.zip/swissBUILDINGS3D_3-0_1129-33.gdb/a0000000b.gdbtable|layername=Roof_solid"},"geometry":{"type":"Polygon","coordinates":[[[2641351.879000000655651,1218482.252999998629093,611.30000000000291],[2641351.360824873670936,1218482.170455333311111,610.322879586485215],[2641351.361000001430511,1218482.170000001788139,609.1682],[2641348.66974795749411,1218481.741741609759629,611.607531454517471],[2641341.103000000119209,1218480.535999998450279,608.253299999996671],[2641339.732999999076128,1218489.13399999961257,608.253299999996671],[2641342.868999999016523,1218489.63399999961257,609.848100000002887],[2641342.53999999910593,1218491.695000000298023,609.848199999993085],[2641337.68299999833107,1218490.920000001788139,607.376399999993737],[2641336.30799999833107,1218499.545000001788139,607.376399999993737],[2641344.197999998927116,1218500.800999999046326,611.388999999995576],[2641352.315999999642372,1218502.094999998807907,607.376399999993737],[2641353.659000001847744,1218493.668999999761581,607.376399999993737],[2641352.782000001519918,1218493.528999999165535,607.760399999999208],[2641350.149378494825214,1218493.110060230828822,610.657238455135939],[2641350.506000000983477,1218490.872999999672174,611.282000000006519],[2641351.879000000655651,1218482.252999998629093,611.30000000000291]],[[2641347.090982552617788,1218493.276045378297567,611.301265741951966],[2641347.4239999987185,1218493.329,612.19890000000305],[2641350.048000000417233,1218493.745999999344349,611.30000000000291],[2641347.107999999076128,1218493.278999999165535,610.362099999998463],[2641344.197999998927116,1218500.800999999046326,611.388999999995576],[2641347.090982552617788,1218493.276045378297567,611.301265741951966]]]}},
{"type":"Feature","properties":{"fid":58,"OBJECTID":1,"UUID":"{0241BDAF-FECA-476C-BB76-2B1614C5FEC1}","OBJEKTART":"Gebaeude Einzelhaus","NAME_KOMPLETT":null,"GEBAEUDE_NUTZUNG":null,"GRUND_AENDERUNG":"Verbessert","HERKUNFT":"swisstopo","HERKUNFT_JAHR":2024,"HERKUNFT_MONAT":6,"ORIGINAL_HERKUNFT":"swisstopo","ERSTELLUNG_JAHR":2024,"ERSTELLUNG_MONAT":6,"REVISION_JAHR":2024,"REVISION_MONAT":6,"DATUM_AENDERUNG":"2025-07-08T11:55:40Z","DATUM_ERSTELLUNG":"2025-07-08T11:55:40Z","DACH_MAX":571.05,"DACH_MIN":567.57,"EGID":187524,"GEBAEUDEEINHEIT":"{0161A195-33E8-41ED-A8F7-CD5593D4FBF9}","layer":"swissbuildings3d_3_0_2024_1129-33_2056_5728.gdb — swissBUILDINGS3D_3-0_1129-33.gdb/a0000000b.gdbtable","path":"/vsizip//Users/wulf/Downloads/swissbuildings3d_3_0_2024_1129-33_2056_5728.gdb.zip/swissBUILDINGS3D_3-0_1129-33.gdb/a0000000b.gdbtable|layername=Roof_solid"},"geometry":{"type":"Polygon","coordinates":[[[2641355.49100000038743,1218528.769999999552965,611.221099999995204],[2641356.208999998867512,1218523.594000000506639,608.479300000006333],[2641344.480999998748302,1218521.969000000506639,608.679300000003423],[2641344.18912186101079,1218524.07605891325511,609.142093191627055],[2641344.131000000983477,1218524.068,608.635299999994459],[2641342.01799999922514,1218523.774999998509884,608.78530000000319],[2641333.535999998450279,1218522.600000001490116,608.635299999994459],[2641332.820000000298023,1218527.774999998509884,611.379100000005565],[2641331.824000000953674,1218534.964000001549721,607.846399999994901],[2641343.550999999046326,1218536.587999999523163,607.646399999997811],[2641343.843112485017627,1218534.48197738523595,607.974845155339835],[2641354.495000001043081,1218535.958000000566244,607.690400000006775],[2641355.49100000038743,1218528.769999999552965,611.221099999995204]]]}},
{"type":"Feature","properties":{"fid":59,"OBJECTID":1,"UUID":"{0241BDAF-FECA-476C-BB76-2B1614C5FEC1}","OBJEKTART":"Gebaeude Einzelhaus","NAME_KOMPLETT":null,"GEBAEUDE_NUTZUNG":null,"GRUND_AENDERUNG":"Verbessert","HERKUNFT":"swisstopo","HERKUNFT_JAHR":2024,"HERKUNFT_MONAT":6,"ORIGINAL_HERKUNFT":"swisstopo","ERSTELLUNG_JAHR":2024,"ERSTELLUNG_MONAT":6,"REVISION_JAHR":2024,"REVISION_MONAT":6,"DATUM_AENDERUNG":"2025-07-08T11:55:40Z","DATUM_ERSTELLUNG":"2025-07-08T11:55:40Z","DACH_MAX":571.05,"DACH_MIN":567.57,"EGID":187524,"GEBAEUDEEINHEIT":"{0161A195-33E8-41ED-A8F7-CD5593D4FBF9}","layer":"swissbuildings3d_3_0_2024_1129-33_2056_5728.gdb — swissBUILDINGS3D_3-0_1129-33.gdb/a0000000b.gdbtable","path":"/vsizip//Users/wulf/Downloads/swissbuildings3d_3_0_2024_1129-33_2056_5728.gdb.zip/swissBUILDINGS3D_3-0_1129-33.gdb/a0000000b.gdbtable|layername=Roof_solid"},"geometry":{"type":"Polygon","coordinates":[[[2641333.605000000447035,1218589.070999998599291,602.452000000004773],[2641334.414497659076005,1218582.173537265975028,603.506030836956597],[2641336.38399999961257,1218582.405000001192093,602.922000000005937],[2641337.280000001192093,1218574.778999999165535,602.922000000005937],[2641335.285036165267229,1218574.544577778782696,604.07420453911584],[2641335.950273278634995,1218568.880558925447986,604.70289479883013],[2641338.043999999761581,1218569.125999998301268,603.864900000000489],[2641338.938999999314547,1218561.500999998301268,603.864900000000489],[2641331.7989999987185,1218560.662999998778105,610.456200000000536],[2641324.763000000268221,1218559.835999999195337,603.864900000000489],[2641323.984846341889352,1218566.45073985052295,604.684524086223291],[2641321.890999998897314,1218566.204999998211861,603.628899999996065],[2641320.995999999344349,1218573.829999998211861,603.628899999996065],[2641322.991558734327555,1218574.064804977038875,604.200038865050146],[2641322.495999999344349,1218578.287000000476837,602.771999999997206],[2641322.296999998390675,1218579.986000001430511,602.872000000003027],[2641322.293999999761581,1218580.011,602.922000000005937],[2641325.836027055978775,1218580.427134789293632,606.443299636086408],[2641321.464000001549721,1218579.914000000804663,603.319900000002235],[2641320.324000000953674,1218579.780000001192093,602.452000000004773],[2641319.427999999374151,1218587.405999999493361,602.452000000004773],[2641326.464999999850988,1218588.232999999076128,609.044399999998859],[2641333.605000000447035,1218589.070999998599291,602.452000000004773]]]}},
{"type":"Feature","properties":{"fid":60,"OBJECTID":1,"UUID":"{0241BDAF-FECA-476C-BB76-2B1614C5FEC1}","OBJEKTART":"Gebaeude Einzelhaus","NAME_KOMPLETT":null,"GEBAEUDE_NUTZUNG":null,"GRUND_AENDERUNG":"Verbessert","HERKUNFT":"swisstopo","HERKUNFT_JAHR":2024,"HERKUNFT_MONAT":6,"ORIGINAL_HERKUNFT":"swisstopo","ERSTELLUNG_JAHR":2024,"ERSTELLUNG_MONAT":6,"REVISION_JAHR":2024,"REVISION_MONAT":6,"DATUM_AENDERUNG":"2025-07-08T11:55:40Z","DATUM_ERSTELLUNG":"2025-07-08T11:55:40Z","DACH_MAX":571.05,"DACH_MIN":567.57,"EGID":187524,"GEBAEUDEEINHEIT":"{0161A195-33E8-41ED-A8F7-CD5593D4FBF9}","layer":"swissbuildings3d_3_0_2024_1129-33_2056_5728.gdb — swissBUILDINGS3D_3-0_1129-33.gdb/a0000000b.gdbtable","path":"/vsizip//Users/wulf/Downloads/swissbuildings3d_3_0_2024_1129-33_2056_5728.gdb.zip/swissBUILDINGS3D_3-0_1129-33.gdb/a0000000b.gdbtable|layername=Roof_solid"},"geometry":{"type":"Polygon","coordinates":[[[2641325.363017230760306,1218671.136859247228131,600.141986340009453],[2641326.55972251528874,1218661.360501748276874,600.213771676568513],[2641327.780999999493361,1218661.510000001639128,600.804300000003423],[2641328.278000000864267,1218657.454,605.790800000002491],[2641328.774999998509884,1218653.397999998182058,601.004199999995762],[2641328.736999999731779,1218653.39299999922514,601.004199999995762],[2641325.925999999046326,1218653.0489999987185,600.954199999992852],[2641320.224740161560476,1218652.351600674446672,600.909083334452134],[2641317.379000000655651,1218652.002999998629093,600.804300000003423],[2641316.883000001311302,1218656.059000000357628,605.590800000005402],[2641316.385000001639128,1218660.114999998360872,601.004300000000512],[2641318.372238191310316,1218660.358260553097352,600.279911967445287],[2641317.791999999433756,1218665.094000000506639,599.590400000000955],[2641317.175000000745058,1218670.13399999961257,599.390400000003865],[2641322.83004325022921,1218670.826722077094018,600.072783732551443],[2641316.715999998152256,1218670.078000001609325,600.846300000004703],[2641315.188000001013279,1218669.890999998897314,600.646299999993062],[2641314.690999999642372,1218673.947999998927116,605.633799999995972],[2641314.195000000298023,1218678.004000000655651,600.646299999993062],[2641325.589999999850988,1218679.399000000208616,600.846300000004703],[2641326.087999999523163,1218675.342999998480082,605.633799999995972],[2641326.583999998867512,1218671.285999998450279,600.846300000004703],[2641325.363017230760306,1218671.136859247228131,600.141986340009453]]]}},
{"type":"Feature","properties":{"fid":61,"OBJECTID":1,"UUID":"{0241BDAF-FECA-476C-BB76-2B1614C5FEC1}","OBJEKTART":"Gebaeude Einzelhaus","NAME_KOMPLETT":null,"GEBAEUDE_NUTZUNG":null,"GRUND_AENDERUNG":"Verbessert","HERKUNFT":"swisstopo","HERKUNFT_JAHR":2024,"HERKUNFT_MONAT":6,"ORIGINAL_HERKUNFT":"swisstopo","ERSTELLUNG_JAHR":2024,"ERSTELLUNG_MONAT":6,"REVISION_JAHR":2024,"REVISION_MONAT":6,"DATUM_AENDERUNG":"2025-07-08T11:55:40Z","DATUM_ERSTELLUNG":"2025-07-08T11:55:40Z","DACH_MAX":571.05,"DACH_MIN":567.57,"EGID":187524,"GEBAEUDEEINHEIT":"{0161A195-33E8-41ED-A8F7-CD5593D4FBF9}","layer":"swissbuildings3d_3_0_2024_1129-33_2056_5728.gdb — swissBUILDINGS3D_3-0_1129-33.gdb/a0000000b.gdbtable","path":"/vsizip//Users/wulf/Downloads/swissbuildings3d_3_0_2024_1129-33_2056_5728.gdb.zip/swissBUILDINGS3D_3-0_1129-33.gdb/a0000000b.gdbtable|layername=Roof_solid"},"geometry":{"type":"Polygon","coordinates":[[[2641362.58500000089407,1218659.699999999254942,603.319000000003143],[2641363.223000001162291,1218654.405999999493361,599.709400000007008],[2641352.445999998599291,1218653.107999999076128,599.709400000007008],[2641351.809000000357628,1218658.403000000864267,603.319000000003143],[2641351.124000001698732,1218664.087999999523163,599.509399999995367],[2641361.899999998509884,1218665.385000001639128,599.709400000007008],[2641362.58500000089407,1218659.699999999254942,603.319000000003143]]]}},
{"type":"Feature","properties":{"fid":62,"OBJECTID":1,"UUID":"{0241BDAF-FECA-476C-BB76-2B1614C5FEC1}","OBJEKTART":"Gebaeude Einzelhaus","NAME_KOMPLETT":null,"GEBAEUDE_NUTZUNG":null,"GRUND_AENDERUNG":"Verbessert","HERKUNFT":"swisstopo","HERKUNFT_JAHR":2024,"HERKUNFT_MONAT":6,"ORIGINAL_HERKUNFT":"swisstopo","ERSTELLUNG_JAHR":2024,"ERSTELLUNG_MONAT":6,"REVISION_JAHR":2024,"REVISION_MONAT":6,"DATUM_AENDERUNG":"2025-07-08T11:55:40Z","DATUM_ERSTELLUNG":"2025-07-08T11:55:40Z","DACH_MAX":571.05,"DACH_MIN":567.57,"EGID":187524,"GEBAEUDEEINHEIT":"{0161A195-33E8-41ED-A8F7-CD5593D4FBF9}","layer":"swissbuildings3d_3_0_2024_1129-33_2056_5728.gdb — swissBUILDINGS3D_3-0_1129-33.gdb/a0000000b.gdbtable","path":"/vsizip//Users/wulf/Downloads/swissbuildings3d_3_0_2024_1129-33_2056_5728.gdb.zip/swissBUILDINGS3D_3-0_1129-33.gdb/a0000000b.gdbtable|layername=Roof_solid"},"geometry":{"type":"Polygon","coordinates":[[[2641361.535999998450279,1218676.374000001698732,603.86699999999837],[2641361.804000001400709,1218674.177999999374151,598.139500000004773],[2641347.570000000298023,1218672.440000001341105,598.139500000004773],[2641347.302999999374151,1218674.636,603.667000000001281],[2641346.190000001341105,1218683.749000001698732,597.939599999997881],[2641360.4239999987185,1218685.486000001430511,597.939599999997881],[2641361.535999998450279,1218676.374000001698732,603.86699999999837]]]}},
{"type":"Feature","properties":{"fid":63,"OBJECTID":1,"UUID":"{0241BDAF-FECA-476C-BB76-2B1614C5FEC1}","OBJEKTART":"Gebaeude Einzelhaus","NAME_KOMPLETT":null,"GEBAEUDE_NUTZUNG":null,"GRUND_AENDERUNG":"Verbessert","HERKUNFT":"swisstopo","HERKUNFT_JAHR":2024,"HERKUNFT_MONAT":6,"ORIGINAL_HERKUNFT":"swisstopo","ERSTELLUNG_JAHR":2024,"ERSTELLUNG_MONAT":6,"REVISION_JAHR":2024,"REVISION_MONAT":6,"DATUM_AENDERUNG":"2025-07-08T11:55:40Z","DATUM_ERSTELLUNG":"2025-07-08T11:55:40Z","DACH_MAX":571.05,"DACH_MIN":567.57,"EGID":187524,"GEBAEUDEEINHEIT":"{0161A195-33E8-41ED-A8F7-CD5593D4FBF9}","layer":"swissbuildings3d_3_0_2024_1129-33_2056_5728.gdb — swissBUILDINGS3D_3-0_1129-33.gdb/a0000000b.gdbtable","path":"/vsizip//Users/wulf/Downloads/swissbuildings3d_3_0_2024_1129-33_2056_5728.gdb.zip/swissBUILDINGS3D_3-0_1129-33.gdb/a0000000b.gdbtable|layername=Roof_solid"},"geometry":{"type":"Polygon","coordinates":[[[2641343.559000000357628,1218721.436999998986721,600.135399999999208],[2641349.208999998867512,1218722.078000001609325,600.135399999999208],[2641349.197999998927116,1218722.1739999987185,600.353400000007241],[2641349.019000001251698,1218723.738000001758337,600.450400000001537],[2641355.855999998748302,1218724.519999999552965,600.650299999993877],[2641357.418000001460314,1218710.877999998629093,598.060599999997066],[2641357.984999999403954,1218705.925000000745058,597.510599999994156],[2641352.927000001072884,1218705.346000000834465,597.510599999994156],[2641351.147999998182058,1218705.14299999922514,597.310700000001816],[2641350.581278367433697,1218710.095391424605623,597.675236410235584],[2641335.804000001400709,1218708.403999999165535,597.8606],[2641335.138000000268221,1218714.223999999463558,598.965500000005704],[2641337.771000001579523,1218714.526000000536442,599.165500000002794],[2641337.309000000357628,1218718.570999998599291,599.934399999998277],[2641343.519999999552965,1218719.282999999821186,599.934399999998277],[2641343.502999998629093,1218719.429999999701977,599.962400000003981],[2641343.278999999165535,1218721.399000000208616,600.135399999999208],[2641343.559000000357628,1218721.436999998986721,600.135399999999208]]]}},
{"type":"Feature","properties":{"fid":64,"OBJECTID":1,"UUID":"{0241BDAF-FECA-476C-BB76-2B1614C5FEC1}","OBJEKTART":"Gebaeude Einzelhaus","NAME_KOMPLETT":null,"GEBAEUDE_NUTZUNG":null,"GRUND_AENDERUNG":"Verbessert","HERKUNFT":"swisstopo","HERKUNFT_JAHR":2024,"HERKUNFT_MONAT":6,"ORIGINAL_HERKUNFT":"swisstopo","ERSTELLUNG_JAHR":2024,"ERSTELLUNG_MONAT":6,"REVISION_JAHR":2024,"REVISION_MONAT":6,"DATUM_AENDERUNG":"2025-07-08T11:55:40Z","DATUM_ERSTELLUNG":"2025-07-08T11:55:40Z","DACH_MAX":571.05,"DACH_MIN":567.57,"EGID":187524,"GEBAEUDEEINHEIT":"{0161A195-33E8-41ED-A8F7-CD5593D4FBF9}","layer":"swissbuildings3d_3_0_2024_1129-33_2056_5728.gdb — swissBUILDINGS3D_3-0_1129-33.gdb/a0000000b.gdbtable","path":"/vsizip//Users/wulf/Downloads/swissbuildings3d_3_0_2024_1129-33_2056_5728.gdb.zip/swissBUILDINGS3D_3-0_1129-33.gdb/a0000000b.gdbtable|layername=Roof_solid"},"geometry":{"type":"Polygon","coordinates":[[[2641359.94200000166893,1218789.635000001639128,571.309399999998277],[2641356.734000001102686,1218788.519000001251698,569.829500000007101],[2641354.60107645438984,1218794.644899943610653,574.358943609772268],[2641351.497000001370907,1218793.563999999314547,580.998399999996764],[2641341.978000000119209,1218790.25,575.211999999999534],[2641340.190000001341105,1218795.38399999961257,575.211999999999534],[2641341.021999999880791,1218795.6739999987185,575.717999999993481],[2641338.370999999344349,1218803.465999998152256,575.751000000003842],[2641337.484000001102686,1218803.157000001519918,575.211999999999534],[2641334.219999998807907,1218812.534000001847744,575.211999999999534],[2641343.739999998360872,1218815.848000001162291,580.998399999996764],[2641352.489999998360872,1218818.894000001251698,575.785000000003492],[2641355.021999999880791,1218811.618999999016523,575.785000000003492],[2641355.982999999076128,1218811.954,575.211999999999534],[2641358.170207947026938,1218805.67105209059082,572.63643083546242],[2641358.30799999833107,1218805.719000000506639,569.829599999997299],[2641363.478000000119209,1218790.86600000038743,569.829500000007101],[2641359.94200000166893,1218789.635000001639128,571.309399999998277]]]}},
{"type":"Feature","properties":{"fid":65,"OBJECTID":1,"UUID":"{0241BDAF-FECA-476C-BB76-2B1614C5FEC1}","OBJEKTART":"Gebaeude Einzelhaus","NAME_KOMPLETT":null,"GEBAEUDE_NUTZUNG":null,"GRUND_AENDERUNG":"Verbessert","HERKUNFT":"swisstopo","HERKUNFT_JAHR":2024,"HERKUNFT_MONAT":6,"ORIGINAL_HERKUNFT":"swisstopo","ERSTELLUNG_JAHR":2024,"ERSTELLUNG_MONAT":6,"REVISION_JAHR":2024,"REVISION_MONAT":6,"DATUM_AENDERUNG":"2025-07-08T11:55:40Z","DATUM_ERSTELLUNG":"2025-07-08T11:55:40Z","DACH_MAX":571.05,"DACH_MIN":567.57,"EGID":187524,"GEBAEUDEEINHEIT":"{0161A195-33E8-41ED-A8F7-CD5593D4FBF9}","layer":"swissbuildings3d_3_0_2024_1129-33_2056_5728.gdb — swissBUILDINGS3D_3-0_1129-33.gdb/a0000000b.gdbtable","path":"/vsizip//Users/wulf/Downloads/swissbuildings3d_3_0_2024_1129-33_2056_5728.gdb.zip/swissBUILDINGS3D_3-0_1129-33.gdb/a0000000b.gdbtable|layername=Roof_solid"},"geometry":{"type":"Polygon","coordinates":[[[2641331.219439243897796,1218855.31,583.632240189109893],[2641336.857999999076128,1218839.324000000953674,583.821200000005774],[2641331.223000001162291,1218837.337000001221895,583.821200000005774],[2641326.197000000625849,1218835.563999999314547,583.621199999994133],[2641320.118000000715256,1218833.420000001788139,583.821200000005774],[2641314.149999998509884,1218850.339999999850988,583.821200000005774],[2641315.708999998867512,1218850.890000000596046,583.621199999994133],[2641320.1739999987185,1218852.464999999850988,586.367899999997462],[2641326.199999999254942,1218854.589999999850988,583.821200000005774],[2641326.200191262643784,1218854.58944792044349,585.172913995616796],[2641327.864,1218855.175999999046326,586.567899999994552],[2641333.629000000655651,1218838.829999998211861,586.567899999994552],[2641327.864,1218855.177000001072884,583.621199999994133],[2641328.24118650238961,1218855.31,583.621199999994133],[2641331.219439243897796,1218855.31,583.632240189109893]]]}},
{"type":"Feature","properties":{"fid":66,"OBJECTID":1,"UUID":"{0241BDAF-FECA-476C-BB76-2B1614C5FEC1}","OBJEKTART":"Gebaeude Einzelhaus","NAME_KOMPLETT":null,"GEBAEUDE_NUTZUNG":null,"GRUND_AENDERUNG":"Verbessert","HERKUNFT":"swisstopo","HERKUNFT_JAHR":2024,"HERKUNFT_MONAT":6,"ORIGINAL_HERKUNFT":"swisstopo","ERSTELLUNG_JAHR":2024,"ERSTELLUNG_MONAT":6,"REVISION_JAHR":2024,"REVISION_MONAT":6,"DATUM_AENDERUNG":"2025-07-08T11:55:40Z","DATUM_ERSTELLUNG":"2025-07-08T11:55:40Z","DACH_MAX":571.05,"DACH_MIN":567.57,"EGID":187524,"GEBAEUDEEINHEIT":"{0161A195-33E8-41ED-A8F7-CD5593D4FBF9}","layer":"swissbuildings3d_3_0_2024_1129-33_2056_5728.gdb — swissBUILDINGS3D_3-0_1129-33.gdb/a0000000b.gdbtable","path":"/vsizip//Users/wulf/Downloads/swissbuildings3d_3_0_2024_1129-33_2056_5728.gdb.zip/swissBUILDINGS3D_3-0_1129-33.gdb/a0000000b.gdbtable|layername=Roof_solid"},"geometry":{"type":"Polygon","coordinates":[[[2641358.688999999314547,1218431.186000000685453,620.654999999998836],[2641358.480000000447035,1218432.098000001162291,620.455000000001746],[2641367.984000001102686,1218434.276000000536442,619.435100000002421],[2641371.225000001490116,1218420.140999998897314,619.435100000002421],[2641371.098999999463558,1218420.118000000715256,619.448099999994156],[2641366.400003645569086,1218419.039466709829867,619.978044867959511],[2641364.834661693777889,1218418.678850390017033,620.168503651490937],[2641361.723000001162291,1218417.960999999195337,620.654999999998836],[2641360.120999999344349,1218424.947000000625849,620.654999999998836],[2641358.688999999314547,1218431.186000000685453,620.654999999998836]]]}},
{"type":"Feature","properties":{"fid":67,"OBJECTID":1,"UUID":"{0241BDAF-FECA-476C-BB76-2B1614C5FEC1}","OBJEKTART":"Gebaeude Einzelhaus","NAME_KOMPLETT":null,"GEBAEUDE_NUTZUNG":null,"GRUND_AENDERUNG":"Verbessert","HERKUNFT":"swisstopo","HERKUNFT_JAHR":2024,"HERKUNFT_MONAT":6,"ORIGINAL_HERKUNFT":"swisstopo","ERSTELLUNG_JAHR":2024,"ERSTELLUNG_MONAT":6,"REVISION_JAHR":2024,"REVISION_MONAT":6,"DATUM_AENDERUNG":"2025-07-08T11:55:40Z","DATUM_ERSTELLUNG":"2025-07-08T11:55:40Z","DACH_MAX":571.05,"DACH_MIN":567.57,"EGID":187524,"GEBAEUDEEINHEIT":"{0161A195-33E8-41ED-A8F7-CD5593D4FBF9}","layer":"swissbuildings3d_3_0_2024_1129-33_2056_5728.gdb — swissBUILDINGS3D_3-0_1129-33.gdb/a0000000b.gdbtable","path":"/vsizip//Users/wulf/Downloads/swissbuildings3d_3_0_2024_1129-33_2056_5728.gdb.zip/swissBUILDINGS3D_3-0_1129-33.gdb/a0000000b.gdbtable|layername=Roof_solid"},"geometry":{"type":"Polygon","coordinates":[[[2641394.636,1218426.383000001311302,619.164099999994505],[2641384.747999999672174,1218425.339999999850988,618.964099999997416],[2641384.265999998897314,1218429.912000000476837,618.964099999997416],[2641383.572999998927116,1218436.477000001817942,618.964099999997416],[2641383.460999999195337,1218437.537999998778105,618.964099999997416],[2641393.350000001490116,1218438.579,619.164099999994505],[2641394.636,1218426.383000001311302,619.164099999994505]]]}},
{"type":"Feature","properties":{"fid":68,"OBJECTID":1,"UUID":"{0241BDAF-FECA-476C-BB76-2B1614C5FEC1}","OBJEKTART":"Gebaeude Einzelhaus","NAME_KOMPLETT":null,"GEBAEUDE_NUTZUNG":null,"GRUND_AENDERUNG":"Verbessert","HERKUNFT":"swisstopo","HERKUNFT_JAHR":2024,"HERKUNFT_MONAT":6,"ORIGINAL_HERKUNFT":"swisstopo","ERSTELLUNG_JAHR":2024,"ERSTELLUNG_MONAT":6,"REVISION_JAHR":2024,"REVISION_MONAT":6,"DATUM_AENDERUNG":"2025-07-08T11:55:40Z","DATUM_ERSTELLUNG":"2025-07-08T11:55:40Z","DACH_MAX":571.05,"DACH_MIN":567.57,"EGID":187524,"GEBAEUDEEINHEIT":"{0161A195-33E8-41ED-A8F7-CD5593D4FBF9}","layer":"swissbuildings3d_3_0_2024_1129-33_2056_5728.gdb — swissBUILDINGS3D_3-0_1129-33.gdb/a0000000b.gdbtable","path":"/vsizip//Users/wulf/Downloads/swissbuildings3d_3_0_2024_1129-33_2056_5728.gdb.zip/swissBUILDINGS3D_3-0_1129-33.gdb/a0000000b.gdbtable|layername=Roof_solid"},"geometry":{"type":"Polygon","coordinates":[[[2641369.793999999761581,1218461.954,616.763399999996182],[2641370.178789014462382,1218460.053458910202608,615.59484791627699],[2641371.133000001311302,1218460.245999999344349,614.197700000004261],[2641371.136,1218460.199000000953674,614.399600000004284],[2641371.497000001370907,1218458.451999999582767,614.41359999999986],[2641371.552999999374151,1218458.177999999374151,614.273700000005192],[2641371.864999998360872,1218456.636,614.380600000004051],[2641372.55799999833107,1218453.204999998211861,614.657600000005914],[2641360.337999999523163,1218450.73200000077486,614.457599999994272],[2641359.646118429955095,1218454.15302397008054,616.185380999306858],[2641359.646000001579523,1218454.153000000864267,616.803400000004331],[2641357.412000000476837,1218465.195999998599291,616.873399999996764],[2641368.675999999046326,1218467.475999999791384,616.873399999996764],[2641369.793999999761581,1218461.954,616.763399999996182]]]}},
{"type":"Feature","properties":{"fid":69,"OBJECTID":1,"UUID":"{0241BDAF-FECA-476C-BB76-2B1614C5FEC1}","OBJEKTART":"Gebaeude Einzelhaus","NAME_KOMPLETT":null,"GEBAEUDE_NUTZUNG":null,"GRUND_AENDERUNG":"Verbessert","HERKUNFT":"swisstopo","HERKUNFT_JAHR":2024,"HERKUNFT_MONAT":6,"ORIGINAL_HERKUNFT":"swisstopo","ERSTELLUNG_JAHR":2024,"ERSTELLUNG_MONAT":6,"REVISION_JAHR":2024,"REVISION_MONAT":6,"DATUM_AENDERUNG":"2025-07-08T11:55:40Z","DATUM_ERSTELLUNG":"2025-07-08T11:55:40Z","DACH_MAX":571.05,"DACH_MIN":567.57,"EGID":187524,"GEBAEUDEEINHEIT":"{0161A195-33E8-41ED-A8F7-CD5593D4FBF9}","layer":"swissbuildings3d_3_0_2024_1129-33_2056_5728.gdb — swissBUILDINGS3D_3-0_1129-33.gdb/a0000000b.gdbtable","path":"/vsizip//Users/wulf/Downloads/swissbuildings3d_3_0_2024_1129-33_2056_5728.gdb.zip/swissBUILDINGS3D_3-0_1129-33.gdb/a0000000b.gdbtable|layername=Roof_solid"},"geometry":{"type":"Polygon","coordinates":[[[2641381.363000001758337,1218469.596000000834465,616.649399999994785],[2641392.769999999552965,1218471.0489999987185,616.449399999997695],[2641393.409641575533897,1218466.029456216143444,615.114049999996496],[2641394.168000001460314,1218466.125999998301268,613.578699999998207],[2641395.572000000625849,1218455.105999998748302,613.378700000001118],[2641388.719000000506639,1218454.232999999076128,613.578699999998207],[2641388.103000000119209,1218459.06700000166893,613.578699999998207],[2641382.909000001847744,1218458.405999999493361,613.578699999998207],[2641382.805281595792621,1218459.220084188040346,615.098732881485489],[2641382.686999998986721,1218459.204999998211861,616.649399999994785],[2641381.363000001758337,1218469.596000000834465,616.649399999994785]]]}},
{"type":"Feature","properties":{"fid":70,"OBJECTID":1,"UUID":"{0241BDAF-FECA-476C-BB76-2B1614C5FEC1}","OBJEKTART":"Gebaeude Einzelhaus","NAME_KOMPLETT":null,"GEBAEUDE_NUTZUNG":null,"GRUND_AENDERUNG":"Verbessert","HERKUNFT":"swisstopo","HERKUNFT_JAHR":2024,"HERKUNFT_MONAT":6,"ORIGINAL_HERKUNFT":"swisstopo","ERSTELLUNG_JAHR":2024,"ERSTELLUNG_MONAT":6,"REVISION_JAHR":2024,"REVISION_MONAT":6,"DATUM_AENDERUNG":"2025-07-08T11:55:40Z","DATUM_ERSTELLUNG":"2025-07-08T11:55:40Z","DACH_MAX":571.05,"DACH_MIN":567.57,"EGID":187524,"GEBAEUDEEINHEIT":"{0161A195-33E8-41ED-A8F7-CD5593D4FBF9}","layer":"swissbuildings3d_3_0_2024_1129-33_2056_5728.gdb — swissBUILDINGS3D_3-0_1129-33.gdb/a0000000b.gdbtable","path":"/vsizip//Users/wulf/Downloads/swissbuildings3d_3_0_2024_1129-33_2056_5728.gdb.zip/swissBUILDINGS3D_3-0_1129-33.gdb/a0000000b.gdbtable|layername=Roof_solid"},"geometry":{"type":"Polygon","coordinates":[[[2641360.076999999582767,1218505.065000001341105,605.645600000003469],[2641370.261999998241663,1218506.686999998986721,605.645600000003469],[2641370.841647932771593,1218503.047094127396122,608.202419920517741],[2641372.688000001013279,1218503.340999998152256,607.533400000000256],[2641374.550000000745058,1218491.649000000208616,607.533400000000256],[2641367.559000000357628,1218490.535000000149012,612.869800000000396],[2641360.33500000089407,1218489.38399999961257,607.533400000000256],[2641358.473000001162291,1218501.078000001609325,607.533400000000256],[2641360.656245815567672,1218501.425602477509528,608.125398749314627],[2641360.076999999582767,1218505.065000001341105,605.645600000003469]]]}},
{"type":"Feature","properties":{"fid":71,"OBJECTID":1,"UUID":"{0241BDAF-FECA-476C-BB76-2B1614C5FEC1}","OBJEKTART":"Gebaeude Einzelhaus","NAME_KOMPLETT":null,"GEBAEUDE_NUTZUNG":null,"GRUND_AENDERUNG":"Verbessert","HERKUNFT":"swisstopo","HERKUNFT_JAHR":2024,"HERKUNFT_MONAT":6,"ORIGINAL_HERKUNFT":"swisstopo","ERSTELLUNG_JAHR":2024,"ERSTELLUNG_MONAT":6,"REVISION_JAHR":2024,"REVISION_MONAT":6,"DATUM_AENDERUNG":"2025-07-08T11:55:40Z","DATUM_ERSTELLUNG":"2025-07-08T11:55:40Z","DACH_MAX":571.05,"DACH_MIN":567.57,"EGID":187524,"GEBAEUDEEINHEIT":"{0161A195-33E8-41ED-A8F7-CD5593D4FBF9}","layer":"swissbuildings3d_3_0_2024_1129-33_2056_5728.gdb — swissBUILDINGS3D_3-0_1129-33.gdb/a0000000b.gdbtable","path":"/vsizip//Users/wulf/Downloads/swissbuildings3d_3_0_2024_1129-33_2056_5728.gdb.zip/swissBUILDINGS3D_3-0_1129-33.gdb/a0000000b.gdbtable|layername=Roof_solid"},"geometry":{"type":"Polygon","coordinates":[[[2641390.396000001579523,1218507.785999998450279,608.581300000005285],[2641393.340999998152256,1218508.254999998956919,608.431299999996554],[2641393.723000001162291,1218508.315999999642372,608.631299999993644],[2641394.399999998509884,1218504.068,611.020999999993364],[2641394.899999998509884,1218500.929000001400709,609.814199999993434],[2641392.649999998509884,1218500.570000000298023,610.014100000000326],[2641393.449999999254942,1218495.550000000745058,607.883300000001327],[2641382.39299999922514,1218493.789000000804663,607.883300000001327],[2641381.092999998480082,1218501.947999998927116,611.020999999993364],[2641380.41499999910593,1218506.195000000298023,608.631299999993644],[2641387.068999998271465,1218507.256000000983477,608.481299999999464],[2641390.396000001579523,1218507.785999998450279,608.581300000005285]]]}},
{"type":"Feature","properties":{"fid":72,"OBJECTID":1,"UUID":"{0241BDAF-FECA-476C-BB76-2B1614C5FEC1}","OBJEKTART":"Gebaeude Einzelhaus","NAME_KOMPLETT":null,"GEBAEUDE_NUTZUNG":null,"GRUND_AENDERUNG":"Verbessert","HERKUNFT":"swisstopo","HERKUNFT_JAHR":2024,"HERKUNFT_MONAT":6,"ORIGINAL_HERKUNFT":"swisstopo","ERSTELLUNG_JAHR":2024,"ERSTELLUNG_MONAT":6,"REVISION_JAHR":2024,"REVISION_MONAT":6,"DATUM_AENDERUNG":"2025-07-08T11:55:40Z","DATUM_ERSTELLUNG":"2025-07-08T11:55:40Z","DACH_MAX":571.05,"DACH_MIN":567.57,"EGID":187524,"GEBAEUDEEINHEIT":"{0161A195-33E8-41ED-A8F7-CD5593D4FBF9}","layer":"swissbuildings3d_3_0_2024_1129-33_2056_5728.gdb — swissBUILDINGS3D_3-0_1129-33.gdb/a0000000b.gdbtable","path":"/vsizip//Users/wulf/Downloads/swissbuildings3d_3_0_2024_1129-33_2056_5728.gdb.zip/swissBUILDINGS3D_3-0_1129-33.gdb/a0000000b.gdbtable|layername=Roof_solid"},"geometry":{"type":"Polygon","coordinates":[[[2641371.159000001847744,1218524.545000001788139,607.140499999994063],[2641370.826999999582767,1218527.14299999922514,607.140499999994063],[2641370.614,1218528.809000000357628,607.140499999994063],[2641369.793999999761581,1218535.221000000834465,607.140499999994063],[2641369.478000000119209,1218537.688000001013279,607.140499999994063],[2641379.565999999642372,1218538.978999998420477,606.960500000001048],[2641382.820999998599291,1218539.396000001579523,606.990499999999884],[2641382.927999999374151,1218539.409000001847744,607.140499999994063],[2641383.592999998480082,1218534.208000000566244,606.940499999996973],[2641384.241999998688698,1218529.133000001311302,607.140499999994063],[2641384.609000001102686,1218526.265999998897314,607.140499999994063],[2641378.006999999284744,1218525.421,607.140499999994063],[2641371.159000001847744,1218524.545000001788139,607.140499999994063]]]}},
{"type":"Feature","properties":{"fid":73,"OBJECTID":1,"UUID":"{0241BDAF-FECA-476C-BB76-2B1614C5FEC1}","OBJEKTART":"Gebaeude Einzelhaus","NAME_KOMPLETT":null,"GEBAEUDE_NUTZUNG":null,"GRUND_AENDERUNG":"Verbessert","HERKUNFT":"swisstopo","HERKUNFT_JAHR":2024,"HERKUNFT_MONAT":6,"ORIGINAL_HERKUNFT":"swisstopo","ERSTELLUNG_JAHR":2024,"ERSTELLUNG_MONAT":6,"REVISION_JAHR":2024,"REVISION_MONAT":6,"DATUM_AENDERUNG":"2025-07-08T11:55:40Z","DATUM_ERSTELLUNG":"2025-07-08T11:55:40Z","DACH_MAX":571.05,"DACH_MIN":567.57,"EGID":187524,"GEBAEUDEEINHEIT":"{0161A195-33E8-41ED-A8F7-CD5593D4FBF9}","layer":"swissbuildings3d_3_0_2024_1129-33_2056_5728.gdb — swissBUILDINGS3D_3-0_1129-33.gdb/a0000000b.gdbtable","path":"/vsizip//Users/wulf/Downloads/swissbuildings3d_3_0_2024_1129-33_2056_5728.gdb.zip/swissBUILDINGS3D_3-0_1129-33.gdb/a0000000b.gdbtable|layername=Roof_solid"},"geometry":{"type":"Polygon","coordinates":[[[2641363.697000000625849,1218585.08500000089407,602.060100000002421],[2641362.782999999821186,1218592.874000001698732,602.060100000002421],[2641369.818999998271465,1218593.699999999254942,608.451400000005378],[2641376.958999998867512,1218594.537999998778105,602.060100000002421],[2641377.861000001430511,1218586.859000001102686,602.059999999997672],[2641378.525616875849664,1218581.192312542581931,602.767981593539162],[2641380.659000001847744,1218581.443,602.373999999996158],[2641381.554999999701977,1218573.815999999642372,602.373999999996158],[2641379.38713892409578,1218573.56186838587746,603.755512390337344],[2641380.085690656211227,1218567.610570513177663,604.331171502503366],[2641382.318999998271465,1218567.872999999672174,603.628899999996065],[2641383.214000001549721,1218560.245999999344349,603.628899999996065],[2641376.074999999254942,1218559.407999999821186,610.2212],[2641370.14299999922514,1218558.710999999195337,604.663799999994808],[2641369.037999998778105,1218558.581000000238419,603.628899999996065],[2641368.552999999374151,1218562.706000000238419,603.428899999998976],[2641368.364999998360872,1218564.300999999046326,603.578899999993155],[2641368.223573276773095,1218565.505021245451644,604.053380024164767],[2641365.99100000038743,1218565.243000000715256,603.158899999994901],[2641365.096000000834465,1218572.868000000715256,603.158899999994901],[2641367.264459140133113,1218573.122840942582116,603.70700810174435],[2641367.241496278438717,1218573.318462657742202,602.85837797823865],[2641366.612115671858191,1218578.678419776028022,603.046514785998625],[2641364.478999998420477,1218578.427999999374151,601.860100000005332],[2641363.697000000625849,1218585.08500000089407,602.060100000002421]]]}},
{"type":"Feature","properties":{"fid":74,"OBJECTID":1,"UUID":"{0241BDAF-FECA-476C-BB76-2B1614C5FEC1}","OBJEKTART":"Gebaeude Einzelhaus","NAME_KOMPLETT":null,"GEBAEUDE_NUTZUNG":null,"GRUND_AENDERUNG":"Verbessert","HERKUNFT":"swisstopo","HERKUNFT_JAHR":2024,"HERKUNFT_MONAT":6,"ORIGINAL_HERKUNFT":"swisstopo","ERSTELLUNG_JAHR":2024,"ERSTELLUNG_MONAT":6,"REVISION_JAHR":2024,"REVISION_MONAT":6,"DATUM_AENDERUNG":"2025-07-08T11:55:40Z","DATUM_ERSTELLUNG":"2025-07-08T11:55:40Z","DACH_MAX":571.05,"DACH_MIN":567.57,"EGID":187524,"GEBAEUDEEINHEIT":"{0161A195-33E8-41ED-A8F7-CD5593D4FBF9}","layer":"swissbuildings3d_3_0_2024_1129-33_2056_5728.gdb — swissBUILDINGS3D_3-0_1129-33.gdb/a0000000b.gdbtable","path":"/vsizip//Users/wulf/Downloads/swissbuildings3d_3_0_2024_1129-33_2056_5728.gdb.zip/swissBUILDINGS3D_3-0_1129-33.gdb/a0000000b.gdbtable|layername=Roof_solid"},"geometry":{"type":"Polygon","coordinates":[[[2641355.024999998509884,1218612.035000000149012,606.100699999995413],[2641352.752999998629093,1218630.7989999987185,606.100699999995413],[2641371.36600000038743,1218633.052999999374151,606.100699999995413],[2641373.638999998569489,1218614.289000000804663,606.100699999995413],[2641355.024999998509884,1218612.035000000149012,606.100699999995413]]]}},
{"type":"Feature","properties":{"fid":75,"OBJECTID":1,"UUID":"{0241BDAF-FECA-476C-BB76-2B1614C5FEC1}","OBJEKTART":"Gebaeude Einzelhaus","NAME_KOMPLETT":null,"GEBAEUDE_NUTZUNG":null,"GRUND_AENDERUNG":"Verbessert","HERKUNFT":"swisstopo","HERKUNFT_JAHR":2024,"HERKUNFT_MONAT":6,"ORIGINAL_HERKUNFT":"swisstopo","ERSTELLUNG_JAHR":2024,"ERSTELLUNG_MONAT":6,"REVISION_JAHR":2024,"REVISION_MONAT":6,"DATUM_AENDERUNG":"2025-07-08T11:55:40Z","DATUM_ERSTELLUNG":"2025-07-08T11:55:40Z","DACH_MAX":571.05,"DACH_MIN":567.57,"EGID":187524,"GEBAEUDEEINHEIT":"{0161A195-33E8-41ED-A8F7-CD5593D4FBF9}","layer":"swissbuildings3d_3_0_2024_1129-33_2056_5728.gdb — swissBUILDINGS3D_3-0_1129-33.gdb/a0000000b.gdbtable","path":"/vsizip//Users/wulf/Downloads/swissbuildings3d_3_0_2024_1129-33_2056_5728.gdb.zip/swissBUILDINGS3D_3-0_1129-33.gdb/a0000000b.gdbtable|layername=Roof_solid"},"geometry":{"type":"Polygon","coordinates":[[[2641376.157999999821186,1218672.927999999374151,597.981499999994412],[2641393.028000000864267,1218675.438999999314547,597.981499999994412],[2641393.631000000983477,1218671.388999998569489,600.257299999997485],[2641394.344000000506639,1218666.598000001162291,598.517500000001746],[2641385.410000000149012,1218665.269000001251698,598.317500000004657],[2641385.629999998956919,1218663.793999999761581,597.981499999994412],[2641377.693,1218662.613000001758337,597.781600000002072],[2641377.63399999961257,1218663.006999999284744,597.924499999993714],[2641376.87948909169063,1218668.079342236742377,599.89149976473675],[2641376.760000001639128,1218668.879000000655651,600.257299999997485],[2641376.157999999821186,1218672.927999999374151,597.981499999994412]]]}},
{"type":"Feature","properties":{"fid":76,"OBJECTID":1,"UUID":"{0241BDAF-FECA-476C-BB76-2B1614C5FEC1}","OBJEKTART":"Gebaeude Einzelhaus","NAME_KOMPLETT":null,"GEBAEUDE_NUTZUNG":null,"GRUND_AENDERUNG":"Verbessert","HERKUNFT":"swisstopo","HERKUNFT_JAHR":2024,"HERKUNFT_MONAT":6,"ORIGINAL_HERKUNFT":"swisstopo","ERSTELLUNG_JAHR":2024,"ERSTELLUNG_MONAT":6,"REVISION_JAHR":2024,"REVISION_MONAT":6,"DATUM_AENDERUNG":"2025-07-08T11:55:40Z","DATUM_ERSTELLUNG":"2025-07-08T11:55:40Z","DACH_MAX":571.05,"DACH_MIN":567.57,"EGID":187524,"GEBAEUDEEINHEIT":"{0161A195-33E8-41ED-A8F7-CD5593D4FBF9}","layer":"swissbuildings3d_3_0_2024_1129-33_2056_5728.gdb — swissBUILDINGS3D_3-0_1129-33.gdb/a0000000b.gdbtable","path":"/vsizip//Users/wulf/Downloads/swissbuildings3d_3_0_2024_1129-33_2056_5728.gdb.zip/swissBUILDINGS3D_3-0_1129-33.gdb/a0000000b.gdbtable|layername=Roof_solid"},"geometry":{"type":"Polygon","coordinates":[[[2641373.427000001072884,1218683.103000000119209,597.172600000005332],[2641372.579,1218689.611999999731779,596.97269999999844],[2641378.057,1218690.3260000012815,597.172600000005332],[2641378.057057506870478,1218690.325557569274679,597.874163158714282],[2641386.389307609759271,1218691.411184416618198,598.504135361120916],[2641387.400944720488042,1218691.543433473445475,598.411895234436088],[2641386.965999998152256,1218694.954,594.642900000006193],[2641394.831999998539686,1218695.519000001251698,594.842900000003283],[2641395.717000000178814,1218688.594000000506639,594.842900000003283],[2641388.774000000208616,1218687.646000001579523,601.985100000005332],[2641388.804999999701977,1218687.407999999821186,602.138099999996484],[2641388.835999999195337,1218687.168999999761581,602.391099999993457],[2641389.4239999987185,1218682.651999998837709,598.575500000006286],[2641378.818999998271465,1218681.269999999552965,598.575500000006286],[2641378.524000000208616,1218683.528999999165535,600.433300000004238],[2641378.493485022801906,1218683.763363328529522,598.724137714313201],[2641373.427000001072884,1218683.103000000119209,597.172600000005332]],[[2641377.76799999922514,1218689.33500000089407,597.651599999997416],[2641377.79933810280636,1218689.094516374869272,598.498139723993972],[2641377.722367502748966,1218689.685656483052298,598.890686866530132],[2641377.713142728898674,1218689.756486702244729,598.835759238389528],[2641377.76799999922514,1218689.33500000089407,597.651599999997416]]]}},
{"type":"Feature","properties":{"fid":77,"OBJECTID":1,"UUID":"{0241BDAF-FECA-476C-BB76-2B1614C5FEC1}","OBJEKTART":"Gebaeude Einzelhaus","NAME_KOMPLETT":null,"GEBAEUDE_NUTZUNG":null,"GRUND_AENDERUNG":"Verbessert","HERKUNFT":"swisstopo","HERKUNFT_JAHR":2024,"HERKUNFT_MONAT":6,"ORIGINAL_HERKUNFT":"swisstopo","ERSTELLUNG_JAHR":2024,"ERSTELLUNG_MONAT":6,"REVISION_JAHR":2024,"REVISION_MONAT":6,"DATUM_AENDERUNG":"2025-07-08T11:55:40Z","DATUM_ERSTELLUNG":"2025-07-08T11:55:40Z","DACH_MAX":571.05,"DACH_MIN":567.57,"EGID":187524,"GEBAEUDEEINHEIT":"{0161A195-33E8-41ED-A8F7-CD5593D4FBF9}","layer":"swissbuildings3d_3_0_2024_1129-33_2056_5728.gdb — swissBUILDINGS3D_3-0_1129-33.gdb/a0000000b.gdbtable","path":"/vsizip//Users/wulf/Downloads/swissbuildings3d_3_0_2024_1129-33_2056_5728.gdb.zip/swissBUILDINGS3D_3-0_1129-33.gdb/a0000000b.gdbtable|layername=Roof_solid"},"geometry":{"type":"Polygon","coordinates":[[[2641394.089000001549721,1218709.684999998658895,600.846300000004703],[2641394.806000001728535,1218701.71000000089407,596.686700000005658],[2641384.434000000357628,1218700.778000000864267,596.686700000005658],[2641383.715999998152256,1218708.752999998629093,600.846300000004703],[2641383.193,1218714.5760000012815,596.372700000007171],[2641393.565000001341105,1218715.50899999961257,596.372700000007171],[2641394.089000001549721,1218709.684999998658895,600.846300000004703]]]}},
{"type":"Feature","properties":{"fid":78,"OBJECTID":1,"UUID":"{0241BDAF-FECA-476C-BB76-2B1614C5FEC1}","OBJEKTART":"Gebaeude Einzelhaus","NAME_KOMPLETT":null,"GEBAEUDE_NUTZUNG":null,"GRUND_AENDERUNG":"Verbessert","HERKUNFT":"swisstopo","HERKUNFT_JAHR":2024,"HERKUNFT_MONAT":6,"ORIGINAL_HERKUNFT":"swisstopo","ERSTELLUNG_JAHR":2024,"ERSTELLUNG_MONAT":6,"REVISION_JAHR":2024,"REVISION_MONAT":6,"DATUM_AENDERUNG":"2025-07-08T11:55:40Z","DATUM_ERSTELLUNG":"2025-07-08T11:55:40Z","DACH_MAX":571.05,"DACH_MIN":567.57,"EGID":187524,"GEBAEUDEEINHEIT":"{0161A195-33E8-41ED-A8F7-CD5593D4FBF9}","layer":"swissbuildings3d_3_0_2024_1129-33_2056_5728.gdb — swissBUILDINGS3D_3-0_1129-33.gdb/a0000000b.gdbtable","path":"/vsizip//Users/wulf/Downloads/swissbuildings3d_3_0_2024_1129-33_2056_5728.gdb.zip/swissBUILDINGS3D_3-0_1129-33.gdb/a0000000b.gdbtable|layername=Roof_solid"},"geometry":{"type":"Polygon","coordinates":[[[2641362.589000001549721,1218733.287999998778105,595.806800000005751],[2641369.449999999254942,1218733.975999999791384,595.806800000005751],[2641370.149999998509884,1218727.004000000655651,596.006800000002841],[2641363.289000000804663,1218726.315000001341105,596.006800000002841],[2641362.589000001549721,1218733.287999998778105,595.806800000005751]]]}},
{"type":"Feature","properties":{"fid":79,"OBJECTID":1,"UUID":"{0241BDAF-FECA-476C-BB76-2B1614C5FEC1}","OBJEKTART":"Gebaeude Einzelhaus","NAME_KOMPLETT":null,"GEBAEUDE_NUTZUNG":null,"GRUND_AENDERUNG":"Verbessert","HERKUNFT":"swisstopo","HERKUNFT_JAHR":2024,"HERKUNFT_MONAT":6,"ORIGINAL_HERKUNFT":"swisstopo","ERSTELLUNG_JAHR":2024,"ERSTELLUNG_MONAT":6,"REVISION_JAHR":2024,"REVISION_MONAT":6,"DATUM_AENDERUNG":"2025-07-08T11:55:40Z","DATUM_ERSTELLUNG":"2025-07-08T11:55:40Z","DACH_MAX":571.05,"DACH_MIN":567.57,"EGID":187524,"GEBAEUDEEINHEIT":"{0161A195-33E8-41ED-A8F7-CD5593D4FBF9}","layer":"swissbuildings3d_3_0_2024_1129-33_2056_5728.gdb — swissBUILDINGS3D_3-0_1129-33.gdb/a0000000b.gdbtable","path":"/vsizip//Users/wulf/Downloads/swissbuildings3d_3_0_2024_1129-33_2056_5728.gdb.zip/swissBUILDINGS3D_3-0_1129-33.gdb/a0000000b.gdbtable|layername=Roof_solid"},"geometry":{"type":"Polygon","coordinates":[[[2641383.350999999791384,1218720.984999999403954,596.765700000003562],[2641381.629999998956919,1218737.394000001251698,596.765700000003562],[2641394.252999998629093,1218738.717999998480082,596.565700000006473],[2641395.973000001162291,1218722.309000000357628,596.765700000003562],[2641383.350999999791384,1218720.984999999403954,596.765700000003562]]]}},
{"type":"Feature","properties":{"fid":80,"OBJECTID":1,"UUID":"{0241BDAF-FECA-476C-BB76-2B1614C5FEC1}","OBJEKTART":"Gebaeude Einzelhaus","NAME_KOMPLETT":null,"GEBAEUDE_NUTZUNG":null,"GRUND_AENDERUNG":"Verbessert","HERKUNFT":"swisstopo","HERKUNFT_JAHR":2024,"HERKUNFT_MONAT":6,"ORIGINAL_HERKUNFT":"swisstopo","ERSTELLUNG_JAHR":2024,"ERSTELLUNG_MONAT":6,"REVISION_JAHR":2024,"REVISION_MONAT":6,"DATUM_AENDERUNG":"2025-07-08T11:55:40Z","DATUM_ERSTELLUNG":"2025-07-08T11:55:40Z","DACH_MAX":571.05,"DACH_MIN":567.57,"EGID":187524,"GEBAEUDEEINHEIT":"{0161A195-33E8-41ED-A8F7-CD5593D4FBF9}","layer":"swissbuildings3d_3_0_2024_1129-33_2056_5728.gdb — swissBUILDINGS3D_3-0_1129-33.gdb/a0000000b.gdbtable","path":"/vsizip//Users/wulf/Downloads/swissbuildings3d_3_0_2024_1129-33_2056_5728.gdb.zip/swissBUILDINGS3D_3-0_1129-33.gdb/a0000000b.gdbtable|layername=Roof_solid"},"geometry":{"type":"Polygon","coordinates":[[[2641377.407000001519918,1218836.250999998301268,575.315000000002328],[2641386.927000001072884,1218839.565000001341105,581.101399999999558],[2641395.677000001072884,1218842.611000001430511,575.888000000006286],[2641398.208999998867512,1218835.335999999195337,575.887900000001537],[2641399.170000001788139,1218835.671,575.514999999999418],[2641401.916999999433756,1218827.780000001192093,575.514999999999418],[2641400.956000000238419,1218827.445000000298023,576.087899999998626],[2641403.434000000357628,1218820.326999999582767,576.087899999998626],[2641394.684000000357628,1218817.280999999493361,581.101399999999558],[2641385.16499999910593,1218813.967000000178814,575.514999999999418],[2641383.377000000327826,1218819.100999999791384,575.514999999999418],[2641384.208999998867512,1218819.390999998897314,576.020900000003166],[2641381.55799999833107,1218827.18299999833107,575.854000000006636],[2641380.671,1218826.874000001698732,575.514999999999418],[2641377.407000001519918,1218836.250999998301268,575.315000000002328]]]}},
{"type":"Feature","properties":{"fid":81,"OBJECTID":1,"UUID":"{0241BDAF-FECA-476C-BB76-2B1614C5FEC1}","OBJEKTART":"Gebaeude Einzelhaus","NAME_KOMPLETT":null,"GEBAEUDE_NUTZUNG":null,"GRUND_AENDERUNG":"Verbessert","HERKUNFT":"swisstopo","HERKUNFT_JAHR":2024,"HERKUNFT_MONAT":6,"ORIGINAL_HERKUNFT":"swisstopo","ERSTELLUNG_JAHR":2024,"ERSTELLUNG_MONAT":6,"REVISION_JAHR":2024,"REVISION_MONAT":6,"DATUM_AENDERUNG":"2025-07-08T11:55:40Z","DATUM_ERSTELLUNG":"2025-07-08T11:55:40Z","DACH_MAX":571.05,"DACH_MIN":567.57,"EGID":187524,"GEBAEUDEEINHEIT":"{0161A195-33E8-41ED-A8F7-CD5593D4FBF9}","layer":"swissbuildings3d_3_0_2024_1129-33_2056_5728.gdb — swissBUILDINGS3D_3-0_1129-33.gdb/a0000000b.gdbtable","path":"/vsizip//Users/wulf/Downloads/swissbuildings3d_3_0_2024_1129-33_2056_5728.gdb.zip/swissBUILDINGS3D_3-0_1129-33.gdb/a0000000b.gdbtable|layername=Roof_solid"},"geometry":{"type":"Polygon","coordinates":[[[2641416.480999998748302,1218441.909000001847744,618.615200000000186],[2641418.0489999987185,1218428.863000001758337,618.615200000000186],[2641413.140000000596046,1218428.272999998182058,620.028000000005704],[2641408.039000000804663,1218427.659000001847744,618.615200000000186],[2641406.471000000834465,1218440.706000000238419,618.415200000003097],[2641411.572999998927116,1218441.318999998271465,619.827999999994063],[2641416.480999998748302,1218441.909000001847744,618.615200000000186]]]}},
{"type":"Feature","properties":{"fid":82,"OBJECTID":1,"UUID":"{0241BDAF-FECA-476C-BB76-2B1614C5FEC1}","OBJEKTART":"Gebaeude Einzelhaus","NAME_KOMPLETT":null,"GEBAEUDE_NUTZUNG":null,"GRUND_AENDERUNG":"Verbessert","HERKUNFT":"swisstopo","HERKUNFT_JAHR":2024,"HERKUNFT_MONAT":6,"ORIGINAL_HERKUNFT":"swisstopo","ERSTELLUNG_JAHR":2024,"ERSTELLUNG_MONAT":6,"REVISION_JAHR":2024,"REVISION_MONAT":6,"DATUM_AENDERUNG":"2025-07-08T11:55:40Z","DATUM_ERSTELLUNG":"2025-07-08T11:55:40Z","DACH_MAX":571.05,"DACH_MIN":567.57,"EGID":187524,"GEBAEUDEEINHEIT":"{0161A195-33E8-41ED-A8F7-CD5593D4FBF9}","layer":"swissbuildings3d_3_0_2024_1129-33_2056_5728.gdb — swissBUILDINGS3D_3-0_1129-33.gdb/a0000000b.gdbtable","path":"/vsizip//Users/wulf/Downloads/swissbuildings3d_3_0_2024_1129-33_2056_5728.gdb.zip/swissBUILDINGS3D_3-0_1129-33.gdb/a0000000b.gdbtable|layername=Roof_solid"},"geometry":{"type":"Polygon","coordinates":[[[2641403.5760000012815,1218462.651999998837709,615.924499999993714],[2641402.407999999821186,1218472.177999999374151,616.021500000002561],[2641415.368000000715256,1218473.767000000923872,616.221399999994901],[2641415.951999999582767,1218469.004000000655651,616.085500000001048],[2641416.243999999016523,1218466.622000001370907,616.098499999992782],[2641416.378049204591662,1218465.52800600300543,614.539432261341517],[2641417.247000001370907,1218465.63399999961257,612.991800000003423],[2641418.048000000417233,1218459.098000001162291,613.191699999995762],[2641412.131999999284744,1218458.372999999672174,613.191699999995762],[2641411.488597421906888,1218463.62241289159283,615.349579879280327],[2641403.5760000012815,1218462.651999998837709,615.924499999993714]],[[2641416.404180982150137,1218465.314740976318717,613.865009872555106],[2641416.454999326728284,1218464.900005480041727,616.105689835751377],[2641416.535999998450279,1218464.24100000038743,616.124400000000605],[2641416.404180982150137,1218465.314740976318717,613.865009872555106]]]}},
{"type":"Feature","properties":{"fid":83,"OBJECTID":1,"UUID":"{0241BDAF-FECA-476C-BB76-2B1614C5FEC1}","OBJEKTART":"Gebaeude Einzelhaus","NAME_KOMPLETT":null,"GEBAEUDE_NUTZUNG":null,"GRUND_AENDERUNG":"Verbessert","HERKUNFT":"swisstopo","HERKUNFT_JAHR":2024,"HERKUNFT_MONAT":6,"ORIGINAL_HERKUNFT":"swisstopo","ERSTELLUNG_JAHR":2024,"ERSTELLUNG_MONAT":6,"REVISION_JAHR":2024,"REVISION_MONAT":6,"DATUM_AENDERUNG":"2025-07-08T11:55:40Z","DATUM_ERSTELLUNG":"2025-07-08T11:55:40Z","DACH_MAX":571.05,"DACH_MIN":567.57,"EGID":187524,"GEBAEUDEEINHEIT":"{0161A195-33E8-41ED-A8F7-CD5593D4FBF9}","layer":"swissbuildings3d_3_0_2024_1129-33_2056_5728.gdb — swissBUILDINGS3D_3-0_1129-33.gdb/a0000000b.gdbtable","path":"/vsizip//Users/wulf/Downloads/swissbuildings3d_3_0_2024_1129-33_2056_5728.gdb.zip/swissBUILDINGS3D_3-0_1129-33.gdb/a0000000b.gdbtable|layername=Roof_solid"},"geometry":{"type":"Polygon","coordinates":[[[2641408.013000000268221,1218497.787999998778105,607.533400000000256],[2641407.925504820886999,1218498.33538719965145,607.584183601226414],[2641403.719999998807907,1218497.66499999910593,607.298399999999674],[2641402.842999998480082,1218503.173000000417233,610.75109999999404],[2641401.969999998807907,1218508.649999998509884,606.705499999996391],[2641406.175535894930363,1218509.319433079333976,607.307156184897622],[2641406.083000000566244,1218509.899000000208616,607.333400000003166],[2641417.151000000536442,1218511.662999998778105,607.333400000003166],[2641418.11600000038743,1218505.605999998748302,611.457999999998719],[2641419.081000000238419,1218499.550999999046326,607.533400000000256],[2641408.013000000268221,1218497.787999998778105,607.533400000000256]]]}},
{"type":"Feature","properties":{"fid":84,"OBJECTID":1,"UUID":"{0241BDAF-FECA-476C-BB76-2B1614C5FEC1}","OBJEKTART":"Gebaeude Einzelhaus","NAME_KOMPLETT":null,"GEBAEUDE_NUTZUNG":null,"GRUND_AENDERUNG":"Verbessert","HERKUNFT":"swisstopo","HERKUNFT_JAHR":2024,"HERKUNFT_MONAT":6,"ORIGINAL_HERKUNFT":"swisstopo","ERSTELLUNG_JAHR":2024,"ERSTELLUNG_MONAT":6,"REVISION_JAHR":2024,"REVISION_MONAT":6,"DATUM_AENDERUNG":"2025-07-08T11:55:40Z","DATUM_ERSTELLUNG":"2025-07-08T11:55:40Z","DACH_MAX":571.05,"DACH_MIN":567.57,"EGID":187524,"GEBAEUDEEINHEIT":"{0161A195-33E8-41ED-A8F7-CD5593D4FBF9}","layer":"swissbuildings3d_3_0_2024_1129-33_2056_5728.gdb — swissBUILDINGS3D_3-0_1129-33.gdb/a0000000b.gdbtable","path":"/vsizip//Users/wulf/Downloads/swissbuildings3d_3_0_2024_1129-33_2056_5728.gdb.zip/swissBUILDINGS3D_3-0_1129-33.gdb/a0000000b.gdbtable|layername=Roof_solid"},"geometry":{"type":"Polygon","coordinates":[[[2641417.261,1218530.037999998778105,608.124400000000605],[2641412.510000001639128,1218529.368000000715256,608.124400000000605],[2641408.853000000119209,1218528.850999999791384,604.985700000004726],[2641408.601066672708839,1218530.637376988306642,605.142650000001595],[2641403.86600000038743,1218529.969000000506639,605.299599999998463],[2641403.386,1218533.370000001043081,607.968399999997928],[2641402.688000001013279,1218538.324000000953674,608.168399999995017],[2641402.208000000566244,1218541.725999999791384,605.299700000003213],[2641406.941776216961443,1218542.394297817721963,605.41035909794914],[2641406.752999998629093,1218543.734000001102686,605.185700000001816],[2641410.410999998450279,1218544.25,608.324299999992945],[2641415.162999998778105,1218544.920000001788139,608.324299999992945],[2641418.820000000298023,1218545.436000000685453,605.185700000001816],[2641419.344999998807907,1218541.715999998152256,605.135699999998906],[2641419.870000001043081,1218537.995000001043081,605.035699999993085],[2641420.374000001698732,1218534.420000001788139,605.135699999998906],[2641420.918999999761581,1218530.554000001400709,604.985700000004726],[2641417.261,1218530.037999998778105,608.124400000000605]]]}},
{"type":"Feature","properties":{"fid":85,"OBJECTID":1,"UUID":"{0241BDAF-FECA-476C-BB76-2B1614C5FEC1}","OBJEKTART":"Gebaeude Einzelhaus","NAME_KOMPLETT":null,"GEBAEUDE_NUTZUNG":null,"GRUND_AENDERUNG":"Verbessert","HERKUNFT":"swisstopo","HERKUNFT_JAHR":2024,"HERKUNFT_MONAT":6,"ORIGINAL_HERKUNFT":"swisstopo","ERSTELLUNG_JAHR":2024,"ERSTELLUNG_MONAT":6,"REVISION_JAHR":2024,"REVISION_MONAT":6,"DATUM_AENDERUNG":"2025-07-08T11:55:40Z","DATUM_ERSTELLUNG":"2025-07-08T11:55:40Z","DACH_MAX":571.05,"DACH_MIN":567.57,"EGID":187524,"GEBAEUDEEINHEIT":"{0161A195-33E8-41ED-A8F7-CD5593D4FBF9}","layer":"swissbuildings3d_3_0_2024_1129-33_2056_5728.gdb — swissBUILDINGS3D_3-0_1129-33.gdb/a0000000b.gdbtable","path":"/vsizip//Users/wulf/Downloads/swissbuildings3d_3_0_2024_1129-33_2056_5728.gdb.zip/swissBUILDINGS3D_3-0_1129-33.gdb/a0000000b.gdbtable|layername=Roof_solid"},"geometry":{"type":"Polygon","coordinates":[[[2641407.363000001758337,1218570.250999998301268,603.040900000007241],[2641398.804000001400709,1218568.837999999523163,603.040900000007241],[2641399.024000000208616,1218567.508000001311302,602.745899999994435],[2641392.83500000089407,1218566.486000001430511,602.546000000002095],[2641391.138999998569489,1218576.769000001251698,605.021699999997509],[2641390.403999999165535,1218581.221000000834465,602.860000000000582],[2641401.737753651570529,1218583.092997369356453,603.696732097621407],[2641401.660000000149012,1218583.563999999314547,605.558699999994133],[2641401.364999998360872,1218585.350999999791384,604.864700000005541],[2641407.739,1218586.403000000864267,604.864700000005541],[2641411.079,1218584.46000000089407,606.010599999994156],[2641411.857999999076128,1218579.739,608.239400000005844],[2641413.177999999374151,1218571.745999999344349,604.158800000004703],[2641407.276940505485982,1218570.771433474728838,603.557373978669375],[2641407.363000001758337,1218570.250999998301268,603.040900000007241]],[[2641402.534648697357625,1218578.265704344725236,606.45978158719322],[2641402.850999999791384,1218576.344999998807907,604.513800000000629],[2641402.545000001788139,1218578.203000001609325,608.239400000005844],[2641402.534648697357625,1218578.265704344725236,606.45978158719322]]]}},
{"type":"Feature","properties":{"fid":86,"OBJECTID":1,"UUID":"{0241BDAF-FECA-476C-BB76-2B1614C5FEC1}","OBJEKTART":"Gebaeude Einzelhaus","NAME_KOMPLETT":null,"GEBAEUDE_NUTZUNG":null,"GRUND_AENDERUNG":"Verbessert","HERKUNFT":"swisstopo","HERKUNFT_JAHR":2024,"HERKUNFT_MONAT":6,"ORIGINAL_HERKUNFT":"swisstopo","ERSTELLUNG_JAHR":2024,"ERSTELLUNG_MONAT":6,"REVISION_JAHR":2024,"REVISION_MONAT":6,"DATUM_AENDERUNG":"2025-07-08T11:55:40Z","DATUM_ERSTELLUNG":"2025-07-08T11:55:40Z","DACH_MAX":571.05,"DACH_MIN":567.57,"EGID":187524,"GEBAEUDEEINHEIT":"{0161A195-33E8-41ED-A8F7-CD5593D4FBF9}","layer":"swissbuildings3d_3_0_2024_1129-33_2056_5728.gdb — swissBUILDINGS3D_3-0_1129-33.gdb/a0000000b.gdbtable","path":"/vsizip//Users/wulf/Downloads/swissbuildings3d_3_0_2024_1129-33_2056_5728.gdb.zip/swissBUILDINGS3D_3-0_1129-33.gdb/a0000000b.gdbtable|layername=Roof_solid"},"geometry":{"type":"Polygon","coordinates":[[[2641411.449000000953674,1218605.374000001698732,604.801800000001094],[2641412.372999999672174,1218599.480000000447035,602.725999999995111],[2641398.636,1218597.324000000953674,602.725999999995111],[2641397.710999999195337,1218603.217999998480082,605.001799999998184],[2641396.750999998301268,1218609.329999998211861,602.525999999998021],[2641410.489,1218611.486000001430511,602.525999999998021],[2641411.449000000953674,1218605.374000001698732,604.801800000001094]]]}},
{"type":"Feature","properties":{"fid":87,"OBJECTID":1,"UUID":"{0241BDAF-FECA-476C-BB76-2B1614C5FEC1}","OBJEKTART":"Gebaeude Einzelhaus","NAME_KOMPLETT":null,"GEBAEUDE_NUTZUNG":null,"GRUND_AENDERUNG":"Verbessert","HERKUNFT":"swisstopo","HERKUNFT_JAHR":2024,"HERKUNFT_MONAT":6,"ORIGINAL_HERKUNFT":"swisstopo","ERSTELLUNG_JAHR":2024,"ERSTELLUNG_MONAT":6,"REVISION_JAHR":2024,"REVISION_MONAT":6,"DATUM_AENDERUNG":"2025-07-08T11:55:40Z","DATUM_ERSTELLUNG":"2025-07-08T11:55:40Z","DACH_MAX":571.05,"DACH_MIN":567.57,"EGID":187524,"GEBAEUDEEINHEIT":"{0161A195-33E8-41ED-A8F7-CD5593D4FBF9}","layer":"swissbuildings3d_3_0_2024_1129-33_2056_5728.gdb — swissBUILDINGS3D_3-0_1129-33.gdb/a0000000b.gdbtable","path":"/vsizip//Users/wulf/Downloads/swissbuildings3d_3_0_2024_1129-33_2056_5728.gdb.zip/swissBUILDINGS3D_3-0_1129-33.gdb/a0000000b.gdbtable|layername=Roof_solid"},"geometry":{"type":"Polygon","coordinates":[[[2641425.69,1218624.73482505325228,603.538027429802924],[2641423.954,1218622.776000000536442,603.430900000006659],[2641419.905000001192093,1218620.043000001460314,603.630900000003749],[2641415.302999999374151,1218618.399999998509884,603.430900000006659],[2641410.438000001013279,1218617.954,603.630900000003749],[2641405.614,1218618.732999999076128,603.630900000003749],[2641401.135000001639128,1218620.684999998658895,603.630900000003749],[2641397.282999999821186,1218623.690999999642372,603.630900000003749],[2641394.2989999987185,1218627.559999998658895,603.630900000003749],[2641392.370999999344349,1218632.050000000745058,603.430900000006659],[2641391.993999999016523,1218634.478000000119209,603.630900000003749],[2641400.134005109313875,1218635.737965538399294,605.615922466325401],[2641400.13399999961257,1218635.738000001758337,604.520799999998417],[2641405.107999999076128,1218636.508000001311302,603.630900000003749],[2641405.151000000536442,1218636.065999999642372,603.630900000003749],[2641405.679000001400709,1218634.629000000655651,603.630900000003749],[2641406.546999998390675,1218633.370000001043081,603.630900000003749],[2641407.703000001609325,1218632.361000001430511,603.630900000003749],[2641409.070999998599291,1218631.675000000745058,603.630900000003749],[2641409.80799999833107,1218631.515000000596046,603.430900000006659],[2641410.568,1218631.350000001490116,603.630900000003749],[2641412.098000001162291,1218631.407999999821186,603.630900000003749],[2641413.565000001341105,1218631.844000000506639,603.630900000003749],[2641414.537999998778105,1218632.427000001072884,603.630900000003749],[2641414.879000000655651,1218632.631000000983477,603.630900000003749],[2641415.954999998211861,1218633.721000000834465,603.630900000003749],[2641416.725999999791384,1218635.043999999761581,603.630900000003749],[2641417.144000001251698,1218636.515999998897314,603.430900000006659],[2641417.109999999403954,1218638.364999998360872,603.630900000003749],[2641421.220806728582829,1218638.936486557824537,605.062523115038175],[2641421.219000000506639,1218639.0,607.265499999994063],[2641423.506000000983477,1218639.352000001817942,606.206600000004983],[2641425.69,1218639.687551657902077,605.403859209350571],[2641425.69,1218624.73482505325228,603.538027429802924]],[[2641410.340999998152256,1218627.274000000208616,604.315799999996671],[2641408.214999999850988,1218627.618000000715256,604.519799999994575],[2641410.407167908269912,1218627.263168242760003,605.519069582002203],[2641410.340999998152256,1218627.274000000208616,604.315799999996671]],[[2641402.278000000864267,1218632.256000000983477,607.265499999994063],[2641402.11600000038743,1218632.635000001639128,604.315799999996671],[2641401.26799999922514,1218634.614999998360872,604.519799999994575],[2641402.278000000864267,1218632.256000000983477,607.265499999994063]],[[2641403.638408679049462,1218630.489641892025247,605.790613483479092],[2641403.592000000178814,1218630.550000000745058,604.316800000000512],[2641402.278000000864267,1218632.256000000983477,607.265499999994063],[2641403.638408679049462,1218630.489641892025247,605.790613483479092]],[[2641405.541000001132488,1218628.897999998182058,604.315799999996671],[2641403.842999998480082,1218630.223999999463558,607.265499999994063],[2641405.68615198507905,1218628.783952011261135,605.698523600842236],[2641405.541000001132488,1218628.897999998182058,604.315799999996671]],[[2641401.211999960709363,1218634.977285974426195,605.631505541599381],[2641401.238517926074564,1218634.805730966152623,606.478083160655956],[2641401.238691611215472,1218634.804607328260317,605.490660835987001],[2641401.236000001430511,1218634.822999998927116,604.513800000000629],[2641401.211999960709363,1218634.977285974426195,605.631505541599381]],[[2641412.985955859534442,1218627.411211648723111,605.823003894855674],[2641412.89299999922514,1218627.403000000864267,604.315799999996671],[2641410.747999999672174,1218627.208000000566244,607.265499999994063],[2641412.985955859534442,1218627.411211648723111,605.823003894855674]],[[2641417.504000000655651,1218629.504999998956919,604.315799999996671],[2641415.719000000506639,1218628.300000000745058,604.519799999994575],[2641417.637834035791457,1218629.595167846651748,605.689849359937739],[2641417.504000000655651,1218629.504999998956919,604.315799999996671]],[[2641419.276000000536442,1218631.346000000834465,604.315799999996671],[2641417.844999998807907,1218629.734999999403954,604.518800000005285],[2641419.5489999987185,1218631.653000000864267,607.265499999994063],[2641419.276000000536442,1218631.346000000834465,604.315799999996671]],[[2641420.590780773200095,1218633.681450275005773,605.734480048007867],[2641420.532999999821186,1218633.568999998271465,604.315799999996671],[2641419.5489999987185,1218631.653000000864267,607.265499999994063],[2641420.590780773200095,1218633.681450275005773,605.734480048007867]]]}},
{"type":"Feature","properties":{"fid":88,"OBJECTID":1,"UUID":"{0241BDAF-FECA-476C-BB76-2B1614C5FEC1}","OBJEKTART":"Gebaeude Einzelhaus","NAME_KOMPLETT":null,"GEBAEUDE_NUTZUNG":null,"GRUND_AENDERUNG":"Verbessert","HERKUNFT":"swisstopo","HERKUNFT_JAHR":2024,"HERKUNFT_MONAT":6,"ORIGINAL_HERKUNFT":"swisstopo","ERSTELLUNG_JAHR":2024,"ERSTELLUNG_MONAT":6,"REVISION_JAHR":2024,"REVISION_MONAT":6,"DATUM_AENDERUNG":"2025-07-08T11:55:40Z","DATUM_ERSTELLUNG":"2025-07-08T11:55:40Z","DACH_MAX":571.05,"DACH_MIN":567.57,"EGID":187524,"GEBAEUDEEINHEIT":"{0161A195-33E8-41ED-A8F7-CD5593D4FBF9}","layer":"swissbuildings3d_3_0_2024_1129-33_2056_5728.gdb — swissBUILDINGS3D_3-0_1129-33.gdb/a0000000b.gdbtable","path":"/vsizip//Users/wulf/Downloads/swissbuildings3d_3_0_2024_1129-33_2056_5728.gdb.zip/swissBUILDINGS3D_3-0_1129-33.gdb/a0000000b.gdbtable|layername=Roof_solid"},"geometry":{"type":"Polygon","coordinates":[[[2641414.559999998658895,1218711.732999999076128,598.335500000001048],[2641415.278000000864267,1218703.758000001311302,594.175900000002002],[2641404.905000001192093,1218702.824999999254942,594.176000000006752],[2641404.188000001013279,1218710.800000000745058,598.135599999994156],[2641403.664000000804663,1218716.624000001698732,593.861999999993714],[2641414.035999998450279,1218717.556000001728535,593.861999999993714],[2641414.559999998658895,1218711.732999999076128,598.335500000001048]]]}},
{"type":"Feature","properties":{"fid":92,"OBJECTID":1,"UUID":"{0241BDAF-FECA-476C-BB76-2B1614C5FEC1}","OBJEKTART":"Gebaeude Einzelhaus","NAME_KOMPLETT":null,"GEBAEUDE_NUTZUNG":null,"GRUND_AENDERUNG":"Verbessert","HERKUNFT":"swisstopo","HERKUNFT_JAHR":2024,"HERKUNFT_MONAT":6,"ORIGINAL_HERKUNFT":"swisstopo","ERSTELLUNG_JAHR":2024,"ERSTELLUNG_MONAT":6,"REVISION_JAHR":2024,"REVISION_MONAT":6,"DATUM_AENDERUNG":"2025-07-08T11:55:40Z","DATUM_ERSTELLUNG":"2025-07-08T11:55:40Z","DACH_MAX":571.05,"DACH_MIN":567.57,"EGID":187524,"GEBAEUDEEINHEIT":"{0161A195-33E8-41ED-A8F7-CD5593D4FBF9}","layer":"swissbuildings3d_3_0_2024_1129-33_2056_5728.gdb — swissBUILDINGS3D_3-0_1129-33.gdb/a0000000b.gdbtable","path":"/vsizip//Users/wulf/Downloads/swissbuildings3d_3_0_2024_1129-33_2056_5728.gdb.zip/swissBUILDINGS3D_3-0_1129-33.gdb/a0000000b.gdbtable|layername=Roof_solid"},"geometry":{"type":"Polygon","coordinates":[[[2641425.69,1218573.710555563215166,603.37390000000596],[2641424.350000001490116,1218581.824999999254942,603.37390000000596],[2641425.69,1218582.04646229930222,604.628376769528472],[2641425.69,1218573.710555563215166,603.37390000000596]]]}},
{"type":"Feature","properties":{"fid":94,"OBJECTID":1,"UUID":"{0241BDAF-FECA-476C-BB76-2B1614C5FEC1}","OBJEKTART":"Gebaeude Einzelhaus","NAME_KOMPLETT":null,"GEBAEUDE_NUTZUNG":null,"GRUND_AENDERUNG":"Verbessert","HERKUNFT":"swisstopo","HERKUNFT_JAHR":2024,"HERKUNFT_MONAT":6,"ORIGINAL_HERKUNFT":"swisstopo","ERSTELLUNG_JAHR":2024,"ERSTELLUNG_MONAT":6,"REVISION_JAHR":2024,"REVISION_MONAT":6,"DATUM_AENDERUNG":"2025-07-08T11:55:40Z","DATUM_ERSTELLUNG":"2025-07-08T11:55:40Z","DACH_MAX":571.05,"DACH_MIN":567.57,"EGID":187524,"GEBAEUDEEINHEIT":"{0161A195-33E8-41ED-A8F7-CD5593D4FBF9}","layer":"swissbuildings3d_3_0_2024_1129-33_2056_5728.gdb — swissBUILDINGS3D_3-0_1129-33.gdb/a0000000b.gdbtable","path":"/vsizip//Users/wulf/Downloads/swissbuildings3d_3_0_2024_1129-33_2056_5728.gdb.zip/swissBUILDINGS3D_3-0_1129-33.gdb/a0000000b.gdbtable|layername=Roof_solid"},"geometry":{"type":"Polygon","coordinates":[[[2641416.127999998629093,1218685.383000001311302,596.844700000001467],[2641410.421,1218685.114999998360872,593.156000000002678],[2641409.88399999961257,1218696.589999999850988,593.156000000002678],[2641415.589999999850988,1218696.857999999076128,596.644700000004377],[2641421.166000001132488,1218697.118999999016523,592.956099999995786],[2641421.704999998211861,1218685.644000001251698,593.156000000002678],[2641416.127999998629093,1218685.383000001311302,596.844700000001467]]]}},
{"type":"Feature","properties":{"fid":95,"OBJECTID":1,"UUID":"{0241BDAF-FECA-476C-BB76-2B1614C5FEC1}","OBJEKTART":"Gebaeude Einzelhaus","NAME_KOMPLETT":null,"GEBAEUDE_NUTZUNG":null,"GRUND_AENDERUNG":"Verbessert","HERKUNFT":"swisstopo","HERKUNFT_JAHR":2024,"HERKUNFT_MONAT":6,"ORIGINAL_HERKUNFT":"swisstopo","ERSTELLUNG_JAHR":2024,"ERSTELLUNG_MONAT":6,"REVISION_JAHR":2024,"REVISION_MONAT":6,"DATUM_AENDERUNG":"2025-07-08T11:55:40Z","DATUM_ERSTELLUNG":"2025-07-08T11:55:40Z","DACH_MAX":571.05,"DACH_MIN":567.57,"EGID":187524,"GEBAEUDEEINHEIT":"{0161A195-33E8-41ED-A8F7-CD5593D4FBF9}","layer":"swissbuildings3d_3_0_2024_1129-33_2056_5728.gdb — swissBUILDINGS3D_3-0_1129-33.gdb/a0000000b.gdbtable","path":"/vsizip//Users/wulf/Downloads/swissbuildings3d_3_0_2024_1129-33_2056_5728.gdb.zip/swissBUILDINGS3D_3-0_1129-33.gdb/a0000000b.gdbtable|layername=Roof_solid"},"geometry":{"type":"Polygon","coordinates":[[[2641425.69,1218712.486512614414096,588.457936971556592],[2641425.254000000655651,1218719.043000001460314,585.726800000004005],[2641425.69,1218719.071964624570683,585.715025762917662],[2641425.69,1218712.486512614414096,588.457936971556592]]]}},
{"type":"Feature","properties":{"fid":96,"OBJECTID":1,"UUID":"{0241BDAF-FECA-476C-BB76-2B1614C5FEC1}","OBJEKTART":"Gebaeude Einzelhaus","NAME_KOMPLETT":null,"GEBAEUDE_NUTZUNG":null,"GRUND_AENDERUNG":"Verbessert","HERKUNFT":"swisstopo","HERKUNFT_JAHR":2024,"HERKUNFT_MONAT":6,"ORIGINAL_HERKUNFT":"swisstopo","ERSTELLUNG_JAHR":2024,"ERSTELLUNG_MONAT":6,"REVISION_JAHR":2024,"REVISION_MONAT":6,"DATUM_AENDERUNG":"2025-07-08T11:55:40Z","DATUM_ERSTELLUNG":"2025-07-08T11:55:40Z","DACH_MAX":571.05,"DACH_MIN":567.57,"EGID":187524,"GEBAEUDEEINHEIT":"{0161A195-33E8-41ED-A8F7-CD5593D4FBF9}","layer":"swissbuildings3d_3_0_2024_1129-33_2056_5728.gdb — swissBUILDINGS3D_3-0_1129-33.gdb/a0000000b.gdbtable","path":"/vsizip//Users/wulf/Downloads/swissbuildings3d_3_0_2024_1129-33_2056_5728.gdb.zip/swissBUILDINGS3D_3-0_1129-33.gdb/a0000000b.gdbtable|layername=Roof_solid"},"geometry":{"type":"Polygon","coordinates":[[[2641425.69,1218759.174932271474972,581.98420000000624],[2641422.298000000417233,1218758.647999998182058,581.98420000000624],[2641421.370000001043081,1218764.620999999344349,584.672999999995227],[2641420.412999998778105,1218770.785000000149012,582.074200000002747],[2641425.69,1218771.604758726898581,582.074200000002747],[2641425.69,1218759.174932271474972,581.98420000000624]]]}},
{"type":"Feature","properties":{"fid":97,"OBJECTID":1,"UUID":"{0241BDAF-FECA-476C-BB76-2B1614C5FEC1}","OBJEKTART":"Gebaeude Einzelhaus","NAME_KOMPLETT":null,"GEBAEUDE_NUTZUNG":null,"GRUND_AENDERUNG":"Verbessert","HERKUNFT":"swisstopo","HERKUNFT_JAHR":2024,"HERKUNFT_MONAT":6,"ORIGINAL_HERKUNFT":"swisstopo","ERSTELLUNG_JAHR":2024,"ERSTELLUNG_MONAT":6,"REVISION_JAHR":2024,"REVISION_MONAT":6,"DATUM_AENDERUNG":"2025-07-08T11:55:40Z","DATUM_ERSTELLUNG":"2025-07-08T11:55:40Z","DACH_MAX":571.05,"DACH_MIN":567.57,"EGID":187524,"GEBAEUDEEINHEIT":"{0161A195-33E8-41ED-A8F7-CD5593D4FBF9}","layer":"swissbuildings3d_3_0_2024_1129-33_2056_5728.gdb — swissBUILDINGS3D_3-0_1129-33.gdb/a0000000b.gdbtable","path":"/vsizip//Users/wulf/Downloads/swissbuildings3d_3_0_2024_1129-33_2056_5728.gdb.zip/swissBUILDINGS3D_3-0_1129-33.gdb/a0000000b.gdbtable|layername=Roof_solid"},"geometry":{"type":"Polygon","coordinates":[[[2641425.69,1218808.782502169022337,568.724404227652144],[2641424.159000001847744,1218808.245999999344349,568.773600000000442],[2641420.010000001639128,1218820.08500000089407,568.773700000005192],[2641425.69,1218822.076652731979266,568.591063344065446],[2641425.69,1218808.782502169022337,568.724404227652144]]]}},
{"type":"Feature","properties":{"fid":98,"OBJECTID":1,"UUID":"{0241BDAF-FECA-476C-BB76-2B1614C5FEC1}","OBJEKTART":"Gebaeude Einzelhaus","NAME_KOMPLETT":null,"GEBAEUDE_NUTZUNG":null,"GRUND_AENDERUNG":"Verbessert","HERKUNFT":"swisstopo","HERKUNFT_JAHR":2024,"HERKUNFT_MONAT":6,"ORIGINAL_HERKUNFT":"swisstopo","ERSTELLUNG_JAHR":2024,"ERSTELLUNG_MONAT":6,"REVISION_JAHR":2024,"REVISION_MONAT":6,"DATUM_AENDERUNG":"2025-07-08T11:55:40Z","DATUM_ERSTELLUNG":"2025-07-08T11:55:40Z","DACH_MAX":571.05,"DACH_MIN":567.57,"EGID":187524,"GEBAEUDEEINHEIT":"{0161A195-33E8-41ED-A8F7-CD5593D4FBF9}","layer":"swissbuildings3d_3_0_2024_1129-33_2056_5728.gdb — swissBUILDINGS3D_3-0_1129-33.gdb/a0000000b.gdbtable","path":"/vsizip//Users/wulf/Downloads/swissbuildings3d_3_0_2024_1129-33_2056_5728.gdb.zip/swissBUILDINGS3D_3-0_1129-33.gdb/a0000000b.gdbtable|layername=Roof_solid"},"geometry":{"type":"Polygon","coordinates":[[[2641425.69,1218835.687540153041482,574.580100000006496],[2641421.818,1218847.359999999403954,574.580100000006496],[2641425.69,1218848.643891512649134,574.512348468942832],[2641425.69,1218835.687540153041482,574.580100000006496]]]}}
]
}
