{
"type": "FeatureCollection",
"name": "willisau_overture_buildings_subset",
"crs": { "type": "name", "properties": { "name": "urn:ogc:def:crs:EPSG::2056" } },
"features": [
{ "type": "Feature", "properties": { "id": "c5e4bb39-aa51-4665-b9d5-4b2561dca925", "names": null, "sources": "[{'property': '', 'dataset': 'OpenStreetMap', 'license': 'ODbL-1.0', 'record_id': 'w238452911@4', 'update_time': '2023-11-12T15:38:16.000Z', 'confidence': None, 'between': None, 'provider': 'osm', 'resource': 'planet', 'version': '2026-08-02T00:00:00.000Z'}\n {'property': '/properties/height', 'dataset': 'Microsoft ML Buildings', 'license': 'ODbL-1.0', 'record_id': None, 'update_time': '2022-08-04T00:00:00.000Z', 'confidence': None, 'between': None, 'provider': 'microsoft', 'resource': 'ml_buildings', 'version': '2025-02-25'}]", "level": null, "height": 5.2755007743835449, "min_height": null, "is_underground": false, "num_floors": null, "num_floors_underground": null, "min_floor": null, "subtype": null, "class": null, "facade_color": null, "facade_material": null, "roof_material": null, "roof_shape": null, "roof_direction": null, "roof_orientation": null, "roof_color": null, "roof_height": null, "has_parts": false, "version": 2, "bbox": { "xmin": 7.993936061859131, "xmax": 7.994346618652344, "ymin": 47.115692138671875, "ymax": 47.115882873535156 } }, "geometry": { "type": "Polygon", "coordinates": [ [ [ 2642157.999731029849499, 1218466.178651041351259 ], [ 2642144.668422860093415, 1218468.93050824617967 ], [ 2642143.20788225159049, 1218461.893782346276566 ], [ 2642151.773635622113943, 1218460.131047775968909 ], [ 2642149.674551125150174, 1218450.021314052399248 ], [ 2642154.994838158134371, 1218448.936050266958773 ], [ 2642155.273708734661341, 1218450.283266653073952 ], [ 2642156.976175472140312, 1218449.939540817169473 ], [ 2642157.761470439843833, 1218453.72511981590651 ], [ 2642159.539984226226807, 1218453.359697171021253 ], [ 2642160.581929344218224, 1218458.414512000512332 ], [ 2642167.186806313227862, 1218457.049285168992355 ], [ 2642165.836428725160658, 1218450.53586590429768 ], [ 2642172.000363220926374, 1218449.278702166164294 ], [ 2642174.30466658109799, 1218460.412726329173893 ], [ 2642170.519576744176447, 1218461.197538340231404 ], [ 2642171.011210496071726, 1218463.580208824481815 ], [ 2642167.279403746128082, 1218464.343164430931211 ], [ 2642167.932570521254092, 1218467.494100144132972 ], [ 2642158.667608771007508, 1218469.396396090276539 ], [ 2642157.999731029849499, 1218466.178651041351259 ] ] ] } },
{ "type": "Feature", "properties": { "id": "dfe71bc7-8de9-4e23-9667-fb296b9352eb", "names": null, "sources": "[{'property': '', 'dataset': 'OpenStreetMap', 'license': 'ODbL-1.0', 'record_id': 'w232823829@4', 'update_time': '2023-11-12T14:31:47.000Z', 'confidence': None, 'between': None, 'provider': 'osm', 'resource': 'planet', 'version': '2026-08-02T00:00:00.000Z'}\n {'property': '/properties/height', 'dataset': 'Microsoft ML Buildings', 'license': 'ODbL-1.0', 'record_id': None, 'update_time': '2022-08-04T00:00:00.000Z', 'confidence': None, 'between': None, 'provider': 'microsoft', 'resource': 'ml_buildings', 'version': '2025-02-25'}]", "level": null, "height": 6.5106325149536133, "min_height": null, "is_underground": false, "num_floors": null, "num_floors_underground": null, "min_floor": null, "subtype": null, "class": null, "facade_color": null, "facade_material": null, "roof_material": null, "roof_shape": null, "roof_direction": null, "roof_orientation": null, "roof_color": null, "roof_height": null, "has_parts": false, "version": 2, "bbox": { "xmin": 7.993293762207031, "xmax": 7.9940714836120605, "ymin": 47.11908721923828, "ymax": 47.11929702758789 } }, "geometry": { "type": "Polygon", "coordinates": [ [ [ 2642129.977509197313339, 1218846.540195266250521 ], [ 2642091.828549830242991, 1218834.630387175828218 ], [ 2642094.500107495114207, 1218825.999663719907403 ], [ 2642132.49679567059502, 1218837.986236025113612 ], [ 2642131.975551372859627, 1218839.794740872690454 ], [ 2642133.369018598925322, 1218840.204829928698018 ], [ 2642134.98858929798007, 1218835.469009771710262 ], [ 2642150.745420447085053, 1218838.382094078697264 ], [ 2642147.259534415323287, 1218849.475169915007427 ], [ 2642130.623234206344932, 1218844.298978784354404 ], [ 2642130.320443254895508, 1218845.264080707915127 ], [ 2642129.977509197313339, 1218846.540195266250521 ] ] ] } },
{ "type": "Feature", "properties": { "id": "7ad360c7-ac30-4fcf-ad61-a38023dd3310", "names": null, "sources": "[{'property': '', 'dataset': 'OpenStreetMap', 'license': 'ODbL-1.0', 'record_id': 'w992718213@3', 'update_time': '2023-04-29T07:09:25.000Z', 'confidence': None, 'between': None, 'provider': 'osm', 'resource': 'planet', 'version': '2026-08-02T00:00:00.000Z'}\n {'property': '/properties/height', 'dataset': 'Microsoft ML Buildings', 'license': 'ODbL-1.0', 'record_id': None, 'update_time': '2022-08-04T00:00:00.000Z', 'confidence': None, 'between': None, 'provider': 'microsoft', 'resource': 'ml_buildings', 'version': '2025-02-25'}]", "level": null, "height": 8.4949970245361328, "min_height": null, "is_underground": false, "num_floors": null, "num_floors_underground": null, "min_floor": null, "subtype": null, "class": null, "facade_color": null, "facade_material": null, "roof_material": null, "roof_shape": null, "roof_direction": null, "roof_orientation": null, "roof_color": null, "roof_height": null, "has_parts": false, "version": 2, "bbox": { "xmin": 7.993654727935791, "xmax": 7.994107723236084, "ymin": 47.118804931640625, "ymax": 47.1190185546875 } }, "geometry": { "type": "Polygon", "coordinates": [ [ [ 2642130.085247725713998, 1218814.121662972262129 ], [ 2642119.432016441132873, 1218811.733879237901419 ], [ 2642123.24013673979789, 1218794.772905830293894 ], [ 2642153.76682319259271, 1218801.759432597551495 ], [ 2642151.769651891198009, 1218811.59561380953528 ], [ 2642150.34634588798508, 1218818.623069233493879 ], [ 2642130.085247725713998, 1218814.121662972262129 ] ] ] } },
{ "type": "Feature", "properties": { "id": "36cd76c4-fdf0-4c50-93df-c9631b879eda", "names": null, "sources": "[{'property': '', 'dataset': 'OpenStreetMap', 'license': 'ODbL-1.0', 'record_id': 'w1104932932@2', 'update_time': '2025-05-03T13:29:45.000Z', 'confidence': None, 'between': None, 'provider': 'osm', 'resource': 'planet', 'version': '2026-08-02T00:00:00.000Z'}]", "level": null, "height": null, "min_height": null, "is_underground": false, "num_floors": 5.0, "num_floors_underground": null, "min_floor": null, "subtype": "residential", "class": "apartments", "facade_color": null, "facade_material": null, "roof_material": null, "roof_shape": null, "roof_direction": null, "roof_orientation": null, "roof_color": null, "roof_height": null, "has_parts": false, "version": 1, "bbox": { "xmin": 7.99362325668335, "xmax": 7.994082450866699, "ymin": 47.11848449707031, "ymax": 47.11870574951172 } }, "geometry": { "type": "Polygon", "coordinates": [ [ [ 2642121.374958095606416, 1218759.094057549955323 ], [ 2642152.143802607897669, 1218766.204580588499084 ], [ 2642148.066127935424447, 1218783.708397576585412 ], [ 2642133.049178306944668, 1218780.24466578126885 ], [ 2642117.30487959459424, 1218776.609066175529733 ], [ 2642121.374958095606416, 1218759.094057549955323 ] ] ] } },
{ "type": "Feature", "properties": { "id": "f0dbadc6-9b1b-4b37-b231-a50a4132ebec", "names": null, "sources": "[{'property': '', 'dataset': 'OpenStreetMap', 'license': 'ODbL-1.0', 'record_id': 'w228735383@2', 'update_time': '2022-05-05T15:11:41.000Z', 'confidence': None, 'between': None, 'provider': 'osm', 'resource': 'planet', 'version': '2026-08-02T00:00:00.000Z'}\n {'property': '/properties/height', 'dataset': 'Microsoft ML Buildings', 'license': 'ODbL-1.0', 'record_id': None, 'update_time': '2022-08-04T00:00:00.000Z', 'confidence': None, 'between': None, 'provider': 'microsoft', 'resource': 'ml_buildings', 'version': '2025-02-25'}]", "level": null, "height": 4.1702899932861328, "min_height": null, "is_underground": false, "num_floors": null, "num_floors_underground": null, "min_floor": null, "subtype": null, "class": null, "facade_color": null, "facade_material": null, "roof_material": null, "roof_shape": null, "roof_direction": null, "roof_orientation": null, "roof_color": null, "roof_height": null, "has_parts": false, "version": 2, "bbox": { "xmin": 7.992663860321045, "xmax": 7.992834091186523, "ymin": 47.11909484863281, "ymax": 47.11925506591797 } }, "geometry": { "type": "Polygon", "coordinates": [ [ [ 2642053.83229281520471, 1218844.079055580543354 ], [ 2642043.966022212989628, 1218842.01937362854369 ], [ 2642047.091289860662073, 1218827.154785318765789 ], [ 2642056.957505688536912, 1218829.22558956197463 ], [ 2642053.83229281520471, 1218844.079055580543354 ] ] ] } },
{ "type": "Feature", "properties": { "id": "5116bd90-7cd2-4f6f-a76c-d73bd1cffe83", "names": "{'primary': 'Schulhaus Schloss 1', 'common': None, 'rules': None}", "sources": "[{'property': '', 'dataset': 'OpenStreetMap', 'license': 'ODbL-1.0', 'record_id': 'w44951394@2', 'update_time': '2022-05-05T15:11:41.000Z', 'confidence': None, 'between': None, 'provider': 'osm', 'resource': 'planet', 'version': '2026-08-02T00:00:00.000Z'}\n {'property': '/properties/height', 'dataset': 'Microsoft ML Buildings', 'license': 'ODbL-1.0', 'record_id': None, 'update_time': '2022-08-04T00:00:00.000Z', 'confidence': None, 'between': None, 'provider': 'microsoft', 'resource': 'ml_buildings', 'version': '2025-02-25'}]", "level": null, "height": 6.8506193161010742, "min_height": null, "is_underground": false, "num_floors": null, "num_floors_underground": null, "min_floor": null, "subtype": "education", "class": null, "facade_color": null, "facade_material": null, "roof_material": null, "roof_shape": null, "roof_direction": null, "roof_orientation": null, "roof_color": null, "roof_height": null, "has_parts": false, "version": 2, "bbox": { "xmin": 7.991659641265869, "xmax": 7.992401599884033, "ymin": 47.11918640136719, "ymax": 47.11947250366211 } }, "geometry": { "type": "Polygon", "coordinates": [ [ [ 2642021.16711393231526, 1218868.096419907640666 ], [ 2641967.688060185872018, 1218851.932429534615949 ], [ 2641972.489194379653782, 1218836.145715112099424 ], [ 2642022.894779079593718, 1218852.321428969036788 ], [ 2642020.767011882271618, 1218858.109880126081407 ], [ 2642023.874772731214762, 1218859.710509499534965 ], [ 2642021.16711393231526, 1218868.096419907640666 ] ] ] } },
{ "type": "Feature", "properties": { "id": "3bb697c5-7cfd-43d3-9b62-f28f0c1f409c", "names": null, "sources": "[{'property': '', 'dataset': 'OpenStreetMap', 'license': 'ODbL-1.0', 'record_id': 'w228735407@2', 'update_time': '2022-05-05T15:11:41.000Z', 'confidence': None, 'between': None, 'provider': 'osm', 'resource': 'planet', 'version': '2026-08-02T00:00:00.000Z'}\n {'property': '/properties/height', 'dataset': 'Microsoft ML Buildings', 'license': 'ODbL-1.0', 'record_id': None, 'update_time': '2022-08-04T00:00:00.000Z', 'confidence': None, 'between': None, 'provider': 'microsoft', 'resource': 'ml_buildings', 'version': '2025-02-25'}]", "level": null, "height": 5.4672679901123047, "min_height": null, "is_underground": false, "num_floors": null, "num_floors_underground": null, "min_floor": null, "subtype": null, "class": null, "facade_color": null, "facade_material": null, "roof_material": null, "roof_shape": null, "roof_direction": null, "roof_orientation": null, "roof_color": null, "roof_height": null, "has_parts": false, "version": 2, "bbox": { "xmin": 7.992582321166992, "xmax": 7.992781639099121, "ymin": 47.11934280395508, "ymax": 47.119606018066406 } }, "geometry": { "type": "Polygon", "coordinates": [ [ [ 2642047.46220380300656, 1218883.22410014597699 ], [ 2642037.50391460955143, 1218881.308309572050348 ], [ 2642042.773865426424891, 1218853.951402520528063 ], [ 2642052.732277336064726, 1218855.856084636645392 ], [ 2642047.46220380300656, 1218883.22410014597699 ] ] ] } },
{ "type": "Feature", "properties": { "id": "4cc501ef-5b72-482c-b499-cb26c4e3284c", "names": "{'primary': 'Landvogteischloss', 'common': None, 'rules': None}", "sources": "[{'property': '', 'dataset': 'OpenStreetMap', 'license': 'ODbL-1.0', 'record_id': 'w44951391@5', 'update_time': '2025-06-30T05:56:43.000Z', 'confidence': None, 'between': None, 'provider': 'osm', 'resource': 'planet', 'version': '2026-08-02T00:00:00.000Z'}\n {'property': '/properties/height', 'dataset': 'Microsoft ML Buildings', 'license': 'ODbL-1.0', 'record_id': None, 'update_time': '2022-08-04T00:00:00.000Z', 'confidence': None, 'between': None, 'provider': 'microsoft', 'resource': 'ml_buildings', 'version': '2025-02-25'}]", "level": null, "height": 10.598198890686035, "min_height": null, "is_underground": false, "num_floors": null, "num_floors_underground": null, "min_floor": null, "subtype": null, "class": null, "facade_color": null, "facade_material": null, "roof_material": null, "roof_shape": null, "roof_direction": null, "roof_orientation": null, "roof_color": null, "roof_height": null, "has_parts": false, "version": 2, "bbox": { "xmin": 7.990372180938721, "xmax": 7.990717887878418, "ymin": 47.11922073364258, "ymax": 47.11942672729492 } }, "geometry": { "type": "Polygon", "coordinates": [ [ [ 2641892.748208165634423, 1218861.533453135751188 ], [ 2641870.039521628059447, 1218853.269055445445701 ], [ 2641874.834627104923129, 1218839.38335253787227 ], [ 2641878.618979385122657, 1218839.743474233197048 ], [ 2641881.549818043597043, 1218840.609015890629962 ], [ 2641879.652185009326786, 1218846.065601881127805 ], [ 2641896.206868744920939, 1218852.085463208844885 ], [ 2641892.748208165634423, 1218861.533453135751188 ] ] ] } },
{ "type": "Feature", "properties": { "id": "f3155573-694f-4871-b368-01229846f9a7", "names": "{'primary': 'Schlossscheune', 'common': None, 'rules': None}", "sources": "[{'property': '', 'dataset': 'OpenStreetMap', 'license': 'ODbL-1.0', 'record_id': 'w44951387@3', 'update_time': '2022-05-05T15:11:41.000Z', 'confidence': None, 'between': None, 'provider': 'osm', 'resource': 'planet', 'version': '2026-08-02T00:00:00.000Z'}\n {'property': '/properties/height', 'dataset': 'Microsoft ML Buildings', 'license': 'ODbL-1.0', 'record_id': None, 'update_time': '2022-08-04T00:00:00.000Z', 'confidence': None, 'between': None, 'provider': 'microsoft', 'resource': 'ml_buildings', 'version': '2025-02-25'}]", "level": null, "height": 4.9281511306762695, "min_height": null, "is_underground": false, "num_floors": null, "num_floors_underground": null, "min_floor": null, "subtype": null, "class": null, "facade_color": null, "facade_material": null, "roof_material": null, "roof_shape": null, "roof_direction": null, "roof_orientation": null, "roof_color": null, "roof_height": null, "has_parts": false, "version": 2, "bbox": { "xmin": 7.989681243896484, "xmax": 7.989989757537842, "ymin": 47.11906433105469, "ymax": 47.11932373046875 } }, "geometry": { "type": "Polygon", "coordinates": [ [ [ 2641836.054967338684946, 1218850.21762053319253 ], [ 2641817.640441557858139, 1218846.430657662916929 ], [ 2641822.675553041044623, 1218822.118172959191725 ], [ 2641841.082562599331141, 1218825.905097956536338 ], [ 2641836.054967338684946, 1218850.21762053319253 ] ] ] } },
{ "type": "Feature", "properties": { "id": "26eb38ae-acf4-4e03-8800-822f4f20b324", "names": "{'primary': 'Heilpädagogische Schule Willisau', 'common': None, 'rules': None}", "sources": "[{'property': '', 'dataset': 'OpenStreetMap', 'license': 'ODbL-1.0', 'record_id': 'w44951388@3', 'update_time': '2022-06-22T19:23:49.000Z', 'confidence': None, 'between': None, 'provider': 'osm', 'resource': 'planet', 'version': '2026-08-02T00:00:00.000Z'}\n {'property': '/properties/height', 'dataset': 'Microsoft ML Buildings', 'license': 'ODbL-1.0', 'record_id': None, 'update_time': '2022-08-04T00:00:00.000Z', 'confidence': None, 'between': None, 'provider': 'microsoft', 'resource': 'ml_buildings', 'version': '2025-02-25'}]", "level": null, "height": 6.1808538436889648, "min_height": null, "is_underground": false, "num_floors": null, "num_floors_underground": null, "min_floor": null, "subtype": null, "class": null, "facade_color": null, "facade_material": null, "roof_material": null, "roof_shape": null, "roof_direction": null, "roof_orientation": null, "roof_color": null, "roof_height": null, "has_parts": false, "version": 2, "bbox": { "xmin": 7.989266872406006, "xmax": 7.990115165710449, "ymin": 47.11867904663086, "ymax": 47.11896514892578 } }, "geometry": { "type": "Polygon", "coordinates": [ [ [ 2641820.816164139192551, 1218809.152977915015072 ], [ 2641786.540120339021087, 1218798.928851620294154 ], [ 2641792.65541121410206, 1218778.570709105348215 ], [ 2641816.707733544986695, 1218785.754697639495134 ], [ 2641818.378447873983532, 1218780.185323126148432 ], [ 2641850.852121451403946, 1218789.874442770378664 ], [ 2641844.85312499338761, 1218809.855341139947996 ], [ 2641822.595691021997482, 1218803.217482997570187 ], [ 2641820.816164139192551, 1218809.152977915015072 ] ] ] } },
{ "type": "Feature", "properties": { "id": "d38f020a-edda-4ef5-856f-5f5a6c3f62d6", "names": "{'primary': 'Schulhaus Schloss 2', 'common': None, 'rules': None}", "sources": "[{'property': '', 'dataset': 'OpenStreetMap', 'license': 'ODbL-1.0', 'record_id': 'w44951392@3', 'update_time': '2022-05-05T15:11:41.000Z', 'confidence': None, 'between': None, 'provider': 'osm', 'resource': 'planet', 'version': '2026-08-02T00:00:00.000Z'}\n {'property': '/properties/height', 'dataset': 'Microsoft ML Buildings', 'license': 'ODbL-1.0', 'record_id': None, 'update_time': '2022-08-04T00:00:00.000Z', 'confidence': None, 'between': None, 'provider': 'microsoft', 'resource': 'ml_buildings', 'version': '2025-02-25'}]", "level": null, "height": 5.5401945114135742, "min_height": null, "is_underground": false, "num_floors": null, "num_floors_underground": null, "min_floor": null, "subtype": "education", "class": null, "facade_color": null, "facade_material": null, "roof_material": null, "roof_shape": null, "roof_direction": null, "roof_orientation": null, "roof_color": null, "roof_height": null, "has_parts": false, "version": 2, "bbox": { "xmin": 7.990365028381348, "xmax": 7.991310119628906, "ymin": 47.11864471435547, "ymax": 47.11906433105469 } }, "geometry": { "type": "Polygon", "coordinates": [ [ [ 2641888.14929665857926, 1218815.106863950379193 ], [ 2641869.739601171575487, 1218809.540938770165667 ], [ 2641877.28240800043568, 1218784.790290977805853 ], [ 2641874.215414260979742, 1218783.85708877700381 ], [ 2641876.809931613039225, 1218775.348024202510715 ], [ 2641941.558172316290438, 1218794.948033557971939 ], [ 2641938.815944615285844, 1218803.94521131250076 ], [ 2641934.060228918213397, 1218802.499797730240971 ], [ 2641931.310114436317235, 1218811.541394389234483 ], [ 2641936.368741833604872, 1218813.077879007905722 ], [ 2641933.595393414609134, 1218822.186017662286758 ], [ 2641890.013614021241665, 1218808.994101006537676 ], [ 2641888.14929665857926, 1218815.106863950379193 ] ] ] } },
{ "type": "Feature", "properties": { "id": "d743ac47-f16f-4fb3-8474-695408fe3682", "names": "{'primary': 'Turnhalle Schloss', 'common': None, 'rules': None}", "sources": "[{'property': '', 'dataset': 'OpenStreetMap', 'license': 'ODbL-1.0', 'record_id': 'w44951393@2', 'update_time': '2009-12-05T19:42:05.000Z', 'confidence': None, 'between': None, 'provider': 'osm', 'resource': 'planet', 'version': '2026-08-02T00:00:00.000Z'}]", "level": null, "height": null, "min_height": null, "is_underground": false, "num_floors": null, "num_floors_underground": null, "min_floor": null, "subtype": null, "class": null, "facade_color": null, "facade_material": null, "roof_material": null, "roof_shape": null, "roof_direction": null, "roof_orientation": null, "roof_color": null, "roof_height": null, "has_parts": false, "version": 1, "bbox": { "xmin": 7.991267681121826, "xmax": 7.991735935211182, "ymin": 47.11907196044922, "ymax": 47.11927795410156 } }, "geometry": { "type": "Polygon", "coordinates": [ [ [ 2641969.292088808491826, 1218846.151389423990622 ], [ 2641938.109203957021236, 1218836.437348234001547 ], [ 2641941.848337559960783, 1218823.811688921647146 ], [ 2641973.543626294005662, 1218834.05189075297676 ], [ 2641972.489194379653782, 1218836.145715112099424 ], [ 2641969.292088808491826, 1218846.151389423990622 ] ] ] } },
{ "type": "Feature", "properties": { "id": "f8d17a2c-9974-43af-811f-3404ea0c21e5", "names": null, "sources": "[{'property': '', 'dataset': 'OpenStreetMap', 'license': 'ODbL-1.0', 'record_id': 'w992712657@3', 'update_time': '2023-07-03T12:17:30.000Z', 'confidence': None, 'between': None, 'provider': 'osm', 'resource': 'planet', 'version': '2026-08-02T00:00:00.000Z'}]", "level": null, "height": 5.0, "min_height": null, "is_underground": false, "num_floors": null, "num_floors_underground": null, "min_floor": null, "subtype": "entertainment", "class": "grandstand", "facade_color": null, "facade_material": null, "roof_material": null, "roof_shape": null, "roof_direction": null, "roof_orientation": null, "roof_color": null, "roof_height": null, "has_parts": false, "version": 1, "bbox": { "xmin": 7.991512298583984, "xmax": 7.99160623550415, "ymin": 47.11823272705078, "ymax": 47.118465423583984 } }, "geometry": { "type": "Polygon", "coordinates": [ [ [ 2641961.346149805001915, 1218755.652749313507229 ], [ 2641957.198587828315794, 1218755.134370362618938 ], [ 2641960.140407030936331, 1218730.729442202253267 ], [ 2641964.462056408170611, 1218731.31575513118878 ], [ 2641961.346149805001915, 1218755.652749313507229 ] ] ] } },
{ "type": "Feature", "properties": { "id": "eb4734a5-0f4d-4846-9a85-86d20d8bd2e7", "names": "{'primary': 'Clubhaus Fussballclub Willisau', 'common': None, 'rules': None}", "sources": "[{'property': '', 'dataset': 'OpenStreetMap', 'license': 'ODbL-1.0', 'record_id': 'w44954336@3', 'update_time': '2012-03-16T20:03:10.000Z', 'confidence': None, 'between': None, 'provider': 'osm', 'resource': 'planet', 'version': '2026-08-02T00:00:00.000Z'}\n {'property': '/properties/height', 'dataset': 'Microsoft ML Buildings', 'license': 'ODbL-1.0', 'record_id': None, 'update_time': '2022-08-04T00:00:00.000Z', 'confidence': None, 'between': None, 'provider': 'microsoft', 'resource': 'ml_buildings', 'version': '2025-02-25'}]", "level": null, "height": 2.4240636825561523, "min_height": null, "is_underground": false, "num_floors": null, "num_floors_underground": null, "min_floor": null, "subtype": null, "class": null, "facade_color": null, "facade_material": null, "roof_material": null, "roof_shape": null, "roof_direction": null, "roof_orientation": null, "roof_color": null, "roof_height": null, "has_parts": false, "version": 2, "bbox": { "xmin": 7.991517543792725, "xmax": 7.991685390472412, "ymin": 47.11774444580078, "ymax": 47.11818313598633 } }, "geometry": { "type": "Polygon", "coordinates": [ [ [ 2641957.863735915627331, 1218723.175598212983459 ], [ 2641964.306961126625538, 1218675.737167706014588 ], [ 2641970.810929786413908, 1218676.805794944055378 ], [ 2641964.171834320761263, 1218724.031603033654392 ], [ 2641957.863735915627331, 1218723.175598212983459 ] ] ] } },
{ "type": "Feature", "properties": { "id": "e49ee8df-7508-4bf1-b6a4-54928905e3bd", "names": null, "sources": "[{'property': '', 'dataset': 'OpenStreetMap', 'license': 'ODbL-1.0', 'record_id': 'w992726533@1', 'update_time': '2021-10-14T14:08:02.000Z', 'confidence': None, 'between': None, 'provider': 'osm', 'resource': 'planet', 'version': '2026-08-02T00:00:00.000Z'}]", "level": null, "height": null, "min_height": null, "is_underground": false, "num_floors": null, "num_floors_underground": null, "min_floor": null, "subtype": "civic", "class": null, "facade_color": null, "facade_material": null, "roof_material": null, "roof_shape": null, "roof_direction": null, "roof_orientation": null, "roof_color": null, "roof_height": null, "has_parts": false, "version": 1, "bbox": { "xmin": 7.989608287811279, "xmax": 7.989706516265869, "ymin": 47.1173210144043, "ymax": 47.117393493652344 } }, "geometry": { "type": "Polygon", "coordinates": [ [ [ 2641820.998807246796787, 1218631.70431221765466 ], [ 2641816.91584985749796, 1218634.944274239242077 ], [ 2641813.628232392016798, 1218630.829888612730429 ], [ 2641817.749056961387396, 1218627.60130775696598 ], [ 2641820.998807246796787, 1218631.70431221765466 ] ] ] } },
{ "type": "Feature", "properties": { "id": "bbf29a66-2916-4513-9b08-cadea8600cc1", "names": "{'primary': 'KS Willisau Trakt c', 'common': None, 'rules': None}", "sources": "[{'property': '', 'dataset': 'OpenStreetMap', 'license': 'ODbL-1.0', 'record_id': 'w44951997@4', 'update_time': '2016-12-13T07:36:19.000Z', 'confidence': None, 'between': None, 'provider': 'osm', 'resource': 'planet', 'version': '2026-08-02T00:00:00.000Z'}\n {'property': '/properties/height', 'dataset': 'Microsoft ML Buildings', 'license': 'ODbL-1.0', 'record_id': None, 'update_time': '2022-08-04T00:00:00.000Z', 'confidence': None, 'between': None, 'provider': 'microsoft', 'resource': 'ml_buildings', 'version': '2025-02-25'}]", "level": null, "height": 3.3183276653289795, "min_height": null, "is_underground": false, "num_floors": null, "num_floors_underground": null, "min_floor": null, "subtype": "education", "class": "school", "facade_color": null, "facade_material": null, "roof_material": null, "roof_shape": null, "roof_direction": null, "roof_orientation": null, "roof_color": null, "roof_height": null, "has_parts": false, "version": 2, "bbox": { "xmin": 7.989833831787109, "xmax": 7.9903974533081055, "ymin": 47.11714172363281, "ymax": 47.11729049682617 } }, "geometry": { "type": "Polygon", "coordinates": [ [ [ 2641871.919631228316575, 1218624.535128957824782 ], [ 2641830.821632479317486, 1218618.387510123662651 ], [ 2641832.405861005187035, 1218607.847913748817518 ], [ 2641873.50393114099279, 1218613.995543397031724 ], [ 2641871.919631228316575, 1218624.535128957824782 ] ] ] } },
{ "type": "Feature", "properties": { "id": "143e7655-40fd-4fbb-98c1-71ec4c6aef91", "names": "{'primary': 'KS Willisau Trakt d', 'common': None, 'rules': None}", "sources": "[{'property': '', 'dataset': 'OpenStreetMap', 'license': 'ODbL-1.0', 'record_id': 'w44951998@3', 'update_time': '2016-07-14T21:11:03.000Z', 'confidence': None, 'between': None, 'provider': 'osm', 'resource': 'planet', 'version': '2026-08-02T00:00:00.000Z'}\n {'property': '/properties/height', 'dataset': 'Microsoft ML Buildings', 'license': 'ODbL-1.0', 'record_id': None, 'update_time': '2022-08-04T00:00:00.000Z', 'confidence': None, 'between': None, 'provider': 'microsoft', 'resource': 'ml_buildings', 'version': '2025-02-25'}]", "level": null, "height": 4.305572509765625, "min_height": null, "is_underground": false, "num_floors": null, "num_floors_underground": null, "min_floor": null, "subtype": "education", "class": "school", "facade_color": null, "facade_material": null, "roof_material": null, "roof_shape": null, "roof_direction": null, "roof_orientation": null, "roof_color": null, "roof_height": null, "has_parts": false, "version": 2, "bbox": { "xmin": 7.990542411804199, "xmax": 7.990955352783203, "ymin": 47.117225646972656, "ymax": 47.117347717285156 } }, "geometry": { "type": "Polygon", "coordinates": [ [ [ 2641915.782187336590141, 1218621.741591202793643 ], [ 2641914.44166797073558, 1218631.059931293828413 ], [ 2641884.494365086313337, 1218626.780320274177939 ], [ 2641885.827249526511878, 1218617.461920181056485 ], [ 2641915.782187336590141, 1218621.741591202793643 ] ] ] } },
{ "type": "Feature", "properties": { "id": "832082d9-b82e-4bda-a440-d1d815acb03f", "names": "{'primary': 'Schwinger- und Ringerzentrum', 'common': None, 'rules': None}", "sources": "[{'property': '', 'dataset': 'OpenStreetMap', 'license': 'ODbL-1.0', 'record_id': 'w992697998@3', 'update_time': '2022-05-05T15:11:42.000Z', 'confidence': None, 'between': None, 'provider': 'osm', 'resource': 'planet', 'version': '2026-08-02T00:00:00.000Z'}]", "level": null, "height": 10.0, "min_height": null, "is_underground": false, "num_floors": 2.0, "num_floors_underground": null, "min_floor": null, "subtype": null, "class": null, "facade_color": null, "facade_material": null, "roof_material": null, "roof_shape": null, "roof_direction": null, "roof_orientation": null, "roof_color": null, "roof_height": null, "has_parts": false, "version": 1, "bbox": { "xmin": 7.990452289581299, "xmax": 7.9909563064575195, "ymin": 47.11735916137695, "ymax": 47.11756896972656 } }, "geometry": { "type": "Polygon", "coordinates": [ [ [ 2641888.075622702948749, 1218654.977791110286489 ], [ 2641878.074582712724805, 1218653.68456316459924 ], [ 2641879.448497014120221, 1218641.764903015689924 ], [ 2641877.544093566481024, 1218641.695933397626504 ], [ 2641878.562072527129203, 1218632.908969478216022 ], [ 2641880.905068679247051, 1218633.203375661512837 ], [ 2641915.74830724671483, 1218637.350632266374305 ], [ 2641913.975250252056867, 1218650.979606521315873 ], [ 2641888.845470084808767, 1218648.023508622543886 ], [ 2641888.075622702948749, 1218654.977791110286489 ] ] ] } },
{ "type": "Feature", "properties": { "id": "f25a92c9-c099-4be5-994d-5b3381eb4a44", "names": "{'primary': 'Velounterstand', 'common': None, 'rules': None}", "sources": "[{'property': '', 'dataset': 'OpenStreetMap', 'license': 'ODbL-1.0', 'record_id': 'w992722880@1', 'update_time': '2021-10-14T13:53:49.000Z', 'confidence': None, 'between': None, 'provider': 'osm', 'resource': 'planet', 'version': '2026-08-02T00:00:00.000Z'}]", "level": null, "height": null, "min_height": null, "is_underground": false, "num_floors": null, "num_floors_underground": null, "min_floor": null, "subtype": "civic", "class": null, "facade_color": null, "facade_material": null, "roof_material": null, "roof_shape": null, "roof_direction": null, "roof_orientation": null, "roof_color": null, "roof_height": null, "has_parts": false, "version": 1, "bbox": { "xmin": 7.9911322593688965, "xmax": 7.99129056930542, "ymin": 47.11766815185547, "ymax": 47.117706298828125 } }, "geometry": { "type": "Polygon", "coordinates": [ [ [ 2641940.649844658561051, 1218670.58991002314724 ], [ 2641929.010758976917714, 1218669.129421633435413 ], [ 2641929.328935399185866, 1218667.052646078169346 ], [ 2641940.901290600188076, 1218668.290311053628102 ], [ 2641940.649844658561051, 1218670.58991002314724 ] ] ] } },
{ "type": "Feature", "properties": { "id": "732c6815-37fb-47e7-a3c5-d63aca7b54ec", "names": "{'primary': 'Velounterstand', 'common': None, 'rules': None}", "sources": "[{'property': '', 'dataset': 'OpenStreetMap', 'license': 'ODbL-1.0', 'record_id': 'w992722881@1', 'update_time': '2021-10-14T13:53:49.000Z', 'confidence': None, 'between': None, 'provider': 'osm', 'resource': 'planet', 'version': '2026-08-02T00:00:00.000Z'}]", "level": null, "height": null, "min_height": null, "is_underground": false, "num_floors": null, "num_floors_underground": null, "min_floor": null, "subtype": "civic", "class": null, "facade_color": null, "facade_material": null, "roof_material": null, "roof_shape": null, "roof_direction": null, "roof_orientation": null, "roof_color": null, "roof_height": null, "has_parts": false, "version": 1, "bbox": { "xmin": 7.991305828094482, "xmax": 7.991462707519531, "ymin": 47.11767578125, "ymax": 47.117713928222656 } }, "geometry": { "type": "Polygon", "coordinates": [ [ [ 2641953.760835492052138, 1218672.105252731591463 ], [ 2641942.121755816973746, 1218670.644738686736673 ], [ 2641942.439936746377498, 1218668.567963829496875 ], [ 2641954.012286448385566, 1218669.805654305731878 ], [ 2641953.760835492052138, 1218672.105252731591463 ] ] ] } },
{ "type": "Feature", "properties": { "id": "f8904d5d-ed2a-4244-bad8-28ec61271fac", "names": "{'primary': 'Sporthalle und Hallenbad Willisau', 'common': None, 'rules': None}", "sources": "[{'property': '', 'dataset': 'OpenStreetMap', 'license': 'ODbL-1.0', 'record_id': 'w44951993@4', 'update_time': '2022-05-05T15:11:41.000Z', 'confidence': None, 'between': None, 'provider': 'osm', 'resource': 'planet', 'version': '2026-08-02T00:00:00.000Z'}\n {'property': '/properties/height', 'dataset': 'Microsoft ML Buildings', 'license': 'ODbL-1.0', 'record_id': None, 'update_time': '2022-08-04T00:00:00.000Z', 'confidence': None, 'between': None, 'provider': 'microsoft', 'resource': 'ml_buildings', 'version': '2025-02-25'}]", "level": null, "height": 6.7650651931762695, "min_height": null, "is_underground": false, "num_floors": null, "num_floors_underground": null, "min_floor": null, "subtype": null, "class": null, "facade_color": null, "facade_material": null, "roof_material": null, "roof_shape": null, "roof_direction": null, "roof_orientation": null, "roof_color": null, "roof_height": null, "has_parts": false, "version": 2, "bbox": { "xmin": 7.991096019744873, "xmax": 7.992088794708252, "ymin": 47.117088317871094, "ymax": 47.11758041381836 } }, "geometry": { "type": "Polygon", "coordinates": [ [ [ 2641968.538292797747999, 1218656.822363230399787 ], [ 2641926.389212198089808, 1218651.255919783841819 ], [ 2641929.174165471456945, 1218626.482993781799451 ], [ 2641957.272346206940711, 1218630.382927762111649 ], [ 2641958.597995182033628, 1218618.874301216797903 ], [ 2641964.119625267572701, 1218619.346766001777723 ], [ 2641966.833911510650069, 1218603.556478491052985 ], [ 2641999.094860329758376, 1218607.997336539672688 ], [ 2641995.636740209534764, 1218637.790697888005525 ], [ 2642001.748946548905224, 1218638.456360268872231 ], [ 2641999.846427584532648, 1218654.274589232401922 ], [ 2641992.527460570912808, 1218653.622661717003211 ], [ 2641991.968751960899681, 1218657.521045729983598 ], [ 2641969.080473078880459, 1218654.191281000850722 ], [ 2641968.538292797747999, 1218656.822363230399787 ] ] ] } },
{ "type": "Feature", "properties": { "id": "91d2d73c-0188-485c-bf11-8f5bc1c28149", "names": null, "sources": "[{'property': '', 'dataset': 'OpenStreetMap', 'license': 'ODbL-1.0', 'record_id': 'w238847064@1', 'update_time': '2013-09-21T13:09:05.000Z', 'confidence': None, 'between': None, 'provider': 'osm', 'resource': 'planet', 'version': '2026-08-02T00:00:00.000Z'}]", "level": null, "height": null, "min_height": null, "is_underground": false, "num_floors": null, "num_floors_underground": null, "min_floor": null, "subtype": null, "class": null, "facade_color": null, "facade_material": null, "roof_material": null, "roof_shape": null, "roof_direction": null, "roof_orientation": null, "roof_color": null, "roof_height": null, "has_parts": false, "version": 1, "bbox": { "xmin": 7.993701457977295, "xmax": 7.993793964385986, "ymin": 47.11790466308594, "ymax": 47.11798095703125 } }, "geometry": { "type": "Polygon", "coordinates": [ [ [ 2642129.428063303697854, 1218703.106523051392287 ], [ 2642123.705791338346899, 1218702.043246670160443 ], [ 2642124.960174837615341, 1218695.292535765329376 ], [ 2642130.690041847527027, 1218696.355866979109123 ], [ 2642129.428063303697854, 1218703.106523051392287 ] ] ] } },
{ "type": "Feature", "properties": { "id": "1597fbb6-01e7-4e94-903e-e42b6c77f5be", "names": "{'primary': 'Schule Schlossfeld Trakt A', 'common': None, 'rules': None}", "sources": "[{'property': '', 'dataset': 'OpenStreetMap', 'license': 'ODbL-1.0', 'record_id': 'w44952010@2', 'update_time': '2022-05-05T15:11:41.000Z', 'confidence': None, 'between': None, 'provider': 'osm', 'resource': 'planet', 'version': '2026-08-02T00:00:00.000Z'}]", "level": null, "height": null, "min_height": null, "is_underground": false, "num_floors": null, "num_floors_underground": null, "min_floor": null, "subtype": "education", "class": null, "facade_color": null, "facade_material": null, "roof_material": null, "roof_shape": null, "roof_direction": null, "roof_orientation": null, "roof_color": null, "roof_height": null, "has_parts": false, "version": 1, "bbox": { "xmin": 7.992908477783203, "xmax": 7.993410587310791, "ymin": 47.11643600463867, "ymax": 47.116703033447266 } }, "geometry": { "type": "Polygon", "coordinates": [ [ [ 2642085.861865868791938, 1218555.444436157355085 ], [ 2642064.586626780685037, 1218552.559288275893778 ], [ 2642066.243003931362182, 1218539.385362057946622 ], [ 2642089.210624769330025, 1218542.282466228120029 ], [ 2642090.711851214058697, 1218531.742350796004757 ], [ 2642102.745009211357683, 1218533.317114367382601 ], [ 2642099.42840640200302, 1218560.187453784048557 ], [ 2642085.438143886160105, 1218558.487699749413878 ], [ 2642085.861865868791938, 1218555.444436157355085 ] ] ] } },
{ "type": "Feature", "properties": { "id": "c960cd96-d365-4b53-bbf8-de8ae5c28410", "names": "{'primary': 'Schule Schlossfeld Saal1', 'common': None, 'rules': None}", "sources": "[{'property': '', 'dataset': 'OpenStreetMap', 'license': 'ODbL-1.0', 'record_id': 'w44952011@1', 'update_time': '2009-11-24T12:11:53.000Z', 'confidence': None, 'between': None, 'provider': 'osm', 'resource': 'planet', 'version': '2026-08-02T00:00:00.000Z'}]", "level": null, "height": null, "min_height": null, "is_underground": false, "num_floors": null, "num_floors_underground": null, "min_floor": null, "subtype": "education", "class": null, "facade_color": null, "facade_material": null, "roof_material": null, "roof_shape": null, "roof_direction": null, "roof_orientation": null, "roof_color": null, "roof_height": null, "has_parts": false, "version": 1, "bbox": { "xmin": 7.993066310882568, "xmax": 7.993426322937012, "ymin": 47.11624526977539, "ymax": 47.116424560546875 } }, "geometry": { "type": "Polygon", "coordinates": [ [ [ 2642094.442089374177158, 1218529.044853005092591 ], [ 2642076.744357638992369, 1218526.80752202286385 ], [ 2642078.950465328525752, 1218509.946397685911506 ], [ 2642096.340996708255261, 1218512.704097942914814 ], [ 2642095.48743980564177, 1218518.579343415098265 ], [ 2642104.031579171773046, 1218519.862643276806921 ], [ 2642103.157547474838793, 1218527.561049294890836 ], [ 2642094.97682579420507, 1218526.402612172532827 ], [ 2642094.442089374177158, 1218529.044853005092591 ] ] ] } },
{ "type": "Feature", "properties": { "id": "45e6ae72-b4e6-4277-a36b-bc633587907a", "names": "{'primary': 'Schule Schlossfeld Schulleitung', 'common': None, 'rules': None}", "sources": "[{'property': '', 'dataset': 'OpenStreetMap', 'license': 'ODbL-1.0', 'record_id': 'w44952009@1', 'update_time': '2009-11-24T10:46:04.000Z', 'confidence': None, 'between': None, 'provider': 'osm', 'resource': 'planet', 'version': '2026-08-02T00:00:00.000Z'}]", "level": null, "height": null, "min_height": null, "is_underground": false, "num_floors": null, "num_floors_underground": null, "min_floor": null, "subtype": "education", "class": null, "facade_color": null, "facade_material": null, "roof_material": null, "roof_shape": null, "roof_direction": null, "roof_orientation": null, "roof_color": null, "roof_height": null, "has_parts": false, "version": 1, "bbox": { "xmin": 7.992617130279541, "xmax": 7.992963790893555, "ymin": 47.116294860839844, "ymax": 47.116390228271484 } }, "geometry": { "type": "Polygon", "coordinates": [ [ [ 2642042.74100938718766, 1218521.864775902125984 ], [ 2642043.600316811352968, 1218515.166852524504066 ], [ 2642068.994866999797523, 1218518.314469856442884 ], [ 2642067.89917479455471, 1218525.166369467973709 ], [ 2642042.74100938718766, 1218521.864775902125984 ] ] ] } },
{ "type": "Feature", "properties": { "id": "8860623b-1d89-43c2-a062-5e2eeec001b1", "names": "{'primary': 'Velounterstand', 'common': None, 'rules': None}", "sources": "[{'property': '', 'dataset': 'OpenStreetMap', 'license': 'ODbL-1.0', 'record_id': 'w995144901@1', 'update_time': '2021-10-21T06:23:35.000Z', 'confidence': None, 'between': None, 'provider': 'osm', 'resource': 'planet', 'version': '2026-08-02T00:00:00.000Z'}]", "level": null, "height": null, "min_height": null, "is_underground": false, "num_floors": null, "num_floors_underground": null, "min_floor": null, "subtype": "civic", "class": null, "facade_color": null, "facade_material": null, "roof_material": null, "roof_shape": null, "roof_direction": null, "roof_orientation": null, "roof_color": null, "roof_height": null, "has_parts": false, "version": 1, "bbox": { "xmin": 7.992218971252441, "xmax": 7.992281436920166, "ymin": 47.11674880981445, "ymax": 47.116886138916016 } }, "geometry": { "type": "Polygon", "coordinates": [ [ [ 2642015.127640905790031, 1218580.471680529881269 ], [ 2642012.117904153652489, 1218580.016873819753528 ], [ 2642014.262055717874318, 1218565.456656445516273 ], [ 2642016.831172256264836, 1218565.975064320489764 ], [ 2642015.127640905790031, 1218580.471680529881269 ] ] ] } },
{ "type": "Feature", "properties": { "id": "1eb4261d-a906-4e93-a9e9-88fb3166a777", "names": "{'primary': 'Velounterstand', 'common': None, 'rules': None}", "sources": "[{'property': '', 'dataset': 'OpenStreetMap', 'license': 'ODbL-1.0', 'record_id': 'w995144902@1', 'update_time': '2021-10-21T06:23:35.000Z', 'confidence': None, 'between': None, 'provider': 'osm', 'resource': 'planet', 'version': '2026-08-02T00:00:00.000Z'}]", "level": null, "height": null, "min_height": null, "is_underground": false, "num_floors": null, "num_floors_underground": null, "min_floor": null, "subtype": "civic", "class": null, "facade_color": null, "facade_material": null, "roof_material": null, "roof_shape": null, "roof_direction": null, "roof_orientation": null, "roof_color": null, "roof_height": null, "has_parts": false, "version": 1, "bbox": { "xmin": 7.991599082946777, "xmax": 7.99167013168335, "ymin": 47.11667251586914, "ymax": 47.11674499511719 } }, "geometry": { "type": "Polygon", "coordinates": [ [ [ 2641969.492056647315621, 1218564.485292037017643 ], [ 2641965.177170795854181, 1218563.999083589762449 ], [ 2641965.870290027931333, 1218557.177684050519019 ], [ 2641965.93530660495162, 1218556.566667267354205 ], [ 2641970.484906600788236, 1218557.132353040855378 ], [ 2641969.492056647315621, 1218564.485292037017643 ] ] ] } },
{ "type": "Feature", "properties": { "id": "916ac48a-45de-4843-b2f5-648ba0cd09b9", "names": "{'primary': 'Schule Schlossfeld Trakt E', 'common': None, 'rules': None}", "sources": "[{'property': '', 'dataset': 'OpenStreetMap', 'license': 'ODbL-1.0', 'record_id': 'w44952001@1', 'update_time': '2009-11-24T12:11:50.000Z', 'confidence': None, 'between': None, 'provider': 'osm', 'resource': 'planet', 'version': '2026-08-02T00:00:00.000Z'}\n {'property': '/properties/height', 'dataset': 'Microsoft ML Buildings', 'license': 'ODbL-1.0', 'record_id': None, 'update_time': '2022-08-04T00:00:00.000Z', 'confidence': None, 'between': None, 'provider': 'microsoft', 'resource': 'ml_buildings', 'version': '2025-02-25'}]", "level": null, "height": 6.4471778869628906, "min_height": null, "is_underground": false, "num_floors": null, "num_floors_underground": null, "min_floor": null, "subtype": "education", "class": null, "facade_color": null, "facade_material": null, "roof_material": null, "roof_shape": null, "roof_direction": null, "roof_orientation": null, "roof_color": null, "roof_height": null, "has_parts": false, "version": 2, "bbox": { "xmin": 7.991748809814453, "xmax": 7.992201805114746, "ymin": 47.11623001098633, "ymax": 47.11647415161133 } }, "geometry": { "type": "Polygon", "coordinates": [ [ [ 2641987.694494932889938, 1218533.850763710215688 ], [ 2641976.7075679092668, 1218532.428131583379582 ], [ 2641980.521123817656189, 1218508.196128485957161 ], [ 2641993.768830334767699, 1218509.745872518513352 ], [ 2641992.429810788948089, 1218518.830732409609482 ], [ 2642011.15969677362591, 1218521.075087256031111 ], [ 2642009.510881026741117, 1218533.192897458095104 ], [ 2641988.181699550710618, 1218530.407702974509448 ], [ 2641987.694494932889938, 1218533.850763710215688 ] ] ] } },
{ "type": "Feature", "properties": { "id": "82569de8-e34e-4b55-8e6b-e9f2766d59c2", "names": "{'primary': 'Schule Schlossfeld Turnhallen', 'common': None, 'rules': None}", "sources": "[{'property': '', 'dataset': 'OpenStreetMap', 'license': 'ODbL-1.0', 'record_id': 'w44952008@2', 'update_time': '2009-12-05T19:42:06.000Z', 'confidence': None, 'between': None, 'provider': 'osm', 'resource': 'planet', 'version': '2026-08-02T00:00:00.000Z'}]", "level": null, "height": null, "min_height": null, "is_underground": false, "num_floors": null, "num_floors_underground": null, "min_floor": null, "subtype": null, "class": null, "facade_color": null, "facade_material": null, "roof_material": null, "roof_shape": null, "roof_direction": null, "roof_orientation": null, "roof_color": null, "roof_height": null, "has_parts": false, "version": 1, "bbox": { "xmin": 7.992276668548584, "xmax": 7.992629528045654, "ymin": 47.11626434326172, "ymax": 47.11650466918945 } }, "geometry": { "type": "Polygon", "coordinates": [ [ [ 2642040.732495210133493, 1218537.626652777427807 ], [ 2642016.800331188365817, 1218534.822995920665562 ], [ 2642020.079279581084847, 1218512.165964365238324 ], [ 2642043.600316811352968, 1218515.166852524504066 ], [ 2642042.74100938718766, 1218521.864775902125984 ], [ 2642040.732495210133493, 1218537.626652777427807 ] ] ] } },
{ "type": "Feature", "properties": { "id": "c3969e9c-39d4-45c5-a603-f83be7451820", "names": "{'primary': 'Schule Schlossfeld Trakt C', 'common': None, 'rules': None}", "sources": "[{'property': '', 'dataset': 'OpenStreetMap', 'license': 'ODbL-1.0', 'record_id': 'w44952007@2', 'update_time': '2021-08-21T19:33:49.000Z', 'confidence': None, 'between': None, 'provider': 'osm', 'resource': 'planet', 'version': '2026-08-02T00:00:00.000Z'}\n {'property': '/properties/height', 'dataset': 'Microsoft ML Buildings', 'license': 'ODbL-1.0', 'record_id': None, 'update_time': '2022-08-04T00:00:00.000Z', 'confidence': None, 'between': None, 'provider': 'microsoft', 'resource': 'ml_buildings', 'version': '2025-02-25'}]", "level": null, "height": 8.0271463394165039, "min_height": null, "is_underground": false, "num_floors": null, "num_floors_underground": null, "min_floor": null, "subtype": "education", "class": null, "facade_color": null, "facade_material": null, "roof_material": null, "roof_shape": null, "roof_direction": null, "roof_orientation": null, "roof_color": null, "roof_height": null, "has_parts": false, "version": 2, "bbox": { "xmin": 7.992209434509277, "xmax": 7.99252986907959, "ymin": 47.11595153808594, "ymax": 47.116188049316406 } }, "geometry": { "type": "Polygon", "coordinates": [ [ [ 2642011.985241535585374, 1218486.860567941330373 ], [ 2642013.015341388527304, 1218477.462239164859056 ], [ 2642022.517577217891812, 1218478.496467302553356 ], [ 2642022.33095906721428, 1218480.207280196947977 ], [ 2642025.182395122013986, 1218480.516445139190182 ], [ 2642025.571673452388495, 1218476.972637737402692 ], [ 2642034.778171078767627, 1218477.971447096671909 ], [ 2642033.748115305788815, 1218487.358654946787283 ], [ 2642032.223820330575109, 1218487.19225734914653 ], [ 2642031.67225310113281, 1218492.224694269709289 ], [ 2642036.199678290635347, 1218492.712449509417638 ], [ 2642035.152876417152584, 1218502.321893666638061 ], [ 2642025.764358970802277, 1218501.310682284645736 ], [ 2642026.153401302173734, 1218497.800226266961545 ], [ 2642014.398907918483019, 1218496.516643337905407 ], [ 2642015.41304842568934, 1218487.229379459051415 ], [ 2642011.985241535585374, 1218486.860567941330373 ] ] ] } },
{ "type": "Feature", "properties": { "id": "6d379e43-00fd-4fbe-9c31-ee3300c41d59", "names": "{'primary': 'Schule Schlossfeld Trakt D', 'common': None, 'rules': None}", "sources": "[{'property': '', 'dataset': 'OpenStreetMap', 'license': 'ODbL-1.0', 'record_id': 'w44952006@2', 'update_time': '2023-11-12T15:38:16.000Z', 'confidence': None, 'between': None, 'provider': 'osm', 'resource': 'planet', 'version': '2026-08-02T00:00:00.000Z'}\n {'property': '/properties/height', 'dataset': 'Microsoft ML Buildings', 'license': 'ODbL-1.0', 'record_id': None, 'update_time': '2022-08-04T00:00:00.000Z', 'confidence': None, 'between': None, 'provider': 'microsoft', 'resource': 'ml_buildings', 'version': '2025-02-25'}]", "level": null, "height": 8.5513191223144531, "min_height": null, "is_underground": false, "num_floors": null, "num_floors_underground": null, "min_floor": null, "subtype": "education", "class": null, "facade_color": null, "facade_material": null, "roof_material": null, "roof_shape": null, "roof_direction": null, "roof_orientation": null, "roof_color": null, "roof_height": null, "has_parts": false, "version": 2, "bbox": { "xmin": 7.991500377655029, "xmax": 7.991939067840576, "ymin": 47.11585998535156, "ymax": 47.11614990234375 } }, "geometry": { "type": "Polygon", "coordinates": [ [ [ 2641970.906313497107476, 1218496.210221987916157 ], [ 2641971.908569675404578, 1218487.523224252741784 ], [ 2641968.609852019231766, 1218487.144229054683819 ], [ 2641968.43224765593186, 1218488.654988105874509 ], [ 2641958.232768808957189, 1218487.482525330036879 ], [ 2641959.267007374670357, 1218478.562278815545142 ], [ 2641965.235033247154206, 1218479.249122752808034 ], [ 2641965.493693397846073, 1218477.005164977163076 ], [ 2641964.856762710493058, 1218476.922856497345492 ], [ 2641966.020186666864902, 1218466.902866805903614 ], [ 2641975.006313844583929, 1218467.944502765545622 ], [ 2641973.9075016239658, 1218477.409059952944517 ], [ 2641981.126777298748493, 1218478.238144123926759 ], [ 2641981.312600616831332, 1218476.638501605018973 ], [ 2641991.512093811761588, 1218477.811003923881799 ], [ 2641990.47796339681372, 1218486.709010483464226 ], [ 2641984.464413637295365, 1218486.021820475813001 ], [ 2641984.205824979580939, 1218488.254660302773118 ], [ 2641984.926233378704637, 1218488.337558884406462 ], [ 2641983.754330850206316, 1218498.479780685622245 ], [ 2641974.662083521019667, 1218497.42626606230624 ], [ 2641974.751042950898409, 1218496.648652279982343 ], [ 2641970.906313497107476, 1218496.210221987916157 ] ] ] } },
{ "type": "Feature", "properties": { "id": "dae26a55-8aac-419c-a934-274b0caffc03", "names": null, "sources": "[{'property': '', 'dataset': 'OpenStreetMap', 'license': 'ODbL-1.0', 'record_id': 'w238452842@3', 'update_time': '2023-09-17T11:12:45.000Z', 'confidence': None, 'between': None, 'provider': 'osm', 'resource': 'planet', 'version': '2026-08-02T00:00:00.000Z'}\n {'property': '/properties/height', 'dataset': 'Microsoft ML Buildings', 'license': 'ODbL-1.0', 'record_id': None, 'update_time': '2022-08-04T00:00:00.000Z', 'confidence': None, 'between': None, 'provider': 'microsoft', 'resource': 'ml_buildings', 'version': '2025-02-25'}]", "level": null, "height": 4.3443665504455566, "min_height": null, "is_underground": false, "num_floors": null, "num_floors_underground": null, "min_floor": null, "subtype": null, "class": null, "facade_color": null, "facade_material": null, "roof_material": null, "roof_shape": null, "roof_direction": null, "roof_orientation": null, "roof_color": null, "roof_height": null, "has_parts": false, "version": 2, "bbox": { "xmin": 7.993050575256348, "xmax": 7.993292331695557, "ymin": 47.115478515625, "ymax": 47.115665435791016 } }, "geometry": { "type": "Polygon", "coordinates": [ [ [ 2642086.768103218637407, 1218445.374293327564374 ], [ 2642076.167583302594721, 1218445.099332247162238 ], [ 2642076.322307504713535, 1218439.308093336643651 ], [ 2642081.277348131407052, 1218439.432016568956897 ], [ 2642081.467324482277036, 1218431.873309545218945 ], [ 2642086.657632960937917, 1218431.998898266116157 ], [ 2642086.82545159664005, 1218425.429511915892363 ], [ 2642094.527363983914256, 1218425.628431298071519 ], [ 2642094.151303941383958, 1218440.18998624314554 ], [ 2642086.904676583595574, 1218440.005399749847129 ], [ 2642086.768103218637407, 1218445.374293327564374 ] ] ] } },
{ "type": "Feature", "properties": { "id": "760b2e08-af3f-49e2-8a44-084df6a19225", "names": "{'primary': 'Schule Schlossfeld Trakt B', 'common': None, 'rules': None}", "sources": "[{'property': '', 'dataset': 'OpenStreetMap', 'license': 'ODbL-1.0', 'record_id': 'w44952012@1', 'update_time': '2009-11-24T12:11:53.000Z', 'confidence': None, 'between': None, 'provider': 'osm', 'resource': 'planet', 'version': '2026-08-02T00:00:00.000Z'}\n {'property': '/properties/height', 'dataset': 'Microsoft ML Buildings', 'license': 'ODbL-1.0', 'record_id': None, 'update_time': '2022-08-04T00:00:00.000Z', 'confidence': None, 'between': None, 'provider': 'microsoft', 'resource': 'ml_buildings', 'version': '2025-02-25'}]", "level": null, "height": 7.1096796989440918, "min_height": null, "is_underground": false, "num_floors": null, "num_floors_underground": null, "min_floor": null, "subtype": "education", "class": null, "facade_color": null, "facade_material": null, "roof_material": null, "roof_shape": null, "roof_direction": null, "roof_orientation": null, "roof_color": null, "roof_height": null, "has_parts": false, "version": 2, "bbox": { "xmin": 7.99294900894165, "xmax": 7.993259906768799, "ymin": 47.115882873535156, "ymax": 47.11611557006836 } }, "geometry": { "type": "Polygon", "coordinates": [ [ [ 2642091.651899836026132, 1218485.677158257458359 ], [ 2642089.955728391651064, 1218494.80394551763311 ], [ 2642081.616374850273132, 1218493.533229769673198 ], [ 2642082.222338538616896, 1218489.401716495165601 ], [ 2642070.774068512488157, 1218487.742181874113157 ], [ 2642072.147369722370058, 1218480.269650533562526 ], [ 2642068.22300191083923, 1218479.285827033687383 ], [ 2642069.97734538372606, 1218470.515211663674563 ], [ 2642080.141374843660742, 1218472.410267347004265 ], [ 2642080.764274031855166, 1218470.18000357830897 ], [ 2642089.911369780544192, 1218472.067896354012191 ], [ 2642088.19703750545159, 1218484.841167532838881 ], [ 2642091.651899836026132, 1218485.677158257458359 ] ] ] } },
{ "type": "Feature", "properties": { "id": "fe003170-8787-483e-9975-7df805f0e374", "names": null, "sources": "[{'property': '', 'dataset': 'OpenStreetMap', 'license': 'ODbL-1.0', 'record_id': 'w238452912@3', 'update_time': '2023-09-17T11:12:45.000Z', 'confidence': None, 'between': None, 'provider': 'osm', 'resource': 'planet', 'version': '2026-08-02T00:00:00.000Z'}\n {'property': '/properties/height', 'dataset': 'Microsoft ML Buildings', 'license': 'ODbL-1.0', 'record_id': None, 'update_time': '2022-08-04T00:00:00.000Z', 'confidence': None, 'between': None, 'provider': 'microsoft', 'resource': 'ml_buildings', 'version': '2025-02-25'}]", "level": null, "height": 4.4424562454223633, "min_height": null, "is_underground": false, "num_floors": null, "num_floors_underground": null, "min_floor": null, "subtype": null, "class": null, "facade_color": null, "facade_material": null, "roof_material": null, "roof_shape": null, "roof_direction": null, "roof_orientation": null, "roof_color": null, "roof_height": null, "has_parts": false, "version": 2, "bbox": { "xmin": 7.99366569519043, "xmax": 7.993875503540039, "ymin": 47.11566162109375, "ymax": 47.115787506103516 } }, "geometry": { "type": "Polygon", "coordinates": [ [ [ 2642138.616174647584558, 1218457.614349048119038 ], [ 2642123.958611771930009, 1218459.022750087315217 ], [ 2642122.791741670574993, 1218446.940660627558827 ], [ 2642137.44933396903798, 1218445.53225675271824 ], [ 2642138.616174647584558, 1218457.614349048119038 ] ] ] } },
{ "type": "Feature", "properties": { "id": "08879bfd-76c2-4994-9491-1c9a063fbf32", "names": null, "sources": "[{'property': '', 'dataset': 'Microsoft ML Buildings', 'license': 'ODbL-1.0', 'record_id': None, 'update_time': '2022-08-04T00:00:00.000Z', 'confidence': None, 'between': None, 'provider': 'microsoft', 'resource': 'ml_buildings', 'version': '2025-02-25'}]", "level": null, "height": 4.3982143402099609, "min_height": null, "is_underground": false, "num_floors": null, "num_floors_underground": null, "min_floor": null, "subtype": null, "class": null, "facade_color": null, "facade_material": null, "roof_material": null, "roof_shape": null, "roof_direction": null, "roof_orientation": null, "roof_color": null, "roof_height": null, "has_parts": false, "version": 3, "bbox": { "xmin": 7.9929890632629395, "xmax": 7.993098735809326, "ymin": 47.1152229309082, "ymax": 47.11526107788086 } }, "geometry": { "type": "Polygon", "coordinates": [ [ [ 2642071.94204961322248, 1218399.686980773927644 ], [ 2642071.848222818225622, 1218396.851300627458841 ], [ 2642079.978538923431188, 1218396.575162993278354 ], [ 2642080.072361851111054, 1218399.410843266639858 ], [ 2642071.94204961322248, 1218399.686980773927644 ] ] ] } },
{ "type": "Feature", "properties": { "id": "1d57ec0c-a748-4e35-8ede-5804f6774e2c", "names": null, "sources": "[{'property': '', 'dataset': 'OpenStreetMap', 'license': 'ODbL-1.0', 'record_id': 'w238452853@3', 'update_time': '2023-09-17T11:12:45.000Z', 'confidence': None, 'between': None, 'provider': 'osm', 'resource': 'planet', 'version': '2026-08-02T00:00:00.000Z'}\n {'property': '/properties/height', 'dataset': 'Microsoft ML Buildings', 'license': 'ODbL-1.0', 'record_id': None, 'update_time': '2022-08-04T00:00:00.000Z', 'confidence': None, 'between': None, 'provider': 'microsoft', 'resource': 'ml_buildings', 'version': '2025-02-25'}]", "level": null, "height": 5.3100628852844238, "min_height": null, "is_underground": false, "num_floors": null, "num_floors_underground": null, "min_floor": null, "subtype": null, "class": null, "facade_color": null, "facade_material": null, "roof_material": null, "roof_shape": null, "roof_direction": null, "roof_orientation": null, "roof_color": null, "roof_height": null, "has_parts": false, "version": 2, "bbox": { "xmin": 7.992878437042236, "xmax": 7.9932146072387695, "ymin": 47.115211486816406, "ymax": 47.11533737182617 } }, "geometry": { "type": "Polygon", "coordinates": [ [ [ 2642088.752158555202186, 1218408.37742016883567 ], [ 2642063.5004937578924, 1218408.577163665322587 ], [ 2642063.405440401285887, 1218396.235826884862036 ], [ 2642071.344459113199264, 1218396.180681779282168 ], [ 2642071.375588870141655, 1218400.372280855663121 ], [ 2642080.756693636998534, 1218400.305092034395784 ], [ 2642080.727611168287694, 1218395.824446665355936 ], [ 2642088.651530986186117, 1218395.758100328035653 ], [ 2642088.752158555202186, 1218408.37742016883567 ] ] ] } },
{ "type": "Feature", "properties": { "id": "ef4e0d6b-ee99-4e65-8491-9171c49b0487", "names": null, "sources": "[{'property': '', 'dataset': 'OpenStreetMap', 'license': 'ODbL-1.0', 'record_id': 'w238452854@4', 'update_time': '2023-09-17T11:12:45.000Z', 'confidence': None, 'between': None, 'provider': 'osm', 'resource': 'planet', 'version': '2026-08-02T00:00:00.000Z'}\n {'property': '/properties/height', 'dataset': 'Microsoft ML Buildings', 'license': 'ODbL-1.0', 'record_id': None, 'update_time': '2022-08-04T00:00:00.000Z', 'confidence': None, 'between': None, 'provider': 'microsoft', 'resource': 'ml_buildings', 'version': '2025-02-25'}]", "level": null, "height": 5.612189769744873, "min_height": null, "is_underground": false, "num_floors": null, "num_floors_underground": null, "min_floor": null, "subtype": null, "class": null, "facade_color": null, "facade_material": null, "roof_material": null, "roof_shape": null, "roof_direction": null, "roof_orientation": null, "roof_color": null, "roof_height": null, "has_parts": false, "version": 2, "bbox": { "xmin": 7.992987632751465, "xmax": 7.993156433105469, "ymin": 47.11475372314453, "ymax": 47.11492919921875 } }, "geometry": { "type": "Polygon", "coordinates": [ [ [ 2642079.147220500744879, 1218362.749199542915449 ], [ 2642072.4264832357876, 1218363.313231035834178 ], [ 2642071.957714701071382, 1218357.684357768390328 ], [ 2642073.468982286285609, 1218357.55049498216249 ], [ 2642072.418571399524808, 1218345.080120749538764 ], [ 2642083.741288559511304, 1218344.137224113103002 ], [ 2642084.755849363282323, 1218356.307169019244611 ], [ 2642078.650299066212028, 1218356.808830902911723 ], [ 2642079.147220500744879, 1218362.749199542915449 ] ] ] } },
{ "type": "Feature", "properties": { "id": "9725b912-7930-4672-9617-cff63770989b", "names": null, "sources": "[{'property': '', 'dataset': 'OpenStreetMap', 'license': 'ODbL-1.0', 'record_id': 'w238452849@3', 'update_time': '2022-05-05T15:11:41.000Z', 'confidence': None, 'between': None, 'provider': 'osm', 'resource': 'planet', 'version': '2026-08-02T00:00:00.000Z'}]", "level": null, "height": null, "min_height": null, "is_underground": false, "num_floors": null, "num_floors_underground": null, "min_floor": null, "subtype": null, "class": null, "facade_color": null, "facade_material": null, "roof_material": null, "roof_shape": null, "roof_direction": null, "roof_orientation": null, "roof_color": null, "roof_height": null, "has_parts": false, "version": 1, "bbox": { "xmin": 7.990870475769043, "xmax": 7.991147994995117, "ymin": 47.114990234375, "ymax": 47.11512756347656 } }, "geometry": { "type": "Polygon", "coordinates": [ [ [ 2641932.170722488313913, 1218379.612918696366251 ], [ 2641913.65735784964636, 1218384.285557516850531 ], [ 2641911.220243671443313, 1218374.696068060351536 ], [ 2641929.741225237492472, 1218370.023475138936192 ], [ 2641932.170722488313913, 1218379.612918696366251 ] ] ] } },
{ "type": "Feature", "properties": { "id": "e4247a9b-27c2-4e01-b22f-5eb28283c33d", "names": null, "sources": "[{'property': '', 'dataset': 'OpenStreetMap', 'license': 'ODbL-1.0', 'record_id': 'w238452851@3', 'update_time': '2022-05-05T15:11:41.000Z', 'confidence': None, 'between': None, 'provider': 'osm', 'resource': 'planet', 'version': '2026-08-02T00:00:00.000Z'}\n {'property': '/properties/height', 'dataset': 'Microsoft ML Buildings', 'license': 'ODbL-1.0', 'record_id': None, 'update_time': '2022-08-04T00:00:00.000Z', 'confidence': None, 'between': None, 'provider': 'microsoft', 'resource': 'ml_buildings', 'version': '2025-02-25'}]", "level": null, "height": 3.5618739128112793, "min_height": null, "is_underground": false, "num_floors": null, "num_floors_underground": null, "min_floor": null, "subtype": null, "class": null, "facade_color": null, "facade_material": null, "roof_material": null, "roof_shape": null, "roof_direction": null, "roof_orientation": null, "roof_color": null, "roof_height": null, "has_parts": false, "version": 2, "bbox": { "xmin": 7.990480899810791, "xmax": 7.99074125289917, "ymin": 47.115055084228516, "ymax": 47.115196228027344 } }, "geometry": { "type": "Polygon", "coordinates": [ [ [ 2641886.209558758419007, 1218388.106103921541944 ], [ 2641882.948035124223679, 1218388.905895815696567 ], [ 2641881.582788922823966, 1218383.38191632903181 ], [ 2641893.967549730092287, 1218380.333756112959236 ], [ 2641893.509993036277592, 1218378.484999543288723 ], [ 2641899.789811675436795, 1218376.939307820284739 ], [ 2641901.214270887430757, 1218382.674944351194426 ], [ 2641897.390129214618355, 1218383.615303532918915 ], [ 2641898.711232510395348, 1218388.938857590546831 ], [ 2641887.124752944335341, 1218391.792498889844865 ], [ 2641886.209558758419007, 1218388.106103921541944 ] ] ] } },
{ "type": "Feature", "properties": { "id": "b11bab7e-5f65-4639-b155-529154c00d15", "names": null, "sources": "[{'property': '', 'dataset': 'OpenStreetMap', 'license': 'ODbL-1.0', 'record_id': 'w238452856@3', 'update_time': '2022-05-05T15:11:41.000Z', 'confidence': None, 'between': None, 'provider': 'osm', 'resource': 'planet', 'version': '2026-08-02T00:00:00.000Z'}\n {'property': '/properties/height', 'dataset': 'Microsoft ML Buildings', 'license': 'ODbL-1.0', 'record_id': None, 'update_time': '2022-08-04T00:00:00.000Z', 'confidence': None, 'between': None, 'provider': 'microsoft', 'resource': 'ml_buildings', 'version': '2025-02-25'}]", "level": null, "height": 3.9373903274536133, "min_height": null, "is_underground": false, "num_floors": null, "num_floors_underground": null, "min_floor": null, "subtype": null, "class": null, "facade_color": null, "facade_material": null, "roof_material": null, "roof_shape": null, "roof_direction": null, "roof_orientation": null, "roof_color": null, "roof_height": null, "has_parts": false, "version": 2, "bbox": { "xmin": 7.99059534072876, "xmax": 7.990748405456543, "ymin": 47.11476516723633, "ymax": 47.11490249633789 } }, "geometry": { "type": "Polygon", "coordinates": [ [ [ 2641901.94028584100306, 1218357.131540818372741 ], [ 2641893.53923533577472, 1218359.207088785013184 ], [ 2641890.476138773374259, 1218346.889369063079357 ], [ 2641898.877283656038344, 1218344.802699663676322 ], [ 2641901.94028584100306, 1218357.131540818372741 ] ] ] } },
{ "type": "Feature", "properties": { "id": "6f8b0b58-d737-492b-a0fa-8e27298b432c", "names": null, "sources": "[{'property': '', 'dataset': 'OpenStreetMap', 'license': 'ODbL-1.0', 'record_id': 'w238452834@3', 'update_time': '2022-06-22T19:23:49.000Z', 'confidence': None, 'between': None, 'provider': 'osm', 'resource': 'planet', 'version': '2026-08-02T00:00:00.000Z'}]", "level": null, "height": null, "min_height": null, "is_underground": false, "num_floors": null, "num_floors_underground": null, "min_floor": null, "subtype": null, "class": null, "facade_color": null, "facade_material": null, "roof_material": null, "roof_shape": null, "roof_direction": null, "roof_orientation": null, "roof_color": null, "roof_height": null, "has_parts": false, "version": 1, "bbox": { "xmin": 7.990857124328613, "xmax": 7.991046905517578, "ymin": 47.11467361450195, "ymax": 47.1148567199707 } }, "geometry": { "type": "Polygon", "coordinates": [ [ [ 2641924.702807068824768, 1218351.532627973938361 ], [ 2641913.85364407626912, 1218354.213520348537713 ], [ 2641910.384593235328794, 1218340.269749398808926 ], [ 2641914.672566317953169, 1218339.210365266771987 ], [ 2641913.808941596653312, 1218335.746683300705627 ], [ 2641920.370158796198666, 1218334.125167866935953 ], [ 2641924.702807068824768, 1218351.532627973938361 ] ] ] } },
{ "type": "Feature", "properties": { "id": "601e76ff-24fc-4de5-83dd-e4c9cd8cdd51", "names": null, "sources": "[{'property': '', 'dataset': 'OpenStreetMap', 'license': 'ODbL-1.0', 'record_id': 'w238452833@3', 'update_time': '2022-05-05T15:11:41.000Z', 'confidence': None, 'between': None, 'provider': 'osm', 'resource': 'planet', 'version': '2026-08-02T00:00:00.000Z'}\n {'property': '/properties/height', 'dataset': 'Microsoft ML Buildings', 'license': 'ODbL-1.0', 'record_id': None, 'update_time': '2022-08-04T00:00:00.000Z', 'confidence': None, 'between': None, 'provider': 'microsoft', 'resource': 'ml_buildings', 'version': '2025-02-25'}]", "level": null, "height": 3.6788299083709717, "min_height": null, "is_underground": false, "num_floors": null, "num_floors_underground": null, "min_floor": null, "subtype": null, "class": null, "facade_color": null, "facade_material": null, "roof_material": null, "roof_shape": null, "roof_direction": null, "roof_orientation": null, "roof_color": null, "roof_height": null, "has_parts": false, "version": 2, "bbox": { "xmin": 7.989439487457275, "xmax": 7.989596843719482, "ymin": 47.114967346191406, "ymax": 47.11507797241211 } }, "geometry": { "type": "Polygon", "coordinates": [ [ [ 2641814.40340521465987, 1218376.450863632839173 ], [ 2641803.422931625042111, 1218377.307730689411983 ], [ 2641802.60132439667359, 1218366.762376523809507 ], [ 2641813.574228121899068, 1218365.905454734573141 ], [ 2641814.40340521465987, 1218376.450863632839173 ] ] ] } },
{ "type": "Feature", "properties": { "id": "1be62a93-5a46-4ae5-b62e-20e88ce60d97", "names": null, "sources": "[{'property': '', 'dataset': 'OpenStreetMap', 'license': 'ODbL-1.0', 'record_id': 'w238452852@3', 'update_time': '2022-05-05T15:11:41.000Z', 'confidence': None, 'between': None, 'provider': 'osm', 'resource': 'planet', 'version': '2026-08-02T00:00:00.000Z'}]", "level": null, "height": null, "min_height": null, "is_underground": false, "num_floors": null, "num_floors_underground": null, "min_floor": null, "subtype": null, "class": null, "facade_color": null, "facade_material": null, "roof_material": null, "roof_shape": null, "roof_direction": null, "roof_orientation": null, "roof_color": null, "roof_height": null, "has_parts": false, "version": 1, "bbox": { "xmin": 7.989742755889893, "xmax": 7.989901065826416, "ymin": 47.11491394042969, "ymax": 47.115055084228516 } }, "geometry": { "type": "Polygon", "coordinates": [ [ [ 2641837.581105229444802, 1218373.311545669101179 ], [ 2641829.179008327890188, 1218375.542824894422665 ], [ 2641825.658854758366942, 1218362.365867601474747 ], [ 2641834.060968839563429, 1218360.134583469014615 ], [ 2641837.581105229444802, 1218373.311545669101179 ] ] ] } },
{ "type": "Feature", "properties": { "id": "b4848c21-e102-4d41-b5b7-1106e778ddb6", "names": null, "sources": "[{'property': '', 'dataset': 'OpenStreetMap', 'license': 'ODbL-1.0', 'record_id': 'w238452850@3', 'update_time': '2022-05-05T15:11:41.000Z', 'confidence': None, 'between': None, 'provider': 'osm', 'resource': 'planet', 'version': '2026-08-02T00:00:00.000Z'}\n {'property': '/properties/height', 'dataset': 'Microsoft ML Buildings', 'license': 'ODbL-1.0', 'record_id': None, 'update_time': '2022-08-04T00:00:00.000Z', 'confidence': None, 'between': None, 'provider': 'microsoft', 'resource': 'ml_buildings', 'version': '2025-02-25'}]", "level": null, "height": 5.0729341506958008, "min_height": null, "is_underground": false, "num_floors": null, "num_floors_underground": null, "min_floor": null, "subtype": null, "class": null, "facade_color": null, "facade_material": null, "roof_material": null, "roof_shape": null, "roof_direction": null, "roof_orientation": null, "roof_color": null, "roof_height": null, "has_parts": false, "version": 2, "bbox": { "xmin": 7.99002742767334, "xmax": 7.990220069885254, "ymin": 47.1148567199707, "ymax": 47.11500930786133 } }, "geometry": { "type": "Polygon", "coordinates": [ [ [ 2641861.770032270811498, 1218367.755758225452155 ], [ 2641850.941431726329029, 1218370.759323104750365 ], [ 2641847.299349986948073, 1218357.659320713486522 ], [ 2641858.127894319593906, 1218354.666866454994306 ], [ 2641861.770032270811498, 1218367.755758225452155 ] ] ] } },
{ "type": "Feature", "properties": { "id": "df9bc6fa-00cf-41ab-bb28-08f155cd9ee5", "names": null, "sources": "[{'property': '', 'dataset': 'OpenStreetMap', 'license': 'ODbL-1.0', 'record_id': 'w238452843@3', 'update_time': '2022-05-05T15:11:41.000Z', 'confidence': None, 'between': None, 'provider': 'osm', 'resource': 'planet', 'version': '2026-08-02T00:00:00.000Z'}\n {'property': '/properties/height', 'dataset': 'Microsoft ML Buildings', 'license': 'ODbL-1.0', 'record_id': None, 'update_time': '2022-08-04T00:00:00.000Z', 'confidence': None, 'between': None, 'provider': 'microsoft', 'resource': 'ml_buildings', 'version': '2025-02-25'}]", "level": null, "height": 3.8935732841491699, "min_height": null, "is_underground": false, "num_floors": null, "num_floors_underground": null, "min_floor": null, "subtype": null, "class": null, "facade_color": null, "facade_material": null, "roof_material": null, "roof_shape": null, "roof_direction": null, "roof_orientation": null, "roof_color": null, "roof_height": null, "has_parts": false, "version": 2, "bbox": { "xmin": 7.990288257598877, "xmax": 7.99049711227417, "ymin": 47.11479187011719, "ymax": 47.114959716796875 } }, "geometry": { "type": "Polygon", "coordinates": [ [ [ 2641882.83499815966934, 1218361.788996760500595 ], [ 2641869.042302985209972, 1218365.38317582779564 ], [ 2641867.090924104675651, 1218357.942836106056347 ], [ 2641873.667985097039491, 1218356.221321227494627 ], [ 2641871.916284571867436, 1218349.527269628131762 ], [ 2641879.124431160278618, 1218347.643428383395076 ], [ 2641882.83499815966934, 1218361.788996760500595 ] ] ] } },
{ "type": "Feature", "properties": { "id": "f65b7f89-9348-4aee-a4a3-787b2557d6f8", "names": null, "sources": "[{'property': '', 'dataset': 'OpenStreetMap', 'license': 'ODbL-1.0', 'record_id': 'w238452855@3', 'update_time': '2022-05-05T15:11:41.000Z', 'confidence': None, 'between': None, 'provider': 'osm', 'resource': 'planet', 'version': '2026-08-02T00:00:00.000Z'}\n {'property': '/properties/height', 'dataset': 'Microsoft ML Buildings', 'license': 'ODbL-1.0', 'record_id': None, 'update_time': '2022-08-04T00:00:00.000Z', 'confidence': None, 'between': None, 'provider': 'microsoft', 'resource': 'ml_buildings', 'version': '2025-02-25'}]", "level": null, "height": 5.734494686126709, "min_height": null, "is_underground": false, "num_floors": null, "num_floors_underground": null, "min_floor": null, "subtype": null, "class": null, "facade_color": null, "facade_material": null, "roof_material": null, "roof_shape": null, "roof_direction": null, "roof_orientation": null, "roof_color": null, "roof_height": null, "has_parts": false, "version": 2, "bbox": { "xmin": 7.99016809463501, "xmax": 7.990371227264404, "ymin": 47.115116119384766, "ymax": 47.11526870727539 } }, "geometry": { "type": "Polygon", "coordinates": [ [ [ 2641871.761733828112483, 1218396.376230447785929 ], [ 2641860.715671754907817, 1218399.01136515988037 ], [ 2641857.773408862762153, 1218386.772334231995046 ], [ 2641871.624808435793966, 1218383.456484522204846 ], [ 2641873.084739621728659, 1218389.548130260314792 ], [ 2641870.279504206962883, 1218390.217722018482164 ], [ 2641871.761733828112483, 1218396.376230447785929 ] ] ] } },
{ "type": "Feature", "properties": { "id": "104e7519-f497-4e16-947e-b341fa1bf6f9", "names": null, "sources": "[{'property': '', 'dataset': 'OpenStreetMap', 'license': 'ODbL-1.0', 'record_id': 'w238452847@3', 'update_time': '2022-05-05T15:11:41.000Z', 'confidence': None, 'between': None, 'provider': 'osm', 'resource': 'planet', 'version': '2026-08-02T00:00:00.000Z'}\n {'property': '/properties/height', 'dataset': 'Microsoft ML Buildings', 'license': 'ODbL-1.0', 'record_id': None, 'update_time': '2022-08-04T00:00:00.000Z', 'confidence': None, 'between': None, 'provider': 'microsoft', 'resource': 'ml_buildings', 'version': '2025-02-25'}]", "level": null, "height": 4.1133460998535156, "min_height": null, "is_underground": false, "num_floors": null, "num_floors_underground": null, "min_floor": null, "subtype": null, "class": null, "facade_color": null, "facade_material": null, "roof_material": null, "roof_shape": null, "roof_direction": null, "roof_orientation": null, "roof_color": null, "roof_height": null, "has_parts": false, "version": 2, "bbox": { "xmin": 7.98978328704834, "xmax": 7.990016460418701, "ymin": 47.115203857421875, "ymax": 47.11532211303711 } }, "geometry": { "type": "Polygon", "coordinates": [ [ [ 2641838.569263255689293, 1218403.369662332348526 ], [ 2641830.639450268819928, 1218405.359664779854938 ], [ 2641828.483421253971756, 1218396.795012018177658 ], [ 2641843.499118622858077, 1218393.031441528350115 ], [ 2641846.068879501428455, 1218403.199955297401175 ], [ 2641838.975349869113415, 1218404.984581374563277 ], [ 2641838.569263255689293, 1218403.369662332348526 ] ] ] } },
{ "type": "Feature", "properties": { "id": "86efc2be-0540-4232-b38a-257417069590", "names": null, "sources": "[{'property': '', 'dataset': 'Microsoft ML Buildings', 'license': 'ODbL-1.0', 'record_id': None, 'update_time': '2022-08-04T00:00:00.000Z', 'confidence': None, 'between': None, 'provider': 'microsoft', 'resource': 'ml_buildings', 'version': '2025-02-25'}]", "level": null, "height": 1.8126094341278076, "min_height": null, "is_underground": false, "num_floors": null, "num_floors_underground": null, "min_floor": null, "subtype": null, "class": null, "facade_color": null, "facade_material": null, "roof_material": null, "roof_shape": null, "roof_direction": null, "roof_orientation": null, "roof_color": null, "roof_height": null, "has_parts": false, "version": 3, "bbox": { "xmin": 7.989630222320557, "xmax": 7.989689350128174, "ymin": 47.11524200439453, "ymax": 47.11530303955078 } }, "geometry": { "type": "Polygon", "coordinates": [ [ [ 2641816.932526501826942, 1218396.747316122055054 ], [ 2641821.069696140941232, 1218396.620694781187922 ], [ 2641821.257588578388095, 1218402.292047194205225 ], [ 2641817.112755754496902, 1218402.429732332006097 ], [ 2641816.932526501826942, 1218396.747316122055054 ] ] ] } },
{ "type": "Feature", "properties": { "id": "7593ed98-693a-4e9e-8fe5-9c672dee939a", "names": null, "sources": "[{'property': '', 'dataset': 'OpenStreetMap', 'license': 'ODbL-1.0', 'record_id': 'w238452841@3', 'update_time': '2022-05-05T15:11:41.000Z', 'confidence': None, 'between': None, 'provider': 'osm', 'resource': 'planet', 'version': '2026-08-02T00:00:00.000Z'}\n {'property': '/properties/height', 'dataset': 'Microsoft ML Buildings', 'license': 'ODbL-1.0', 'record_id': None, 'update_time': '2022-08-04T00:00:00.000Z', 'confidence': None, 'between': None, 'provider': 'microsoft', 'resource': 'ml_buildings', 'version': '2025-02-25'}]", "level": null, "height": 4.2325153350830078, "min_height": null, "is_underground": false, "num_floors": null, "num_floors_underground": null, "min_floor": null, "subtype": null, "class": null, "facade_color": null, "facade_material": null, "roof_material": null, "roof_shape": null, "roof_direction": null, "roof_orientation": null, "roof_color": null, "roof_height": null, "has_parts": false, "version": 2, "bbox": { "xmin": 7.989442348480225, "xmax": 7.989634990692139, "ymin": 47.11525344848633, "ymax": 47.1153450012207 } }, "geometry": { "type": "Polygon", "coordinates": [ [ [ 2641817.14515641797334, 1218406.465689806966111 ], [ 2641803.331812900491059, 1218407.613978605717421 ], [ 2641802.596160369925201, 1218398.881413921015337 ], [ 2641816.417113112285733, 1218397.733176677022129 ], [ 2641817.14515641797334, 1218406.465689806966111 ] ] ] } },
{ "type": "Feature", "properties": { "id": "0254bad2-b66d-4f09-8f90-d5a04bf8084e", "names": null, "sources": "[{'property': '', 'dataset': 'OpenStreetMap', 'license': 'ODbL-1.0', 'record_id': 'w44952014@3', 'update_time': '2022-05-05T15:11:41.000Z', 'confidence': None, 'between': None, 'provider': 'osm', 'resource': 'planet', 'version': '2026-08-02T00:00:00.000Z'}\n {'property': '/properties/height', 'dataset': 'Microsoft ML Buildings', 'license': 'ODbL-1.0', 'record_id': None, 'update_time': '2022-08-04T00:00:00.000Z', 'confidence': None, 'between': None, 'provider': 'microsoft', 'resource': 'ml_buildings', 'version': '2025-02-25'}]", "level": null, "height": 13.553920745849609, "min_height": null, "is_underground": false, "num_floors": null, "num_floors_underground": null, "min_floor": null, "subtype": null, "class": null, "facade_color": null, "facade_material": null, "roof_material": null, "roof_shape": null, "roof_direction": null, "roof_orientation": null, "roof_color": null, "roof_height": null, "has_parts": false, "version": 2, "bbox": { "xmin": 7.9895148277282715, "xmax": 7.989776134490967, "ymin": 47.115909576416016, "ymax": 47.11631774902344 } }, "geometry": { "type": "Polygon", "coordinates": [ [ [ 2641821.522698492277414, 1218515.939192444086075 ], [ 2641807.298714047297835, 1218513.993864091578871 ], [ 2641813.160136414226145, 1218471.454128549667075 ], [ 2641827.384220921434462, 1218473.39947074977681 ], [ 2641821.522698492277414, 1218515.939192444086075 ] ] ] } },
{ "type": "Feature", "properties": { "id": "8427121e-3962-4ffc-98d8-1e810435885b", "names": "{'primary': 'Velounterstand', 'common': None, 'rules': None}", "sources": "[{'property': '', 'dataset': 'OpenStreetMap', 'license': 'ODbL-1.0', 'record_id': 'w995144903@1', 'update_time': '2021-10-21T06:23:35.000Z', 'confidence': None, 'between': None, 'provider': 'osm', 'resource': 'planet', 'version': '2026-08-02T00:00:00.000Z'}]", "level": null, "height": null, "min_height": null, "is_underground": false, "num_floors": null, "num_floors_underground": null, "min_floor": null, "subtype": "civic", "class": null, "facade_color": null, "facade_material": null, "roof_material": null, "roof_shape": null, "roof_direction": null, "roof_orientation": null, "roof_color": null, "roof_height": null, "has_parts": false, "version": 1, "bbox": { "xmin": 7.99143123626709, "xmax": 7.99167537689209, "ymin": 47.116729736328125, "ymax": 47.11677551269531 } }, "geometry": { "type": "Polygon", "coordinates": [ [ [ 2641968.797698849346489, 1218567.170890850480646 ], [ 2641952.373957201372832, 1218565.087430354207754 ], [ 2641952.593647361267358, 1218562.987727733096108 ], [ 2641970.837560921441764, 1218565.250771563965827 ], [ 2641970.648376623168588, 1218567.32845293590799 ], [ 2641968.797698849346489, 1218567.170890850480646 ] ] ] } },
{ "type": "Feature", "properties": { "id": "e7a7a14a-a7ad-41c3-8735-1f718d0e0737", "names": "{'primary': 'KS Willisau Trakt a', 'common': None, 'rules': None}", "sources": "[{'property': '', 'dataset': 'OpenStreetMap', 'license': 'ODbL-1.0', 'record_id': 'w44951994@5', 'update_time': '2022-06-22T19:23:49.000Z', 'confidence': None, 'between': None, 'provider': 'osm', 'resource': 'planet', 'version': '2026-08-02T00:00:00.000Z'}\n {'property': '/properties/height', 'dataset': 'Microsoft ML Buildings', 'license': 'ODbL-1.0', 'record_id': None, 'update_time': '2022-08-04T00:00:00.000Z', 'confidence': None, 'between': None, 'provider': 'microsoft', 'resource': 'ml_buildings', 'version': '2025-02-25'}]", "level": null, "height": 8.2787561416625977, "min_height": null, "is_underground": false, "num_floors": 3.0, "num_floors_underground": null, "min_floor": null, "subtype": "education", "class": "school", "facade_color": null, "facade_material": null, "roof_material": null, "roof_shape": null, "roof_direction": null, "roof_orientation": null, "roof_color": null, "roof_height": null, "has_parts": false, "version": 2, "bbox": { "xmin": 7.990842342376709, "xmax": 7.991363525390625, "ymin": 47.11679458618164, "ymax": 47.11717987060547 } }, "geometry": { "type": "Polygon", "coordinates": [ [ [ 2641947.167173324618489, 1218573.789311162894592 ], [ 2641945.058864121325314, 1218591.90747437835671 ], [ 2641942.643962046131492, 1218612.613910208689049 ], [ 2641907.435861591249704, 1218608.530638091964647 ], [ 2641908.566700128372759, 1218598.810584644321352 ], [ 2641911.789159499108791, 1218571.172358270268887 ], [ 2641911.958845692221075, 1218569.706012586131692 ], [ 2641947.167173324618489, 1218573.789311162894592 ] ] ] } },
{ "type": "Feature", "properties": { "id": "ed823e45-9f35-4aa7-aefc-600893928df3", "names": "{'primary': 'KS Willisau Trakt b', 'common': None, 'rules': None}", "sources": "[{'property': '', 'dataset': 'OpenStreetMap', 'license': 'ODbL-1.0', 'record_id': 'w44951995@5', 'update_time': '2022-06-22T19:23:49.000Z', 'confidence': None, 'between': None, 'provider': 'osm', 'resource': 'planet', 'version': '2026-08-02T00:00:00.000Z'}\n {'property': '/properties/height', 'dataset': 'Microsoft ML Buildings', 'license': 'ODbL-1.0', 'record_id': None, 'update_time': '2022-08-04T00:00:00.000Z', 'confidence': None, 'between': None, 'provider': 'microsoft', 'resource': 'ml_buildings', 'version': '2025-02-25'}]", "level": 1.0, "height": 7.1231679916381836, "min_height": null, "is_underground": false, "num_floors": 3.0, "num_floors_underground": null, "min_floor": null, "subtype": "education", "class": "school", "facade_color": null, "facade_material": null, "roof_material": null, "roof_shape": null, "roof_direction": null, "roof_orientation": null, "roof_color": null, "roof_height": null, "has_parts": false, "version": 2, "bbox": { "xmin": 7.989989757537842, "xmax": 7.990897178649902, "ymin": 47.116729736328125, "ymax": 47.11705780029297 } }, "geometry": { "type": "Polygon", "coordinates": [ [ [ 2641911.789159499108791, 1218571.172358270268887 ], [ 2641908.566700128372759, 1218598.810584644321352 ], [ 2641842.859352828469127, 1218591.189124843804166 ], [ 2641846.251414724159986, 1218562.051164244534448 ], [ 2641886.472276094835252, 1218566.714065544074401 ], [ 2641886.294772817753255, 1218568.213710121810436 ], [ 2641911.789159499108791, 1218571.172358270268887 ] ] ] } },
{ "type": "Feature", "properties": { "id": "a6db5881-2fc7-4924-a3b2-2615c0ef4276", "names": null, "sources": "[{'property': '', 'dataset': 'Microsoft ML Buildings', 'license': 'ODbL-1.0', 'record_id': None, 'update_time': '2022-08-04T00:00:00.000Z', 'confidence': None, 'between': None, 'provider': 'microsoft', 'resource': 'ml_buildings', 'version': '2025-02-25'}]", "level": null, "height": 0.78691446781158447, "min_height": null, "is_underground": false, "num_floors": null, "num_floors_underground": null, "min_floor": null, "subtype": null, "class": null, "facade_color": null, "facade_material": null, "roof_material": null, "roof_shape": null, "roof_direction": null, "roof_orientation": null, "roof_color": null, "roof_height": null, "has_parts": false, "version": 3, "bbox": { "xmin": 7.989573001861572, "xmax": 7.990116119384766, "ymin": 47.116661071777344, "ymax": 47.116729736328125 } }, "geometry": { "type": "Polygon", "coordinates": [ [ [ 2641811.759748643264174, 1218554.237938203616068 ], [ 2641852.545608829706907, 1218557.348092563217506 ], [ 2641852.244695017114282, 1218561.29276943881996 ], [ 2641811.458783766720444, 1218558.193734295433387 ], [ 2641811.759748643264174, 1218554.237938203616068 ] ] ] } },
{ "type": "Feature", "properties": { "id": "439609b6-d623-4aa8-b7b1-b53e085698f5", "names": null, "sources": "[{'property': '', 'dataset': 'Microsoft ML Buildings', 'license': 'ODbL-1.0', 'record_id': None, 'update_time': '2022-08-04T00:00:00.000Z', 'confidence': None, 'between': None, 'provider': 'microsoft', 'resource': 'ml_buildings', 'version': '2025-02-25'}]", "level": null, "height": 2.4819896221160889, "min_height": null, "is_underground": false, "num_floors": null, "num_floors_underground": null, "min_floor": null, "subtype": null, "class": null, "facade_color": null, "facade_material": null, "roof_material": null, "roof_shape": null, "roof_direction": null, "roof_orientation": null, "roof_color": null, "roof_height": null, "has_parts": false, "version": 3, "bbox": { "xmin": 7.988889694213867, "xmax": 7.9889678955078125, "ymin": 47.116241455078125, "ymax": 47.11628723144531 } }, "geometry": { "type": "Polygon", "coordinates": [ [ [ 2641759.903749750927091, 1218507.413457150105387 ], [ 2641765.680297018028796, 1218507.264930807985365 ], [ 2641765.787919751368463, 1218511.401475168531761 ], [ 2641760.011376494076103, 1218511.550001407507807 ], [ 2641759.903749750927091, 1218507.413457150105387 ] ] ] } },
{ "type": "Feature", "properties": { "id": "6f37a4a5-21bb-443a-b02b-b8510df36927", "names": null, "sources": "[{'property': '', 'dataset': 'OpenStreetMap', 'license': 'ODbL-1.0', 'record_id': 'w235366027@2', 'update_time': '2022-05-05T15:11:41.000Z', 'confidence': None, 'between': None, 'provider': 'osm', 'resource': 'planet', 'version': '2026-08-02T00:00:00.000Z'}\n {'property': '/properties/height', 'dataset': 'Microsoft ML Buildings', 'license': 'ODbL-1.0', 'record_id': None, 'update_time': '2022-08-04T00:00:00.000Z', 'confidence': None, 'between': None, 'provider': 'microsoft', 'resource': 'ml_buildings', 'version': '2025-02-25'}]", "level": null, "height": 2.0635192394256592, "min_height": null, "is_underground": false, "num_floors": null, "num_floors_underground": null, "min_floor": null, "subtype": null, "class": null, "facade_color": null, "facade_material": null, "roof_material": null, "roof_shape": null, "roof_direction": null, "roof_orientation": null, "roof_color": null, "roof_height": null, "has_parts": false, "version": 2, "bbox": { "xmin": 7.987584114074707, "xmax": 7.987815856933594, "ymin": 47.11665344238281, "ymax": 47.116756439208984 } }, "geometry": { "type": "Polygon", "coordinates": [ [ [ 2641677.99718538345769, 1218563.073564808117226 ], [ 2641660.541889642365277, 1218563.06271028984338 ], [ 2641660.548108260147274, 1218552.400864696595818 ], [ 2641668.827946863602847, 1218552.414272517897189 ], [ 2641668.828951979521662, 1218555.527239858172834 ], [ 2641678.004357854835689, 1218555.535803752252832 ], [ 2641677.99718538345769, 1218563.073564808117226 ] ] ] } },
{ "type": "Feature", "properties": { "id": "5959223f-c9be-4857-b2f9-995a5da8285d", "names": null, "sources": "[{'property': '', 'dataset': 'OpenStreetMap', 'license': 'ODbL-1.0', 'record_id': 'w235366037@3', 'update_time': '2023-11-12T15:54:03.000Z', 'confidence': None, 'between': None, 'provider': 'osm', 'resource': 'planet', 'version': '2026-08-02T00:00:00.000Z'}\n {'property': '/properties/height', 'dataset': 'Microsoft ML Buildings', 'license': 'ODbL-1.0', 'record_id': None, 'update_time': '2022-08-04T00:00:00.000Z', 'confidence': None, 'between': None, 'provider': 'microsoft', 'resource': 'ml_buildings', 'version': '2025-02-25'}]", "level": null, "height": 3.927666187286377, "min_height": null, "is_underground": false, "num_floors": null, "num_floors_underground": null, "min_floor": null, "subtype": null, "class": null, "facade_color": null, "facade_material": null, "roof_material": null, "roof_shape": null, "roof_direction": null, "roof_orientation": null, "roof_color": null, "roof_height": null, "has_parts": false, "version": 2, "bbox": { "xmin": 7.9875264167785645, "xmax": 7.987811088562012, "ymin": 47.116817474365234, "ymax": 47.117061614990234 } }, "geometry": { "type": "Polygon", "coordinates": [ [ [ 2641659.89174890331924, 1218597.445261312648654 ], [ 2641655.884744007606059, 1218597.4283731658943 ], [ 2641655.960108235944062, 1218583.387224491452798 ], [ 2641659.139933014288545, 1218583.398331054020673 ], [ 2641659.202483716886491, 1218571.191516288323328 ], [ 2641666.86743896221742, 1218571.222859348636121 ], [ 2641666.828525829128921, 1218578.960517555708066 ], [ 2641671.594433262944221, 1218578.982718806248158 ], [ 2641671.5774608082138, 1218582.495798414573073 ], [ 2641677.420988691970706, 1218582.525538639631122 ], [ 2641677.388125169556588, 1218589.396057478617877 ], [ 2641663.940383243374527, 1218589.335392585024238 ], [ 2641663.944630530197173, 1218589.813484069425613 ], [ 2641659.912599748466164, 1218593.376322909258306 ], [ 2641659.89174890331924, 1218597.445261312648654 ] ] ] } },
{ "type": "Feature", "properties": { "id": "b585b83d-8a7f-465b-98ee-875f8fb85b9c", "names": null, "sources": "[{'property': '', 'dataset': 'OpenStreetMap', 'license': 'ODbL-1.0', 'record_id': 'w235366035@2', 'update_time': '2022-05-05T15:11:41.000Z', 'confidence': None, 'between': None, 'provider': 'osm', 'resource': 'planet', 'version': '2026-08-02T00:00:00.000Z'}]", "level": null, "height": null, "min_height": null, "is_underground": false, "num_floors": null, "num_floors_underground": null, "min_floor": null, "subtype": null, "class": null, "facade_color": null, "facade_material": null, "roof_material": null, "roof_shape": null, "roof_direction": null, "roof_orientation": null, "roof_color": null, "roof_height": null, "has_parts": false, "version": 1, "bbox": { "xmin": 7.987149238586426, "xmax": 7.987315654754639, "ymin": 47.116615295410156, "ymax": 47.11674499511719 } }, "geometry": { "type": "Polygon", "coordinates": [ [ [ 2641627.743998437188566, 1218548.502821011934429 ], [ 2641638.980732760857791, 1218548.937076994450763 ], [ 2641638.785950180143118, 1218554.005394272273406 ], [ 2641640.045480000786483, 1218554.047546581597999 ], [ 2641639.824357195757329, 1218559.627094756346196 ], [ 2641639.723326493985951, 1218562.138992577791214 ], [ 2641628.653573459945619, 1218561.705901246517897 ], [ 2641628.89304707152769, 1218555.670654556713998 ], [ 2641627.466716345399618, 1218555.605104228714481 ], [ 2641627.651726299431175, 1218550.848014396149665 ], [ 2641627.743998437188566, 1218548.502821011934429 ] ] ] } },
{ "type": "Feature", "properties": { "id": "c0ab9de5-576a-41fe-8d5a-8eba9620e5f0", "names": null, "sources": "[{'property': '', 'dataset': 'OpenStreetMap', 'license': 'ODbL-1.0', 'record_id': 'w1057658232@1', 'update_time': '2022-05-05T15:11:40.000Z', 'confidence': None, 'between': None, 'provider': 'osm', 'resource': 'planet', 'version': '2026-08-02T00:00:00.000Z'}]", "level": null, "height": null, "min_height": null, "is_underground": false, "num_floors": null, "num_floors_underground": null, "min_floor": null, "subtype": null, "class": null, "facade_color": null, "facade_material": null, "roof_material": null, "roof_shape": null, "roof_direction": null, "roof_orientation": null, "roof_color": null, "roof_height": null, "has_parts": false, "version": 1, "bbox": { "xmin": 7.987297534942627, "xmax": 7.98745584487915, "ymin": 47.116600036621094, "ymax": 47.11672592163086 } }, "geometry": { "type": "Polygon", "coordinates": [ [ [ 2641650.241621257737279, 1218560.033411849290133 ], [ 2641639.824357195757329, 1218559.627094756346196 ], [ 2641640.045480000786483, 1218554.047546581597999 ], [ 2641638.785950180143118, 1218554.005394272273406 ], [ 2641638.980732760857791, 1218548.937076994450763 ], [ 2641639.06347882701084, 1218546.869760088855401 ], [ 2641650.732707521878183, 1218547.318177381064743 ], [ 2641650.241621257737279, 1218560.033411849290133 ] ] ] } },
{ "type": "Feature", "properties": { "id": "cf19902f-bcf9-447a-a0d1-371fa3528c62", "names": null, "sources": "[{'property': '', 'dataset': 'OpenStreetMap', 'license': 'ODbL-1.0', 'record_id': 'w238452563@4', 'update_time': '2023-11-12T15:54:03.000Z', 'confidence': None, 'between': None, 'provider': 'osm', 'resource': 'planet', 'version': '2026-08-02T00:00:00.000Z'}\n {'property': '/properties/height', 'dataset': 'Microsoft ML Buildings', 'license': 'ODbL-1.0', 'record_id': None, 'update_time': '2022-08-04T00:00:00.000Z', 'confidence': None, 'between': None, 'provider': 'microsoft', 'resource': 'ml_buildings', 'version': '2025-02-25'}]", "level": null, "height": 6.1709604263305664, "min_height": null, "is_underground": false, "num_floors": null, "num_floors_underground": null, "min_floor": null, "subtype": null, "class": null, "facade_color": null, "facade_material": null, "roof_material": null, "roof_shape": null, "roof_direction": null, "roof_orientation": null, "roof_color": null, "roof_height": null, "has_parts": false, "version": 2, "bbox": { "xmin": 7.987184047698975, "xmax": 7.987447738647461, "ymin": 47.11617660522461, "ymax": 47.116355895996094 } }, "geometry": { "type": "Polygon", "coordinates": [ [ [ 2641640.939852659590542, 1218518.365930888801813 ], [ 2641631.301928049884737, 1218518.287487701512873 ], [ 2641631.304102241527289, 1218517.97620689496398 ], [ 2641630.378246850334108, 1218517.96974017447792 ], [ 2641630.412934979423881, 1218514.089900254039094 ], [ 2641631.33879097411409, 1218514.096366978483275 ], [ 2641631.341508714482188, 1218513.707265970064327 ], [ 2641632.267364768777043, 1218513.713732834672555 ], [ 2641632.342179075349122, 1218505.175851106643677 ], [ 2641631.029282949864864, 1218505.166680900380015 ], [ 2641631.068940999452025, 1218500.575342118740082 ], [ 2641637.071840615011752, 1218500.61727302079089 ], [ 2641637.077276832889766, 1218499.839071029098704 ], [ 2641644.468886825721711, 1218499.901828261325136 ], [ 2641644.463449641130865, 1218500.680030246730894 ], [ 2641650.435993148945272, 1218500.721762540750206 ], [ 2641650.39733006246388, 1218505.168577974895015 ], [ 2641648.970599011518061, 1218505.158608349738643 ], [ 2641648.926654590293765, 1218510.361391480779275 ], [ 2641650.345795405562967, 1218510.371308061294258 ], [ 2641650.313866793643683, 1218514.940465496387333 ], [ 2641643.794930815696716, 1218514.894915687618777 ], [ 2641643.797494024969637, 1218514.528049031272531 ], [ 2641640.966803357936442, 1218514.50827234913595 ], [ 2641640.939852659590542, 1218518.365930888801813 ] ] ] } },
{ "type": "Feature", "properties": { "id": "f50b0238-97c2-4f25-883f-686fdad91d4d", "names": null, "sources": "[{'property': '', 'dataset': 'OpenStreetMap', 'license': 'ODbL-1.0', 'record_id': 'w235366046@3', 'update_time': '2023-11-12T15:54:03.000Z', 'confidence': None, 'between': None, 'provider': 'osm', 'resource': 'planet', 'version': '2026-08-02T00:00:00.000Z'}\n {'property': '/properties/height', 'dataset': 'Microsoft ML Buildings', 'license': 'ODbL-1.0', 'record_id': None, 'update_time': '2022-08-04T00:00:00.000Z', 'confidence': None, 'between': None, 'provider': 'microsoft', 'resource': 'ml_buildings', 'version': '2025-02-25'}]", "level": null, "height": 4.1959891319274902, "min_height": null, "is_underground": false, "num_floors": null, "num_floors_underground": null, "min_floor": null, "subtype": null, "class": null, "facade_color": null, "facade_material": null, "roof_material": null, "roof_shape": null, "roof_direction": null, "roof_orientation": null, "roof_color": null, "roof_height": null, "has_parts": false, "version": 2, "bbox": { "xmin": 7.987560272216797, "xmax": 7.987833023071289, "ymin": 47.11647415161133, "ymax": 47.116580963134766 } }, "geometry": { "type": "Polygon", "coordinates": [ [ [ 2641661.851777319796383, 1218542.87097737705335 ], [ 2641658.801098378375173, 1218542.838536727475002 ], [ 2641658.864813885651529, 1218536.979946269653738 ], [ 2641661.983718712814152, 1218537.023981534643099 ], [ 2641661.998689860571176, 1218535.967903265962377 ], [ 2641664.821703650057316, 1218535.998754074098542 ], [ 2641664.8362867385149, 1218534.998261668952182 ], [ 2641670.846585135441273, 1218535.062514043878764 ], [ 2641670.868319828994572, 1218533.039241869235411 ], [ 2641672.401211899705231, 1218533.061076738405973 ], [ 2641672.405642321333289, 1218532.427397962892428 ], [ 2641678.590489368885756, 1218532.492878512945026 ], [ 2641678.576681349892169, 1218533.382199161220342 ], [ 2641679.502534342929721, 1218533.388673377921805 ], [ 2641679.405740447808057, 1218541.804106906056404 ], [ 2641676.036325164604932, 1218541.769428574945778 ], [ 2641676.029329140670598, 1218542.769974030787125 ], [ 2641673.236674372572452, 1218542.739330142969266 ], [ 2641673.219758021645248, 1218544.073337693698704 ], [ 2641661.844317437149584, 1218543.938225883757696 ], [ 2641661.851777319796383, 1218542.87097737705335 ] ] ] } },
{ "type": "Feature", "properties": { "id": "6230d20e-cd68-40b5-b123-9dcaa040784b", "names": null, "sources": "[{'property': '', 'dataset': 'OpenStreetMap', 'license': 'ODbL-1.0', 'record_id': 'w238452573@3', 'update_time': '2022-05-05T15:11:41.000Z', 'confidence': None, 'between': None, 'provider': 'osm', 'resource': 'planet', 'version': '2026-08-02T00:00:00.000Z'}\n {'property': '/properties/height', 'dataset': 'Microsoft ML Buildings', 'license': 'ODbL-1.0', 'record_id': None, 'update_time': '2022-08-04T00:00:00.000Z', 'confidence': None, 'between': None, 'provider': 'microsoft', 'resource': 'ml_buildings', 'version': '2025-02-25'}]", "level": null, "height": 3.6077220439910889, "min_height": null, "is_underground": false, "num_floors": null, "num_floors_underground": null, "min_floor": null, "subtype": null, "class": null, "facade_color": null, "facade_material": null, "roof_material": null, "roof_shape": null, "roof_direction": null, "roof_orientation": null, "roof_color": null, "roof_height": null, "has_parts": false, "version": 2, "bbox": { "xmin": 7.987720489501953, "xmax": 7.987921714782715, "ymin": 47.11591720581055, "ymax": 47.11601257324219 } }, "geometry": { "type": "Polygon", "coordinates": [ [ [ 2641686.262614551465958, 1218480.504509944701567 ], [ 2641671.361652764491737, 1218479.844427727162838 ], [ 2641671.748994790948927, 1218471.119730559876189 ], [ 2641686.657567439600825, 1218471.779866809025407 ], [ 2641686.262614551465958, 1218480.504509944701567 ] ] ] } },
{ "type": "Feature", "properties": { "id": "36a4c19f-185e-4be8-bf95-f1541284fb88", "names": null, "sources": "[{'property': '', 'dataset': 'OpenStreetMap', 'license': 'ODbL-1.0', 'record_id': 'w1193733834@1', 'update_time': '2023-08-01T10:53:41.000Z', 'confidence': None, 'between': None, 'provider': 'osm', 'resource': 'planet', 'version': '2026-08-02T00:00:00.000Z'}]", "level": null, "height": null, "min_height": null, "is_underground": false, "num_floors": null, "num_floors_underground": null, "min_floor": null, "subtype": "outbuilding", "class": "shed", "facade_color": null, "facade_material": null, "roof_material": null, "roof_shape": null, "roof_direction": null, "roof_orientation": null, "roof_color": null, "roof_height": null, "has_parts": false, "version": 1, "bbox": { "xmin": 7.987914562225342, "xmax": 7.987955093383789, "ymin": 47.11612319946289, "ymax": 47.11617660522461 } }, "geometry": { "type": "Polygon", "coordinates": [ [ [ 2641686.002434059977531, 1218499.258274099091068 ], [ 2641686.110621747560799, 1218493.555643298197538 ], [ 2641689.039746237453073, 1218493.60948300966993 ], [ 2641688.939144745003432, 1218499.312166834482923 ], [ 2641686.002434059977531, 1218499.258274099091068 ] ] ] } },
{ "type": "Feature", "properties": { "id": "aed7bf9f-c8d5-471d-b424-eb4ec7d2a628", "names": null, "sources": "[{'property': '', 'dataset': 'OpenStreetMap', 'license': 'ODbL-1.0', 'record_id': 'w238452534@3', 'update_time': '2022-05-05T15:11:41.000Z', 'confidence': None, 'between': None, 'provider': 'osm', 'resource': 'planet', 'version': '2026-08-02T00:00:00.000Z'}\n {'property': '/properties/height', 'dataset': 'Microsoft ML Buildings', 'license': 'ODbL-1.0', 'record_id': None, 'update_time': '2022-08-04T00:00:00.000Z', 'confidence': None, 'between': None, 'provider': 'microsoft', 'resource': 'ml_buildings', 'version': '2025-02-25'}]", "level": null, "height": 4.7714080810546875, "min_height": null, "is_underground": false, "num_floors": null, "num_floors_underground": null, "min_floor": null, "subtype": null, "class": null, "facade_color": null, "facade_material": null, "roof_material": null, "roof_shape": null, "roof_direction": null, "roof_orientation": null, "roof_color": null, "roof_height": null, "has_parts": false, "version": 2, "bbox": { "xmin": 7.987731456756592, "xmax": 7.987865924835205, "ymin": 47.11616516113281, "ymax": 47.116249084472656 } }, "geometry": { "type": "Polygon", "coordinates": [ [ [ 2641682.04547759424895, 1218507.268708643503487 ], [ 2641671.99115093704313, 1218507.042757431278005 ], [ 2641672.197600202634931, 1218498.138911679154262 ], [ 2641682.251941903028637, 1218498.364863240625709 ], [ 2641682.04547759424895, 1218507.268708643503487 ] ] ] } },
{ "type": "Feature", "properties": { "id": "c828fe54-443c-4e1c-a13d-ad6916b5086d", "names": null, "sources": "[{'property': '', 'dataset': 'OpenStreetMap', 'license': 'ODbL-1.0', 'record_id': 'w238452532@3', 'update_time': '2022-05-05T15:11:41.000Z', 'confidence': None, 'between': None, 'provider': 'osm', 'resource': 'planet', 'version': '2026-08-02T00:00:00.000Z'}\n {'property': '/properties/height', 'dataset': 'Microsoft ML Buildings', 'license': 'ODbL-1.0', 'record_id': None, 'update_time': '2022-08-04T00:00:00.000Z', 'confidence': None, 'between': None, 'provider': 'microsoft', 'resource': 'ml_buildings', 'version': '2025-02-25'}]", "level": null, "height": 5.3989906311035156, "min_height": null, "is_underground": false, "num_floors": null, "num_floors_underground": null, "min_floor": null, "subtype": null, "class": null, "facade_color": null, "facade_material": null, "roof_material": null, "roof_shape": null, "roof_direction": null, "roof_orientation": null, "roof_color": null, "roof_height": null, "has_parts": false, "version": 2, "bbox": { "xmin": 7.986987113952637, "xmax": 7.987237930297852, "ymin": 47.11587142944336, "ymax": 47.11603927612305 } }, "geometry": { "type": "Polygon", "coordinates": [ [ [ 2641625.047758981585503, 1218483.589894313365221 ], [ 2641615.668425738811493, 1218483.424341042758897 ], [ 2641615.982343937736005, 1218465.638192146318033 ], [ 2641634.809367480687797, 1218465.9697915550787 ], [ 2641634.555858151987195, 1218480.532224958064035 ], [ 2641625.108219008892775, 1218480.36617971258238 ], [ 2641625.047758981585503, 1218483.589894313365221 ] ] ] } },
{ "type": "Feature", "properties": { "id": "74cc3e7c-e05e-4d9b-8b83-bb32416d3199", "names": null, "sources": "[{'property': '', 'dataset': 'OpenStreetMap', 'license': 'ODbL-1.0', 'record_id': 'w238452570@3', 'update_time': '2022-05-05T15:11:41.000Z', 'confidence': None, 'between': None, 'provider': 'osm', 'resource': 'planet', 'version': '2026-08-02T00:00:00.000Z'}\n {'property': '/properties/height', 'dataset': 'Microsoft ML Buildings', 'license': 'ODbL-1.0', 'record_id': None, 'update_time': '2022-08-04T00:00:00.000Z', 'confidence': None, 'between': None, 'provider': 'microsoft', 'resource': 'ml_buildings', 'version': '2025-02-25'}]", "level": null, "height": 4.4040846824645996, "min_height": null, "is_underground": false, "num_floors": null, "num_floors_underground": null, "min_floor": null, "subtype": null, "class": null, "facade_color": null, "facade_material": null, "roof_material": null, "roof_shape": null, "roof_direction": null, "roof_orientation": null, "roof_color": null, "roof_height": null, "has_parts": false, "version": 2, "bbox": { "xmin": 7.98734188079834, "xmax": 7.987523078918457, "ymin": 47.1155891418457, "ymax": 47.11568832397461 } }, "geometry": { "type": "Polygon", "coordinates": [ [ [ 2641656.290726206731051, 1218444.862814472056925 ], [ 2641642.860709694214165, 1218444.390968004008755 ], [ 2641643.237360905390233, 1218433.931832061614841 ], [ 2641656.667323314584792, 1218434.414796537719667 ], [ 2641656.290726206731051, 1218444.862814472056925 ] ] ] } },
{ "type": "Feature", "properties": { "id": "60a957c8-59a7-436e-8a73-e62313d617fb", "names": null, "sources": "[{'property': '', 'dataset': 'OpenStreetMap', 'license': 'ODbL-1.0', 'record_id': 'w238452559@3', 'update_time': '2022-05-05T15:11:41.000Z', 'confidence': None, 'between': None, 'provider': 'osm', 'resource': 'planet', 'version': '2026-08-02T00:00:00.000Z'}\n {'property': '/properties/height', 'dataset': 'Microsoft ML Buildings', 'license': 'ODbL-1.0', 'record_id': None, 'update_time': '2022-08-04T00:00:00.000Z', 'confidence': None, 'between': None, 'provider': 'microsoft', 'resource': 'ml_buildings', 'version': '2025-02-25'}]", "level": null, "height": 3.9525487422943115, "min_height": null, "is_underground": false, "num_floors": null, "num_floors_underground": null, "min_floor": null, "subtype": null, "class": null, "facade_color": null, "facade_material": null, "roof_material": null, "roof_shape": null, "roof_direction": null, "roof_orientation": null, "roof_color": null, "roof_height": null, "has_parts": false, "version": 2, "bbox": { "xmin": 7.987704753875732, "xmax": 7.987922191619873, "ymin": 47.115623474121094, "ymax": 47.115718841552734 } }, "geometry": { "type": "Polygon", "coordinates": [ [ [ 2641686.795545362401754, 1218447.710982083808631 ], [ 2641670.434524483513087, 1218447.452046846738085 ], [ 2641670.544201891403645, 1218440.448654470499605 ], [ 2641677.093187071848661, 1218440.550031688995659 ], [ 2641677.122357394080609, 1218438.549047335051 ], [ 2641686.934493401087821, 1218438.695488529046997 ], [ 2641686.795545362401754, 1218447.710982083808631 ] ] ] } },
{ "type": "Feature", "properties": { "id": "baef6566-f1a3-4b36-965c-19a381e128d5", "names": "{'primary': 'Freizeitzentrum Schlossfeld', 'common': None, 'rules': None}", "sources": "[{'property': '', 'dataset': 'OpenStreetMap', 'license': 'ODbL-1.0', 'record_id': 'w44952015@2', 'update_time': '2022-05-05T15:11:41.000Z', 'confidence': None, 'between': None, 'provider': 'osm', 'resource': 'planet', 'version': '2026-08-02T00:00:00.000Z'}\n {'property': '/properties/height', 'dataset': 'Microsoft ML Buildings', 'license': 'ODbL-1.0', 'record_id': None, 'update_time': '2022-08-04T00:00:00.000Z', 'confidence': None, 'between': None, 'provider': 'microsoft', 'resource': 'ml_buildings', 'version': '2025-02-25'}]", "level": null, "height": 5.4277229309082031, "min_height": null, "is_underground": false, "num_floors": null, "num_floors_underground": null, "min_floor": null, "subtype": null, "class": null, "facade_color": null, "facade_material": null, "roof_material": null, "roof_shape": null, "roof_direction": null, "roof_orientation": null, "roof_color": null, "roof_height": null, "has_parts": false, "version": 2, "bbox": { "xmin": 7.988227367401123, "xmax": 7.988919258117676, "ymin": 47.11582946777344, "ymax": 47.116241455078125 } }, "geometry": { "type": "Polygon", "coordinates": [ [ [ 2641757.768935619387776, 1218501.228168398607522 ], [ 2641757.042276109568775, 1218506.370579773327336 ], [ 2641709.685454405844212, 1218499.746370091103017 ], [ 2641715.036646965425462, 1218461.694529817905277 ], [ 2641762.393766432534903, 1218468.318781604757532 ], [ 2641761.970126573927701, 1218471.373184873722494 ], [ 2641757.768935619387776, 1218501.228168398607522 ] ] ] } },
{ "type": "Feature", "properties": { "id": "f2e69e59-6107-4ae9-9275-c039835a81bf", "names": "{'primary': 'Schlossfeld', 'common': None, 'rules': None}", "sources": "[{'property': '', 'dataset': 'OpenStreetMap', 'license': 'ODbL-1.0', 'record_id': 'w44952016@1', 'update_time': '2011-07-28T20:49:35.000Z', 'confidence': None, 'between': None, 'provider': 'osm', 'resource': 'planet', 'version': '2026-08-02T00:00:00.000Z'}]", "level": null, "height": null, "min_height": null, "is_underground": false, "num_floors": null, "num_floors_underground": null, "min_floor": null, "subtype": "commercial", "class": null, "facade_color": null, "facade_material": null, "roof_material": null, "roof_shape": null, "roof_direction": null, "roof_orientation": null, "roof_color": null, "roof_height": null, "has_parts": false, "version": 1, "bbox": { "xmin": 7.988861083984375, "xmax": 7.989051342010498, "ymin": 47.11591339111328, "ymax": 47.116207122802734 } }, "geometry": { "type": "Polygon", "coordinates": [ [ [ 2641768.141027279663831, 1218502.679439979838207 ], [ 2641757.768935619387776, 1218501.228168398607522 ], [ 2641761.970126573927701, 1218471.373184873722494 ], [ 2641772.342269401066005, 1218472.824463697848842 ], [ 2641768.141027279663831, 1218502.679439979838207 ] ] ] } },
{ "type": "Feature", "properties": { "id": "628df45e-30b2-4411-8702-e9c82885507b", "names": null, "sources": "[{'property': '', 'dataset': 'OpenStreetMap', 'license': 'ODbL-1.0', 'record_id': 'w238452836@3', 'update_time': '2022-05-05T15:11:41.000Z', 'confidence': None, 'between': None, 'provider': 'osm', 'resource': 'planet', 'version': '2026-08-02T00:00:00.000Z'}\n {'property': '/properties/height', 'dataset': 'Microsoft ML Buildings', 'license': 'ODbL-1.0', 'record_id': None, 'update_time': '2022-08-04T00:00:00.000Z', 'confidence': None, 'between': None, 'provider': 'microsoft', 'resource': 'ml_buildings', 'version': '2025-02-25'}]", "level": null, "height": 4.5751757621765137, "min_height": null, "is_underground": false, "num_floors": null, "num_floors_underground": null, "min_floor": null, "subtype": null, "class": null, "facade_color": null, "facade_material": null, "roof_material": null, "roof_shape": null, "roof_direction": null, "roof_orientation": null, "roof_color": null, "roof_height": null, "has_parts": false, "version": 2, "bbox": { "xmin": 7.989171981811523, "xmax": 7.989352226257324, "ymin": 47.11526107788086, "ymax": 47.115379333496094 } }, "geometry": { "type": "Polygon", "coordinates": [ [ [ 2641793.875046137720346, 1218409.815675202989951 ], [ 2641782.955661917105317, 1218410.62853713426739 ], [ 2641782.122430390678346, 1218399.571688999421895 ], [ 2641795.289542655460536, 1218398.585585123393685 ], [ 2641795.705756920855492, 1218404.16959588881582 ], [ 2641793.465640237089247, 1218404.342889385530725 ], [ 2641793.875046137720346, 1218409.815675202989951 ] ] ] } },
{ "type": "Feature", "properties": { "id": "1e9551a6-197f-421b-a7a4-866696c7de18", "names": null, "sources": "[{'property': '', 'dataset': 'OpenStreetMap', 'license': 'ODbL-1.0', 'record_id': 'w238452840@4', 'update_time': '2022-06-22T19:23:49.000Z', 'confidence': None, 'between': None, 'provider': 'osm', 'resource': 'planet', 'version': '2026-08-02T00:00:00.000Z'}\n {'property': '/properties/height', 'dataset': 'Microsoft ML Buildings', 'license': 'ODbL-1.0', 'record_id': None, 'update_time': '2022-08-04T00:00:00.000Z', 'confidence': None, 'between': None, 'provider': 'microsoft', 'resource': 'ml_buildings', 'version': '2025-02-25'}]", "level": null, "height": 3.897270679473877, "min_height": null, "is_underground": false, "num_floors": null, "num_floors_underground": null, "min_floor": null, "subtype": null, "class": null, "facade_color": null, "facade_material": null, "roof_material": null, "roof_shape": null, "roof_direction": null, "roof_orientation": null, "roof_color": null, "roof_height": null, "has_parts": false, "version": 2, "bbox": { "xmin": 7.988643169403076, "xmax": 7.988950729370117, "ymin": 47.115264892578125, "ymax": 47.11540985107422 } }, "geometry": { "type": "Polygon", "coordinates": [ [ [ 2641759.684351826552302, 1218411.988576915115118 ], [ 2641742.959965266287327, 1218413.750320968218148 ], [ 2641741.963277083821595, 1218404.348873395007104 ], [ 2641746.975991819053888, 1218403.828094538068399 ], [ 2641746.862274375744164, 1218402.726644481765106 ], [ 2641753.637070007622242, 1218402.018094173865393 ], [ 2641753.395082213450223, 1218399.726150149013847 ], [ 2641764.126934833358973, 1218398.600623903796077 ], [ 2641765.194416909478605, 1218408.725222738226876 ], [ 2641759.406991526484489, 1218409.329500217922032 ], [ 2641759.684351826552302, 1218411.988576915115118 ] ] ] } },
{ "type": "Feature", "properties": { "id": "6f75d9fd-fc64-4967-9247-af4322e5cf97", "names": null, "sources": "[{'property': '', 'dataset': 'OpenStreetMap', 'license': 'ODbL-1.0', 'record_id': 'w238452837@3', 'update_time': '2022-06-22T19:23:49.000Z', 'confidence': None, 'between': None, 'provider': 'osm', 'resource': 'planet', 'version': '2026-08-02T00:00:00.000Z'}\n {'property': '/properties/height', 'dataset': 'Microsoft ML Buildings', 'license': 'ODbL-1.0', 'record_id': None, 'update_time': '2022-08-04T00:00:00.000Z', 'confidence': None, 'between': None, 'provider': 'microsoft', 'resource': 'ml_buildings', 'version': '2025-02-25'}]", "level": null, "height": 4.4452304840087891, "min_height": null, "is_underground": false, "num_floors": null, "num_floors_underground": null, "min_floor": null, "subtype": null, "class": null, "facade_color": null, "facade_material": null, "roof_material": null, "roof_shape": null, "roof_direction": null, "roof_orientation": null, "roof_color": null, "roof_height": null, "has_parts": false, "version": 2, "bbox": { "xmin": 7.988218307495117, "xmax": 7.988412380218506, "ymin": 47.115318298339844, "ymax": 47.115440368652344 } }, "geometry": { "type": "Polygon", "coordinates": [ [ [ 2641724.288574555888772, 1218416.098838784731925 ], [ 2641711.011921083554626, 1218417.562394547043368 ], [ 2641709.711999147199094, 1218405.935288125881925 ], [ 2641722.988755999598652, 1218404.460612332681194 ], [ 2641724.288574555888772, 1218416.098838784731925 ] ] ] } },
{ "type": "Feature", "properties": { "id": "51d53b68-48f0-4a14-adf6-59dbe3329206", "names": null, "sources": "[{'property': '', 'dataset': 'OpenStreetMap', 'license': 'ODbL-1.0', 'record_id': 'w238452845@3', 'update_time': '2022-05-05T15:11:41.000Z', 'confidence': None, 'between': None, 'provider': 'osm', 'resource': 'planet', 'version': '2026-08-02T00:00:00.000Z'}\n {'property': '/properties/height', 'dataset': 'Microsoft ML Buildings', 'license': 'ODbL-1.0', 'record_id': None, 'update_time': '2022-08-04T00:00:00.000Z', 'confidence': None, 'between': None, 'provider': 'microsoft', 'resource': 'ml_buildings', 'version': '2025-02-25'}]", "level": null, "height": 4.2514815330505371, "min_height": null, "is_underground": false, "num_floors": null, "num_floors_underground": null, "min_floor": null, "subtype": null, "class": null, "facade_color": null, "facade_material": null, "roof_material": null, "roof_shape": null, "roof_direction": null, "roof_orientation": null, "roof_color": null, "roof_height": null, "has_parts": false, "version": 2, "bbox": { "xmin": 7.988499164581299, "xmax": 7.988693714141846, "ymin": 47.115013122558594, "ymax": 47.115135192871094 } }, "geometry": { "type": "Polygon", "coordinates": [ [ [ 2641745.872191235888749, 1218382.630003130761907 ], [ 2641731.64914895221591, 1218383.753353725420311 ], [ 2641731.175117365084589, 1218377.746470233891159 ], [ 2641733.255791921634227, 1218377.583154594060034 ], [ 2641732.802660774439573, 1218371.843242472736165 ], [ 2641744.937387337908149, 1218370.894269505515695 ], [ 2641745.872191235888749, 1218382.630003130761907 ] ] ] } },
{ "type": "Feature", "properties": { "id": "58694488-5320-4042-93c1-5c69c0ebb6f9", "names": null, "sources": "[{'property': '', 'dataset': 'OpenStreetMap', 'license': 'ODbL-1.0', 'record_id': 'w238452839@3', 'update_time': '2022-05-05T15:11:41.000Z', 'confidence': None, 'between': None, 'provider': 'osm', 'resource': 'planet', 'version': '2026-08-02T00:00:00.000Z'}\n {'property': '/properties/height', 'dataset': 'Microsoft ML Buildings', 'license': 'ODbL-1.0', 'record_id': None, 'update_time': '2022-08-04T00:00:00.000Z', 'confidence': None, 'between': None, 'provider': 'microsoft', 'resource': 'ml_buildings', 'version': '2025-02-25'}]", "level": null, "height": 3.940000057220459, "min_height": null, "is_underground": false, "num_floors": null, "num_floors_underground": null, "min_floor": null, "subtype": null, "class": null, "facade_color": null, "facade_material": null, "roof_material": null, "roof_shape": null, "roof_direction": null, "roof_orientation": null, "roof_color": null, "roof_height": null, "has_parts": false, "version": 2, "bbox": { "xmin": 7.988832473754883, "xmax": 7.9889726638793945, "ymin": 47.1150016784668, "ymax": 47.115116119384766 } }, "geometry": { "type": "Polygon", "coordinates": [ [ [ 2641767.065275211352855, 1218381.099697505589575 ], [ 2641757.170611550565809, 1218381.886434538289905 ], [ 2641756.549538503400981, 1218374.121920181671157 ], [ 2641761.584190711379051, 1218373.723601997131482 ], [ 2641761.276906134560704, 1218369.919191383989528 ], [ 2641766.144522643648088, 1218369.530824445188046 ], [ 2641767.065275211352855, 1218381.099697505589575 ] ] ] } },
{ "type": "Feature", "properties": { "id": "65819174-ac96-4bbb-90e7-4a85edab96e3", "names": null, "sources": "[{'property': '', 'dataset': 'OpenStreetMap', 'license': 'ODbL-1.0', 'record_id': 'w238452838@3', 'update_time': '2022-05-05T15:11:41.000Z', 'confidence': None, 'between': None, 'provider': 'osm', 'resource': 'planet', 'version': '2026-08-02T00:00:00.000Z'}\n {'property': '/properties/height', 'dataset': 'Microsoft ML Buildings', 'license': 'ODbL-1.0', 'record_id': None, 'update_time': '2022-08-04T00:00:00.000Z', 'confidence': None, 'between': None, 'provider': 'microsoft', 'resource': 'ml_buildings', 'version': '2025-02-25'}]", "level": null, "height": 4.2125568389892578, "min_height": null, "is_underground": false, "num_floors": null, "num_floors_underground": null, "min_floor": null, "subtype": null, "class": null, "facade_color": null, "facade_material": null, "roof_material": null, "roof_shape": null, "roof_direction": null, "roof_orientation": null, "roof_color": null, "roof_height": null, "has_parts": false, "version": 2, "bbox": { "xmin": 7.989137172698975, "xmax": 7.989288330078125, "ymin": 47.11497497558594, "ymax": 47.11509704589844 } }, "geometry": { "type": "Polygon", "coordinates": [ [ [ 2641790.980120810680091, 1218378.899251641239971 ], [ 2641780.90949679678306, 1218379.88483436498791 ], [ 2641779.712179585359991, 1218367.713663956848904 ], [ 2641789.775234783999622, 1218366.728026023833081 ], [ 2641790.980120810680091, 1218378.899251641239971 ] ] ] } },
{ "type": "Feature", "properties": { "id": "edb46758-c783-4947-bcc4-15862df6dff0", "names": null, "sources": "[{'property': '', 'dataset': 'OpenStreetMap', 'license': 'ODbL-1.0', 'record_id': 'w238452549@3', 'update_time': '2022-05-05T15:11:41.000Z', 'confidence': None, 'between': None, 'provider': 'osm', 'resource': 'planet', 'version': '2026-08-02T00:00:00.000Z'}\n {'property': '/properties/height', 'dataset': 'Microsoft ML Buildings', 'license': 'ODbL-1.0', 'record_id': None, 'update_time': '2022-08-04T00:00:00.000Z', 'confidence': None, 'between': None, 'provider': 'microsoft', 'resource': 'ml_buildings', 'version': '2025-02-25'}]", "level": null, "height": 5.0327978134155273, "min_height": null, "is_underground": false, "num_floors": null, "num_floors_underground": null, "min_floor": null, "subtype": null, "class": null, "facade_color": null, "facade_material": null, "roof_material": null, "roof_shape": null, "roof_direction": null, "roof_orientation": null, "roof_color": null, "roof_height": null, "has_parts": false, "version": 2, "bbox": { "xmin": 7.9872212409973145, "xmax": 7.9873480796813965, "ymin": 47.11505126953125, "ymax": 47.11516189575195 } }, "geometry": { "type": "Polygon", "coordinates": [ [ [ 2641643.677516119554639, 1218386.13986413506791 ], [ 2641634.243507762439549, 1218386.174019478494301 ], [ 2641634.194475082680583, 1218374.722434622934088 ], [ 2641643.628579263575375, 1218374.677162033272907 ], [ 2641643.677516119554639, 1218386.13986413506791 ] ] ] } },
{ "type": "Feature", "properties": { "id": "02ec45b7-999b-4bd6-b3ed-afc2ea80e987", "names": null, "sources": "[{'property': '', 'dataset': 'OpenStreetMap', 'license': 'ODbL-1.0', 'record_id': 'w238452568@3', 'update_time': '2022-05-05T15:11:41.000Z', 'confidence': None, 'between': None, 'provider': 'osm', 'resource': 'planet', 'version': '2026-08-02T00:00:00.000Z'}\n {'property': '/properties/height', 'dataset': 'Microsoft ML Buildings', 'license': 'ODbL-1.0', 'record_id': None, 'update_time': '2022-08-04T00:00:00.000Z', 'confidence': None, 'between': None, 'provider': 'microsoft', 'resource': 'ml_buildings', 'version': '2025-02-25'}]", "level": null, "height": 4.077272891998291, "min_height": null, "is_underground": false, "num_floors": null, "num_floors_underground": null, "min_floor": null, "subtype": null, "class": null, "facade_color": null, "facade_material": null, "roof_material": null, "roof_shape": null, "roof_direction": null, "roof_orientation": null, "roof_color": null, "roof_height": null, "has_parts": false, "version": 2, "bbox": { "xmin": 7.98748779296875, "xmax": 7.987639427185059, "ymin": 47.11507034301758, "ymax": 47.11515426635742 } }, "geometry": { "type": "Polygon", "coordinates": [ [ [ 2641665.608700081706047, 1218385.414829496759921 ], [ 2641654.355547809507698, 1218385.1138232992962 ], [ 2641654.579689887817949, 1218376.932754173176363 ], [ 2641665.840369073208421, 1218377.244931005872786 ], [ 2641665.608700081706047, 1218385.414829496759921 ] ] ] } },
{ "type": "Feature", "properties": { "id": "28ee6170-de60-45a3-bf1f-73182c2ba9d1", "names": null, "sources": "[{'property': '', 'dataset': 'OpenStreetMap', 'license': 'ODbL-1.0', 'record_id': 'w238452542@3', 'update_time': '2022-05-05T15:11:41.000Z', 'confidence': None, 'between': None, 'provider': 'osm', 'resource': 'planet', 'version': '2026-08-02T00:00:00.000Z'}\n {'property': '/properties/height', 'dataset': 'Microsoft ML Buildings', 'license': 'ODbL-1.0', 'record_id': None, 'update_time': '2022-08-04T00:00:00.000Z', 'confidence': None, 'between': None, 'provider': 'microsoft', 'resource': 'ml_buildings', 'version': '2025-02-25'}]", "level": null, "height": 4.5450654029846191, "min_height": null, "is_underground": false, "num_floors": null, "num_floors_underground": null, "min_floor": null, "subtype": null, "class": null, "facade_color": null, "facade_material": null, "roof_material": null, "roof_shape": null, "roof_direction": null, "roof_orientation": null, "roof_color": null, "roof_height": null, "has_parts": false, "version": 2, "bbox": { "xmin": 7.987819671630859, "xmax": 7.9879584312438965, "ymin": 47.11503601074219, "ymax": 47.11516571044922 } }, "geometry": { "type": "Polygon", "coordinates": [ [ [ 2641690.003766145557165, 1218386.163528704782948 ], [ 2641679.840577054768801, 1218386.281453334260732 ], [ 2641679.683809724636376, 1218372.883514643181115 ], [ 2641689.847021688707173, 1218372.76558974920772 ], [ 2641690.003766145557165, 1218386.163528704782948 ] ] ] } },
{ "type": "Feature", "properties": { "id": "f1efa2b0-63ea-48c5-a33c-7ba22302361d", "names": null, "sources": "[{'property': '', 'dataset': 'OpenStreetMap', 'license': 'ODbL-1.0', 'record_id': 'w260976574@2', 'update_time': '2022-05-05T15:11:42.000Z', 'confidence': None, 'between': None, 'provider': 'osm', 'resource': 'planet', 'version': '2026-08-02T00:00:00.000Z'}]", "level": null, "height": null, "min_height": null, "is_underground": false, "num_floors": null, "num_floors_underground": null, "min_floor": null, "subtype": null, "class": null, "facade_color": null, "facade_material": null, "roof_material": null, "roof_shape": null, "roof_direction": null, "roof_orientation": null, "roof_color": null, "roof_height": null, "has_parts": false, "version": 1, "bbox": { "xmin": 7.987762928009033, "xmax": 7.987891674041748, "ymin": 47.11531448364258, "ymax": 47.115421295166016 } }, "geometry": { "type": "Polygon", "coordinates": [ [ [ 2641684.727738148532808, 1218403.714848929550499 ], [ 2641684.775661834515631, 1218415.310958051355556 ], [ 2641675.205095058307052, 1218415.344093119725585 ], [ 2641675.157074993941933, 1218403.75910123763606 ], [ 2641684.727738148532808, 1218403.714848929550499 ] ] ] } },
{ "type": "Feature", "properties": { "id": "2e2e79e8-f5ac-41e7-b714-8f92a5825a23", "names": null, "sources": "[{'property': '', 'dataset': 'OpenStreetMap', 'license': 'ODbL-1.0', 'record_id': 'w260976569@2', 'update_time': '2022-05-05T15:11:42.000Z', 'confidence': None, 'between': None, 'provider': 'osm', 'resource': 'planet', 'version': '2026-08-02T00:00:00.000Z'}]", "level": null, "height": null, "min_height": null, "is_underground": false, "num_floors": null, "num_floors_underground": null, "min_floor": null, "subtype": null, "class": null, "facade_color": null, "facade_material": null, "roof_material": null, "roof_shape": null, "roof_direction": null, "roof_orientation": null, "roof_color": null, "roof_height": null, "has_parts": false, "version": 1, "bbox": { "xmin": 7.9875078201293945, "xmax": 7.987642288208008, "ymin": 47.11531448364258, "ymax": 47.11542510986328 } }, "geometry": { "type": "Polygon", "coordinates": [ [ [ 2641655.804885531309992, 1218403.612706430722028 ], [ 2641665.800539533607662, 1218403.571393805090338 ], [ 2641665.853136125952005, 1218415.590008251368999 ], [ 2641655.857502309605479, 1218415.631320789223537 ], [ 2641655.804885531309992, 1218403.612706430722028 ] ] ] } },
{ "type": "Feature", "properties": { "id": "141f61a1-7cfc-4922-afd7-bad3c2e2f48f", "names": null, "sources": "[{'property': '', 'dataset': 'OpenStreetMap', 'license': 'ODbL-1.0', 'record_id': 'w815717931@3', 'update_time': '2022-06-22T19:23:49.000Z', 'confidence': None, 'between': None, 'provider': 'osm', 'resource': 'planet', 'version': '2026-08-02T00:00:00.000Z'}\n {'property': '/properties/height', 'dataset': 'Microsoft ML Buildings', 'license': 'ODbL-1.0', 'record_id': None, 'update_time': '2022-08-04T00:00:00.000Z', 'confidence': None, 'between': None, 'provider': 'microsoft', 'resource': 'ml_buildings', 'version': '2025-02-25'}]", "level": null, "height": 4.9474735260009766, "min_height": null, "is_underground": false, "num_floors": null, "num_floors_underground": null, "min_floor": null, "subtype": null, "class": null, "facade_color": null, "facade_material": null, "roof_material": null, "roof_shape": null, "roof_direction": null, "roof_orientation": null, "roof_color": null, "roof_height": null, "has_parts": false, "version": 2, "bbox": { "xmin": 7.9871649742126465, "xmax": 7.987339973449707, "ymin": 47.11530685424805, "ymax": 47.115440368652344 } }, "geometry": { "type": "Polygon", "coordinates": [ [ [ 2641641.934704221785069, 1218417.246162873692811 ], [ 2641629.632761545479298, 1218417.160230136010796 ], [ 2641629.691073131747544, 1218408.81123590702191 ], [ 2641635.747189150657505, 1218408.853536505717784 ], [ 2641635.792074647266418, 1218402.42781272646971 ], [ 2641643.001744304317981, 1218402.478178672958165 ], [ 2641642.928268446587026, 1218412.995020659873262 ], [ 2641641.964451157487929, 1218412.988287032581866 ], [ 2641641.934704221785069, 1218417.246162873692811 ] ] ] } },
{ "type": "Feature", "properties": { "id": "3b1c35a8-a388-4284-8f89-329ae036f7d2", "names": null, "sources": "[{'property': '', 'dataset': 'OpenStreetMap', 'license': 'ODbL-1.0', 'record_id': 'w815717935@2', 'update_time': '2022-05-05T15:11:42.000Z', 'confidence': None, 'between': None, 'provider': 'osm', 'resource': 'planet', 'version': '2026-08-02T00:00:00.000Z'}]", "level": null, "height": null, "min_height": null, "is_underground": false, "num_floors": null, "num_floors_underground": null, "min_floor": null, "subtype": null, "class": null, "facade_color": null, "facade_material": null, "roof_material": null, "roof_shape": null, "roof_direction": null, "roof_orientation": null, "roof_color": null, "roof_height": null, "has_parts": false, "version": 1, "bbox": { "xmin": 7.98688268661499, "xmax": 7.9870405197143555, "ymin": 47.115386962890625, "ymax": 47.115478515625 } }, "geometry": { "type": "Polygon", "coordinates": [ [ [ 2641619.84050700487569, 1218420.682867379626259 ], [ 2641608.239640289917588, 1218420.19051887979731 ], [ 2641608.593509305734187, 1218411.899176351027563 ], [ 2641620.194392169360071, 1218412.391525533050299 ], [ 2641619.84050700487569, 1218420.682867379626259 ] ] ] } },
{ "type": "Feature", "properties": { "id": "21bbb4d5-5ada-41b7-a720-a5bbbcbaac6e", "names": null, "sources": "[{'property': '', 'dataset': 'Microsoft ML Buildings', 'license': 'ODbL-1.0', 'record_id': None, 'update_time': '2022-08-04T00:00:00.000Z', 'confidence': None, 'between': None, 'provider': 'microsoft', 'resource': 'ml_buildings', 'version': '2025-02-25'}]", "level": null, "height": 1.2326086759567261, "min_height": null, "is_underground": false, "num_floors": null, "num_floors_underground": null, "min_floor": null, "subtype": null, "class": null, "facade_color": null, "facade_material": null, "roof_material": null, "roof_shape": null, "roof_direction": null, "roof_orientation": null, "roof_color": null, "roof_height": null, "has_parts": false, "version": 3, "bbox": { "xmin": 7.986954212188721, "xmax": 7.987022876739502, "ymin": 47.11526870727539, "ymax": 47.115318298339844 } }, "geometry": { "type": "Polygon", "coordinates": [ [ [ 2641613.74341252585873, 1218402.596251076320186 ], [ 2641613.959995713084936, 1218398.751035088207573 ], [ 2641618.906478774733841, 1218399.019043489359319 ], [ 2641618.689892397262156, 1218402.864259301684797 ], [ 2641613.74341252585873, 1218402.596251076320186 ] ] ] } },
{ "type": "Feature", "properties": { "id": "777f7192-3bd3-4a6a-8eca-54036d8079d5", "names": null, "sources": "[{'property': '', 'dataset': 'OpenStreetMap', 'license': 'ODbL-1.0', 'record_id': 'w815717936@2', 'update_time': '2022-06-22T19:23:49.000Z', 'confidence': None, 'between': None, 'provider': 'osm', 'resource': 'planet', 'version': '2026-08-02T00:00:00.000Z'}\n {'property': '/properties/height', 'dataset': 'Microsoft ML Buildings', 'license': 'ODbL-1.0', 'record_id': None, 'update_time': '2022-08-04T00:00:00.000Z', 'confidence': None, 'between': None, 'provider': 'microsoft', 'resource': 'ml_buildings', 'version': '2025-02-25'}]", "level": null, "height": 4.724754810333252, "min_height": null, "is_underground": false, "num_floors": null, "num_floors_underground": null, "min_floor": null, "subtype": null, "class": null, "facade_color": null, "facade_material": null, "roof_material": null, "roof_shape": null, "roof_direction": null, "roof_orientation": null, "roof_color": null, "roof_height": null, "has_parts": false, "version": 2, "bbox": { "xmin": 7.986577987670898, "xmax": 7.986724853515625, "ymin": 47.11538314819336, "ymax": 47.11545181274414 } }, "geometry": { "type": "Polygon", "coordinates": [ [ [ 2641596.072628723457456, 1218418.171115611679852 ], [ 2641585.084999416954815, 1218417.894328404450789 ], [ 2641585.27256175596267, 1218410.59130075154826 ], [ 2641596.260126962326467, 1218410.879205473931506 ], [ 2641596.072628723457456, 1218418.171115611679852 ] ] ] } },
{ "type": "Feature", "properties": { "id": "0ca96ffc-514e-462d-b5f6-de45935f58e5", "names": null, "sources": "[{'property': '', 'dataset': 'OpenStreetMap', 'license': 'ODbL-1.0', 'record_id': 'w815717937@3', 'update_time': '2023-08-01T10:53:41.000Z', 'confidence': None, 'between': None, 'provider': 'osm', 'resource': 'planet', 'version': '2026-08-02T00:00:00.000Z'}\n {'property': '/properties/height', 'dataset': 'Microsoft ML Buildings', 'license': 'ODbL-1.0', 'record_id': None, 'update_time': '2022-08-04T00:00:00.000Z', 'confidence': None, 'between': None, 'provider': 'microsoft', 'resource': 'ml_buildings', 'version': '2025-02-25'}]", "level": null, "height": 4.3651838302612305, "min_height": null, "is_underground": false, "num_floors": null, "num_floors_underground": null, "min_floor": null, "subtype": null, "class": null, "facade_color": null, "facade_material": null, "roof_material": null, "roof_shape": null, "roof_direction": null, "roof_orientation": null, "roof_color": null, "roof_height": null, "has_parts": false, "version": 2, "bbox": { "xmin": 7.986283302307129, "xmax": 7.986452102661133, "ymin": 47.11531066894531, "ymax": 47.11545181274414 } }, "geometry": { "type": "Polygon", "coordinates": [ [ [ 2641575.346625153906643, 1218418.048748111119494 ], [ 2641562.719282815698534, 1218417.827271475689486 ], [ 2641562.82542259991169, 1218411.313033012673259 ], [ 2641565.883680747356266, 1218411.356594552053139 ], [ 2641566.032274598255754, 1218403.108289396157488 ], [ 2641575.6014634212479, 1218403.275087790796533 ], [ 2641575.346625153906643, 1218418.048748111119494 ] ] ] } },
{ "type": "Feature", "properties": { "id": "6bf66848-a0e6-44eb-976c-d5175e1dc66e", "names": null, "sources": "[{'property': '', 'dataset': 'OpenStreetMap', 'license': 'ODbL-1.0', 'record_id': 'w815717938@2', 'update_time': '2022-05-05T15:11:42.000Z', 'confidence': None, 'between': None, 'provider': 'osm', 'resource': 'planet', 'version': '2026-08-02T00:00:00.000Z'}]", "level": null, "height": null, "min_height": null, "is_underground": false, "num_floors": null, "num_floors_underground": null, "min_floor": null, "subtype": null, "class": null, "facade_color": null, "facade_material": null, "roof_material": null, "roof_shape": null, "roof_direction": null, "roof_orientation": null, "roof_color": null, "roof_height": null, "has_parts": false, "version": 1, "bbox": { "xmin": 7.986006259918213, "xmax": 7.986159324645996, "ymin": 47.11539840698242, "ymax": 47.115474700927734 } }, "geometry": { "type": "Polygon", "coordinates": [ [ [ 2641553.074446394108236, 1218419.805684454739094 ], [ 2641541.677007036283612, 1218419.526120457332581 ], [ 2641541.865988212637603, 1218412.011865169275552 ], [ 2641553.263441961724311, 1218412.291429528500885 ], [ 2641553.074446394108236, 1218419.805684454739094 ] ] ] } },
{ "type": "Feature", "properties": { "id": "a3691425-e2c0-4d8f-8659-ffa783667e5d", "names": null, "sources": "[{'property': '', 'dataset': 'OpenStreetMap', 'license': 'ODbL-1.0', 'record_id': 'w815717932@2', 'update_time': '2022-05-05T15:11:42.000Z', 'confidence': None, 'between': None, 'provider': 'osm', 'resource': 'planet', 'version': '2026-08-02T00:00:00.000Z'}]", "level": null, "height": null, "min_height": null, "is_underground": false, "num_floors": null, "num_floors_underground": null, "min_floor": null, "subtype": null, "class": null, "facade_color": null, "facade_material": null, "roof_material": null, "roof_shape": null, "roof_direction": null, "roof_orientation": null, "roof_color": null, "roof_height": null, "has_parts": false, "version": 1, "bbox": { "xmin": 7.986001014709473, "xmax": 7.986148834228516, "ymin": 47.11509323120117, "ymax": 47.115177154541016 } }, "geometry": { "type": "Polygon", "coordinates": [ [ [ 2641552.697883923072368, 1218386.727870577480644 ], [ 2641541.503893485292792, 1218386.649844451807439 ], [ 2641541.563320800662041, 1218378.122975149890408 ], [ 2641552.757327280007303, 1218378.201001383829862 ], [ 2641552.697883923072368, 1218386.727870577480644 ] ] ] } },
{ "type": "Feature", "properties": { "id": "c0c4a857-26b7-4e38-b42c-5cf69e144cbf", "names": null, "sources": "[{'property': '', 'dataset': 'Microsoft ML Buildings', 'license': 'ODbL-1.0', 'record_id': None, 'update_time': '2022-08-04T00:00:00.000Z', 'confidence': None, 'between': None, 'provider': 'microsoft', 'resource': 'ml_buildings', 'version': '2025-02-25'}]", "level": null, "height": 1.0625, "min_height": null, "is_underground": false, "num_floors": null, "num_floors_underground": null, "min_floor": null, "subtype": null, "class": null, "facade_color": null, "facade_material": null, "roof_material": null, "roof_shape": null, "roof_direction": null, "roof_orientation": null, "roof_color": null, "roof_height": null, "has_parts": false, "version": 3, "bbox": { "xmin": 7.9862494468688965, "xmax": 7.986294269561768, "ymin": 47.1150016784668, "ymax": 47.11504364013672 } }, "geometry": { "type": "Polygon", "coordinates": [ [ [ 2641560.488031275570393, 1218368.838199155172333 ], [ 2641563.7444823901169, 1218368.760846545686945 ], [ 2641563.840481960214674, 1218372.408124810317531 ], [ 2641560.591544487513602, 1218372.496647450840101 ], [ 2641560.488031275570393, 1218368.838199155172333 ] ] ] } },
{ "type": "Feature", "properties": { "id": "45ed437e-7e18-4ad1-9e7b-88f4eacfd3d2", "names": null, "sources": "[{'property': '', 'dataset': 'OpenStreetMap', 'license': 'ODbL-1.0', 'record_id': 'w815717933@2', 'update_time': '2022-06-22T19:23:49.000Z', 'confidence': None, 'between': None, 'provider': 'osm', 'resource': 'planet', 'version': '2026-08-02T00:00:00.000Z'}\n {'property': '/properties/height', 'dataset': 'Microsoft ML Buildings', 'license': 'ODbL-1.0', 'record_id': None, 'update_time': '2022-08-04T00:00:00.000Z', 'confidence': None, 'between': None, 'provider': 'microsoft', 'resource': 'ml_buildings', 'version': '2025-02-25'}]", "level": null, "height": 4.8337469100952148, "min_height": null, "is_underground": false, "num_floors": null, "num_floors_underground": null, "min_floor": null, "subtype": null, "class": null, "facade_color": null, "facade_material": null, "roof_material": null, "roof_shape": null, "roof_direction": null, "roof_orientation": null, "roof_color": null, "roof_height": null, "has_parts": false, "version": 2, "bbox": { "xmin": 7.986304759979248, "xmax": 7.986431121826172, "ymin": 47.11506271362305, "ymax": 47.11516189575195 } }, "geometry": { "type": "Polygon", "coordinates": [ [ [ 2641574.150015426333994, 1218385.043036257848144 ], [ 2641564.564921247772872, 1218384.976188885048032 ], [ 2641564.631591255776584, 1218375.415423084283248 ], [ 2641574.216700835619122, 1218375.482270568842068 ], [ 2641574.150015426333994, 1218385.043036257848144 ] ] ] } },
{ "type": "Feature", "properties": { "id": "3ae87db9-17f1-4df3-8ceb-318e35baa305", "names": null, "sources": "[{'property': '', 'dataset': 'OpenStreetMap', 'license': 'ODbL-1.0', 'record_id': 'w815717934@2', 'update_time': '2022-05-05T15:11:42.000Z', 'confidence': None, 'between': None, 'provider': 'osm', 'resource': 'planet', 'version': '2026-08-02T00:00:00.000Z'}\n {'property': '/properties/height', 'dataset': 'Microsoft ML Buildings', 'license': 'ODbL-1.0', 'record_id': None, 'update_time': '2022-08-04T00:00:00.000Z', 'confidence': None, 'between': None, 'provider': 'microsoft', 'resource': 'ml_buildings', 'version': '2025-02-25'}]", "level": null, "height": 4.8633432388305664, "min_height": null, "is_underground": false, "num_floors": null, "num_floors_underground": null, "min_floor": null, "subtype": null, "class": null, "facade_color": null, "facade_material": null, "roof_material": null, "roof_shape": null, "roof_direction": null, "roof_orientation": null, "roof_color": null, "roof_height": null, "has_parts": false, "version": 2, "bbox": { "xmin": 7.986607074737549, "xmax": 7.98673677444458, "ymin": 47.11507034301758, "ymax": 47.11515808105469 } }, "geometry": { "type": "Polygon", "coordinates": [ [ [ 2641597.345089759211987, 1218384.826862684218213 ], [ 2641587.570266518741846, 1218384.758654177188873 ], [ 2641587.628363634459674, 1218376.431894415756688 ], [ 2641597.40320055373013, 1218376.500103018945083 ], [ 2641597.345089759211987, 1218384.826862684218213 ] ] ] } },
{ "type": "Feature", "properties": { "id": "01214b96-eb90-4bf9-ab6b-38982409ed23", "names": null, "sources": "[{'property': '', 'dataset': 'OpenStreetMap', 'license': 'ODbL-1.0', 'record_id': 'w260976573@2', 'update_time': '2022-05-05T15:11:42.000Z', 'confidence': None, 'between': None, 'provider': 'osm', 'resource': 'planet', 'version': '2026-08-02T00:00:00.000Z'}\n {'property': '/properties/height', 'dataset': 'Microsoft ML Buildings', 'license': 'ODbL-1.0', 'record_id': None, 'update_time': '2022-08-04T00:00:00.000Z', 'confidence': None, 'between': None, 'provider': 'microsoft', 'resource': 'ml_buildings', 'version': '2025-02-25'}]", "level": null, "height": 4.3240327835083008, "min_height": null, "is_underground": false, "num_floors": null, "num_floors_underground": null, "min_floor": null, "subtype": null, "class": null, "facade_color": null, "facade_material": null, "roof_material": null, "roof_shape": null, "roof_direction": null, "roof_orientation": null, "roof_color": null, "roof_height": null, "has_parts": false, "version": 2, "bbox": { "xmin": 7.986910820007324, "xmax": 7.9870381355285645, "ymin": 47.115055084228516, "ymax": 47.11516189575195 } }, "geometry": { "type": "Polygon", "coordinates": [ [ [ 2641620.148800405208021, 1218374.357517372816801 ], [ 2641620.197704871650785, 1218385.831336439121515 ], [ 2641610.748518126085401, 1218385.865423050243407 ], [ 2641610.699517833534628, 1218374.402721227612346 ], [ 2641620.148800405208021, 1218374.357517372816801 ] ] ] } },
{ "type": "Feature", "properties": { "id": "ea71a9e2-28ac-4d5a-b227-d577dd4ebbda", "names": null, "sources": "[{'property': '', 'dataset': 'OpenStreetMap', 'license': 'ODbL-1.0', 'record_id': 'w815717939@2', 'update_time': '2022-05-05T15:11:42.000Z', 'confidence': None, 'between': None, 'provider': 'osm', 'resource': 'planet', 'version': '2026-08-02T00:00:00.000Z'}\n {'property': '/properties/height', 'dataset': 'Microsoft ML Buildings', 'license': 'ODbL-1.0', 'record_id': None, 'update_time': '2022-08-04T00:00:00.000Z', 'confidence': None, 'between': None, 'provider': 'microsoft', 'resource': 'ml_buildings', 'version': '2025-02-25'}]", "level": null, "height": 5.083707332611084, "min_height": null, "is_underground": false, "num_floors": null, "num_floors_underground": null, "min_floor": null, "subtype": null, "class": null, "facade_color": null, "facade_material": null, "roof_material": null, "roof_shape": null, "roof_direction": null, "roof_orientation": null, "roof_color": null, "roof_height": null, "has_parts": false, "version": 2, "bbox": { "xmin": 7.984911918640137, "xmax": 7.985047817230225, "ymin": 47.11503982543945, "ymax": 47.11516189575195 } }, "geometry": { "type": "Polygon", "coordinates": [ [ [ 2641468.705533612053841, 1218384.430800441885367 ], [ 2641458.872161652892828, 1218384.051100176991895 ], [ 2641459.369509382173419, 1218371.469313247594982 ], [ 2641469.202902117744088, 1218371.849014327628538 ], [ 2641468.705533612053841, 1218384.430800441885367 ] ] ] } },
{ "type": "Feature", "properties": { "id": "80f88a7a-7d54-4779-a5ec-3d0d95c9e67b", "names": null, "sources": "[{'property': '', 'dataset': 'OpenStreetMap', 'license': 'ODbL-1.0', 'record_id': 'w238452561@3', 'update_time': '2022-05-05T15:11:41.000Z', 'confidence': None, 'between': None, 'provider': 'osm', 'resource': 'planet', 'version': '2026-08-02T00:00:00.000Z'}\n {'property': '/properties/height', 'dataset': 'Microsoft ML Buildings', 'license': 'ODbL-1.0', 'record_id': None, 'update_time': '2022-08-04T00:00:00.000Z', 'confidence': None, 'between': None, 'provider': 'microsoft', 'resource': 'ml_buildings', 'version': '2025-02-25'}]", "level": null, "height": 4.6415605545043945, "min_height": null, "is_underground": false, "num_floors": null, "num_floors_underground": null, "min_floor": null, "subtype": null, "class": null, "facade_color": null, "facade_material": null, "roof_material": null, "roof_shape": null, "roof_direction": null, "roof_orientation": null, "roof_color": null, "roof_height": null, "has_parts": false, "version": 2, "bbox": { "xmin": 7.985739231109619, "xmax": 7.985846996307373, "ymin": 47.115013122558594, "ymax": 47.11515426635742 } }, "geometry": { "type": "Polygon", "coordinates": [ [ [ 2641529.690927103627473, 1218383.910394042963162 ], [ 2641521.662071444094181, 1218383.787752721458673 ], [ 2641521.893467080313712, 1218369.091752694454044 ], [ 2641529.922265111003071, 1218369.225511500379071 ], [ 2641529.690927103627473, 1218383.910394042963162 ] ] ] } },
{ "type": "Feature", "properties": { "id": "6e2128ea-3ebe-48d7-ac08-913ee9ce1235", "names": null, "sources": "[{'property': '', 'dataset': 'OpenStreetMap', 'license': 'ODbL-1.0', 'record_id': 'w238452545@1', 'update_time': '2013-09-18T12:59:10.000Z', 'confidence': None, 'between': None, 'provider': 'osm', 'resource': 'planet', 'version': '2026-08-02T00:00:00.000Z'}]", "level": null, "height": null, "min_height": null, "is_underground": false, "num_floors": null, "num_floors_underground": null, "min_floor": null, "subtype": null, "class": null, "facade_color": null, "facade_material": null, "roof_material": null, "roof_shape": null, "roof_direction": null, "roof_orientation": null, "roof_color": null, "roof_height": null, "has_parts": false, "version": 1, "bbox": { "xmin": 7.985569953918457, "xmax": 7.985613822937012, "ymin": 47.11514663696289, "ymax": 47.115177154541016 } }, "geometry": { "type": "Polygon", "coordinates": [ [ [ 2641511.962755365297198, 1218387.044389577349648 ], [ 2641508.836646723560989, 1218386.933677081484348 ], [ 2641508.949703566730022, 1218383.777034898521379 ], [ 2641512.075813866220415, 1218383.887747451895848 ], [ 2641511.962755365297198, 1218387.044389577349648 ] ] ] } },
{ "type": "Feature", "properties": { "id": "efabc4f1-668d-4fc8-8b97-5e74398fc03d", "names": null, "sources": "[{'property': '', 'dataset': 'OpenStreetMap', 'license': 'ODbL-1.0', 'record_id': 'w260976570@2', 'update_time': '2022-05-05T15:11:42.000Z', 'confidence': None, 'between': None, 'provider': 'osm', 'resource': 'planet', 'version': '2026-08-02T00:00:00.000Z'}\n {'property': '/properties/height', 'dataset': 'Microsoft ML Buildings', 'license': 'ODbL-1.0', 'record_id': None, 'update_time': '2022-08-04T00:00:00.000Z', 'confidence': None, 'between': None, 'provider': 'microsoft', 'resource': 'ml_buildings', 'version': '2025-02-25'}]", "level": null, "height": 5.1669249534606934, "min_height": null, "is_underground": false, "num_floors": null, "num_floors_underground": null, "min_floor": null, "subtype": null, "class": null, "facade_color": null, "facade_material": null, "roof_material": null, "roof_shape": null, "roof_direction": null, "roof_orientation": null, "roof_color": null, "roof_height": null, "has_parts": false, "version": 2, "bbox": { "xmin": 7.9856953620910645, "xmax": 7.98582649230957, "ymin": 47.11532974243164, "ymax": 47.11544418334961 } }, "geometry": { "type": "Polygon", "coordinates": [ [ [ 2641518.227987565100193, 1218405.009775133337826 ], [ 2641527.980784720741212, 1218404.966539396671578 ], [ 2641528.027774515096098, 1218416.740522045409307 ], [ 2641518.275074091274291, 1218416.772640531184152 ], [ 2641518.227987565100193, 1218405.009775133337826 ] ] ] } },
{ "type": "Feature", "properties": { "id": "0c00423b-672a-4082-b039-ee518399022e", "names": null, "sources": "[{'property': '', 'dataset': 'OpenStreetMap', 'license': 'ODbL-1.0', 'record_id': 'w238452569@1', 'update_time': '2013-09-18T12:59:11.000Z', 'confidence': None, 'between': None, 'provider': 'osm', 'resource': 'planet', 'version': '2026-08-02T00:00:00.000Z'}]", "level": null, "height": null, "min_height": null, "is_underground": false, "num_floors": null, "num_floors_underground": null, "min_floor": null, "subtype": null, "class": null, "facade_color": null, "facade_material": null, "roof_material": null, "roof_shape": null, "roof_direction": null, "roof_orientation": null, "roof_color": null, "roof_height": null, "has_parts": false, "version": 1, "bbox": { "xmin": 7.985393524169922, "xmax": 7.985483646392822, "ymin": 47.115299224853516, "ymax": 47.11537170410156 } }, "geometry": { "type": "Polygon", "coordinates": [ [ [ 2641501.670234609395266, 1218407.918481786968186 ], [ 2641495.259905655868351, 1218407.5180850175675 ], [ 2641495.66039969958365, 1218401.228249399922788 ], [ 2641502.070735410321504, 1218401.628646594006568 ], [ 2641501.670234609395266, 1218407.918481786968186 ] ] ] } },
{ "type": "Feature", "properties": { "id": "78798adc-a563-442a-8906-d89f52e10520", "names": null, "sources": "[{'property': '', 'dataset': 'OpenStreetMap', 'license': 'ODbL-1.0', 'record_id': 'w238452550@3', 'update_time': '2022-05-05T15:11:41.000Z', 'confidence': None, 'between': None, 'provider': 'osm', 'resource': 'planet', 'version': '2026-08-02T00:00:00.000Z'}\n {'property': '/properties/height', 'dataset': 'Microsoft ML Buildings', 'license': 'ODbL-1.0', 'record_id': None, 'update_time': '2022-08-04T00:00:00.000Z', 'confidence': None, 'between': None, 'provider': 'microsoft', 'resource': 'ml_buildings', 'version': '2025-02-25'}]", "level": null, "height": 4.2851758003234863, "min_height": null, "is_underground": false, "num_floors": null, "num_floors_underground": null, "min_floor": null, "subtype": null, "class": null, "facade_color": null, "facade_material": null, "roof_material": null, "roof_shape": null, "roof_direction": null, "roof_orientation": null, "roof_color": null, "roof_height": null, "has_parts": false, "version": 2, "bbox": { "xmin": 7.985300064086914, "xmax": 7.985478401184082, "ymin": 47.1153678894043, "ymax": 47.1154670715332 } }, "geometry": { "type": "Polygon", "coordinates": [ [ [ 2641501.152583060786128, 1218419.043705303920433 ], [ 2641488.133625563699752, 1218418.386069575790316 ], [ 2641488.652032331097871, 1218408.239208826096728 ], [ 2641501.670934587251395, 1218408.907962842844427 ], [ 2641501.152583060786128, 1218419.043705303920433 ] ] ] } },
{ "type": "Feature", "properties": { "id": "e962fa4c-c596-433b-a910-761769c40c40", "names": null, "sources": "[{'property': '', 'dataset': 'OpenStreetMap', 'license': 'ODbL-1.0', 'record_id': 'w238452574@3', 'update_time': '2022-05-05T15:11:41.000Z', 'confidence': None, 'between': None, 'provider': 'osm', 'resource': 'planet', 'version': '2026-08-02T00:00:00.000Z'}\n {'property': '/properties/height', 'dataset': 'Microsoft ML Buildings', 'license': 'ODbL-1.0', 'record_id': None, 'update_time': '2022-08-04T00:00:00.000Z', 'confidence': None, 'between': None, 'provider': 'microsoft', 'resource': 'ml_buildings', 'version': '2025-02-25'}]", "level": null, "height": 5.1292476654052734, "min_height": null, "is_underground": false, "num_floors": null, "num_floors_underground": null, "min_floor": null, "subtype": null, "class": null, "facade_color": null, "facade_material": null, "roof_material": null, "roof_shape": null, "roof_direction": null, "roof_orientation": null, "roof_color": null, "roof_height": null, "has_parts": false, "version": 2, "bbox": { "xmin": 7.98499059677124, "xmax": 7.98515510559082, "ymin": 47.11536407470703, "ymax": 47.115455627441406 } }, "geometry": { "type": "Polygon", "coordinates": [ [ [ 2641476.465139541774988, 1218417.793448040727526 ], [ 2641464.608779762871563, 1218416.932717418996617 ], [ 2641465.280253639444709, 1218407.687454217113554 ], [ 2641477.144220888148993, 1218408.548238976858556 ], [ 2641476.465139541774988, 1218417.793448040727526 ] ] ] } },
{ "type": "Feature", "properties": { "id": "f1cf5d9b-c223-43db-980f-d36ee014123d", "names": null, "sources": "[{'property': '', 'dataset': 'OpenStreetMap', 'license': 'ODbL-1.0', 'record_id': 'w815717940@2', 'update_time': '2022-05-05T15:11:42.000Z', 'confidence': None, 'between': None, 'provider': 'osm', 'resource': 'planet', 'version': '2026-08-02T00:00:00.000Z'}\n {'property': '/properties/height', 'dataset': 'Microsoft ML Buildings', 'license': 'ODbL-1.0', 'record_id': None, 'update_time': '2022-08-04T00:00:00.000Z', 'confidence': None, 'between': None, 'provider': 'microsoft', 'resource': 'ml_buildings', 'version': '2025-02-25'}]", "level": null, "height": 4.5876345634460449, "min_height": null, "is_underground": false, "num_floors": null, "num_floors_underground": null, "min_floor": null, "subtype": null, "class": null, "facade_color": null, "facade_material": null, "roof_material": null, "roof_shape": null, "roof_direction": null, "roof_orientation": null, "roof_color": null, "roof_height": null, "has_parts": false, "version": 2, "bbox": { "xmin": 7.984838962554932, "xmax": 7.9849982261657715, "ymin": 47.11560821533203, "ymax": 47.115684509277344 } }, "geometry": { "type": "Polygon", "coordinates": [ [ [ 2641464.790849479846656, 1218443.127308680443093 ], [ 2641452.983719133306295, 1218442.833946524886414 ], [ 2641453.184274788945913, 1218434.730530708329752 ], [ 2641464.983909465838224, 1218435.012723294552416 ], [ 2641464.790849479846656, 1218443.127308680443093 ] ] ] } },
{ "type": "Feature", "properties": { "id": "731535af-f249-4f8a-9d0e-6f7c7514222d", "names": null, "sources": "[{'property': '', 'dataset': 'OpenStreetMap', 'license': 'ODbL-1.0', 'record_id': 'w989326062@2', 'update_time': '2022-06-22T19:23:49.000Z', 'confidence': None, 'between': None, 'provider': 'osm', 'resource': 'planet', 'version': '2026-08-02T00:00:00.000Z'}\n {'property': '/properties/height', 'dataset': 'Microsoft ML Buildings', 'license': 'ODbL-1.0', 'record_id': None, 'update_time': '2022-08-04T00:00:00.000Z', 'confidence': None, 'between': None, 'provider': 'microsoft', 'resource': 'ml_buildings', 'version': '2025-02-25'}]", "level": null, "height": 5.0177879333496094, "min_height": null, "is_underground": false, "num_floors": null, "num_floors_underground": null, "min_floor": null, "subtype": null, "class": null, "facade_color": null, "facade_material": null, "roof_material": null, "roof_shape": null, "roof_direction": null, "roof_orientation": null, "roof_color": null, "roof_height": null, "has_parts": false, "version": 2, "bbox": { "xmin": 7.984808444976807, "xmax": 7.984961032867432, "ymin": 47.11587142944336, "ymax": 47.115966796875 } }, "geometry": { "type": "Polygon", "coordinates": [ [ [ 2641461.56719053350389, 1218474.501298550283536 ], [ 2641450.383582834620029, 1218474.045512754935771 ], [ 2641450.775626290589571, 1218464.598185043316334 ], [ 2641461.959251729305834, 1218465.053971564630046 ], [ 2641461.56719053350389, 1218474.501298550283536 ] ] ] } },
{ "type": "Feature", "properties": { "id": "0c781d4d-6bc3-4e7e-9b82-08d447bb98bb", "names": null, "sources": "[{'property': '', 'dataset': 'OpenStreetMap', 'license': 'ODbL-1.0', 'record_id': 'w238452546@2', 'update_time': '2022-05-05T15:11:41.000Z', 'confidence': None, 'between': None, 'provider': 'osm', 'resource': 'planet', 'version': '2026-08-02T00:00:00.000Z'}\n {'property': '/properties/height', 'dataset': 'Microsoft ML Buildings', 'license': 'ODbL-1.0', 'record_id': None, 'update_time': '2022-08-04T00:00:00.000Z', 'confidence': None, 'between': None, 'provider': 'microsoft', 'resource': 'ml_buildings', 'version': '2025-02-25'}]", "level": null, "height": 5.6607637405395508, "min_height": null, "is_underground": false, "num_floors": null, "num_floors_underground": null, "min_floor": null, "subtype": null, "class": null, "facade_color": null, "facade_material": null, "roof_material": null, "roof_shape": null, "roof_direction": null, "roof_orientation": null, "roof_color": null, "roof_height": null, "has_parts": false, "version": 2, "bbox": { "xmin": 7.9847941398620605, "xmax": 7.985032081604004, "ymin": 47.116153717041016, "ymax": 47.116302490234375 } }, "geometry": { "type": "Polygon", "coordinates": [ [ [ 2641464.866976262070239, 1218511.824174802517518 ], [ 2641449.106172060128301, 1218509.31312703457661 ], [ 2641450.431053133681417, 1218501.05076310178265 ], [ 2641458.027189417276531, 1218502.259835348697379 ], [ 2641459.018731033895165, 1218496.09640225674957 ], [ 2641467.175839612726122, 1218497.398329802323133 ], [ 2641464.866976262070239, 1218511.824174802517518 ] ] ] } },
{ "type": "Feature", "properties": { "id": "6e238c97-6420-4c34-a9f4-d37b1ade5d47", "names": null, "sources": "[{'property': '', 'dataset': 'OpenStreetMap', 'license': 'ODbL-1.0', 'record_id': 'w238452562@2', 'update_time': '2022-05-05T15:11:41.000Z', 'confidence': None, 'between': None, 'provider': 'osm', 'resource': 'planet', 'version': '2026-08-02T00:00:00.000Z'}\n {'property': '/properties/height', 'dataset': 'Microsoft ML Buildings', 'license': 'ODbL-1.0', 'record_id': None, 'update_time': '2022-08-04T00:00:00.000Z', 'confidence': None, 'between': None, 'provider': 'microsoft', 'resource': 'ml_buildings', 'version': '2025-02-25'}]", "level": null, "height": 5.7402439117431641, "min_height": null, "is_underground": false, "num_floors": null, "num_floors_underground": null, "min_floor": null, "subtype": null, "class": null, "facade_color": null, "facade_material": null, "roof_material": null, "roof_shape": null, "roof_direction": null, "roof_orientation": null, "roof_color": null, "roof_height": null, "has_parts": false, "version": 2, "bbox": { "xmin": 7.9852118492126465, "xmax": 7.985406398773193, "ymin": 47.116146087646484, "ymax": 47.116302490234375 } }, "geometry": { "type": "Polygon", "coordinates": [ [ [ 2641495.24289803719148, 1218511.346269887173548 ], [ 2641480.795013910159469, 1218511.023350066971034 ], [ 2641480.983600566163659, 1218502.464024337939918 ], [ 2641487.820591659750789, 1218502.611668911064044 ], [ 2641487.996182794682682, 1218494.83049284433946 ], [ 2641495.607106561772525, 1218495.005768771050498 ], [ 2641495.24289803719148, 1218511.346269887173548 ] ] ] } },
{ "type": "Feature", "properties": { "id": "3c3b82e2-9b81-4b62-b262-f4e51bc8d63d", "names": null, "sources": "[{'property': '', 'dataset': 'OpenStreetMap', 'license': 'ODbL-1.0', 'record_id': 'w238452538@3', 'update_time': '2022-06-22T19:23:49.000Z', 'confidence': None, 'between': None, 'provider': 'osm', 'resource': 'planet', 'version': '2026-08-02T00:00:00.000Z'}\n {'property': '/properties/height', 'dataset': 'Microsoft ML Buildings', 'license': 'ODbL-1.0', 'record_id': None, 'update_time': '2022-08-04T00:00:00.000Z', 'confidence': None, 'between': None, 'provider': 'microsoft', 'resource': 'ml_buildings', 'version': '2025-02-25'}]", "level": null, "height": 4.1705489158630371, "min_height": null, "is_underground": false, "num_floors": null, "num_floors_underground": null, "min_floor": null, "subtype": null, "class": null, "facade_color": null, "facade_material": null, "roof_material": null, "roof_shape": null, "roof_direction": null, "roof_orientation": null, "roof_color": null, "roof_height": null, "has_parts": false, "version": 2, "bbox": { "xmin": 7.985083103179932, "xmax": 7.9851908683776855, "ymin": 47.11589431762695, "ymax": 47.115989685058594 } }, "geometry": { "type": "Polygon", "coordinates": [ [ [ 2641478.894981232471764, 1218476.511868289439008 ], [ 2641471.277914082631469, 1218476.125334656564519 ], [ 2641471.768802903592587, 1218466.656460374593735 ], [ 2641479.385804789606482, 1218467.054111801553518 ], [ 2641478.894981232471764, 1218476.511868289439008 ] ] ] } },
{ "type": "Feature", "properties": { "id": "374821dd-566a-404d-9b14-ef2b7634339c", "names": null, "sources": "[{'property': '', 'dataset': 'OpenStreetMap', 'license': 'ODbL-1.0', 'record_id': 'w238452560@2', 'update_time': '2022-06-22T19:23:49.000Z', 'confidence': None, 'between': None, 'provider': 'osm', 'resource': 'planet', 'version': '2026-08-02T00:00:00.000Z'}\n {'property': '/properties/height', 'dataset': 'Microsoft ML Buildings', 'license': 'ODbL-1.0', 'record_id': None, 'update_time': '2022-08-04T00:00:00.000Z', 'confidence': None, 'between': None, 'provider': 'microsoft', 'resource': 'ml_buildings', 'version': '2025-02-25'}]", "level": null, "height": 4.4978480339050293, "min_height": null, "is_underground": false, "num_floors": null, "num_floors_underground": null, "min_floor": null, "subtype": null, "class": null, "facade_color": null, "facade_material": null, "roof_material": null, "roof_shape": null, "roof_direction": null, "roof_orientation": null, "roof_color": null, "roof_height": null, "has_parts": false, "version": 2, "bbox": { "xmin": 7.985339164733887, "xmax": 7.9854607582092285, "ymin": 47.11589050292969, "ymax": 47.116004943847656 } }, "geometry": { "type": "Polygon", "coordinates": [ [ [ 2641499.412474792916328, 1218478.211164523847401 ], [ 2641490.63444417854771, 1218477.79428762360476 ], [ 2641491.157339913770556, 1218467.002629874274135 ], [ 2641499.927719979081303, 1218467.430571871111169 ], [ 2641499.412474792916328, 1218478.211164523847401 ] ] ] } },
{ "type": "Feature", "properties": { "id": "db3a1779-ac98-47c5-8982-7bb54b9e7af8", "names": null, "sources": "[{'property': '', 'dataset': 'OpenStreetMap', 'license': 'ODbL-1.0', 'record_id': 'w238452565@3', 'update_time': '2022-05-05T15:11:41.000Z', 'confidence': None, 'between': None, 'provider': 'osm', 'resource': 'planet', 'version': '2026-08-02T00:00:00.000Z'}\n {'property': '/properties/height', 'dataset': 'Microsoft ML Buildings', 'license': 'ODbL-1.0', 'record_id': None, 'update_time': '2022-08-04T00:00:00.000Z', 'confidence': None, 'between': None, 'provider': 'microsoft', 'resource': 'ml_buildings', 'version': '2025-02-25'}]", "level": null, "height": 5.2442526817321777, "min_height": null, "is_underground": false, "num_floors": null, "num_floors_underground": null, "min_floor": null, "subtype": null, "class": null, "facade_color": null, "facade_material": null, "roof_material": null, "roof_shape": null, "roof_direction": null, "roof_orientation": null, "roof_color": null, "roof_height": null, "has_parts": false, "version": 2, "bbox": { "xmin": 7.985741138458252, "xmax": 7.985910892486572, "ymin": 47.11555480957031, "ymax": 47.115699768066406 } }, "geometry": { "type": "Polygon", "coordinates": [ [ [ 2641533.737969367299229, 1218444.641292229760438 ], [ 2641524.322176800575107, 1218444.253275114577264 ], [ 2641524.604217431042343, 1218437.540142555255443 ], [ 2641521.478290404658765, 1218437.40718906535767 ], [ 2641521.796879917848855, 1218429.804894228698686 ], [ 2641534.346215222962201, 1218430.325918815564364 ], [ 2641533.737969367299229, 1218444.641292229760438 ] ] ] } },
{ "type": "Feature", "properties": { "id": "49d76370-f6c2-4046-bd77-73297a5cfd28", "names": null, "sources": "[{'property': '', 'dataset': 'OpenStreetMap', 'license': 'ODbL-1.0', 'record_id': 'w238452566@3', 'update_time': '2022-05-05T15:11:41.000Z', 'confidence': None, 'between': None, 'provider': 'osm', 'resource': 'planet', 'version': '2026-08-02T00:00:00.000Z'}\n {'property': '/properties/height', 'dataset': 'Microsoft ML Buildings', 'license': 'ODbL-1.0', 'record_id': None, 'update_time': '2022-08-04T00:00:00.000Z', 'confidence': None, 'between': None, 'provider': 'microsoft', 'resource': 'ml_buildings', 'version': '2025-02-25'}]", "level": null, "height": 4.4812889099121094, "min_height": null, "is_underground": false, "num_floors": null, "num_floors_underground": null, "min_floor": null, "subtype": null, "class": null, "facade_color": null, "facade_material": null, "roof_material": null, "roof_shape": null, "roof_direction": null, "roof_orientation": null, "roof_color": null, "roof_height": null, "has_parts": false, "version": 2, "bbox": { "xmin": 7.986155033111572, "xmax": 7.986332893371582, "ymin": 47.115543365478516, "ymax": 47.115684509277344 } }, "geometry": { "type": "Polygon", "coordinates": [ [ [ 2641560.489998411852866, 1218443.660405625822023 ], [ 2641552.848886497784406, 1218443.451483580516651 ], [ 2641553.082569580059499, 1218434.970298950560391 ], [ 2641557.476029396988451, 1218435.089870918309316 ], [ 2641557.668821366038173, 1218428.120410174364224 ], [ 2641566.326736248098314, 1218428.358664420200512 ], [ 2641566.104654635768384, 1218436.261808457318693 ], [ 2641560.702002808917314, 1218436.112957810051739 ], [ 2641560.489998411852866, 1218443.660405625822023 ] ] ] } },
{ "type": "Feature", "properties": { "id": "303dfe8f-9e3e-44e6-bf96-dcb6455f5306", "names": null, "sources": "[{'property': '', 'dataset': 'OpenStreetMap', 'license': 'ODbL-1.0', 'record_id': 'w238452558@4', 'update_time': '2023-08-01T10:53:41.000Z', 'confidence': None, 'between': None, 'provider': 'osm', 'resource': 'planet', 'version': '2026-08-02T00:00:00.000Z'}\n {'property': '/properties/height', 'dataset': 'Microsoft ML Buildings', 'license': 'ODbL-1.0', 'record_id': None, 'update_time': '2022-08-04T00:00:00.000Z', 'confidence': None, 'between': None, 'provider': 'microsoft', 'resource': 'ml_buildings', 'version': '2025-02-25'}]", "level": null, "height": 4.5554347038269043, "min_height": null, "is_underground": false, "num_floors": null, "num_floors_underground": null, "min_floor": null, "subtype": null, "class": null, "facade_color": null, "facade_material": null, "roof_material": null, "roof_shape": null, "roof_direction": null, "roof_orientation": null, "roof_color": null, "roof_height": null, "has_parts": false, "version": 2, "bbox": { "xmin": 7.986443042755127, "xmax": 7.986739635467529, "ymin": 47.115604400634766, "ymax": 47.11569595336914 } }, "geometry": { "type": "Polygon", "coordinates": [ [ [ 2641596.810047375503927, 1218445.181183560751379 ], [ 2641582.196985689457506, 1218444.578923112247139 ], [ 2641574.655231351498514, 1218444.270606798818335 ], [ 2641574.993254085071385, 1218436.068093359936029 ], [ 2641580.220891459845006, 1218436.28244235785678 ], [ 2641580.267057520337403, 1218435.104286984307691 ], [ 2641597.194270031061023, 1218435.800516122486442 ], [ 2641596.810047375503927, 1218445.181183560751379 ] ] ] } },
{ "type": "Feature", "properties": { "id": "d268207e-bd52-4218-bf15-a0141fb63392", "names": null, "sources": "[{'property': '', 'dataset': 'OpenStreetMap', 'license': 'ODbL-1.0', 'record_id': 'w238452540@3', 'update_time': '2022-05-05T15:11:41.000Z', 'confidence': None, 'between': None, 'provider': 'osm', 'resource': 'planet', 'version': '2026-08-02T00:00:00.000Z'}\n {'property': '/properties/height', 'dataset': 'Microsoft ML Buildings', 'license': 'ODbL-1.0', 'record_id': None, 'update_time': '2022-08-04T00:00:00.000Z', 'confidence': None, 'between': None, 'provider': 'microsoft', 'resource': 'ml_buildings', 'version': '2025-02-25'}]", "level": null, "height": 5.1085953712463379, "min_height": null, "is_underground": false, "num_floors": null, "num_floors_underground": null, "min_floor": null, "subtype": null, "class": null, "facade_color": null, "facade_material": null, "roof_material": null, "roof_shape": null, "roof_direction": null, "roof_orientation": null, "roof_color": null, "roof_height": null, "has_parts": false, "version": 2, "bbox": { "xmin": 7.986859321594238, "xmax": 7.987122058868408, "ymin": 47.11554718017578, "ymax": 47.11568832397461 } }, "geometry": { "type": "Polygon", "coordinates": [ [ [ 2641625.848493490833789, 1218443.916369346436113 ], [ 2641606.249099203851074, 1218443.323699925327674 ], [ 2641606.523907926399261, 1218434.39809546712786 ], [ 2641616.099781003315002, 1218434.687300849007443 ], [ 2641616.24831360206008, 1218429.71872065612115 ], [ 2641626.271872567944229, 1218430.022185841342434 ], [ 2641625.848493490833789, 1218443.916369346436113 ] ] ] } },
{ "type": "Feature", "properties": { "id": "a6539c38-568a-429c-ac6a-4c491e4790b7", "names": null, "sources": "[{'property': '', 'dataset': 'OpenStreetMap', 'license': 'ODbL-1.0', 'record_id': 'w238452544@3', 'update_time': '2022-05-05T15:11:41.000Z', 'confidence': None, 'between': None, 'provider': 'osm', 'resource': 'planet', 'version': '2026-08-02T00:00:00.000Z'}\n {'property': '/properties/height', 'dataset': 'Microsoft ML Buildings', 'license': 'ODbL-1.0', 'record_id': None, 'update_time': '2022-08-04T00:00:00.000Z', 'confidence': None, 'between': None, 'provider': 'microsoft', 'resource': 'ml_buildings', 'version': '2025-02-25'}]", "level": null, "height": 5.9658379554748535, "min_height": null, "is_underground": false, "num_floors": null, "num_floors_underground": null, "min_floor": null, "subtype": null, "class": null, "facade_color": null, "facade_material": null, "roof_material": null, "roof_shape": null, "roof_direction": null, "roof_orientation": null, "roof_color": null, "roof_height": null, "has_parts": false, "version": 2, "bbox": { "xmin": 7.98646354675293, "xmax": 7.986699104309082, "ymin": 47.11589431762695, "ymax": 47.11604690551758 } }, "geometry": { "type": "Polygon", "coordinates": [ [ [ 2641593.852272063028067, 1218467.718380736652762 ], [ 2641593.559042287059128, 1218483.636899025645107 ], [ 2641575.984262033831328, 1218483.31416441895999 ], [ 2641576.277444793842733, 1218467.39564527082257 ], [ 2641593.852272063028067, 1218467.718380736652762 ] ] ] } },
{ "type": "Feature", "properties": { "id": "82d461fa-9234-40f3-b5f6-ef5926e7c246", "names": null, "sources": "[{'property': '', 'dataset': 'Microsoft ML Buildings', 'license': 'ODbL-1.0', 'record_id': None, 'update_time': '2022-08-04T00:00:00.000Z', 'confidence': None, 'between': None, 'provider': 'microsoft', 'resource': 'ml_buildings', 'version': '2025-02-25'}]", "level": null, "height": 1.0279101133346558, "min_height": null, "is_underground": false, "num_floors": null, "num_floors_underground": null, "min_floor": null, "subtype": null, "class": null, "facade_color": null, "facade_material": null, "roof_material": null, "roof_shape": null, "roof_direction": null, "roof_orientation": null, "roof_color": null, "roof_height": null, "has_parts": false, "version": 3, "bbox": { "xmin": 7.986700534820557, "xmax": 7.986848831176758, "ymin": 47.11587142944336, "ymax": 47.11593246459961 } }, "geometry": { "type": "Polygon", "coordinates": [ [ [ 2641605.102756817359477, 1218465.117532016010955 ], [ 2641605.239125485531986, 1218470.588398513384163 ], [ 2641594.179412964731455, 1218470.866976282326505 ], [ 2641594.043111719656736, 1218465.38499286561273 ], [ 2641605.102756817359477, 1218465.117532016010955 ] ] ] } },
{ "type": "Feature", "properties": { "id": "8bb44dc7-1453-4ade-b3df-f0a5d5a36940", "names": null, "sources": "[{'property': '', 'dataset': 'OpenStreetMap', 'license': 'ODbL-1.0', 'record_id': 'w238452551@3', 'update_time': '2022-05-05T15:11:41.000Z', 'confidence': None, 'between': None, 'provider': 'osm', 'resource': 'planet', 'version': '2026-08-02T00:00:00.000Z'}\n {'property': '/properties/height', 'dataset': 'Microsoft ML Buildings', 'license': 'ODbL-1.0', 'record_id': None, 'update_time': '2022-08-04T00:00:00.000Z', 'confidence': None, 'between': None, 'provider': 'microsoft', 'resource': 'ml_buildings', 'version': '2025-02-25'}]", "level": null, "height": 5.9378199577331543, "min_height": null, "is_underground": false, "num_floors": null, "num_floors_underground": null, "min_floor": null, "subtype": null, "class": null, "facade_color": null, "facade_material": null, "roof_material": null, "roof_shape": null, "roof_direction": null, "roof_orientation": null, "roof_color": null, "roof_height": null, "has_parts": false, "version": 2, "bbox": { "xmin": 7.985930919647217, "xmax": 7.986164093017578, "ymin": 47.11589431762695, "ymax": 47.11604690551758 } }, "geometry": { "type": "Polygon", "coordinates": [ [ [ 2641553.01112710358575, 1218483.320729355094954 ], [ 2641535.519823809154332, 1218482.998696238966659 ], [ 2641535.812433489598334, 1218467.146878130268306 ], [ 2641553.303783380892128, 1218467.468912097625434 ], [ 2641553.01112710358575, 1218483.320729355094954 ] ] ] } },
{ "type": "Feature", "properties": { "id": "3ecb8449-4a15-49bf-9d12-ac02ae136d4e", "names": null, "sources": "[{'property': '', 'dataset': 'OpenStreetMap', 'license': 'ODbL-1.0', 'record_id': 'w238452556@4', 'update_time': '2023-11-12T15:54:03.000Z', 'confidence': None, 'between': None, 'provider': 'osm', 'resource': 'planet', 'version': '2026-08-02T00:00:00.000Z'}\n {'property': '/properties/height', 'dataset': 'Microsoft ML Buildings', 'license': 'ODbL-1.0', 'record_id': None, 'update_time': '2022-08-04T00:00:00.000Z', 'confidence': None, 'between': None, 'provider': 'microsoft', 'resource': 'ml_buildings', 'version': '2025-02-25'}]", "level": null, "height": 5.9919009208679199, "min_height": null, "is_underground": false, "num_floors": null, "num_floors_underground": null, "min_floor": null, "subtype": null, "class": null, "facade_color": null, "facade_material": null, "roof_material": null, "roof_shape": null, "roof_direction": null, "roof_orientation": null, "roof_color": null, "roof_height": null, "has_parts": false, "version": 2, "bbox": { "xmin": 7.986204147338867, "xmax": 7.986470699310303, "ymin": 47.1161994934082, "ymax": 47.11640930175781 } }, "geometry": { "type": "Polygon", "coordinates": [ [ [ 2641575.181912571191788, 1218524.35516444221139 ], [ 2641555.959205159917474, 1218524.198877087561414 ], [ 2641556.079337254166603, 1218508.056795237353072 ], [ 2641570.505931986030191, 1218508.168512796750292 ], [ 2641570.54989489261061, 1218501.865076130023226 ], [ 2641576.279589238576591, 1218501.905040263663977 ], [ 2641576.210273080505431, 1218510.754256408428773 ], [ 2641575.284416565671563, 1218510.747798268683255 ], [ 2641575.181912571191788, 1218524.35516444221139 ] ] ] } },
{ "type": "Feature", "properties": { "id": "e580bac1-aec0-403c-9714-f93e703cfe95", "names": null, "sources": "[{'property': '', 'dataset': 'OpenStreetMap', 'license': 'ODbL-1.0', 'record_id': 'w238452564@4', 'update_time': '2023-11-12T15:54:03.000Z', 'confidence': None, 'between': None, 'provider': 'osm', 'resource': 'planet', 'version': '2026-08-02T00:00:00.000Z'}\n {'property': '/properties/height', 'dataset': 'Microsoft ML Buildings', 'license': 'ODbL-1.0', 'record_id': None, 'update_time': '2022-08-04T00:00:00.000Z', 'confidence': None, 'between': None, 'provider': 'microsoft', 'resource': 'ml_buildings', 'version': '2025-02-25'}]", "level": null, "height": 6.1638169288635254, "min_height": null, "is_underground": false, "num_floors": null, "num_floors_underground": null, "min_floor": null, "subtype": null, "class": null, "facade_color": null, "facade_material": null, "roof_material": null, "roof_shape": null, "roof_direction": null, "roof_orientation": null, "roof_color": null, "roof_height": null, "has_parts": false, "version": 2, "bbox": { "xmin": 7.9866790771484375, "xmax": 7.986945152282715, "ymin": 47.1161994934082, "ymax": 47.11640930175781 } }, "geometry": { "type": "Polygon", "coordinates": [ [ [ 2641612.297573690768331, 1218508.5935451942496 ], [ 2641612.078632469289005, 1218524.734937150264159 ], [ 2641592.879391534719616, 1218524.47863491345197 ], [ 2641593.06518213218078, 1218510.905203094007447 ], [ 2641592.10904726665467, 1218510.887413328047842 ], [ 2641592.223533181473613, 1218502.094100966351107 ], [ 2641597.937816548161209, 1218502.167331561911851 ], [ 2641597.856345195323229, 1218508.403800175758079 ], [ 2641612.297573690768331, 1218508.5935451942496 ] ] ] } },
{ "type": "Feature", "properties": { "id": "f9a55765-0df7-4b4e-b367-f92674f2381a", "names": null, "sources": "[{'property': '', 'dataset': 'OpenStreetMap', 'license': 'ODbL-1.0', 'record_id': 'w235366010@2', 'update_time': '2022-05-05T15:11:41.000Z', 'confidence': None, 'between': None, 'provider': 'osm', 'resource': 'planet', 'version': '2026-08-02T00:00:00.000Z'}\n {'property': '/properties/height', 'dataset': 'Microsoft ML Buildings', 'license': 'ODbL-1.0', 'record_id': None, 'update_time': '2022-08-04T00:00:00.000Z', 'confidence': None, 'between': None, 'provider': 'microsoft', 'resource': 'ml_buildings', 'version': '2025-02-25'}]", "level": null, "height": 5.8240108489990234, "min_height": null, "is_underground": false, "num_floors": null, "num_floors_underground": null, "min_floor": null, "subtype": null, "class": null, "facade_color": null, "facade_material": null, "roof_material": null, "roof_shape": null, "roof_direction": null, "roof_orientation": null, "roof_color": null, "roof_height": null, "has_parts": false, "version": 2, "bbox": { "xmin": 7.986537933349609, "xmax": 7.986690521240234, "ymin": 47.11674880981445, "ymax": 47.11686325073242 } }, "geometry": { "type": "Polygon", "coordinates": [ [ [ 2641587.37849434511736, 1218562.351656149839982 ], [ 2641592.53722239471972, 1218571.337412893306464 ], [ 2641586.152040947694331, 1218574.972822764422745 ], [ 2641581.000895441044122, 1218565.987124430947006 ], [ 2641587.37849434511736, 1218562.351656149839982 ] ] ] } },
{ "type": "Feature", "properties": { "id": "b79ef212-e0bb-43ae-921f-dcbb7ef5ac06", "names": null, "sources": "[{'property': '', 'dataset': 'OpenStreetMap', 'license': 'ODbL-1.0', 'record_id': 'w235366026@2', 'update_time': '2022-05-05T15:11:41.000Z', 'confidence': None, 'between': None, 'provider': 'osm', 'resource': 'planet', 'version': '2026-08-02T00:00:00.000Z'}\n {'property': '/properties/height', 'dataset': 'Microsoft ML Buildings', 'license': 'ODbL-1.0', 'record_id': None, 'update_time': '2022-08-04T00:00:00.000Z', 'confidence': None, 'between': None, 'provider': 'microsoft', 'resource': 'ml_buildings', 'version': '2025-02-25'}]", "level": null, "height": 5.1953372955322266, "min_height": null, "is_underground": false, "num_floors": null, "num_floors_underground": null, "min_floor": null, "subtype": null, "class": null, "facade_color": null, "facade_material": null, "roof_material": null, "roof_shape": null, "roof_direction": null, "roof_orientation": null, "roof_color": null, "roof_height": null, "has_parts": false, "version": 2, "bbox": { "xmin": 7.986683368682861, "xmax": 7.986837387084961, "ymin": 47.11670684814453, "ymax": 47.1168212890625 } }, "geometry": { "type": "Polygon", "coordinates": [ [ [ 2641598.505620084702969, 1218557.826570364180952 ], [ 2641603.649235184304416, 1218566.801113555207849 ], [ 2641597.279297446832061, 1218570.42550022364594 ], [ 2641592.135675988625735, 1218561.450962470844388 ], [ 2641598.505620084702969, 1218557.826570364180952 ] ] ] } },
{ "type": "Feature", "properties": { "id": "5318ac56-41de-44a5-8ebb-40ea3ad88fcf", "names": null, "sources": "[{'property': '', 'dataset': 'OpenStreetMap', 'license': 'ODbL-1.0', 'record_id': 'w1057658233@1', 'update_time': '2022-05-05T15:11:40.000Z', 'confidence': None, 'between': None, 'provider': 'osm', 'resource': 'planet', 'version': '2026-08-02T00:00:00.000Z'}]", "level": null, "height": null, "min_height": null, "is_underground": false, "num_floors": null, "num_floors_underground": null, "min_floor": null, "subtype": null, "class": null, "facade_color": null, "facade_material": null, "roof_material": null, "roof_shape": null, "roof_direction": null, "roof_orientation": null, "roof_color": null, "roof_height": null, "has_parts": false, "version": 1, "bbox": { "xmin": 7.987001895904541, "xmax": 7.987168312072754, "ymin": 47.11663818359375, "ymax": 47.116764068603516 } }, "geometry": { "type": "Polygon", "coordinates": [ [ [ 2641616.81713095959276, 1218550.427705331938341 ], [ 2641627.651726299431175, 1218550.848014396149665 ], [ 2641627.466716345399618, 1218555.605104228714481 ], [ 2641628.89304707152769, 1218555.670654556713998 ], [ 2641628.653573459945619, 1218561.705901246517897 ], [ 2641628.560136417392641, 1218564.217852270230651 ], [ 2641616.291570062283427, 1218563.743058075429872 ], [ 2641616.81713095959276, 1218550.427705331938341 ] ] ] } },
{ "type": "Feature", "properties": { "id": "b2009c1d-6f6e-4e95-9bd9-76e39d3b06ee", "names": null, "sources": "[{'property': '', 'dataset': 'OpenStreetMap', 'license': 'ODbL-1.0', 'record_id': 'w235366018@2', 'update_time': '2022-05-05T15:11:41.000Z', 'confidence': None, 'between': None, 'provider': 'osm', 'resource': 'planet', 'version': '2026-08-02T00:00:00.000Z'}\n {'property': '/properties/height', 'dataset': 'Microsoft ML Buildings', 'license': 'ODbL-1.0', 'record_id': None, 'update_time': '2022-08-04T00:00:00.000Z', 'confidence': None, 'between': None, 'provider': 'microsoft', 'resource': 'ml_buildings', 'version': '2025-02-25'}]", "level": null, "height": 5.3496127128601074, "min_height": null, "is_underground": false, "num_floors": null, "num_floors_underground": null, "min_floor": null, "subtype": null, "class": null, "facade_color": null, "facade_material": null, "roof_material": null, "roof_shape": null, "roof_direction": null, "roof_orientation": null, "roof_color": null, "roof_height": null, "has_parts": false, "version": 2, "bbox": { "xmin": 7.986381530761719, "xmax": 7.986536502838135, "ymin": 47.116790771484375, "ymax": 47.116912841796875 } }, "geometry": { "type": "Polygon", "coordinates": [ [ [ 2641580.802083334885538, 1218575.991680655861273 ], [ 2641574.348303823266178, 1218579.671095449943095 ], [ 2641569.152154002338648, 1218570.607269462896511 ], [ 2641575.613528929185122, 1218566.927902038907632 ], [ 2641580.802083334885538, 1218575.991680655861273 ] ] ] } },
{ "type": "Feature", "properties": { "id": "28fdd589-7871-4946-b635-324c38807971", "names": null, "sources": "[{'property': '', 'dataset': 'OpenStreetMap', 'license': 'ODbL-1.0', 'record_id': 'w235366045@2', 'update_time': '2022-05-05T15:11:41.000Z', 'confidence': None, 'between': None, 'provider': 'osm', 'resource': 'planet', 'version': '2026-08-02T00:00:00.000Z'}\n {'property': '/properties/height', 'dataset': 'Microsoft ML Buildings', 'license': 'ODbL-1.0', 'record_id': None, 'update_time': '2022-08-04T00:00:00.000Z', 'confidence': None, 'between': None, 'provider': 'microsoft', 'resource': 'ml_buildings', 'version': '2025-02-25'}]", "level": null, "height": 4.029655933380127, "min_height": null, "is_underground": false, "num_floors": null, "num_floors_underground": null, "min_floor": null, "subtype": null, "class": null, "facade_color": null, "facade_material": null, "roof_material": null, "roof_shape": null, "roof_direction": null, "roof_orientation": null, "roof_color": null, "roof_height": null, "has_parts": false, "version": 2, "bbox": { "xmin": 7.985395908355713, "xmax": 7.985607624053955, "ymin": 47.116920471191406, "ymax": 47.1170539855957 } }, "geometry": { "type": "Polygon", "coordinates": [ [ [ 2641507.406719610095024, 1218595.536465490236878 ], [ 2641494.200972685124725, 1218592.331556285964325 ], [ 2641496.990003176033497, 1218580.888610293157399 ], [ 2641510.203440441284329, 1218584.082461296115071 ], [ 2641507.406719610095024, 1218595.536465490236878 ] ] ] } },
{ "type": "Feature", "properties": { "id": "11ebce53-dc5e-432a-ad55-8ece441b2538", "names": null, "sources": "[{'property': '', 'dataset': 'OpenStreetMap', 'license': 'ODbL-1.0', 'record_id': 'w238452537@3', 'update_time': '2022-05-05T15:11:41.000Z', 'confidence': None, 'between': None, 'provider': 'osm', 'resource': 'planet', 'version': '2026-08-02T00:00:00.000Z'}\n {'property': '/properties/height', 'dataset': 'Microsoft ML Buildings', 'license': 'ODbL-1.0', 'record_id': None, 'update_time': '2022-08-04T00:00:00.000Z', 'confidence': None, 'between': None, 'provider': 'microsoft', 'resource': 'ml_buildings', 'version': '2025-02-25'}]", "level": null, "height": 6.8968253135681152, "min_height": null, "is_underground": false, "num_floors": null, "num_floors_underground": null, "min_floor": null, "subtype": null, "class": null, "facade_color": null, "facade_material": null, "roof_material": null, "roof_shape": null, "roof_direction": null, "roof_orientation": null, "roof_color": null, "roof_height": null, "has_parts": false, "version": 2, "bbox": { "xmin": 7.9857635498046875, "xmax": 7.985994338989258, "ymin": 47.11622619628906, "ymax": 47.11638641357422 } }, "geometry": { "type": "Polygon", "coordinates": [ [ [ 2641539.788975891191512, 1218521.640263220528141 ], [ 2641522.608932765200734, 1218521.320436529815197 ], [ 2641522.927063489332795, 1218503.979021128034219 ], [ 2641540.114745679777116, 1218504.298901617759839 ], [ 2641539.788975891191512, 1218521.640263220528141 ] ] ] } },
{ "type": "Feature", "properties": { "id": "158916ad-fc7f-4643-89bd-3d5176111139", "names": null, "sources": "[{'property': '', 'dataset': 'OpenStreetMap', 'license': 'ODbL-1.0', 'record_id': 'w235513448@3', 'update_time': '2022-05-05T15:11:41.000Z', 'confidence': None, 'between': None, 'provider': 'osm', 'resource': 'planet', 'version': '2026-08-02T00:00:00.000Z'}\n {'property': '/properties/height', 'dataset': 'Microsoft ML Buildings', 'license': 'ODbL-1.0', 'record_id': None, 'update_time': '2022-08-04T00:00:00.000Z', 'confidence': None, 'between': None, 'provider': 'microsoft', 'resource': 'ml_buildings', 'version': '2025-02-25'}]", "level": null, "height": 4.9197249412536621, "min_height": null, "is_underground": false, "num_floors": null, "num_floors_underground": null, "min_floor": null, "subtype": null, "class": null, "facade_color": null, "facade_material": null, "roof_material": null, "roof_shape": null, "roof_direction": null, "roof_orientation": null, "roof_color": null, "roof_height": null, "has_parts": false, "version": 2, "bbox": { "xmin": 7.985355854034424, "xmax": 7.985653877258301, "ymin": 47.11654281616211, "ymax": 47.11667251586914 } }, "geometry": { "type": "Polygon", "coordinates": [ [ [ 2641511.8834991264157, 1218553.164682562928647 ], [ 2641491.410088949371129, 1218549.531166067346931 ], [ 2641492.902674052864313, 1218541.169918574858457 ], [ 2641503.734354390762746, 1218543.101990496972576 ], [ 2641504.366242222953588, 1218539.54872236889787 ], [ 2641514.00792819308117, 1218541.26129020540975 ], [ 2641511.8834991264157, 1218553.164682562928647 ] ] ] } },
{ "type": "Feature", "properties": { "id": "8b4e9347-63fa-43c0-8c38-8831437f3ba3", "names": null, "sources": "[{'property': '', 'dataset': 'OpenStreetMap', 'license': 'ODbL-1.0', 'record_id': 'w1057658133@1', 'update_time': '2022-05-05T15:11:40.000Z', 'confidence': None, 'between': None, 'provider': 'osm', 'resource': 'planet', 'version': '2026-08-02T00:00:00.000Z'}]", "level": null, "height": null, "min_height": null, "is_underground": false, "num_floors": null, "num_floors_underground": null, "min_floor": null, "subtype": null, "class": null, "facade_color": null, "facade_material": null, "roof_material": null, "roof_shape": null, "roof_direction": null, "roof_orientation": null, "roof_color": null, "roof_height": null, "has_parts": false, "version": 1, "bbox": { "xmin": 7.984982013702393, "xmax": 7.985115051269531, "ymin": 47.11650085449219, "ymax": 47.116641998291016 } }, "geometry": { "type": "Polygon", "coordinates": [ [ [ 2641472.367663260083646, 1218549.654345996910706 ], [ 2641463.103725040331483, 1218548.189063033321872 ], [ 2641465.079681872855872, 1218535.795441809110343 ], [ 2641465.357360350433737, 1218534.063010428566486 ], [ 2641472.635024738498032, 1218535.225415327586234 ], [ 2641471.761950302869081, 1218540.722608217503875 ], [ 2641473.171947835478932, 1218540.954773220932111 ], [ 2641472.367663260083646, 1218549.654345996910706 ] ] ] } },
{ "type": "Feature", "properties": { "id": "36518de4-8b3e-4666-848d-78c1612abc7b", "names": null, "sources": "[{'property': '', 'dataset': 'OpenStreetMap', 'license': 'ODbL-1.0', 'record_id': 'w235513465@2', 'update_time': '2022-05-05T15:11:41.000Z', 'confidence': None, 'between': None, 'provider': 'osm', 'resource': 'planet', 'version': '2026-08-02T00:00:00.000Z'}]", "level": null, "height": null, "min_height": null, "is_underground": false, "num_floors": null, "num_floors_underground": null, "min_floor": null, "subtype": null, "class": null, "facade_color": null, "facade_material": null, "roof_material": null, "roof_shape": null, "roof_direction": null, "roof_orientation": null, "roof_color": null, "roof_height": null, "has_parts": false, "version": 1, "bbox": { "xmin": 7.984822750091553, "xmax": 7.985008716583252, "ymin": 47.116493225097656, "ymax": 47.11664962768555 } }, "geometry": { "type": "Polygon", "coordinates": [ [ [ 2641451.93434893572703, 1218533.702819367870688 ], [ 2641465.079681872855872, 1218535.795441809110343 ], [ 2641463.103725040331483, 1218548.189063033321872 ], [ 2641462.095478685107082, 1218548.026401347480714 ], [ 2641461.817956420127302, 1218549.736598582705483 ], [ 2641454.578175176400691, 1218548.585587961133569 ], [ 2641455.760578298475593, 1218541.167179771000519 ], [ 2641451.06942358519882, 1218539.122247831430286 ], [ 2641451.93434893572703, 1218533.702819367870688 ] ] ] } },
{ "type": "Feature", "properties": { "id": "d4627a63-f490-475b-a1b7-b8d753d18696", "names": null, "sources": "[{'property': '', 'dataset': 'OpenStreetMap', 'license': 'ODbL-1.0', 'record_id': 'w235366040@2', 'update_time': '2022-05-05T15:11:41.000Z', 'confidence': None, 'between': None, 'provider': 'osm', 'resource': 'planet', 'version': '2026-08-02T00:00:00.000Z'}\n {'property': '/properties/height', 'dataset': 'Microsoft ML Buildings', 'license': 'ODbL-1.0', 'record_id': None, 'update_time': '2022-08-04T00:00:00.000Z', 'confidence': None, 'between': None, 'provider': 'microsoft', 'resource': 'ml_buildings', 'version': '2025-02-25'}]", "level": null, "height": 3.3768341541290283, "min_height": null, "is_underground": false, "num_floors": null, "num_floors_underground": null, "min_floor": null, "subtype": null, "class": null, "facade_color": null, "facade_material": null, "roof_material": null, "roof_shape": null, "roof_direction": null, "roof_orientation": null, "roof_color": null, "roof_height": null, "has_parts": false, "version": 2, "bbox": { "xmin": 7.984993934631348, "xmax": 7.985218048095703, "ymin": 47.116851806640625, "ymax": 47.11700439453125 } }, "geometry": { "type": "Polygon", "coordinates": [ [ [ 2641477.862632884178311, 1218589.960940058575943 ], [ 2641463.677117789629847, 1218586.860457880655304 ], [ 2641466.568837507627904, 1218573.739437806420028 ], [ 2641480.746793614700437, 1218576.83987398375757 ], [ 2641477.862632884178311, 1218589.960940058575943 ] ] ] } },
{ "type": "Feature", "properties": { "id": "6ea5116a-19b2-4dea-8511-96e8fb6113f3", "names": null, "sources": "[{'property': '', 'dataset': 'OpenStreetMap', 'license': 'ODbL-1.0', 'record_id': 'w235366029@3', 'update_time': '2023-11-12T15:54:03.000Z', 'confidence': None, 'between': None, 'provider': 'osm', 'resource': 'planet', 'version': '2026-08-02T00:00:00.000Z'}\n {'property': '/properties/height', 'dataset': 'Microsoft ML Buildings', 'license': 'ODbL-1.0', 'record_id': None, 'update_time': '2022-08-04T00:00:00.000Z', 'confidence': None, 'between': None, 'provider': 'microsoft', 'resource': 'ml_buildings', 'version': '2025-02-25'}]", "level": null, "height": 4.3209319114685059, "min_height": null, "is_underground": false, "num_floors": null, "num_floors_underground": null, "min_floor": null, "subtype": null, "class": null, "facade_color": null, "facade_material": null, "roof_material": null, "roof_shape": null, "roof_direction": null, "roof_orientation": null, "roof_color": null, "roof_height": null, "has_parts": false, "version": 2, "bbox": { "xmin": 7.984878063201904, "xmax": 7.985185623168945, "ymin": 47.11712646484375, "ymax": 47.11725997924805 } }, "geometry": { "type": "Polygon", "coordinates": [ [ [ 2641470.794574434868991, 1218617.583748019067571 ], [ 2641455.451131084933877, 1218615.120055742561817 ], [ 2641456.347565660253167, 1218609.53408057265915 ], [ 2641454.72532760957256, 1218609.267090115230531 ], [ 2641455.542471426073462, 1218604.169742824276909 ], [ 2641478.05742807360366, 1218607.772873402107507 ], [ 2641477.105684694368392, 1218613.6697565340437 ], [ 2641471.571698180865496, 1218612.786302589578554 ], [ 2641470.794574434868991, 1218617.583748019067571 ] ] ] } },
{ "type": "Feature", "properties": { "id": "2635eb03-b601-4185-8cec-961f78c59574", "names": null, "sources": "[{'property': '', 'dataset': 'OpenStreetMap', 'license': 'ODbL-1.0', 'record_id': 'w235366041@3', 'update_time': '2023-11-12T15:54:03.000Z', 'confidence': None, 'between': None, 'provider': 'osm', 'resource': 'planet', 'version': '2026-08-02T00:00:00.000Z'}\n {'property': '/properties/height', 'dataset': 'Microsoft ML Buildings', 'license': 'ODbL-1.0', 'record_id': None, 'update_time': '2022-08-04T00:00:00.000Z', 'confidence': None, 'between': None, 'provider': 'microsoft', 'resource': 'ml_buildings', 'version': '2025-02-25'}]", "level": null, "height": 7.5725612640380859, "min_height": null, "is_underground": false, "num_floors": null, "num_floors_underground": null, "min_floor": null, "subtype": null, "class": null, "facade_color": null, "facade_material": null, "roof_material": null, "roof_shape": null, "roof_direction": null, "roof_orientation": null, "roof_color": null, "roof_height": null, "has_parts": false, "version": 2, "bbox": { "xmin": 7.985684394836426, "xmax": 7.986049652099609, "ymin": 47.1169548034668, "ymax": 47.11711120605469 } }, "geometry": { "type": "Polygon", "coordinates": [ [ [ 2641540.722959630191326, 1218602.150139078032225 ], [ 2641524.045025215484202, 1218598.420667696744204 ], [ 2641524.483943482860923, 1218596.422536920756102 ], [ 2641516.019788052421063, 1218594.551387395011261 ], [ 2641517.649616868235171, 1218587.191695420304313 ], [ 2641526.121371190994978, 1218589.062900109915063 ], [ 2641527.022597025614232, 1218584.97786020860076 ], [ 2641530.735577347222716, 1218585.804205938242376 ], [ 2641530.931341769173741, 1218584.938388275448233 ], [ 2641539.971332316286862, 1218586.94698468176648 ], [ 2641539.783155528828502, 1218587.812854939838871 ], [ 2641543.768944909796119, 1218588.696698714746162 ], [ 2641540.722959630191326, 1218602.150139078032225 ] ] ] } },
{ "type": "Feature", "properties": { "id": "1d6b47cf-8de4-497f-acb8-4859b0763fc8", "names": null, "sources": "[{'property': '', 'dataset': 'OpenStreetMap', 'license': 'ODbL-1.0', 'record_id': 'w235366031@3', 'update_time': '2023-11-12T15:54:03.000Z', 'confidence': None, 'between': None, 'provider': 'osm', 'resource': 'planet', 'version': '2026-08-02T00:00:00.000Z'}\n {'property': '/properties/height', 'dataset': 'Microsoft ML Buildings', 'license': 'ODbL-1.0', 'record_id': None, 'update_time': '2022-08-04T00:00:00.000Z', 'confidence': None, 'between': None, 'provider': 'microsoft', 'resource': 'ml_buildings', 'version': '2025-02-25'}]", "level": null, "height": 7.5765976905822754, "min_height": null, "is_underground": false, "num_floors": null, "num_floors_underground": null, "min_floor": null, "subtype": null, "class": null, "facade_color": null, "facade_material": null, "roof_material": null, "roof_shape": null, "roof_direction": null, "roof_orientation": null, "roof_color": null, "roof_height": null, "has_parts": false, "version": 2, "bbox": { "xmin": 7.9853596687316895, "xmax": 7.985622406005859, "ymin": 47.11726760864258, "ymax": 47.117431640625 } }, "geometry": { "type": "Polygon", "coordinates": [ [ [ 2641498.215780739206821, 1218634.829177172854543 ], [ 2641491.107906127348542, 1218633.278801801148802 ], [ 2641494.140985650476068, 1218619.480597068555653 ], [ 2641497.960192673373967, 1218620.307662043487653 ], [ 2641498.116923376452178, 1218619.597219518385828 ], [ 2641507.316237611230463, 1218621.60687602404505 ], [ 2641507.159505857154727, 1218622.317318304209039 ], [ 2641511.054442893713713, 1218623.167154519818723 ], [ 2641508.021325850859284, 1218636.965350731275976 ], [ 2641500.8604118777439, 1218635.403476579580456 ], [ 2641501.071967338677496, 1218634.448826126288623 ], [ 2641498.427335794083774, 1218633.874526622472331 ], [ 2641498.215780739206821, 1218634.829177172854543 ] ] ] } },
{ "type": "Feature", "properties": { "id": "dfa6898c-5bb8-41d5-a983-32403ac71616", "names": null, "sources": "[{'property': '', 'dataset': 'OpenStreetMap', 'license': 'ODbL-1.0', 'record_id': 'w235366021@4', 'update_time': '2023-11-12T15:54:03.000Z', 'confidence': None, 'between': None, 'provider': 'osm', 'resource': 'planet', 'version': '2026-08-02T00:00:00.000Z'}\n {'property': '/properties/height', 'dataset': 'Microsoft ML Buildings', 'license': 'ODbL-1.0', 'record_id': None, 'update_time': '2022-08-04T00:00:00.000Z', 'confidence': None, 'between': None, 'provider': 'microsoft', 'resource': 'ml_buildings', 'version': '2025-02-25'}]", "level": null, "height": 5.4461879730224609, "min_height": null, "is_underground": false, "num_floors": null, "num_floors_underground": null, "min_floor": null, "subtype": null, "class": null, "facade_color": null, "facade_material": null, "roof_material": null, "roof_shape": null, "roof_direction": null, "roof_orientation": null, "roof_color": null, "roof_height": null, "has_parts": false, "version": 2, "bbox": { "xmin": 7.985785007476807, "xmax": 7.986010551452637, "ymin": 47.11762237548828, "ymax": 47.1177978515625 } }, "geometry": { "type": "Polygon", "coordinates": [ [ [ 2641524.27105038613081, 1218670.553979652933776 ], [ 2641523.331512718927115, 1218670.336197496391833 ], [ 2641525.818405348807573, 1218659.780575449345633 ], [ 2641540.237107783090323, 1218663.149658046197146 ], [ 2641537.77349953725934, 1218673.627612560987473 ], [ 2641534.053296231199056, 1218672.756740711629391 ], [ 2641532.856654946692288, 1218677.851433865958825 ], [ 2641523.09772555436939, 1218675.571013119071722 ], [ 2641524.27105038613081, 1218670.553979652933776 ] ] ] } },
{ "type": "Feature", "properties": { "id": "7088b973-ccd7-4855-a1da-71dee68ee82d", "names": null, "sources": "[{'property': '', 'dataset': 'OpenStreetMap', 'license': 'ODbL-1.0', 'record_id': 'w235366044@3', 'update_time': '2022-05-05T15:11:41.000Z', 'confidence': None, 'between': None, 'provider': 'osm', 'resource': 'planet', 'version': '2026-08-02T00:00:00.000Z'}\n {'property': '/properties/height', 'dataset': 'Microsoft ML Buildings', 'license': 'ODbL-1.0', 'record_id': None, 'update_time': '2022-08-04T00:00:00.000Z', 'confidence': None, 'between': None, 'provider': 'microsoft', 'resource': 'ml_buildings', 'version': '2025-02-25'}]", "level": null, "height": 5.2637133598327637, "min_height": null, "is_underground": false, "num_floors": null, "num_floors_underground": null, "min_floor": null, "subtype": null, "class": null, "facade_color": null, "facade_material": null, "roof_material": null, "roof_shape": null, "roof_direction": null, "roof_orientation": null, "roof_color": null, "roof_height": null, "has_parts": false, "version": 2, "bbox": { "xmin": 7.985485076904297, "xmax": 7.985712051391602, "ymin": 47.117549896240234, "ymax": 47.11772155761719 } }, "geometry": { "type": "Polygon", "coordinates": [ [ [ 2641510.13058509118855, 1218665.374685706337914 ], [ 2641500.476166870910674, 1218663.339619935490191 ], [ 2641502.99492264771834, 1218651.472320192027837 ], [ 2641512.838769768830389, 1218653.553180088987574 ], [ 2641512.266203961335123, 1218656.217444010078907 ], [ 2641517.608720525633544, 1218657.344192216871306 ], [ 2641515.097836406435817, 1218669.167070067953318 ], [ 2641509.573431408498436, 1218668.005704123293981 ], [ 2641510.13058509118855, 1218665.374685706337914 ] ] ] } },
{ "type": "Feature", "properties": { "id": "977ccf0a-1030-4caf-a089-523ada88294e", "names": null, "sources": "[{'property': '', 'dataset': 'OpenStreetMap', 'license': 'ODbL-1.0', 'record_id': 'w235366024@3', 'update_time': '2022-05-05T15:11:41.000Z', 'confidence': None, 'between': None, 'provider': 'osm', 'resource': 'planet', 'version': '2026-08-02T00:00:00.000Z'}\n {'property': '/properties/height', 'dataset': 'Microsoft ML Buildings', 'license': 'ODbL-1.0', 'record_id': None, 'update_time': '2022-08-04T00:00:00.000Z', 'confidence': None, 'between': None, 'provider': 'microsoft', 'resource': 'ml_buildings', 'version': '2025-02-25'}]", "level": null, "height": 4.199103832244873, "min_height": null, "is_underground": false, "num_floors": null, "num_floors_underground": null, "min_floor": null, "subtype": null, "class": null, "facade_color": null, "facade_material": null, "roof_material": null, "roof_shape": null, "roof_direction": null, "roof_orientation": null, "roof_color": null, "roof_height": null, "has_parts": false, "version": 2, "bbox": { "xmin": 7.985119819641113, "xmax": 7.9853692054748535, "ymin": 47.11749267578125, "ymax": 47.117618560791016 } }, "geometry": { "type": "Polygon", "coordinates": [ [ [ 2641489.708650940097868, 1218657.672446213196963 ], [ 2641472.770733682904392, 1218654.241485846228898 ], [ 2641474.789983349386603, 1218644.349652367644012 ], [ 2641491.727850328665227, 1218647.791735597420484 ], [ 2641489.708650940097868, 1218657.672446213196963 ] ] ] } },
{ "type": "Feature", "properties": { "id": "b03db157-cbff-45bc-a894-e57ef91d1701", "names": null, "sources": "[{'property': '', 'dataset': 'OpenStreetMap', 'license': 'ODbL-1.0', 'record_id': 'w234153029@3', 'update_time': '2022-05-05T15:11:41.000Z', 'confidence': None, 'between': None, 'provider': 'osm', 'resource': 'planet', 'version': '2026-08-02T00:00:00.000Z'}\n {'property': '/properties/height', 'dataset': 'Microsoft ML Buildings', 'license': 'ODbL-1.0', 'record_id': None, 'update_time': '2022-08-04T00:00:00.000Z', 'confidence': None, 'between': None, 'provider': 'microsoft', 'resource': 'ml_buildings', 'version': '2025-02-25'}]", "level": null, "height": 5.398038387298584, "min_height": null, "is_underground": false, "num_floors": null, "num_floors_underground": null, "min_floor": null, "subtype": null, "class": null, "facade_color": null, "facade_material": null, "roof_material": null, "roof_shape": null, "roof_direction": null, "roof_orientation": null, "roof_color": null, "roof_height": null, "has_parts": false, "version": 2, "bbox": { "xmin": 7.985145568847656, "xmax": 7.985385417938232, "ymin": 47.117759704589844, "ymax": 47.11789321899414 } }, "geometry": { "type": "Polygon", "coordinates": [ [ [ 2641477.644012904725969, 1218682.447688158135861 ], [ 2641474.593320247717202, 1218681.336922925198451 ], [ 2641477.269940252415836, 1218674.040091878501698 ], [ 2641492.667130896355957, 1218679.66164731583558 ], [ 2641489.410348230041564, 1218688.533148773480207 ], [ 2641483.293794837780297, 1218686.311502145137638 ], [ 2641482.427527405787259, 1218688.651311080902815 ], [ 2641476.197449570987374, 1218686.384410793427378 ], [ 2641477.644012904725969, 1218682.447688158135861 ] ] ] } },
{ "type": "Feature", "properties": { "id": "097d2d3e-bf68-4b98-818a-3b202f98090f", "names": null, "sources": "[{'property': '', 'dataset': 'OpenStreetMap', 'license': 'ODbL-1.0', 'record_id': 'w384799857@2', 'update_time': '2022-05-05T15:11:42.000Z', 'confidence': None, 'between': None, 'provider': 'osm', 'resource': 'planet', 'version': '2026-08-02T00:00:00.000Z'}\n {'property': '/properties/height', 'dataset': 'Microsoft ML Buildings', 'license': 'ODbL-1.0', 'record_id': None, 'update_time': '2022-08-04T00:00:00.000Z', 'confidence': None, 'between': None, 'provider': 'microsoft', 'resource': 'ml_buildings', 'version': '2025-02-25'}]", "level": null, "height": 4.5813751220703125, "min_height": null, "is_underground": false, "num_floors": null, "num_floors_underground": null, "min_floor": null, "subtype": null, "class": null, "facade_color": null, "facade_material": null, "roof_material": null, "roof_shape": null, "roof_direction": null, "roof_orientation": null, "roof_color": null, "roof_height": null, "has_parts": false, "version": 2, "bbox": { "xmin": 7.984822750091553, "xmax": 7.984991073608398, "ymin": 47.118064880371094, "ymax": 47.118194580078125 } }, "geometry": { "type": "Polygon", "coordinates": [ [ [ 2641459.154046033974737, 1218722.131585853174329 ], [ 2641449.830889048054814, 1218719.398489628452808 ], [ 2641453.258546218741685, 1218707.77096128789708 ], [ 2641462.58171996101737, 1218710.504062826512381 ], [ 2641459.154046033974737, 1218722.131585853174329 ] ] ] } },
{ "type": "Feature", "properties": { "id": "358e8543-cbf5-4f20-8661-4ba528d89ccc", "names": null, "sources": "[{'property': '', 'dataset': 'OpenStreetMap', 'license': 'ODbL-1.0', 'record_id': 'w384799862@2', 'update_time': '2022-05-05T15:11:42.000Z', 'confidence': None, 'between': None, 'provider': 'osm', 'resource': 'planet', 'version': '2026-08-02T00:00:00.000Z'}]", "level": null, "height": null, "min_height": null, "is_underground": false, "num_floors": null, "num_floors_underground": null, "min_floor": null, "subtype": null, "class": null, "facade_color": null, "facade_material": null, "roof_material": null, "roof_shape": null, "roof_direction": null, "roof_orientation": null, "roof_color": null, "roof_height": null, "has_parts": false, "version": 1, "bbox": { "xmin": 7.985023021697998, "xmax": 7.98522424697876, "ymin": 47.118167877197266, "ymax": 47.118309020996094 } }, "geometry": { "type": "Polygon", "coordinates": [ [ [ 2641480.103511652909219, 1218728.15861881733872 ], [ 2641470.980073750019073, 1218734.899173996411264 ], [ 2641464.972696273587644, 1218726.808150900760666 ], [ 2641474.103650946170092, 1218720.078756609000266 ], [ 2641480.103511652909219, 1218728.15861881733872 ] ] ] } },
{ "type": "Feature", "properties": { "id": "8c6e95ac-f744-4c4a-9ee8-d79cf0aa918c", "names": null, "sources": "[{'property': '', 'dataset': 'OpenStreetMap', 'license': 'ODbL-1.0', 'record_id': 'w234153012@3', 'update_time': '2022-05-05T15:11:41.000Z', 'confidence': None, 'between': None, 'provider': 'osm', 'resource': 'planet', 'version': '2026-08-02T00:00:00.000Z'}\n {'property': '/properties/height', 'dataset': 'Microsoft ML Buildings', 'license': 'ODbL-1.0', 'record_id': None, 'update_time': '2022-08-04T00:00:00.000Z', 'confidence': None, 'between': None, 'provider': 'microsoft', 'resource': 'ml_buildings', 'version': '2025-02-25'}]", "level": null, "height": 4.1725530624389648, "min_height": null, "is_underground": false, "num_floors": null, "num_floors_underground": null, "min_floor": null, "subtype": null, "class": null, "facade_color": null, "facade_material": null, "roof_material": null, "roof_shape": null, "roof_direction": null, "roof_orientation": null, "roof_color": null, "roof_height": null, "has_parts": false, "version": 2, "bbox": { "xmin": 7.985163688659668, "xmax": 7.9853835105896, "ymin": 47.118343353271484, "ymax": 47.11848831176758 } }, "geometry": { "type": "Polygon", "coordinates": [ [ [ 2641492.097396227996796, 1218749.510295563144609 ], [ 2641482.255522903986275, 1218754.800528951687738 ], [ 2641475.474724952597171, 1218742.257024922873825 ], [ 2641481.629755154252052, 1218738.942308740690351 ], [ 2641484.004885303787887, 1218743.339220175053924 ], [ 2641487.69174100458622, 1218741.363693340215832 ], [ 2641492.097396227996796, 1218749.510295563144609 ] ] ] } },
{ "type": "Feature", "properties": { "id": "8d404cda-eefc-4689-b8b2-ab27811654d4", "names": null, "sources": "[{'property': '', 'dataset': 'OpenStreetMap', 'license': 'ODbL-1.0', 'record_id': 'w234153031@1', 'update_time': '2013-08-19T18:21:26.000Z', 'confidence': None, 'between': None, 'provider': 'osm', 'resource': 'planet', 'version': '2026-08-02T00:00:00.000Z'}\n {'property': '/properties/height', 'dataset': 'Microsoft ML Buildings', 'license': 'ODbL-1.0', 'record_id': None, 'update_time': '2022-08-04T00:00:00.000Z', 'confidence': None, 'between': None, 'provider': 'microsoft', 'resource': 'ml_buildings', 'version': '2025-02-25'}]", "level": null, "height": 4.5861120223999023, "min_height": null, "is_underground": false, "num_floors": null, "num_floors_underground": null, "min_floor": null, "subtype": null, "class": null, "facade_color": null, "facade_material": null, "roof_material": null, "roof_shape": null, "roof_direction": null, "roof_orientation": null, "roof_color": null, "roof_height": null, "has_parts": false, "version": 2, "bbox": { "xmin": 7.985743999481201, "xmax": 7.985872745513916, "ymin": 47.118160247802734, "ymax": 47.11827087402344 } }, "geometry": { "type": "Polygon", "coordinates": [ [ [ 2641527.398673724848777, 1218730.33349852450192 ], [ 2641519.608634019270539, 1218728.678275597048923 ], [ 2641521.561884486116469, 1218719.55311886058189 ], [ 2641529.359446905553341, 1218721.219514366239309 ], [ 2641527.398673724848777, 1218730.33349852450192 ] ] ] } },
{ "type": "Feature", "properties": { "id": "9e9ba0c8-09df-4d89-b759-b713e5faec08", "names": null, "sources": "[{'property': '', 'dataset': 'OpenStreetMap', 'license': 'ODbL-1.0', 'record_id': 'w234153046@2', 'update_time': '2022-05-05T15:11:41.000Z', 'confidence': None, 'between': None, 'provider': 'osm', 'resource': 'planet', 'version': '2026-08-02T00:00:00.000Z'}\n {'property': '/properties/height', 'dataset': 'Microsoft ML Buildings', 'license': 'ODbL-1.0', 'record_id': None, 'update_time': '2022-08-04T00:00:00.000Z', 'confidence': None, 'between': None, 'provider': 'microsoft', 'resource': 'ml_buildings', 'version': '2025-02-25'}]", "level": null, "height": 5.4252738952636719, "min_height": null, "is_underground": false, "num_floors": null, "num_floors_underground": null, "min_floor": null, "subtype": null, "class": null, "facade_color": null, "facade_material": null, "roof_material": null, "roof_shape": null, "roof_direction": null, "roof_orientation": null, "roof_color": null, "roof_height": null, "has_parts": false, "version": 2, "bbox": { "xmin": 7.985820770263672, "xmax": 7.986032962799072, "ymin": 47.11796951293945, "ymax": 47.11811828613281 } }, "geometry": { "type": "Polygon", "coordinates": [ [ [ 2641538.436204484663904, 1218713.567070139804855 ], [ 2641525.564098699949682, 1218710.442237907089293 ], [ 2641526.98568082600832, 1218704.648694104282185 ], [ 2641529.811633281875402, 1218705.335447198478505 ], [ 2641531.631866678595543, 1218697.877024732762948 ], [ 2641541.678043767809868, 1218700.315109949791804 ], [ 2641538.436204484663904, 1218713.567070139804855 ] ] ] } },
{ "type": "Feature", "properties": { "id": "46ad30e0-c7e5-4f6a-9ce9-247796482380", "names": null, "sources": "[{'property': '', 'dataset': 'OpenStreetMap', 'license': 'ODbL-1.0', 'record_id': 'w234153044@3', 'update_time': '2022-05-05T15:11:41.000Z', 'confidence': None, 'between': None, 'provider': 'osm', 'resource': 'planet', 'version': '2026-08-02T00:00:00.000Z'}\n {'property': '/properties/height', 'dataset': 'Microsoft ML Buildings', 'license': 'ODbL-1.0', 'record_id': None, 'update_time': '2022-08-04T00:00:00.000Z', 'confidence': None, 'between': None, 'provider': 'microsoft', 'resource': 'ml_buildings', 'version': '2025-02-25'}]", "level": null, "height": 4.9835729598999023, "min_height": null, "is_underground": false, "num_floors": null, "num_floors_underground": null, "min_floor": null, "subtype": null, "class": null, "facade_color": null, "facade_material": null, "roof_material": null, "roof_shape": null, "roof_direction": null, "roof_orientation": null, "roof_color": null, "roof_height": null, "has_parts": false, "version": 2, "bbox": { "xmin": 7.985470771789551, "xmax": 7.985689640045166, "ymin": 47.11784362792969, "ymax": 47.11796951293945 } }, "geometry": { "type": "Polygon", "coordinates": [ [ [ 2641506.922587765846401, 1218696.659833379555494 ], [ 2641499.113370115868747, 1218694.481971520232037 ], [ 2641500.241915561724454, 1218690.442980539985001 ], [ 2641502.340053739026189, 1218691.024593439418823 ], [ 2641504.262396542821079, 1218684.156112998258322 ], [ 2641515.707418248988688, 1218687.337664378108457 ], [ 2641513.364817196968943, 1218695.704105862416327 ], [ 2641507.63848223676905, 1218694.118861805647612 ], [ 2641506.922587765846401, 1218696.659833379555494 ] ] ] } },
{ "type": "Feature", "properties": { "id": "0263afc4-87a1-41da-bff0-80ff11226888", "names": null, "sources": "[{'property': '', 'dataset': 'OpenStreetMap', 'license': 'ODbL-1.0', 'record_id': 'w235366047@3', 'update_time': '2023-11-12T15:54:03.000Z', 'confidence': None, 'between': None, 'provider': 'osm', 'resource': 'planet', 'version': '2026-08-02T00:00:00.000Z'}\n {'property': '/properties/height', 'dataset': 'Microsoft ML Buildings', 'license': 'ODbL-1.0', 'record_id': None, 'update_time': '2022-08-04T00:00:00.000Z', 'confidence': None, 'between': None, 'provider': 'microsoft', 'resource': 'ml_buildings', 'version': '2025-02-25'}]", "level": null, "height": 5.2870545387268066, "min_height": null, "is_underground": false, "num_floors": null, "num_floors_underground": null, "min_floor": null, "subtype": null, "class": null, "facade_color": null, "facade_material": null, "roof_material": null, "roof_shape": null, "roof_direction": null, "roof_orientation": null, "roof_color": null, "roof_height": null, "has_parts": false, "version": 2, "bbox": { "xmin": 7.986415386199951, "xmax": 7.986621379852295, "ymin": 47.11772155761719, "ymax": 47.117855072021484 } }, "geometry": { "type": "Polygon", "coordinates": [ [ [ 2641584.218026124406606, 1218684.657833273988217 ], [ 2641570.896980425808579, 1218681.696536968695 ], [ 2641573.246812204364687, 1218671.217802009778097 ], [ 2641586.567725165747106, 1218674.201337871141732 ], [ 2641584.218026124406606, 1218684.657833273988217 ] ] ] } },
{ "type": "Feature", "properties": { "id": "d4543752-1a37-447c-9ff8-3df4b34f8410", "names": null, "sources": "[{'property': '', 'dataset': 'OpenStreetMap', 'license': 'ODbL-1.0', 'record_id': 'w234153019@3', 'update_time': '2022-05-05T15:11:41.000Z', 'confidence': None, 'between': None, 'provider': 'osm', 'resource': 'planet', 'version': '2026-08-02T00:00:00.000Z'}\n {'property': '/properties/height', 'dataset': 'Microsoft ML Buildings', 'license': 'ODbL-1.0', 'record_id': None, 'update_time': '2022-08-04T00:00:00.000Z', 'confidence': None, 'between': None, 'provider': 'microsoft', 'resource': 'ml_buildings', 'version': '2025-02-25'}]", "level": null, "height": 5.2054071426391602, "min_height": null, "is_underground": false, "num_floors": null, "num_floors_underground": null, "min_floor": null, "subtype": null, "class": null, "facade_color": null, "facade_material": null, "roof_material": null, "roof_shape": null, "roof_direction": null, "roof_orientation": null, "roof_color": null, "roof_height": null, "has_parts": false, "version": 2, "bbox": { "xmin": 7.9863481521606445, "xmax": 7.986559867858887, "ymin": 47.11799621582031, "ymax": 47.118125915527344 } }, "geometry": { "type": "Polygon", "coordinates": [ [ [ 2641574.150768548250198, 1218714.616558004636317 ], [ 2641565.625699395313859, 1218712.800499897450209 ], [ 2641568.135813985019922, 1218701.09993127733469 ], [ 2641574.955913593992591, 1218702.548332761740312 ], [ 2641574.602788214571774, 1218704.213527212152258 ], [ 2641577.717262771911919, 1218704.880080207018182 ], [ 2641577.301643162965775, 1218706.800546069163829 ], [ 2641581.658885056618601, 1218707.731478090863675 ], [ 2641580.709779944736511, 1218712.14970838255249 ], [ 2641578.15610015206039, 1218711.598243015585467 ], [ 2641577.732426797971129, 1218713.585358989890665 ], [ 2641574.511869685258716, 1218712.89583054324612 ], [ 2641574.150768548250198, 1218714.616558004636317 ] ] ] } },
{ "type": "Feature", "properties": { "id": "9c90cb9f-51f6-40fe-be54-4eff37912bec", "names": null, "sources": "[{'property': '', 'dataset': 'OpenStreetMap', 'license': 'ODbL-1.0', 'record_id': 'w234152978@2', 'update_time': '2022-05-05T15:11:41.000Z', 'confidence': None, 'between': None, 'provider': 'osm', 'resource': 'planet', 'version': '2026-08-02T00:00:00.000Z'}\n {'property': '/properties/height', 'dataset': 'Microsoft ML Buildings', 'license': 'ODbL-1.0', 'record_id': None, 'update_time': '2022-08-04T00:00:00.000Z', 'confidence': None, 'between': None, 'provider': 'microsoft', 'resource': 'ml_buildings', 'version': '2025-02-25'}]", "level": null, "height": 5.4124798774719238, "min_height": null, "is_underground": false, "num_floors": null, "num_floors_underground": null, "min_floor": null, "subtype": null, "class": null, "facade_color": null, "facade_material": null, "roof_material": null, "roof_shape": null, "roof_direction": null, "roof_orientation": null, "roof_color": null, "roof_height": null, "has_parts": false, "version": 2, "bbox": { "xmin": 7.985917091369629, "xmax": 7.986122131347656, "ymin": 47.11824417114258, "ymax": 47.11843490600586 } }, "geometry": { "type": "Polygon", "coordinates": [ [ [ 2641544.500352445058525, 1218749.430622854735702 ], [ 2641532.677964757196605, 1218747.057978538563475 ], [ 2641536.403455978259444, 1218728.65076403436251 ], [ 2641548.225801409222186, 1218731.034532842924818 ], [ 2641544.500352445058525, 1218749.430622854735702 ] ] ] } },
{ "type": "Feature", "properties": { "id": "fcfcdf90-a68f-416a-b954-82b77aa85682", "names": null, "sources": "[{'property': '', 'dataset': 'OpenStreetMap', 'license': 'ODbL-1.0', 'record_id': 'w234152994@3', 'update_time': '2022-05-05T15:11:41.000Z', 'confidence': None, 'between': None, 'provider': 'osm', 'resource': 'planet', 'version': '2026-08-02T00:00:00.000Z'}\n {'property': '/properties/height', 'dataset': 'Microsoft ML Buildings', 'license': 'ODbL-1.0', 'record_id': None, 'update_time': '2022-08-04T00:00:00.000Z', 'confidence': None, 'between': None, 'provider': 'microsoft', 'resource': 'ml_buildings', 'version': '2025-02-25'}]", "level": null, "height": 5.1581048965454102, "min_height": null, "is_underground": false, "num_floors": null, "num_floors_underground": null, "min_floor": null, "subtype": null, "class": null, "facade_color": null, "facade_material": null, "roof_material": null, "roof_shape": null, "roof_direction": null, "roof_orientation": null, "roof_color": null, "roof_height": null, "has_parts": false, "version": 2, "bbox": { "xmin": 7.986726760864258, "xmax": 7.986982345581055, "ymin": 47.11802291870117, "ymax": 47.11823654174805 } }, "geometry": { "type": "Polygon", "coordinates": [ [ [ 2641605.975304268766195, 1218727.168178148102015 ], [ 2641598.042445283848792, 1218723.143781443592161 ], [ 2641601.727956378832459, 1218715.9318703180179 ], [ 2641594.362294737715274, 1218712.189380705356598 ], [ 2641598.409366954583675, 1218704.279574668966234 ], [ 2641613.700321345124394, 1218712.046423137653619 ], [ 2641605.975304268766195, 1218727.168178148102015 ] ] ] } },
{ "type": "Feature", "properties": { "id": "b9e8327d-5895-4c84-970a-1a3dd24fbb7b", "names": null, "sources": "[{'property': '', 'dataset': 'OpenStreetMap', 'license': 'ODbL-1.0', 'record_id': 'w235366020@3', 'update_time': '2022-05-05T15:11:41.000Z', 'confidence': None, 'between': None, 'provider': 'osm', 'resource': 'planet', 'version': '2026-08-02T00:00:00.000Z'}\n {'property': '/properties/height', 'dataset': 'Microsoft ML Buildings', 'license': 'ODbL-1.0', 'record_id': None, 'update_time': '2022-08-04T00:00:00.000Z', 'confidence': None, 'between': None, 'provider': 'microsoft', 'resource': 'ml_buildings', 'version': '2025-02-25'}]", "level": null, "height": 7.8307304382324219, "min_height": null, "is_underground": false, "num_floors": null, "num_floors_underground": null, "min_floor": null, "subtype": null, "class": null, "facade_color": null, "facade_material": null, "roof_material": null, "roof_shape": null, "roof_direction": null, "roof_orientation": null, "roof_color": null, "roof_height": null, "has_parts": false, "version": 2, "bbox": { "xmin": 7.986815452575684, "xmax": 7.9871392250061035, "ymin": 47.11757278442383, "ymax": 47.11784362792969 } }, "geometry": { "type": "Polygon", "coordinates": [ [ [ 2641611.432599950116128, 1218683.580350321251899 ], [ 2641601.318666506558657, 1218681.063850462902337 ], [ 2641606.674574688076973, 1218659.610688699642196 ], [ 2641613.546049268450588, 1218661.315200156299397 ], [ 2641615.325972569640726, 1218654.212288653245196 ], [ 2641625.977896913420409, 1218656.854864064836875 ], [ 2641622.04282240383327, 1218672.625659372890368 ], [ 2641614.625902327243239, 1218670.78391699725762 ], [ 2641611.432599950116128, 1218683.580350321251899 ] ] ] } },
{ "type": "Feature", "properties": { "id": "d49a95ce-d93d-4077-99a0-9772d4c18bd5", "names": null, "sources": "[{'property': '', 'dataset': 'OpenStreetMap', 'license': 'ODbL-1.0', 'record_id': 'w235366030@1', 'update_time': '2023-11-12T15:54:03.000Z', 'confidence': None, 'between': None, 'provider': 'osm', 'resource': 'planet', 'version': '2026-08-02T00:00:00.000Z'}\n {'property': '/properties/height', 'dataset': 'Microsoft ML Buildings', 'license': 'ODbL-1.0', 'record_id': None, 'update_time': '2022-08-04T00:00:00.000Z', 'confidence': None, 'between': None, 'provider': 'microsoft', 'resource': 'ml_buildings', 'version': '2025-02-25'}]", "level": null, "height": 2.6005270481109619, "min_height": null, "is_underground": false, "num_floors": null, "num_floors_underground": null, "min_floor": null, "subtype": null, "class": null, "facade_color": null, "facade_material": null, "roof_material": null, "roof_shape": null, "roof_direction": null, "roof_orientation": null, "roof_color": null, "roof_height": null, "has_parts": false, "version": 2, "bbox": { "xmin": 7.986245155334473, "xmax": 7.98668098449707, "ymin": 47.117515563964844, "ymax": 47.11764907836914 } }, "geometry": { "type": "Polygon", "coordinates": [ [ [ 2641589.63521386589855, 1218662.02660601795651 ], [ 2641558.211610002908856, 1218655.047848902177066 ], [ 2641559.746999023482203, 1218648.176688326057047 ], [ 2641591.170637540984899, 1218655.155453459359705 ], [ 2641589.63521386589855, 1218662.02660601795651 ] ] ] } },
{ "type": "Feature", "properties": { "id": "aa39ff7c-3d6e-4a49-bbe0-44f52878942a", "names": null, "sources": "[{'property': '', 'dataset': 'OpenStreetMap', 'license': 'ODbL-1.0', 'record_id': 'w235366022@3', 'update_time': '2022-05-05T15:11:41.000Z', 'confidence': None, 'between': None, 'provider': 'osm', 'resource': 'planet', 'version': '2026-08-02T00:00:00.000Z'}\n {'property': '/properties/height', 'dataset': 'Microsoft ML Buildings', 'license': 'ODbL-1.0', 'record_id': None, 'update_time': '2022-08-04T00:00:00.000Z', 'confidence': None, 'between': None, 'provider': 'microsoft', 'resource': 'ml_buildings', 'version': '2025-02-25'}]", "level": null, "height": 5.4897732734680176, "min_height": null, "is_underground": false, "num_floors": null, "num_floors_underground": null, "min_floor": null, "subtype": null, "class": null, "facade_color": null, "facade_material": null, "roof_material": null, "roof_shape": null, "roof_direction": null, "roof_orientation": null, "roof_color": null, "roof_height": null, "has_parts": false, "version": 2, "bbox": { "xmin": 7.986112117767334, "xmax": 7.98632287979126, "ymin": 47.1176643371582, "ymax": 47.11780548095703 } }, "geometry": { "type": "Polygon", "coordinates": [ [ [ 2641560.916679249145091, 1218679.603511219844222 ], [ 2641547.922625811304897, 1218676.544487217441201 ], [ 2641550.909502507653087, 1218663.946700743632391 ], [ 2641563.903582056518644, 1218667.005731194512919 ], [ 2641560.916679249145091, 1218679.603511219844222 ] ] ] } },
{ "type": "Feature", "properties": { "id": "e7de92ea-9f7d-4ebd-b540-65381ce2ec0c", "names": null, "sources": "[{'property': '', 'dataset': 'OpenStreetMap', 'license': 'ODbL-1.0', 'record_id': 'w235366033@3', 'update_time': '2023-11-12T15:54:03.000Z', 'confidence': None, 'between': None, 'provider': 'osm', 'resource': 'planet', 'version': '2026-08-02T00:00:00.000Z'}\n {'property': '/properties/height', 'dataset': 'Microsoft ML Buildings', 'license': 'ODbL-1.0', 'record_id': None, 'update_time': '2022-08-04T00:00:00.000Z', 'confidence': None, 'between': None, 'provider': 'microsoft', 'resource': 'ml_buildings', 'version': '2025-02-25'}]", "level": null, "height": 7.280449390411377, "min_height": null, "is_underground": false, "num_floors": null, "num_floors_underground": null, "min_floor": null, "subtype": null, "class": null, "facade_color": null, "facade_material": null, "roof_material": null, "roof_shape": null, "roof_direction": null, "roof_orientation": null, "roof_color": null, "roof_height": null, "has_parts": false, "version": 2, "bbox": { "xmin": 7.985875606536865, "xmax": 7.9861369132995605, "ymin": 47.117340087890625, "ymax": 47.11750793457031 } }, "geometry": { "type": "Polygon", "coordinates": [ [ [ 2641537.322227858006954, 1218643.639987334609032 ], [ 2641530.206862308550626, 1218642.078395168296993 ], [ 2641533.207891321275383, 1218628.535693641752005 ], [ 2641536.973965403623879, 1218629.362413501599804 ], [ 2641537.161830651573837, 1218628.541011786321178 ], [ 2641546.118508005980402, 1218630.515684426762164 ], [ 2641545.938230412546545, 1218631.337138766422868 ], [ 2641550.083122656680644, 1218632.25544922077097 ], [ 2641547.082134429831058, 1218645.787025158759207 ], [ 2641539.974362752866, 1218644.225474203238264 ], [ 2641540.185924204532057, 1218643.270825118292123 ], [ 2641537.533788903150707, 1218642.685338160488755 ], [ 2641537.322227858006954, 1218643.639987334609032 ] ] ] } },
{ "type": "Feature", "properties": { "id": "17b9af3d-ef52-43bb-8303-3551227ea665", "names": null, "sources": "[{'property': '', 'dataset': 'OpenStreetMap', 'license': 'ODbL-1.0', 'record_id': 'w235366023@3', 'update_time': '2023-11-12T15:54:03.000Z', 'confidence': None, 'between': None, 'provider': 'osm', 'resource': 'planet', 'version': '2026-08-02T00:00:00.000Z'}\n {'property': '/properties/height', 'dataset': 'Microsoft ML Buildings', 'license': 'ODbL-1.0', 'record_id': None, 'update_time': '2022-08-04T00:00:00.000Z', 'confidence': None, 'between': None, 'provider': 'microsoft', 'resource': 'ml_buildings', 'version': '2025-02-25'}]", "level": null, "height": 8.0042037963867188, "min_height": null, "is_underground": false, "num_floors": null, "num_floors_underground": null, "min_floor": null, "subtype": null, "class": null, "facade_color": null, "facade_material": null, "roof_material": null, "roof_shape": null, "roof_direction": null, "roof_orientation": null, "roof_color": null, "roof_height": null, "has_parts": false, "version": 2, "bbox": { "xmin": 7.986345291137695, "xmax": 7.986608505249023, "ymin": 47.11722946166992, "ymax": 47.1174201965332 } }, "geometry": { "type": "Polygon", "coordinates": [ [ [ 2641573.134962057229131, 1218633.939318742370233 ], [ 2641565.913970546331257, 1218632.288005447247997 ], [ 2641569.099156347569078, 1218618.468663081526756 ], [ 2641572.933143926784396, 1218619.351467907195911 ], [ 2641573.614155401941389, 1218616.376670196885243 ], [ 2641582.918840686790645, 1218618.509473554324359 ], [ 2641582.230313494801521, 1218621.473100095288828 ], [ 2641585.897575341630727, 1218622.321396993007511 ], [ 2641582.712429963517934, 1218636.12961329286918 ], [ 2641575.748998631723225, 1218634.546791227301583 ], [ 2641575.98372038686648, 1218633.536716369213536 ], [ 2641573.369605847168714, 1218632.940360950771719 ], [ 2641573.134962057229131, 1218633.939318742370233 ] ] ] } },
{ "type": "Feature", "properties": { "id": "0f9a2997-e68e-43a2-a0f0-6432b74618aa", "names": null, "sources": "[{'property': '', 'dataset': 'OpenStreetMap', 'license': 'ODbL-1.0', 'record_id': 'w235366032@2', 'update_time': '2022-05-05T15:11:41.000Z', 'confidence': None, 'between': None, 'provider': 'osm', 'resource': 'planet', 'version': '2026-08-02T00:00:00.000Z'}\n {'property': '/properties/height', 'dataset': 'Microsoft ML Buildings', 'license': 'ODbL-1.0', 'record_id': None, 'update_time': '2022-08-04T00:00:00.000Z', 'confidence': None, 'between': None, 'provider': 'microsoft', 'resource': 'ml_buildings', 'version': '2025-02-25'}]", "level": null, "height": 6.4837713241577148, "min_height": null, "is_underground": false, "num_floors": null, "num_floors_underground": null, "min_floor": null, "subtype": null, "class": null, "facade_color": null, "facade_material": null, "roof_material": null, "roof_shape": null, "roof_direction": null, "roof_orientation": null, "roof_color": null, "roof_height": null, "has_parts": false, "version": 2, "bbox": { "xmin": 7.986706256866455, "xmax": 7.986893177032471, "ymin": 47.11695861816406, "ymax": 47.117095947265625 } }, "geometry": { "type": "Polygon", "coordinates": [ [ [ 2641607.694551419466734, 1218595.034995067631826 ], [ 2641598.383929516654462, 1218600.273157172370702 ], [ 2641593.593367478344589, 1218591.823614134453237 ], [ 2641602.903998228255659, 1218586.585444616619498 ], [ 2641607.694551419466734, 1218595.034995067631826 ] ] ] } },
{ "type": "Feature", "properties": { "id": "97069471-d7d2-42cd-ac67-80b2a28b4c64", "names": null, "sources": "[{'property': '', 'dataset': 'OpenStreetMap', 'license': 'ODbL-1.0', 'record_id': 'w235366019@2', 'update_time': '2022-05-05T15:11:41.000Z', 'confidence': None, 'between': None, 'provider': 'osm', 'resource': 'planet', 'version': '2026-08-02T00:00:00.000Z'}\n {'property': '/properties/height', 'dataset': 'Microsoft ML Buildings', 'license': 'ODbL-1.0', 'record_id': None, 'update_time': '2022-08-04T00:00:00.000Z', 'confidence': None, 'between': None, 'provider': 'microsoft', 'resource': 'ml_buildings', 'version': '2025-02-25'}]", "level": null, "height": 6.3527350425720215, "min_height": null, "is_underground": false, "num_floors": null, "num_floors_underground": null, "min_floor": null, "subtype": null, "class": null, "facade_color": null, "facade_material": null, "roof_material": null, "roof_shape": null, "roof_direction": null, "roof_orientation": null, "roof_color": null, "roof_height": null, "has_parts": false, "version": 2, "bbox": { "xmin": 7.9869279861450195, "xmax": 7.987102031707764, "ymin": 47.117103576660156, "ymax": 47.117225646972656 } }, "geometry": { "type": "Polygon", "coordinates": [ [ [ 2641623.498675012495369, 1218609.776255420409143 ], [ 2641614.181249242741615, 1218614.903168226126581 ], [ 2641610.321341004222631, 1218607.949882945744321 ], [ 2641619.63877420919016, 1218602.82296416326426 ], [ 2641623.498675012495369, 1218609.776255420409143 ] ] ] } },
{ "type": "Feature", "properties": { "id": "92bb170c-3d77-4e40-aef6-aa34241fac71", "names": null, "sources": "[{'property': '', 'dataset': 'OpenStreetMap', 'license': 'ODbL-1.0', 'record_id': 'w235366034@2', 'update_time': '2022-05-05T15:11:41.000Z', 'confidence': None, 'between': None, 'provider': 'osm', 'resource': 'planet', 'version': '2026-08-02T00:00:00.000Z'}\n {'property': '/properties/height', 'dataset': 'Microsoft ML Buildings', 'license': 'ODbL-1.0', 'record_id': None, 'update_time': '2022-08-04T00:00:00.000Z', 'confidence': None, 'between': None, 'provider': 'microsoft', 'resource': 'ml_buildings', 'version': '2025-02-25'}]", "level": null, "height": 4.4694275856018066, "min_height": null, "is_underground": false, "num_floors": null, "num_floors_underground": null, "min_floor": null, "subtype": null, "class": null, "facade_color": null, "facade_material": null, "roof_material": null, "roof_shape": null, "roof_direction": null, "roof_orientation": null, "roof_color": null, "roof_height": null, "has_parts": false, "version": 2, "bbox": { "xmin": 7.987148284912109, "xmax": 7.987430572509766, "ymin": 47.116981506347656, "ymax": 47.11715316772461 } }, "geometry": { "type": "Polygon", "coordinates": [ [ [ 2641637.528348496649414, 1218600.4019534511026 ], [ 2641633.298818463459611, 1218602.907247531460598 ], [ 2641627.192909604404122, 1218592.636301697231829 ], [ 2641633.883982815314084, 1218588.669540919596329 ], [ 2641637.732115852180868, 1218595.133579553570598 ], [ 2641644.560259374324232, 1218591.101081987377256 ], [ 2641648.460957612842321, 1218597.643318970920518 ], [ 2641642.79114306345582, 1218600.994606451829895 ], [ 2641644.516310474369675, 1218603.908383839763701 ], [ 2641639.311366487760097, 1218606.984979785280302 ], [ 2641638.193750760518014, 1218605.098278062883765 ], [ 2641639.763581461273134, 1218604.175356828607619 ], [ 2641637.528348496649414, 1218600.4019534511026 ] ] ] } },
{ "type": "Feature", "properties": { "id": "d81f5ea4-38de-45b3-b595-2acde0e303e6", "names": null, "sources": "[{'property': '', 'dataset': 'OpenStreetMap', 'license': 'ODbL-1.0', 'record_id': 'w235366036@2', 'update_time': '2022-05-05T15:11:41.000Z', 'confidence': None, 'between': None, 'provider': 'osm', 'resource': 'planet', 'version': '2026-08-02T00:00:00.000Z'}\n {'property': '/properties/height', 'dataset': 'Microsoft ML Buildings', 'license': 'ODbL-1.0', 'record_id': None, 'update_time': '2022-08-04T00:00:00.000Z', 'confidence': None, 'between': None, 'provider': 'microsoft', 'resource': 'ml_buildings', 'version': '2025-02-25'}]", "level": null, "height": 5.2730274200439453, "min_height": null, "is_underground": false, "num_floors": null, "num_floors_underground": null, "min_floor": null, "subtype": null, "class": null, "facade_color": null, "facade_material": null, "roof_material": null, "roof_shape": null, "roof_direction": null, "roof_orientation": null, "roof_color": null, "roof_height": null, "has_parts": false, "version": 2, "bbox": { "xmin": 7.987496376037598, "xmax": 7.987671375274658, "ymin": 47.11716079711914, "ymax": 47.11729049682617 } }, "geometry": { "type": "Polygon", "coordinates": [ [ [ 2641666.591896302532405, 1218618.237755347741768 ], [ 2641658.514691163320094, 1218622.906325048301369 ], [ 2641653.407753985375166, 1218614.132107712328434 ], [ 2641661.484966882504523, 1218609.463531167712063 ], [ 2641666.591896302532405, 1218618.237755347741768 ] ] ] } },
{ "type": "Feature", "properties": { "id": "7bb23b8c-9f15-45d9-9af9-b34193431371", "names": null, "sources": "[{'property': '', 'dataset': 'OpenStreetMap', 'license': 'ODbL-1.0', 'record_id': 'w235366016@2', 'update_time': '2022-05-05T15:11:41.000Z', 'confidence': None, 'between': None, 'provider': 'osm', 'resource': 'planet', 'version': '2026-08-02T00:00:00.000Z'}\n {'property': '/properties/height', 'dataset': 'Microsoft ML Buildings', 'license': 'ODbL-1.0', 'record_id': None, 'update_time': '2022-08-04T00:00:00.000Z', 'confidence': None, 'between': None, 'provider': 'microsoft', 'resource': 'ml_buildings', 'version': '2025-02-25'}]", "level": null, "height": 5.2283449172973633, "min_height": null, "is_underground": false, "num_floors": null, "num_floors_underground": null, "min_floor": null, "subtype": null, "class": null, "facade_color": null, "facade_material": null, "roof_material": null, "roof_shape": null, "roof_direction": null, "roof_orientation": null, "roof_color": null, "roof_height": null, "has_parts": false, "version": 2, "bbox": { "xmin": 7.987217903137207, "xmax": 7.987417221069336, "ymin": 47.1173095703125, "ymax": 47.11744689941406 } }, "geometry": { "type": "Polygon", "coordinates": [ [ [ 2641647.194202347192913, 1218634.478580066235736 ], [ 2641637.166606948245317, 1218640.234204626409337 ], [ 2641632.150176087860018, 1218631.538461616029963 ], [ 2641642.177703439258039, 1218625.793945875018835 ], [ 2641647.194202347192913, 1218634.478580066235736 ] ] ] } },
{ "type": "Feature", "properties": { "id": "1f42c21a-8dba-498c-9706-ad85c1311037", "names": null, "sources": "[{'property': '', 'dataset': 'OpenStreetMap', 'license': 'ODbL-1.0', 'record_id': 'w235366043@2', 'update_time': '2022-05-05T15:11:41.000Z', 'confidence': None, 'between': None, 'provider': 'osm', 'resource': 'planet', 'version': '2026-08-02T00:00:00.000Z'}\n {'property': '/properties/height', 'dataset': 'Microsoft ML Buildings', 'license': 'ODbL-1.0', 'record_id': None, 'update_time': '2022-08-04T00:00:00.000Z', 'confidence': None, 'between': None, 'provider': 'microsoft', 'resource': 'ml_buildings', 'version': '2025-02-25'}]", "level": null, "height": 5.9588842391967773, "min_height": null, "is_underground": false, "num_floors": null, "num_floors_underground": null, "min_floor": null, "subtype": null, "class": null, "facade_color": null, "facade_material": null, "roof_material": null, "roof_shape": null, "roof_direction": null, "roof_orientation": null, "roof_color": null, "roof_height": null, "has_parts": false, "version": 2, "bbox": { "xmin": 7.987447261810303, "xmax": 7.987637519836426, "ymin": 47.1174430847168, "ymax": 47.117584228515625 } }, "geometry": { "type": "Polygon", "coordinates": [ [ [ 2641663.840997730847448, 1218650.237550664460286 ], [ 2641655.049868719186634, 1218654.990076300222427 ], [ 2641649.527536319568753, 1218644.845479244831949 ], [ 2641658.318753439001739, 1218640.081828375114128 ], [ 2641663.840997730847448, 1218650.237550664460286 ] ] ] } },
{ "type": "Feature", "properties": { "id": "0428e177-5bb4-43f8-a5bb-80198e29f200", "names": null, "sources": "[{'property': '', 'dataset': 'OpenStreetMap', 'license': 'ODbL-1.0', 'record_id': 'w235366015@2', 'update_time': '2022-05-05T15:11:41.000Z', 'confidence': None, 'between': None, 'provider': 'osm', 'resource': 'planet', 'version': '2026-08-02T00:00:00.000Z'}\n {'property': '/properties/height', 'dataset': 'Microsoft ML Buildings', 'license': 'ODbL-1.0', 'record_id': None, 'update_time': '2022-08-04T00:00:00.000Z', 'confidence': None, 'between': None, 'provider': 'microsoft', 'resource': 'ml_buildings', 'version': '2025-02-25'}]", "level": null, "height": 5.6881566047668457, "min_height": null, "is_underground": false, "num_floors": null, "num_floors_underground": null, "min_floor": null, "subtype": null, "class": null, "facade_color": null, "facade_material": null, "roof_material": null, "roof_shape": null, "roof_direction": null, "roof_orientation": null, "roof_color": null, "roof_height": null, "has_parts": false, "version": 2, "bbox": { "xmin": 7.987682819366455, "xmax": 7.987884998321533, "ymin": 47.11760711669922, "ymax": 47.11774444580078 } }, "geometry": { "type": "Polygon", "coordinates": [ [ [ 2641682.497895607259125, 1218668.300876087974757 ], [ 2641671.193725635297596, 1218673.202569439774379 ], [ 2641667.205123838037252, 1218664.04703780123964 ], [ 2641678.509307757951319, 1218659.145336963469163 ], [ 2641682.497895607259125, 1218668.300876087974757 ] ] ] } },
{ "type": "Feature", "properties": { "id": "8e96eb40-47f1-4cbe-92c1-be97ebcb35cf", "names": null, "sources": "[{'property': '', 'dataset': 'Microsoft ML Buildings', 'license': 'ODbL-1.0', 'record_id': None, 'update_time': '2022-08-04T00:00:00.000Z', 'confidence': None, 'between': None, 'provider': 'microsoft', 'resource': 'ml_buildings', 'version': '2025-02-25'}]", "level": null, "height": 2.4971508979797363, "min_height": null, "is_underground": false, "num_floors": null, "num_floors_underground": null, "min_floor": null, "subtype": null, "class": null, "facade_color": null, "facade_material": null, "roof_material": null, "roof_shape": null, "roof_direction": null, "roof_orientation": null, "roof_color": null, "roof_height": null, "has_parts": false, "version": 3, "bbox": { "xmin": 7.987675189971924, "xmax": 7.987761497497559, "ymin": 47.11708450317383, "ymax": 47.11716842651367 } }, "geometry": { "type": "Polygon", "coordinates": [ [ [ 2641667.06589845335111, 1218602.542853056685999 ], [ 2641671.114370110910386, 1218600.970205202465877 ], [ 2641673.552635986823589, 1218607.179820868652314 ], [ 2641669.504167874809355, 1218608.752467080485076 ], [ 2641667.06589845335111, 1218602.542853056685999 ] ] ] } },
{ "type": "Feature", "properties": { "id": "95118687-0fdf-4932-b627-a7a32f5034bd", "names": null, "sources": "[{'property': '', 'dataset': 'Microsoft ML Buildings', 'license': 'ODbL-1.0', 'record_id': None, 'update_time': '2022-08-04T00:00:00.000Z', 'confidence': None, 'between': None, 'provider': 'microsoft', 'resource': 'ml_buildings', 'version': '2025-02-25'}]", "level": null, "height": 3.7677178382873535, "min_height": null, "is_underground": false, "num_floors": null, "num_floors_underground": null, "min_floor": null, "subtype": null, "class": null, "facade_color": null, "facade_material": null, "roof_material": null, "roof_shape": null, "roof_direction": null, "roof_orientation": null, "roof_color": null, "roof_height": null, "has_parts": false, "version": 3, "bbox": { "xmin": 7.988259315490723, "xmax": 7.988421440124512, "ymin": 47.117225646972656, "ymax": 47.1173210144043 } }, "geometry": { "type": "Polygon", "coordinates": [ [ [ 2641711.525707188528031, 1218616.350736333755776 ], [ 2641723.529405013192445, 1218616.701578684616834 ], [ 2641723.223098284564912, 1218626.849910668795928 ], [ 2641711.219498726539314, 1218626.48795175855048 ], [ 2641711.525707188528031, 1218616.350736333755776 ] ] ] } },
{ "type": "Feature", "properties": { "id": "fe8e7093-087a-43a1-bd44-d44095156b40", "names": null, "sources": "[{'property': '', 'dataset': 'Microsoft ML Buildings', 'license': 'ODbL-1.0', 'record_id': None, 'update_time': '2022-08-04T00:00:00.000Z', 'confidence': None, 'between': None, 'provider': 'microsoft', 'resource': 'ml_buildings', 'version': '2025-02-25'}]", "level": null, "height": 1.0399047136306763, "min_height": null, "is_underground": false, "num_floors": null, "num_floors_underground": null, "min_floor": null, "subtype": null, "class": null, "facade_color": null, "facade_material": null, "roof_material": null, "roof_shape": null, "roof_direction": null, "roof_orientation": null, "roof_color": null, "roof_height": null, "has_parts": false, "version": 3, "bbox": { "xmin": 7.988466262817383, "xmax": 7.988603591918945, "ymin": 47.117164611816406, "ymax": 47.11724090576172 } }, "geometry": { "type": "Polygon", "coordinates": [ [ [ 2641737.051376668736339, 1218618.074789179721847 ], [ 2641726.998795324470848, 1218617.626401526620612 ], [ 2641727.276622872799635, 1218611.546955076511949 ], [ 2641731.63146050600335, 1218611.744210228091106 ], [ 2641731.694545846432447, 1218610.321584089193493 ], [ 2641737.384712317027152, 1218610.572663969360292 ], [ 2641737.051376668736339, 1218618.074789179721847 ] ] ] } },
{ "type": "Feature", "properties": { "id": "3f9188c7-0733-4e5f-b1d7-a4dcfe1e4e12", "names": "{'primary': 'Berufsbildungszentrum Willisau BBZW', 'common': None, 'rules': None}", "sources": "[{'property': '', 'dataset': 'OpenStreetMap', 'license': 'ODbL-1.0', 'record_id': 'w44951390@3', 'update_time': '2024-06-30T15:50:28.000Z', 'confidence': None, 'between': None, 'provider': 'osm', 'resource': 'planet', 'version': '2026-08-02T00:00:00.000Z'}\n {'property': '/properties/height', 'dataset': 'Microsoft ML Buildings', 'license': 'ODbL-1.0', 'record_id': None, 'update_time': '2022-08-04T00:00:00.000Z', 'confidence': None, 'between': None, 'provider': 'microsoft', 'resource': 'ml_buildings', 'version': '2025-02-25'}]", "level": null, "height": 10.646445274353027, "min_height": null, "is_underground": false, "num_floors": null, "num_floors_underground": null, "min_floor": null, "subtype": "education", "class": null, "facade_color": null, "facade_material": null, "roof_material": null, "roof_shape": null, "roof_direction": null, "roof_orientation": null, "roof_color": null, "roof_height": null, "has_parts": false, "version": 2, "bbox": { "xmin": 7.988517761230469, "xmax": 7.989495754241943, "ymin": 47.11725997924805, "ymax": 47.11764144897461 } }, "geometry": { "type": "Polygon", "coordinates": [ [ [ 2641772.142097366042435, 1218646.492916060844436 ], [ 2641749.831508766394109, 1218662.512875209096819 ], [ 2641730.815359955653548, 1218637.253658608999103 ], [ 2641737.943494692910463, 1218631.566828166134655 ], [ 2641738.887174475006759, 1218620.355659165419638 ], [ 2641805.028472773730755, 1218628.835080648772418 ], [ 2641802.405508999247104, 1218650.06264493172057 ], [ 2641772.142097366042435, 1218646.492916060844436 ] ] ] } },
{ "type": "Feature", "properties": { "id": "5ccc1e0e-6d0e-4256-8fd4-36acad342441", "names": null, "sources": "[{'property': '', 'dataset': 'Microsoft ML Buildings', 'license': 'ODbL-1.0', 'record_id': None, 'update_time': '2022-08-04T00:00:00.000Z', 'confidence': None, 'between': None, 'provider': 'microsoft', 'resource': 'ml_buildings', 'version': '2025-02-25'}]", "level": null, "height": 1.7975273132324219, "min_height": null, "is_underground": false, "num_floors": null, "num_floors_underground": null, "min_floor": null, "subtype": null, "class": null, "facade_color": null, "facade_material": null, "roof_material": null, "roof_shape": null, "roof_direction": null, "roof_orientation": null, "roof_color": null, "roof_height": null, "has_parts": false, "version": 3, "bbox": { "xmin": 7.9883317947387695, "xmax": 7.988699913024902, "ymin": 47.11757278442383, "ymax": 47.117889404296875 } }, "geometry": { "type": "Polygon", "coordinates": [ [ [ 2641740.004630034323782, 1218689.448988124262542 ], [ 2641716.547711151186377, 1218658.933390225749463 ], [ 2641720.751862342935055, 1218655.71644344413653 ], [ 2641744.216361459810287, 1218686.232110867509618 ], [ 2641740.004630034323782, 1218689.448988124262542 ] ] ] } },
{ "type": "Feature", "properties": { "id": "e61a62ae-f6ac-44f0-bf0a-422c0e4504a1", "names": "{'primary': 'Sporthalle BBZ', 'common': None, 'rules': None}", "sources": "[{'property': '', 'dataset': 'OpenStreetMap', 'license': 'ODbL-1.0', 'record_id': 'w44951389@4', 'update_time': '2022-05-05T15:11:41.000Z', 'confidence': None, 'between': None, 'provider': 'osm', 'resource': 'planet', 'version': '2026-08-02T00:00:00.000Z'}\n {'property': '/properties/height', 'dataset': 'Microsoft ML Buildings', 'license': 'ODbL-1.0', 'record_id': None, 'update_time': '2022-08-04T00:00:00.000Z', 'confidence': None, 'between': None, 'provider': 'microsoft', 'resource': 'ml_buildings', 'version': '2025-02-25'}]", "level": null, "height": 8.2109775543212891, "min_height": null, "is_underground": false, "num_floors": null, "num_floors_underground": null, "min_floor": null, "subtype": null, "class": null, "facade_color": null, "facade_material": null, "roof_material": null, "roof_shape": null, "roof_direction": null, "roof_orientation": null, "roof_color": null, "roof_height": null, "has_parts": false, "version": 2, "bbox": { "xmin": 7.988694190979004, "xmax": 7.989429473876953, "ymin": 47.11759567260742, "ymax": 47.118221282958984 } }, "geometry": { "type": "Polygon", "coordinates": [ [ [ 2641777.330821186769754, 1218722.607839805772528 ], [ 2641771.174547645263374, 1218727.156309522921219 ], [ 2641743.829245418310165, 1218690.576427879044786 ], [ 2641772.104728090576828, 1218669.150565676391125 ], [ 2641767.975412590894848, 1218663.851827859645709 ], [ 2641775.29758777981624, 1218658.633345837704837 ], [ 2641799.561085802037269, 1218690.967022388707846 ], [ 2641791.703974234871566, 1218696.715374432038516 ], [ 2641799.453804082237184, 1218706.264253244968131 ], [ 2641789.696829389315099, 1218713.466823365772143 ], [ 2641777.330821186769754, 1218722.607839805772528 ] ] ] } },
{ "type": "Feature", "properties": { "id": "2f952946-f011-4a54-8c87-dc5da762052b", "names": null, "sources": "[{'property': '', 'dataset': 'OpenStreetMap', 'license': 'ODbL-1.0', 'record_id': 'w1239404324@1', 'update_time': '2024-01-13T13:49:54.000Z', 'confidence': None, 'between': None, 'provider': 'osm', 'resource': 'planet', 'version': '2026-08-02T00:00:00.000Z'}]", "level": null, "height": null, "min_height": null, "is_underground": false, "num_floors": null, "num_floors_underground": null, "min_floor": null, "subtype": "residential", "class": "garages", "facade_color": null, "facade_material": null, "roof_material": null, "roof_shape": null, "roof_direction": null, "roof_orientation": null, "roof_color": null, "roof_height": null, "has_parts": false, "version": 1, "bbox": { "xmin": 7.988117694854736, "xmax": 7.988214015960693, "ymin": 47.11833190917969, "ymax": 47.118431091308594 } }, "geometry": { "type": "Polygon", "coordinates": [ [ [ 2641699.737161505501717, 1218740.364223960321397 ], [ 2641706.547721560578793, 1218739.911580038024113 ], [ 2641706.883860230911523, 1218745.016965764109045 ], [ 2641705.069152272772044, 1218745.148797739762813 ], [ 2641705.371082415804267, 1218749.720293480437249 ], [ 2641700.390339528210461, 1218750.052328159799799 ], [ 2641699.737161505501717, 1218740.364223960321397 ] ] ] } },
{ "type": "Feature", "properties": { "id": "c52c0703-e3da-4252-be89-98b3e96a546d", "names": null, "sources": "[{'property': '', 'dataset': 'OpenStreetMap', 'license': 'ODbL-1.0', 'record_id': 'w234153004@2', 'update_time': '2022-05-05T15:11:41.000Z', 'confidence': None, 'between': None, 'provider': 'osm', 'resource': 'planet', 'version': '2026-08-02T00:00:00.000Z'}\n {'property': '/properties/height', 'dataset': 'Microsoft ML Buildings', 'license': 'ODbL-1.0', 'record_id': None, 'update_time': '2022-08-04T00:00:00.000Z', 'confidence': None, 'between': None, 'provider': 'microsoft', 'resource': 'ml_buildings', 'version': '2025-02-25'}]", "level": null, "height": 5.2143621444702148, "min_height": null, "is_underground": false, "num_floors": null, "num_floors_underground": null, "min_floor": null, "subtype": null, "class": null, "facade_color": null, "facade_material": null, "roof_material": null, "roof_shape": null, "roof_direction": null, "roof_orientation": null, "roof_color": null, "roof_height": null, "has_parts": false, "version": 2, "bbox": { "xmin": 7.9878716468811035, "xmax": 7.988022327423096, "ymin": 47.1183967590332, "ymax": 47.1185188293457 } }, "geometry": { "type": "Polygon", "coordinates": [ [ [ 2641691.53405589889735, 1218759.796200600918382 ], [ 2641680.869128028396517, 1218759.043427299940959 ], [ 2641681.704450878780335, 1218747.031013590283692 ], [ 2641692.377066657878458, 1218747.772724283626303 ], [ 2641691.53405589889735, 1218759.796200600918382 ] ] ] } },
{ "type": "Feature", "properties": { "id": "f02018d8-d093-4992-8d92-1d717062ad64", "names": null, "sources": "[{'property': '', 'dataset': 'OpenStreetMap', 'license': 'ODbL-1.0', 'record_id': 'w234152980@3', 'update_time': '2022-05-05T15:11:41.000Z', 'confidence': None, 'between': None, 'provider': 'osm', 'resource': 'planet', 'version': '2026-08-02T00:00:00.000Z'}\n {'property': '/properties/height', 'dataset': 'Microsoft ML Buildings', 'license': 'ODbL-1.0', 'record_id': None, 'update_time': '2022-08-04T00:00:00.000Z', 'confidence': None, 'between': None, 'provider': 'microsoft', 'resource': 'ml_buildings', 'version': '2025-02-25'}]", "level": null, "height": 4.4912810325622559, "min_height": null, "is_underground": false, "num_floors": null, "num_floors_underground": null, "min_floor": null, "subtype": null, "class": null, "facade_color": null, "facade_material": null, "roof_material": null, "roof_shape": null, "roof_direction": null, "roof_orientation": null, "roof_color": null, "roof_height": null, "has_parts": false, "version": 2, "bbox": { "xmin": 7.987776756286621, "xmax": 7.987966537475586, "ymin": 47.11807632446289, "ymax": 47.11823272705078 } }, "geometry": { "type": "Polygon", "coordinates": [ [ [ 2641688.250264618080109, 1218724.752413384383544 ], [ 2641677.296657878439873, 1218727.288472772808746 ], [ 2641673.995557033922523, 1218713.157004557782784 ], [ 2641684.956776985898614, 1218710.620992242824286 ], [ 2641688.250264618080109, 1218724.752413384383544 ] ] ] } },
{ "type": "Feature", "properties": { "id": "288cdb69-4ea6-4d47-bbe6-24fef324d127", "names": null, "sources": "[{'property': '', 'dataset': 'OpenStreetMap', 'license': 'ODbL-1.0', 'record_id': 'w234152999@3', 'update_time': '2022-05-05T15:11:41.000Z', 'confidence': None, 'between': None, 'provider': 'osm', 'resource': 'planet', 'version': '2026-08-02T00:00:00.000Z'}\n {'property': '/properties/height', 'dataset': 'Microsoft ML Buildings', 'license': 'ODbL-1.0', 'record_id': None, 'update_time': '2022-08-04T00:00:00.000Z', 'confidence': None, 'between': None, 'provider': 'microsoft', 'resource': 'ml_buildings', 'version': '2025-02-25'}]", "level": null, "height": 6.0197138786315918, "min_height": null, "is_underground": false, "num_floors": null, "num_floors_underground": null, "min_floor": null, "subtype": null, "class": null, "facade_color": null, "facade_material": null, "roof_material": null, "roof_shape": null, "roof_direction": null, "roof_orientation": null, "roof_color": null, "roof_height": null, "has_parts": false, "version": 2, "bbox": { "xmin": 7.987473011016846, "xmax": 7.987637042999268, "ymin": 47.11787414550781, "ymax": 47.11798095703125 } }, "geometry": { "type": "Polygon", "coordinates": [ [ [ 2641663.408231976442039, 1218699.11913188570179 ], [ 2641651.121816497761756, 1218699.066612333990633 ], [ 2641651.176506276708096, 1218687.982629333622754 ], [ 2641663.47045569261536, 1218688.046319218352437 ], [ 2641663.408231976442039, 1218699.11913188570179 ] ] ] } },
{ "type": "Feature", "properties": { "id": "5dbb237d-5d67-4562-a73d-4b1b4cae878d", "names": null, "sources": "[{'property': '', 'dataset': 'OpenStreetMap', 'license': 'ODbL-1.0', 'record_id': 'w234152990@2', 'update_time': '2022-05-05T15:11:41.000Z', 'confidence': None, 'between': None, 'provider': 'osm', 'resource': 'planet', 'version': '2026-08-02T00:00:00.000Z'}\n {'property': '/properties/height', 'dataset': 'Microsoft ML Buildings', 'license': 'ODbL-1.0', 'record_id': None, 'update_time': '2022-08-04T00:00:00.000Z', 'confidence': None, 'between': None, 'provider': 'microsoft', 'resource': 'ml_buildings', 'version': '2025-02-25'}]", "level": null, "height": 4.8914227485656738, "min_height": null, "is_underground": false, "num_floors": null, "num_floors_underground": null, "min_floor": null, "subtype": null, "class": null, "facade_color": null, "facade_material": null, "roof_material": null, "roof_shape": null, "roof_direction": null, "roof_orientation": null, "roof_color": null, "roof_height": null, "has_parts": false, "version": 2, "bbox": { "xmin": 7.98710823059082, "xmax": 7.98732852935791, "ymin": 47.11811065673828, "ymax": 47.118350982666016 } }, "geometry": { "type": "Polygon", "coordinates": [ [ [ 2641632.852631885092705, 1218740.663769819540903 ], [ 2641623.097686754539609, 1218735.659370476379991 ], [ 2641629.790784243959934, 1218722.68726695724763 ], [ 2641625.760206290986389, 1218720.624573634006083 ], [ 2641629.068236565683037, 1218714.22163638449274 ], [ 2641639.866805352736264, 1218719.755868888925761 ], [ 2641636.681894394103438, 1218725.915070533752441 ], [ 2641639.676462029106915, 1218727.448000552365556 ], [ 2641632.852631885092705, 1218740.663769819540903 ] ] ] } },
{ "type": "Feature", "properties": { "id": "0f6ff6f7-3364-4444-bd93-814b75f01298", "names": null, "sources": "[{'property': '', 'dataset': 'OpenStreetMap', 'license': 'ODbL-1.0', 'record_id': 'w234152995@2', 'update_time': '2022-05-05T15:11:41.000Z', 'confidence': None, 'between': None, 'provider': 'osm', 'resource': 'planet', 'version': '2026-08-02T00:00:00.000Z'}\n {'property': '/properties/height', 'dataset': 'Microsoft ML Buildings', 'license': 'ODbL-1.0', 'record_id': None, 'update_time': '2022-08-04T00:00:00.000Z', 'confidence': None, 'between': None, 'provider': 'microsoft', 'resource': 'ml_buildings', 'version': '2025-02-25'}]", "level": null, "height": 5.2828168869018555, "min_height": null, "is_underground": false, "num_floors": null, "num_floors_underground": null, "min_floor": null, "subtype": null, "class": null, "facade_color": null, "facade_material": null, "roof_material": null, "roof_shape": null, "roof_direction": null, "roof_orientation": null, "roof_color": null, "roof_height": null, "has_parts": false, "version": 2, "bbox": { "xmin": 7.987531661987305, "xmax": 7.9877095222473145, "ymin": 47.11824035644531, "ymax": 47.118350982666016 } }, "geometry": { "type": "Polygon", "coordinates": [ [ [ 2641668.61892594397068, 1218740.802534339483827 ], [ 2641655.375721724238247, 1218740.843375861179084 ], [ 2641655.344872152898461, 1218728.969436002196744 ], [ 2641668.588025074452162, 1218728.939711594954133 ], [ 2641668.61892594397068, 1218740.802534339483827 ] ] ] } },
{ "type": "Feature", "properties": { "id": "1f0b2edb-795c-4055-bc88-443b59b1e6e1", "names": null, "sources": "[{'property': '', 'dataset': 'Microsoft ML Buildings', 'license': 'ODbL-1.0', 'record_id': None, 'update_time': '2022-08-04T00:00:00.000Z', 'confidence': None, 'between': None, 'provider': 'microsoft', 'resource': 'ml_buildings', 'version': '2025-02-25'}]", "level": null, "height": 2.3216187953948975, "min_height": null, "is_underground": false, "num_floors": null, "num_floors_underground": null, "min_floor": null, "subtype": null, "class": null, "facade_color": null, "facade_material": null, "roof_material": null, "roof_shape": null, "roof_direction": null, "roof_orientation": null, "roof_color": null, "roof_height": null, "has_parts": false, "version": 3, "bbox": { "xmin": 7.987257957458496, "xmax": 7.987344264984131, "ymin": 47.11851501464844, "ymax": 47.11857604980469 } }, "geometry": { "type": "Polygon", "coordinates": [ [ [ 2641640.607653822284192, 1218759.273418967146426 ], [ 2641640.78477338142693, 1218765.422755454434082 ], [ 2641634.484552224166691, 1218765.612214106367901 ], [ 2641634.299915151670575, 1218759.45170761574991 ], [ 2641640.607653822284192, 1218759.273418967146426 ] ] ] } },
{ "type": "Feature", "properties": { "id": "6e5a1877-37b5-48ae-a221-689038efdb5a", "names": null, "sources": "[{'property': '', 'dataset': 'OpenStreetMap', 'license': 'ODbL-1.0', 'record_id': 'w234153027@2', 'update_time': '2022-05-05T15:11:41.000Z', 'confidence': None, 'between': None, 'provider': 'osm', 'resource': 'planet', 'version': '2026-08-02T00:00:00.000Z'}\n {'property': '/properties/height', 'dataset': 'Microsoft ML Buildings', 'license': 'ODbL-1.0', 'record_id': None, 'update_time': '2022-08-04T00:00:00.000Z', 'confidence': None, 'between': None, 'provider': 'microsoft', 'resource': 'ml_buildings', 'version': '2025-02-25'}]", "level": null, "height": 5.3609094619750977, "min_height": null, "is_underground": false, "num_floors": null, "num_floors_underground": null, "min_floor": null, "subtype": null, "class": null, "facade_color": null, "facade_material": null, "roof_material": null, "roof_shape": null, "roof_direction": null, "roof_orientation": null, "roof_color": null, "roof_height": null, "has_parts": false, "version": 2, "bbox": { "xmin": 7.987273216247559, "xmax": 7.987438678741455, "ymin": 47.118621826171875, "ymax": 47.11880111694336 } }, "geometry": { "type": "Polygon", "coordinates": [ [ [ 2641643.224464860279113, 1218789.88766758213751 ], [ 2641635.831506553571671, 1218790.069489798974246 ], [ 2641635.373691161163151, 1218771.955525554018095 ], [ 2641647.503080163151026, 1218771.65114933415316 ], [ 2641647.816796709317714, 1218784.316424823366106 ], [ 2641643.088064877316356, 1218784.427913862047717 ], [ 2641643.224464860279113, 1218789.88766758213751 ] ] ] } },
{ "type": "Feature", "properties": { "id": "5c278ac3-a2c5-49a4-9dfb-3e612f4c8720", "names": null, "sources": "[{'property': '', 'dataset': 'OpenStreetMap', 'license': 'ODbL-1.0', 'record_id': 'w234153028@1', 'update_time': '2013-08-19T18:21:26.000Z', 'confidence': None, 'between': None, 'provider': 'osm', 'resource': 'planet', 'version': '2026-08-02T00:00:00.000Z'}]", "level": null, "height": null, "min_height": null, "is_underground": false, "num_floors": null, "num_floors_underground": null, "min_floor": null, "subtype": null, "class": null, "facade_color": null, "facade_material": null, "roof_material": null, "roof_shape": null, "roof_direction": null, "roof_orientation": null, "roof_color": null, "roof_height": null, "has_parts": false, "version": 1, "bbox": { "xmin": 7.987500190734863, "xmax": 7.987608432769775, "ymin": 47.11886215209961, "ymax": 47.11894226074219 } }, "geometry": { "type": "Polygon", "coordinates": [ [ [ 2641655.410176858771592, 1218806.493754545925185 ], [ 2641652.371856141835451, 1218803.626383782830089 ], [ 2641654.243730301037431, 1218798.569785048021004 ], [ 2641660.132058038841933, 1218800.845602488843724 ], [ 2641660.496022415347397, 1218806.318065271247178 ], [ 2641655.410176858771592, 1218806.493754545925185 ] ] ] } },
{ "type": "Feature", "properties": { "id": "78fdd283-ff5b-43eb-9896-6ca936a53186", "names": null, "sources": "[{'property': '', 'dataset': 'Microsoft ML Buildings', 'license': 'ODbL-1.0', 'record_id': None, 'update_time': '2022-08-04T00:00:00.000Z', 'confidence': None, 'between': None, 'provider': 'microsoft', 'resource': 'ml_buildings', 'version': '2025-02-25'}]", "level": null, "height": 2.652329683303833, "min_height": null, "is_underground": false, "num_floors": null, "num_floors_underground": null, "min_floor": null, "subtype": null, "class": null, "facade_color": null, "facade_material": null, "roof_material": null, "roof_shape": null, "roof_direction": null, "roof_orientation": null, "roof_color": null, "roof_height": null, "has_parts": false, "version": 3, "bbox": { "xmin": 7.987802028656006, "xmax": 7.987888813018799, "ymin": 47.11901092529297, "ymax": 47.11905288696289 } }, "geometry": { "type": "Polygon", "coordinates": [ [ [ 2641675.407484166324139, 1218815.127489510690793 ], [ 2641681.704155873972923, 1218815.438347168499604 ], [ 2641681.526882700622082, 1218819.083720077993348 ], [ 2641675.230214844923466, 1218818.772862610407174 ], [ 2641675.407484166324139, 1218815.127489510690793 ] ] ] } },
{ "type": "Feature", "properties": { "id": "2b09682d-ee01-4fea-8e5b-23a59861cf8d", "names": null, "sources": "[{'property': '', 'dataset': 'OpenStreetMap', 'license': 'ODbL-1.0', 'record_id': 'w234153005@2', 'update_time': '2022-05-05T15:11:41.000Z', 'confidence': None, 'between': None, 'provider': 'osm', 'resource': 'planet', 'version': '2026-08-02T00:00:00.000Z'}\n {'property': '/properties/height', 'dataset': 'Microsoft ML Buildings', 'license': 'ODbL-1.0', 'record_id': None, 'update_time': '2022-08-04T00:00:00.000Z', 'confidence': None, 'between': None, 'provider': 'microsoft', 'resource': 'ml_buildings', 'version': '2025-02-25'}]", "level": null, "height": 4.8092279434204102, "min_height": null, "is_underground": false, "num_floors": null, "num_floors_underground": null, "min_floor": null, "subtype": null, "class": null, "facade_color": null, "facade_material": null, "roof_material": null, "roof_shape": null, "roof_direction": null, "roof_orientation": null, "roof_color": null, "roof_height": null, "has_parts": false, "version": 2, "bbox": { "xmin": 7.987823486328125, "xmax": 7.987980365753174, "ymin": 47.11904525756836, "ymax": 47.119178771972656 } }, "geometry": { "type": "Polygon", "coordinates": [ [ [ 2641688.031060275621712, 1218833.126422114670277 ], [ 2641676.757311625871807, 1218832.636222085449845 ], [ 2641677.360666533000767, 1218819.065703000640497 ], [ 2641688.626774514093995, 1218819.566968264523894 ], [ 2641688.031060275621712, 1218833.126422114670277 ] ] ] } },
{ "type": "Feature", "properties": { "id": "b194756d-8a78-454c-bb31-01d157d1287d", "names": null, "sources": "[{'property': '', 'dataset': 'OpenStreetMap', 'license': 'ODbL-1.0', 'record_id': 'w234152992@3', 'update_time': '2022-06-22T19:23:49.000Z', 'confidence': None, 'between': None, 'provider': 'osm', 'resource': 'planet', 'version': '2026-08-02T00:00:00.000Z'}\n {'property': '/properties/height', 'dataset': 'Microsoft ML Buildings', 'license': 'ODbL-1.0', 'record_id': None, 'update_time': '2022-08-04T00:00:00.000Z', 'confidence': None, 'between': None, 'provider': 'microsoft', 'resource': 'ml_buildings', 'version': '2025-02-25'}]", "level": null, "height": 4.0644984245300293, "min_height": null, "is_underground": false, "num_floors": null, "num_floors_underground": null, "min_floor": null, "subtype": null, "class": null, "facade_color": null, "facade_material": null, "roof_material": null, "roof_shape": null, "roof_direction": null, "roof_orientation": null, "roof_color": null, "roof_height": null, "has_parts": false, "version": 2, "bbox": { "xmin": 7.987840175628662, "xmax": 7.988017559051514, "ymin": 47.11882400512695, "ymax": 47.11894226074219 } }, "geometry": { "type": "Polygon", "coordinates": [ [ [ 2641691.156887009274215, 1218806.121105239028111 ], [ 2641678.206315150018781, 1218805.574702705489472 ], [ 2641678.487196426372975, 1218799.050564561737701 ], [ 2641678.678742588032037, 1218794.449167521204799 ], [ 2641691.629338638857007, 1218794.995571071049199 ], [ 2641691.430193852167577, 1218799.596914612455294 ], [ 2641691.156887009274215, 1218806.121105239028111 ] ] ] } },
{ "type": "Feature", "properties": { "id": "7c4ddf7e-3c60-4a43-a6ec-32947b92a5e1", "names": null, "sources": "[{'property': '', 'dataset': 'OpenStreetMap', 'license': 'ODbL-1.0', 'record_id': 'w234152996@2', 'update_time': '2022-06-22T19:23:49.000Z', 'confidence': None, 'between': None, 'provider': 'osm', 'resource': 'planet', 'version': '2026-08-02T00:00:00.000Z'}\n {'property': '/properties/height', 'dataset': 'Microsoft ML Buildings', 'license': 'ODbL-1.0', 'record_id': None, 'update_time': '2022-08-04T00:00:00.000Z', 'confidence': None, 'between': None, 'provider': 'microsoft', 'resource': 'ml_buildings', 'version': '2025-02-25'}]", "level": null, "height": 5.0314230918884277, "min_height": null, "is_underground": false, "num_floors": null, "num_floors_underground": null, "min_floor": null, "subtype": null, "class": null, "facade_color": null, "facade_material": null, "roof_material": null, "roof_shape": null, "roof_direction": null, "roof_orientation": null, "roof_color": null, "roof_height": null, "has_parts": false, "version": 2, "bbox": { "xmin": 7.9875688552856445, "xmax": 7.987791538238525, "ymin": 47.118621826171875, "ymax": 47.11875915527344 } }, "geometry": { "type": "Polygon", "coordinates": [ [ [ 2641673.100712985266, 1218785.782811893383041 ], [ 2641657.7168108378537, 1218783.751901841023937 ], [ 2641659.294684470165521, 1218771.900322835426778 ], [ 2641674.678616805467755, 1218773.931236925534904 ], [ 2641673.100712985266, 1218785.782811893383041 ] ] ] } },
{ "type": "Feature", "properties": { "id": "9eb7f7cd-362e-48de-a5d7-b02b4db88acc", "names": null, "sources": "[{'property': '', 'dataset': 'OpenStreetMap', 'license': 'ODbL-1.0', 'record_id': 'w234152984@2', 'update_time': '2022-05-05T15:11:41.000Z', 'confidence': None, 'between': None, 'provider': 'osm', 'resource': 'planet', 'version': '2026-08-02T00:00:00.000Z'}\n {'property': '/properties/height', 'dataset': 'Microsoft ML Buildings', 'license': 'ODbL-1.0', 'record_id': None, 'update_time': '2022-08-04T00:00:00.000Z', 'confidence': None, 'between': None, 'provider': 'microsoft', 'resource': 'ml_buildings', 'version': '2025-02-25'}]", "level": null, "height": 4.6813430786132812, "min_height": null, "is_underground": false, "num_floors": null, "num_floors_underground": null, "min_floor": null, "subtype": null, "class": null, "facade_color": null, "facade_material": null, "roof_material": null, "roof_shape": null, "roof_direction": null, "roof_orientation": null, "roof_color": null, "roof_height": null, "has_parts": false, "version": 2, "bbox": { "xmin": 7.9879279136657715, "xmax": 7.9880781173706055, "ymin": 47.118629455566406, "ymax": 47.1187629699707 } }, "geometry": { "type": "Polygon", "coordinates": [ [ [ 2641695.784515533596277, 1218786.830878044478595 ], [ 2641684.950976066291332, 1218786.321507331449538 ], [ 2641685.5841632084921, 1218772.829022894613445 ], [ 2641696.425315863452852, 1218773.338447836693376 ], [ 2641695.784515533596277, 1218786.830878044478595 ] ] ] } },
{ "type": "Feature", "properties": { "id": "983e3e1d-9d78-47cb-8a23-0f9820397cfc", "names": null, "sources": "[{'property': '', 'dataset': 'Microsoft ML Buildings', 'license': 'ODbL-1.0', 'record_id': None, 'update_time': '2022-08-04T00:00:00.000Z', 'confidence': None, 'between': None, 'provider': 'microsoft', 'resource': 'ml_buildings', 'version': '2025-02-25'}]", "level": null, "height": 0.99683040380477905, "min_height": null, "is_underground": false, "num_floors": null, "num_floors_underground": null, "min_floor": null, "subtype": null, "class": null, "facade_color": null, "facade_material": null, "roof_material": null, "roof_shape": null, "roof_direction": null, "roof_orientation": null, "roof_color": null, "roof_height": null, "has_parts": false, "version": 3, "bbox": { "xmin": 7.989105701446533, "xmax": 7.989185333251953, "ymin": 47.118648529052734, "ymax": 47.118717193603516 } }, "geometry": { "type": "Polygon", "coordinates": [ [ [ 2641779.184483543969691, 1218781.878287935629487 ], [ 2641774.433651600033045, 1218780.811039174906909 ], [ 2641775.623827015515417, 1218775.5829342615325 ], [ 2641780.374585008248687, 1218776.661301142303273 ], [ 2641779.184483543969691, 1218781.878287935629487 ] ] ] } },
{ "type": "Feature", "properties": { "id": "2a712481-aefc-46c2-8113-4b76b1838dce", "names": null, "sources": "[{'property': '', 'dataset': 'OpenStreetMap', 'license': 'ODbL-1.0', 'record_id': 'w230360469@3', 'update_time': '2022-05-05T15:11:41.000Z', 'confidence': None, 'between': None, 'provider': 'osm', 'resource': 'planet', 'version': '2026-08-02T00:00:00.000Z'}\n {'property': '/properties/height', 'dataset': 'Microsoft ML Buildings', 'license': 'ODbL-1.0', 'record_id': None, 'update_time': '2022-08-04T00:00:00.000Z', 'confidence': None, 'between': None, 'provider': 'microsoft', 'resource': 'ml_buildings', 'version': '2025-02-25'}]", "level": null, "height": 5.2236576080322266, "min_height": null, "is_underground": false, "num_floors": null, "num_floors_underground": null, "min_floor": null, "subtype": null, "class": null, "facade_color": null, "facade_material": null, "roof_material": null, "roof_shape": null, "roof_direction": null, "roof_orientation": null, "roof_color": null, "roof_height": null, "has_parts": false, "version": 2, "bbox": { "xmin": 7.988905429840088, "xmax": 7.989058017730713, "ymin": 47.11920166015625, "ymax": 47.11931228637695 } }, "geometry": { "type": "Polygon", "coordinates": [ [ [ 2641767.23164871102199, 1218847.956079807132483 ], [ 2641758.775948997121304, 1218844.939514760859311 ], [ 2641761.879878339357674, 1218836.26720369537361 ], [ 2641770.335588896647096, 1218839.283773094182834 ], [ 2641767.23164871102199, 1218847.956079807132483 ] ] ] } },
{ "type": "Feature", "properties": { "id": "5c0f394a-c74c-43a1-9acf-207cf88e650f", "names": null, "sources": "[{'property': '', 'dataset': 'OpenStreetMap', 'license': 'ODbL-1.0', 'record_id': 'w234153002@3', 'update_time': '2022-05-05T15:11:41.000Z', 'confidence': None, 'between': None, 'provider': 'osm', 'resource': 'planet', 'version': '2026-08-02T00:00:00.000Z'}\n {'property': '/properties/height', 'dataset': 'Microsoft ML Buildings', 'license': 'ODbL-1.0', 'record_id': None, 'update_time': '2022-08-04T00:00:00.000Z', 'confidence': None, 'between': None, 'provider': 'microsoft', 'resource': 'ml_buildings', 'version': '2025-02-25'}]", "level": null, "height": 3.4268867969512939, "min_height": null, "is_underground": false, "num_floors": null, "num_floors_underground": null, "min_floor": null, "subtype": null, "class": null, "facade_color": null, "facade_material": null, "roof_material": null, "roof_shape": null, "roof_direction": null, "roof_orientation": null, "roof_color": null, "roof_height": null, "has_parts": false, "version": 2, "bbox": { "xmin": 7.988224506378174, "xmax": 7.988333225250244, "ymin": 47.118873596191406, "ymax": 47.11896896362305 } }, "geometry": { "type": "Polygon", "coordinates": [ [ [ 2641713.540845752228051, 1218809.879866377450526 ], [ 2641707.366478413809091, 1218808.357999255647883 ], [ 2641709.396854678168893, 1218800.178446920821443 ], [ 2641715.578818645793945, 1218801.700369240017608 ], [ 2641713.540845752228051, 1218809.879866377450526 ] ] ] } },
{ "type": "Feature", "properties": { "id": "d2cb69ec-b40a-419c-a577-63fc21aa0365", "names": null, "sources": "[{'property': '', 'dataset': 'OpenStreetMap', 'license': 'ODbL-1.0', 'record_id': 'w230360476@3', 'update_time': '2022-05-05T15:11:41.000Z', 'confidence': None, 'between': None, 'provider': 'osm', 'resource': 'planet', 'version': '2026-08-02T00:00:00.000Z'}\n {'property': '/properties/height', 'dataset': 'Microsoft ML Buildings', 'license': 'ODbL-1.0', 'record_id': None, 'update_time': '2022-08-04T00:00:00.000Z', 'confidence': None, 'between': None, 'provider': 'microsoft', 'resource': 'ml_buildings', 'version': '2025-02-25'}]", "level": null, "height": 5.6161494255065918, "min_height": null, "is_underground": false, "num_floors": null, "num_floors_underground": null, "min_floor": null, "subtype": null, "class": null, "facade_color": null, "facade_material": null, "roof_material": null, "roof_shape": null, "roof_direction": null, "roof_orientation": null, "roof_color": null, "roof_height": null, "has_parts": false, "version": 2, "bbox": { "xmin": 7.98839807510376, "xmax": 7.9886040687561035, "ymin": 47.119049072265625, "ymax": 47.11922073364258 } }, "geometry": { "type": "Polygon", "coordinates": [ [ [ 2641735.906414201948792, 1218834.684431678848341 ], [ 2641724.819001490715891, 1218837.931000147480518 ], [ 2641720.430302147287875, 1218823.080353652825579 ], [ 2641731.51773996418342, 1218819.833777110558003 ], [ 2641735.906414201948792, 1218834.684431678848341 ] ] ] } },
{ "type": "Feature", "properties": { "id": "4f2009d3-26e1-4427-9f7c-2f7b57fcb507", "names": null, "sources": "[{'property': '', 'dataset': 'Microsoft ML Buildings', 'license': 'ODbL-1.0', 'record_id': None, 'update_time': '2022-08-04T00:00:00.000Z', 'confidence': None, 'between': None, 'provider': 'microsoft', 'resource': 'ml_buildings', 'version': '2025-02-25'}]", "level": null, "height": 2.491586446762085, "min_height": null, "is_underground": false, "num_floors": null, "num_floors_underground": null, "min_floor": null, "subtype": null, "class": null, "facade_color": null, "facade_material": null, "roof_material": null, "roof_shape": null, "roof_direction": null, "roof_orientation": null, "roof_color": null, "roof_height": null, "has_parts": false, "version": 3, "bbox": { "xmin": 7.98839807510376, "xmax": 7.988470554351807, "ymin": 47.11928176879883, "ymax": 47.11934280395508 } }, "geometry": { "type": "Polygon", "coordinates": [ [ [ 2641720.170451644808054, 1218851.528786580078304 ], [ 2641720.360081287100911, 1218845.037363902898505 ], [ 2641725.648452477995306, 1218845.196679892484099 ], [ 2641725.458817068487406, 1218851.688102398999035 ], [ 2641720.170451644808054, 1218851.528786580078304 ] ] ] } },
{ "type": "Feature", "properties": { "id": "23daae7d-64a6-44c2-ba96-4de6752f210a", "names": null, "sources": "[{'property': '', 'dataset': 'OpenStreetMap', 'license': 'ODbL-1.0', 'record_id': 'w1057658209@1', 'update_time': '2022-05-05T15:11:40.000Z', 'confidence': None, 'between': None, 'provider': 'osm', 'resource': 'planet', 'version': '2026-08-02T00:00:00.000Z'}\n {'property': '/properties/height', 'dataset': 'Microsoft ML Buildings', 'license': 'ODbL-1.0', 'record_id': None, 'update_time': '2022-08-04T00:00:00.000Z', 'confidence': None, 'between': None, 'provider': 'microsoft', 'resource': 'ml_buildings', 'version': '2025-02-25'}]", "level": null, "height": 5.1910829544067383, "min_height": null, "is_underground": false, "num_floors": null, "num_floors_underground": null, "min_floor": null, "subtype": null, "class": null, "facade_color": null, "facade_material": null, "roof_material": null, "roof_shape": null, "roof_direction": null, "roof_orientation": null, "roof_color": null, "roof_height": null, "has_parts": false, "version": 2, "bbox": { "xmin": 7.9884538650512695, "xmax": 7.988666534423828, "ymin": 47.11933517456055, "ymax": 47.119483947753906 } }, "geometry": { "type": "Polygon", "coordinates": [ [ [ 2641740.068406265694648, 1218855.892840174259618 ], [ 2641738.098590569570661, 1218867.341417911928147 ], [ 2641724.326025070156902, 1218864.988086437806487 ], [ 2641726.738908741157502, 1218850.952176874969155 ], [ 2641740.511505890637636, 1218853.305513869039714 ], [ 2641740.068406265694648, 1218855.892840174259618 ] ] ] } },
{ "type": "Feature", "properties": { "id": "0204bf5f-1199-4c72-9c9a-c2a5560a837b", "names": null, "sources": "[{'property': '', 'dataset': 'OpenStreetMap', 'license': 'ODbL-1.0', 'record_id': 'w940945146@2', 'update_time': '2022-05-05T15:11:42.000Z', 'confidence': None, 'between': None, 'provider': 'osm', 'resource': 'planet', 'version': '2026-08-02T00:00:00.000Z'}\n {'property': '/properties/height', 'dataset': 'Microsoft ML Buildings', 'license': 'ODbL-1.0', 'record_id': None, 'update_time': '2022-08-04T00:00:00.000Z', 'confidence': None, 'between': None, 'provider': 'microsoft', 'resource': 'ml_buildings', 'version': '2025-02-25'}]", "level": null, "height": 7.2259101867675781, "min_height": null, "is_underground": false, "num_floors": null, "num_floors_underground": null, "min_floor": null, "subtype": null, "class": null, "facade_color": null, "facade_material": null, "roof_material": null, "roof_shape": null, "roof_direction": null, "roof_orientation": null, "roof_color": null, "roof_height": null, "has_parts": false, "version": 2, "bbox": { "xmin": 7.987269878387451, "xmax": 7.987497806549072, "ymin": 47.11930847167969, "ymax": 47.1195068359375 } }, "geometry": { "type": "Polygon", "coordinates": [ [ [ 2641634.499853851273656, 1218866.627933193696663 ], [ 2641637.605270768981427, 1218847.938501303317025 ], [ 2641651.848399112001061, 1218850.294919966021553 ], [ 2641648.742938532028347, 1218868.984344508964568 ], [ 2641634.499853851273656, 1218866.627933193696663 ] ] ] } },
{ "type": "Feature", "properties": { "id": "407709d3-91b5-434e-8575-ee0904ccf8ec", "names": null, "sources": "[{'property': '', 'dataset': 'OpenStreetMap', 'license': 'ODbL-1.0', 'record_id': 'w1239401086@1', 'update_time': '2024-01-13T13:27:08.000Z', 'confidence': None, 'between': None, 'provider': 'osm', 'resource': 'planet', 'version': '2026-08-02T00:00:00.000Z'}]", "level": null, "height": null, "min_height": null, "is_underground": false, "num_floors": null, "num_floors_underground": null, "min_floor": null, "subtype": "residential", "class": "garages", "facade_color": null, "facade_material": null, "roof_material": null, "roof_shape": null, "roof_direction": null, "roof_orientation": null, "roof_color": null, "roof_height": null, "has_parts": false, "version": 1, "bbox": { "xmin": 7.9859771728515625, "xmax": 7.986060619354248, "ymin": 47.1192626953125, "ymax": 47.11932373046875 } }, "geometry": { "type": "Polygon", "coordinates": [ [ [ 2641536.486802853178233, 1218847.36634845007211 ], [ 2641537.354399480856955, 1218841.568944897968322 ], [ 2641542.774877360090613, 1218842.373846753267571 ], [ 2641541.914864109363407, 1218848.17130241682753 ], [ 2641536.486802853178233, 1218847.36634845007211 ] ] ] } },
{ "type": "Feature", "properties": { "id": "de501aa3-cbab-4b4c-9e38-2620d901c96b", "names": null, "sources": "[{'property': '', 'dataset': 'OpenStreetMap', 'license': 'ODbL-1.0', 'record_id': 'w234153043@3', 'update_time': '2022-05-05T15:11:41.000Z', 'confidence': None, 'between': None, 'provider': 'osm', 'resource': 'planet', 'version': '2026-08-02T00:00:00.000Z'}\n {'property': '/properties/height', 'dataset': 'Microsoft ML Buildings', 'license': 'ODbL-1.0', 'record_id': None, 'update_time': '2022-08-04T00:00:00.000Z', 'confidence': None, 'between': None, 'provider': 'microsoft', 'resource': 'ml_buildings', 'version': '2025-02-25'}]", "level": null, "height": 6.1683430671691895, "min_height": null, "is_underground": false, "num_floors": null, "num_floors_underground": null, "min_floor": null, "subtype": null, "class": null, "facade_color": null, "facade_material": null, "roof_material": null, "roof_shape": null, "roof_direction": null, "roof_orientation": null, "roof_color": null, "roof_height": null, "has_parts": false, "version": 2, "bbox": { "xmin": 7.986124515533447, "xmax": 7.986423492431641, "ymin": 47.11922836303711, "ymax": 47.11935043334961 } }, "geometry": { "type": "Polygon", "coordinates": [ [ [ 2641568.99724193662405, 1218850.705968079622835 ], [ 2641547.716784378048033, 1218847.600270163267851 ], [ 2641549.047236307524145, 1218838.548602751921862 ], [ 2641570.320137077476829, 1218841.654252447886392 ], [ 2641568.99724193662405, 1218850.705968079622835 ] ] ] } },
{ "type": "Feature", "properties": { "id": "fe05e8b6-fd32-4d0b-83af-de1b2cb4f676", "names": null, "sources": "[{'property': '', 'dataset': 'OpenStreetMap', 'license': 'ODbL-1.0', 'record_id': 'w234152997@3', 'update_time': '2022-05-05T15:11:41.000Z', 'confidence': None, 'between': None, 'provider': 'osm', 'resource': 'planet', 'version': '2026-08-02T00:00:00.000Z'}\n {'property': '/properties/height', 'dataset': 'Microsoft ML Buildings', 'license': 'ODbL-1.0', 'record_id': None, 'update_time': '2022-08-04T00:00:00.000Z', 'confidence': None, 'between': None, 'provider': 'microsoft', 'resource': 'ml_buildings', 'version': '2025-02-25'}]", "level": null, "height": 5.0172109603881836, "min_height": null, "is_underground": false, "num_floors": null, "num_floors_underground": null, "min_floor": null, "subtype": null, "class": null, "facade_color": null, "facade_material": null, "roof_material": null, "roof_shape": null, "roof_direction": null, "roof_orientation": null, "roof_color": null, "roof_height": null, "has_parts": false, "version": 2, "bbox": { "xmin": 7.986520767211914, "xmax": 7.986818790435791, "ymin": 47.11925506591797, "ymax": 47.1193733215332 } }, "geometry": { "type": "Polygon", "coordinates": [ [ [ 2641599.027819365728647, 1218853.794984431471676 ], [ 2641577.770075909793377, 1218850.700455081183463 ], [ 2641579.100495420396328, 1218841.659911514259875 ], [ 2641600.358192984480411, 1218844.765562744578347 ], [ 2641599.027819365728647, 1218853.794984431471676 ] ] ] } },
{ "type": "Feature", "properties": { "id": "32aba744-c2a2-48e8-b24c-deb1c14a3d7d", "names": null, "sources": "[{'property': '', 'dataset': 'OpenStreetMap', 'license': 'ODbL-1.0', 'record_id': 'w234153017@3', 'update_time': '2022-05-05T15:11:41.000Z', 'confidence': None, 'between': None, 'provider': 'osm', 'resource': 'planet', 'version': '2026-08-02T00:00:00.000Z'}\n {'property': '/properties/height', 'dataset': 'Microsoft ML Buildings', 'license': 'ODbL-1.0', 'record_id': None, 'update_time': '2022-08-04T00:00:00.000Z', 'confidence': None, 'between': None, 'provider': 'microsoft', 'resource': 'ml_buildings', 'version': '2025-02-25'}]", "level": null, "height": 4.134833812713623, "min_height": null, "is_underground": false, "num_floors": null, "num_floors_underground": null, "min_floor": null, "subtype": null, "class": null, "facade_color": null, "facade_material": null, "roof_material": null, "roof_shape": null, "roof_direction": null, "roof_orientation": null, "roof_color": null, "roof_height": null, "has_parts": false, "version": 2, "bbox": { "xmin": 7.986988067626953, "xmax": 7.987205982208252, "ymin": 47.119293212890625, "ymax": 47.119415283203125 } }, "geometry": { "type": "Polygon", "coordinates": [ [ [ 2641628.25155262555927, 1218858.312703191302717 ], [ 2641613.139691997785121, 1218856.472808264894411 ], [ 2641614.153677319176495, 1218848.197185505181551 ], [ 2641623.859266760759056, 1218849.37673164322041 ], [ 2641624.32618915149942, 1218845.544378641294315 ], [ 2641629.73248453438282, 1218846.204730397090316 ], [ 2641628.25155262555927, 1218858.312703191302717 ] ] ] } },
{ "type": "Feature", "properties": { "id": "91d03267-16bd-4b51-bfa2-c17482634320", "names": null, "sources": "[{'property': '', 'dataset': 'OpenStreetMap', 'license': 'ODbL-1.0', 'record_id': 'w1216892247@1', 'update_time': '2023-10-19T18:21:25.000Z', 'confidence': None, 'between': None, 'provider': 'osm', 'resource': 'planet', 'version': '2026-08-02T00:00:00.000Z'}]", "level": null, "height": null, "min_height": null, "is_underground": false, "num_floors": null, "num_floors_underground": null, "min_floor": null, "subtype": null, "class": null, "facade_color": null, "facade_material": null, "roof_material": null, "roof_shape": null, "roof_direction": null, "roof_orientation": null, "roof_color": null, "roof_height": null, "has_parts": false, "version": 1, "bbox": { "xmin": 7.9868879318237305, "xmax": 7.9869585037231445, "ymin": 47.11921310424805, "ymax": 47.1192741394043 } }, "geometry": { "type": "Polygon", "coordinates": [ [ [ 2641609.405035465024412, 1218842.471758296014741 ], [ 2641605.651972195133567, 1218840.889077023835853 ], [ 2641607.249192567542195, 1218837.120201837271452 ], [ 2641611.002180194947869, 1218838.714001290732995 ], [ 2641609.405035465024412, 1218842.471758296014741 ] ] ] } },
{ "type": "Feature", "properties": { "id": "a62a6f62-3b9e-454b-8a39-d55c919e0cc4", "names": null, "sources": "[{'property': '', 'dataset': 'OpenStreetMap', 'license': 'ODbL-1.0', 'record_id': 'w1216892248@1', 'update_time': '2023-10-19T18:21:25.000Z', 'confidence': None, 'between': None, 'provider': 'osm', 'resource': 'planet', 'version': '2026-08-02T00:00:00.000Z'}]", "level": null, "height": null, "min_height": null, "is_underground": false, "num_floors": null, "num_floors_underground": null, "min_floor": null, "subtype": null, "class": null, "facade_color": null, "facade_material": null, "roof_material": null, "roof_shape": null, "roof_direction": null, "roof_orientation": null, "roof_color": null, "roof_height": null, "has_parts": false, "version": 1, "bbox": { "xmin": 7.986782073974609, "xmax": 7.986818790435791, "ymin": 47.119117736816406, "ymax": 47.11914825439453 } }, "geometry": { "type": "Polygon", "coordinates": [ [ [ 2641600.269834939856082, 1218829.155665812082589 ], [ 2641597.743845907971263, 1218828.993505047867075 ], [ 2641597.905409435741603, 1218826.504263228271157 ], [ 2641600.431321925017983, 1218826.677541239652783 ], [ 2641600.269834939856082, 1218829.155665812082589 ] ] ] } },
{ "type": "Feature", "properties": { "id": "59a62424-f0e5-4ff7-83f1-7a764e62b950", "names": null, "sources": "[{'property': '', 'dataset': 'OpenStreetMap', 'license': 'ODbL-1.0', 'record_id': 'w234152993@3', 'update_time': '2022-05-05T15:11:41.000Z', 'confidence': None, 'between': None, 'provider': 'osm', 'resource': 'planet', 'version': '2026-08-02T00:00:00.000Z'}\n {'property': '/properties/height', 'dataset': 'Microsoft ML Buildings', 'license': 'ODbL-1.0', 'record_id': None, 'update_time': '2022-08-04T00:00:00.000Z', 'confidence': None, 'between': None, 'provider': 'microsoft', 'resource': 'ml_buildings', 'version': '2025-02-25'}]", "level": null, "height": 4.9077925682067871, "min_height": null, "is_underground": false, "num_floors": null, "num_floors_underground": null, "min_floor": null, "subtype": null, "class": null, "facade_color": null, "facade_material": null, "roof_material": null, "roof_shape": null, "roof_direction": null, "roof_orientation": null, "roof_color": null, "roof_height": null, "has_parts": false, "version": 2, "bbox": { "xmin": 7.986871719360352, "xmax": 7.987083911895752, "ymin": 47.118812561035156, "ymax": 47.11894607543945 } }, "geometry": { "type": "Polygon", "coordinates": [ [ [ 2641609.985193099360913, 1218802.852251887787133 ], [ 2641607.140842316672206, 1218803.721812591422349 ], [ 2641604.728632513433695, 1218795.955922647845 ], [ 2641617.269986383616924, 1218792.074454982299358 ], [ 2641620.706508999690413, 1218803.127230477519333 ], [ 2641611.002014407422394, 1218806.127960606012493 ], [ 2641609.985193099360913, 1218802.852251887787133 ] ] ] } },
{ "type": "Feature", "properties": { "id": "1ee98823-fc90-4988-a1a2-0fb328bdb6c6", "names": null, "sources": "[{'property': '', 'dataset': 'OpenStreetMap', 'license': 'ODbL-1.0', 'record_id': 'w234152989@3', 'update_time': '2022-05-05T15:11:41.000Z', 'confidence': None, 'between': None, 'provider': 'osm', 'resource': 'planet', 'version': '2026-08-02T00:00:00.000Z'}\n {'property': '/properties/height', 'dataset': 'Microsoft ML Buildings', 'license': 'ODbL-1.0', 'record_id': None, 'update_time': '2022-08-04T00:00:00.000Z', 'confidence': None, 'between': None, 'provider': 'microsoft', 'resource': 'ml_buildings', 'version': '2025-02-25'}]", "level": null, "height": 5.9678640365600586, "min_height": null, "is_underground": false, "num_floors": null, "num_floors_underground": null, "min_floor": null, "subtype": null, "class": null, "facade_color": null, "facade_material": null, "roof_material": null, "roof_shape": null, "roof_direction": null, "roof_orientation": null, "roof_color": null, "roof_height": null, "has_parts": false, "version": 2, "bbox": { "xmin": 7.986749172210693, "xmax": 7.986985206604004, "ymin": 47.118629455566406, "ymax": 47.1187629699707 } }, "geometry": { "type": "Polygon", "coordinates": [ [ [ 2641602.805739261209965, 1218782.234351534163579 ], [ 2641601.203433668706566, 1218783.468351971823722 ], [ 2641595.622783629689366, 1218776.247355262516066 ], [ 2641600.193059684243053, 1218772.743818028829992 ], [ 2641602.86305333673954, 1218776.19782981579192 ], [ 2641607.921723898034543, 1218772.308587411185727 ], [ 2641613.434686006978154, 1218779.440181320533156 ], [ 2641605.408050173893571, 1218785.598950374405831 ], [ 2641602.805739261209965, 1218782.234351534163579 ] ] ] } },
{ "type": "Feature", "properties": { "id": "b4e2391d-9990-4cd0-8018-2f6dccdd5d21", "names": null, "sources": "[{'property': '', 'dataset': 'OpenStreetMap', 'license': 'ODbL-1.0', 'record_id': 'w234153016@3', 'update_time': '2022-05-05T15:11:41.000Z', 'confidence': None, 'between': None, 'provider': 'osm', 'resource': 'planet', 'version': '2026-08-02T00:00:00.000Z'}\n {'property': '/properties/height', 'dataset': 'Microsoft ML Buildings', 'license': 'ODbL-1.0', 'record_id': None, 'update_time': '2022-08-04T00:00:00.000Z', 'confidence': None, 'between': None, 'provider': 'microsoft', 'resource': 'ml_buildings', 'version': '2025-02-25'}]", "level": null, "height": 5.8384337425231934, "min_height": null, "is_underground": false, "num_floors": null, "num_floors_underground": null, "min_floor": null, "subtype": null, "class": null, "facade_color": null, "facade_material": null, "roof_material": null, "roof_shape": null, "roof_direction": null, "roof_orientation": null, "roof_color": null, "roof_height": null, "has_parts": false, "version": 2, "bbox": { "xmin": 7.986528396606445, "xmax": 7.986705780029297, "ymin": 47.11849594116211, "ymax": 47.118629455566406 } }, "geometry": { "type": "Polygon", "coordinates": [ [ [ 2641589.631296505685896, 1218771.347100501647219 ], [ 2641578.863715826533735, 1218768.992842100095004 ], [ 2641580.34512737300247, 1218762.243603632552549 ], [ 2641583.148823343683034, 1218762.852403067750856 ], [ 2641584.355795139446855, 1218757.368670881493017 ], [ 2641592.319776130374521, 1218759.103016916196793 ], [ 2641589.631296505685896, 1218771.347100501647219 ] ] ] } },
{ "type": "Feature", "properties": { "id": "7a4d70ab-0ff6-49ba-92dc-e88754938f0b", "names": null, "sources": "[{'property': '', 'dataset': 'OpenStreetMap', 'license': 'ODbL-1.0', 'record_id': 'w384799858@2', 'update_time': '2022-05-05T15:11:42.000Z', 'confidence': None, 'between': None, 'provider': 'osm', 'resource': 'planet', 'version': '2026-08-02T00:00:00.000Z'}\n {'property': '/properties/height', 'dataset': 'Microsoft ML Buildings', 'license': 'ODbL-1.0', 'record_id': None, 'update_time': '2022-08-04T00:00:00.000Z', 'confidence': None, 'between': None, 'provider': 'microsoft', 'resource': 'ml_buildings', 'version': '2025-02-25'}]", "level": null, "height": 4.735313892364502, "min_height": null, "is_underground": false, "num_floors": null, "num_floors_underground": null, "min_floor": null, "subtype": null, "class": null, "facade_color": null, "facade_material": null, "roof_material": null, "roof_shape": null, "roof_direction": null, "roof_orientation": null, "roof_color": null, "roof_height": null, "has_parts": false, "version": 2, "bbox": { "xmin": 7.985888957977295, "xmax": 7.986074447631836, "ymin": 47.11873245239258, "ymax": 47.11884307861328 } }, "geometry": { "type": "Polygon", "coordinates": [ [ [ 2641542.499360979534686, 1218794.799203420989215 ], [ 2641530.220195910893381, 1218792.645733788609505 ], [ 2641532.013620003592223, 1218782.496635518502444 ], [ 2641544.292805443983525, 1218784.650108808884397 ], [ 2641542.499360979534686, 1218794.799203420989215 ] ] ] } },
{ "type": "Feature", "properties": { "id": "a4550524-a89e-44ad-a43a-655b2ffc0f06", "names": null, "sources": "[{'property': '', 'dataset': 'OpenStreetMap', 'license': 'ODbL-1.0', 'record_id': 'w234153040@3', 'update_time': '2022-05-05T15:11:41.000Z', 'confidence': None, 'between': None, 'provider': 'osm', 'resource': 'planet', 'version': '2026-08-02T00:00:00.000Z'}\n {'property': '/properties/height', 'dataset': 'Microsoft ML Buildings', 'license': 'ODbL-1.0', 'record_id': None, 'update_time': '2022-08-04T00:00:00.000Z', 'confidence': None, 'between': None, 'provider': 'microsoft', 'resource': 'ml_buildings', 'version': '2025-02-25'}]", "level": null, "height": 5.5486612319946289, "min_height": null, "is_underground": false, "num_floors": null, "num_floors_underground": null, "min_floor": null, "subtype": null, "class": null, "facade_color": null, "facade_material": null, "roof_material": null, "roof_shape": null, "roof_direction": null, "roof_orientation": null, "roof_color": null, "roof_height": null, "has_parts": false, "version": 2, "bbox": { "xmin": 7.985673904418945, "xmax": 7.985970497131348, "ymin": 47.11919021606445, "ymax": 47.11930465698242 } }, "geometry": { "type": "Polygon", "coordinates": [ [ [ 2641534.724715515971184, 1218845.397349748527631 ], [ 2641513.565561505965889, 1218842.303737321170047 ], [ 2641514.872422410175204, 1218833.363075601635501 ], [ 2641536.039196202997118, 1218836.456745500676334 ], [ 2641534.724715515971184, 1218845.397349748527631 ] ] ] } },
{ "type": "Feature", "properties": { "id": "0896fea5-58f5-4418-a015-5ea4f97f94c7", "names": null, "sources": "[{'property': '', 'dataset': 'OpenStreetMap', 'license': 'ODbL-1.0', 'record_id': 'w1239401607@1', 'update_time': '2024-01-13T13:29:52.000Z', 'confidence': None, 'between': None, 'provider': 'osm', 'resource': 'planet', 'version': '2026-08-02T00:00:00.000Z'}\n {'property': '/properties/height', 'dataset': 'Microsoft ML Buildings', 'license': 'ODbL-1.0', 'record_id': None, 'update_time': '2022-08-04T00:00:00.000Z', 'confidence': None, 'between': None, 'provider': 'microsoft', 'resource': 'ml_buildings', 'version': '2025-02-25'}]", "level": null, "height": 2.9381663799285889, "min_height": null, "is_underground": false, "num_floors": null, "num_floors_underground": null, "min_floor": null, "subtype": "residential", "class": "garages", "facade_color": null, "facade_material": null, "roof_material": null, "roof_shape": null, "roof_direction": null, "roof_orientation": null, "roof_color": null, "roof_height": null, "has_parts": false, "version": 2, "bbox": { "xmin": 7.98557186126709, "xmax": 7.985655307769775, "ymin": 47.11922836303711, "ymax": 47.119293212890625 } }, "geometry": { "type": "Polygon", "coordinates": [ [ [ 2641505.803777111228555, 1218843.150214875116944 ], [ 2641506.693258451763541, 1218837.475254429038614 ], [ 2641512.04521459620446, 1218838.313004193361849 ], [ 2641511.163316822610795, 1218843.988016708055511 ], [ 2641505.803777111228555, 1218843.150214875116944 ] ] ] } },
{ "type": "Feature", "properties": { "id": "11fff149-ee82-4f06-b926-a55d1a6561cb", "names": null, "sources": "[{'property': '', 'dataset': 'OpenStreetMap', 'license': 'ODbL-1.0', 'record_id': 'w234152982@3', 'update_time': '2022-05-05T15:11:41.000Z', 'confidence': None, 'between': None, 'provider': 'osm', 'resource': 'planet', 'version': '2026-08-02T00:00:00.000Z'}\n {'property': '/properties/height', 'dataset': 'Microsoft ML Buildings', 'license': 'ODbL-1.0', 'record_id': None, 'update_time': '2022-08-04T00:00:00.000Z', 'confidence': None, 'between': None, 'provider': 'microsoft', 'resource': 'ml_buildings', 'version': '2025-02-25'}]", "level": null, "height": 6.3143086433410645, "min_height": null, "is_underground": false, "num_floors": null, "num_floors_underground": null, "min_floor": null, "subtype": null, "class": null, "facade_color": null, "facade_material": null, "roof_material": null, "roof_shape": null, "roof_direction": null, "roof_orientation": null, "roof_color": null, "roof_height": null, "has_parts": false, "version": 2, "bbox": { "xmin": 7.985269546508789, "xmax": 7.985568046569824, "ymin": 47.1191520690918, "ymax": 47.119266510009766 } }, "geometry": { "type": "Polygon", "coordinates": [ [ [ 2641504.157055240124464, 1218840.959674327168614 ], [ 2641482.914396007079631, 1218837.865589648718014 ], [ 2641484.23693050770089, 1218828.84720664145425 ], [ 2641505.479543928522617, 1218831.952413168502972 ], [ 2641504.157055240124464, 1218840.959674327168614 ] ] ] } },
{ "type": "Feature", "properties": { "id": "7bdeb8b3-3491-4fb6-a4f1-fbe1a1af669c", "names": null, "sources": "[{'property': '', 'dataset': 'OpenStreetMap', 'license': 'ODbL-1.0', 'record_id': 'w234153041@3', 'update_time': '2022-05-05T15:11:41.000Z', 'confidence': None, 'between': None, 'provider': 'osm', 'resource': 'planet', 'version': '2026-08-02T00:00:00.000Z'}\n {'property': '/properties/height', 'dataset': 'Microsoft ML Buildings', 'license': 'ODbL-1.0', 'record_id': None, 'update_time': '2022-08-04T00:00:00.000Z', 'confidence': None, 'between': None, 'provider': 'microsoft', 'resource': 'ml_buildings', 'version': '2025-02-25'}]", "level": null, "height": 3.510688304901123, "min_height": null, "is_underground": false, "num_floors": null, "num_floors_underground": null, "min_floor": null, "subtype": null, "class": null, "facade_color": null, "facade_material": null, "roof_material": null, "roof_shape": null, "roof_direction": null, "roof_orientation": null, "roof_color": null, "roof_height": null, "has_parts": false, "version": 2, "bbox": { "xmin": 7.985306739807129, "xmax": 7.985566139221191, "ymin": 47.118465423583984, "ymax": 47.11867141723633 } }, "geometry": { "type": "Polygon", "coordinates": [ [ [ 2641503.368024407885969, 1218770.089839049149305 ], [ 2641497.267301905434579, 1218775.41721791937016 ], [ 2641486.251851654145867, 1218762.877571923658252 ], [ 2641497.873012845870107, 1218752.730172806186602 ], [ 2641503.542697686702013, 1218759.173456249758601 ], [ 2641501.923990806099027, 1218760.585252542048693 ], [ 2641505.854308671783656, 1218765.059708662098274 ], [ 2641501.94499286590144, 1218768.467860866105184 ], [ 2641503.368024407885969, 1218770.089839049149305 ] ] ] } },
{ "type": "Feature", "properties": { "id": "83eaeab0-f9ab-4037-aae7-aa09a667b40b", "names": null, "sources": "[{'property': '', 'dataset': 'OpenStreetMap', 'license': 'ODbL-1.0', 'record_id': 'w234153022@3', 'update_time': '2022-05-05T15:11:41.000Z', 'confidence': None, 'between': None, 'provider': 'osm', 'resource': 'planet', 'version': '2026-08-02T00:00:00.000Z'}\n {'property': '/properties/height', 'dataset': 'Microsoft ML Buildings', 'license': 'ODbL-1.0', 'record_id': None, 'update_time': '2022-08-04T00:00:00.000Z', 'confidence': None, 'between': None, 'provider': 'microsoft', 'resource': 'ml_buildings', 'version': '2025-02-25'}]", "level": null, "height": 2.7477920055389404, "min_height": null, "is_underground": false, "num_floors": null, "num_floors_underground": null, "min_floor": null, "subtype": null, "class": null, "facade_color": null, "facade_material": null, "roof_material": null, "roof_shape": null, "roof_direction": null, "roof_orientation": null, "roof_color": null, "roof_height": null, "has_parts": false, "version": 2, "bbox": { "xmin": 7.985527515411377, "xmax": 7.98578405380249, "ymin": 47.118629455566406, "ymax": 47.1187858581543 } }, "geometry": { "type": "Polygon", "coordinates": [ [ [ 2641511.545353109948337, 1218786.956777480430901 ], [ 2641502.879120590630919, 1218781.448742704000324 ], [ 2641509.531253675930202, 1218771.044412523042411 ], [ 2641522.285063562449068, 1218779.14912509243004 ], [ 2641516.914235078729689, 1218787.550059308065102 ], [ 2641512.819081776309758, 1218784.953341870335862 ], [ 2641511.545353109948337, 1218786.956777480430901 ] ] ] } },
{ "type": "Feature", "properties": { "id": "9fe6fd09-b1bd-401c-81a3-bdab0a83418f", "names": null, "sources": "[{'property': '', 'dataset': 'Microsoft ML Buildings', 'license': 'ODbL-1.0', 'record_id': None, 'update_time': '2022-08-04T00:00:00.000Z', 'confidence': None, 'between': None, 'provider': 'microsoft', 'resource': 'ml_buildings', 'version': '2025-02-25'}]", "level": null, "height": 2.2048192024230957, "min_height": null, "is_underground": false, "num_floors": null, "num_floors_underground": null, "min_floor": null, "subtype": null, "class": null, "facade_color": null, "facade_material": null, "roof_material": null, "roof_shape": null, "roof_direction": null, "roof_orientation": null, "roof_color": null, "roof_height": null, "has_parts": false, "version": 3, "bbox": { "xmin": 7.985073089599609, "xmax": 7.9851555824279785, "ymin": 47.11865234375, "ymax": 47.11874008178711 } }, "geometry": { "type": "Polygon", "coordinates": [ [ [ 2641468.686648672446609, 1218773.294930345145985 ], [ 2641474.581716882064939, 1218773.524950189050287 ], [ 2641474.232698050327599, 1218782.238812399562448 ], [ 2641468.337638467550278, 1218782.008792900945991 ], [ 2641468.686648672446609, 1218773.294930345145985 ] ] ] } },
{ "type": "Feature", "properties": { "id": "75fa1862-212c-480b-ad38-d627c8e0bd47", "names": null, "sources": "[{'property': '', 'dataset': 'OpenStreetMap', 'license': 'ODbL-1.0', 'record_id': 'w234152979@3', 'update_time': '2022-05-05T15:11:41.000Z', 'confidence': None, 'between': None, 'provider': 'osm', 'resource': 'planet', 'version': '2026-08-02T00:00:00.000Z'}\n {'property': '/properties/height', 'dataset': 'Microsoft ML Buildings', 'license': 'ODbL-1.0', 'record_id': None, 'update_time': '2022-08-04T00:00:00.000Z', 'confidence': None, 'between': None, 'provider': 'microsoft', 'resource': 'ml_buildings', 'version': '2025-02-25'}]", "level": null, "height": 4.0194363594055176, "min_height": null, "is_underground": false, "num_floors": null, "num_floors_underground": null, "min_floor": null, "subtype": null, "class": null, "facade_color": null, "facade_material": null, "roof_material": null, "roof_shape": null, "roof_direction": null, "roof_orientation": null, "roof_color": null, "roof_height": null, "has_parts": false, "version": 2, "bbox": { "xmin": 7.984882831573486, "xmax": 7.985034465789795, "ymin": 47.11857223510742, "ymax": 47.11865997314453 } }, "geometry": { "type": "Polygon", "coordinates": [ [ [ 2641464.714380121324211, 1218773.75647366954945 ], [ 2641453.952422711532563, 1218772.769959993427619 ], [ 2641454.732651596423239, 1218764.248097320785746 ], [ 2641465.494701662100852, 1218765.223495216108859 ], [ 2641464.714380121324211, 1218773.75647366954945 ] ] ] } },
{ "type": "Feature", "properties": { "id": "7e42bf7e-3566-46ca-a026-b3f5b970f9c7", "names": null, "sources": "[{'property': '', 'dataset': 'OpenStreetMap', 'license': 'ODbL-1.0', 'record_id': 'w1057658235@1', 'update_time': '2022-05-05T15:11:40.000Z', 'confidence': None, 'between': None, 'provider': 'osm', 'resource': 'planet', 'version': '2026-08-02T00:00:00.000Z'}]", "level": null, "height": null, "min_height": null, "is_underground": false, "num_floors": null, "num_floors_underground": null, "min_floor": null, "subtype": null, "class": null, "facade_color": null, "facade_material": null, "roof_material": null, "roof_shape": null, "roof_direction": null, "roof_orientation": null, "roof_color": null, "roof_height": null, "has_parts": false, "version": 1, "bbox": { "xmin": 7.984915733337402, "xmax": 7.985065460205078, "ymin": 47.118988037109375, "ymax": 47.11912155151367 } }, "geometry": { "type": "Polygon", "coordinates": [ [ [ 2641467.060368003323674, 1218813.974464274011552 ], [ 2641461.570966714527458, 1218825.254112507682294 ], [ 2641456.163066959474236, 1218822.63718416611664 ], [ 2641462.052868037950248, 1218810.526487553492188 ], [ 2641467.468364923261106, 1218813.143473983509466 ], [ 2641467.060368003323674, 1218813.974464274011552 ] ] ] } },
{ "type": "Feature", "properties": { "id": "bdf03ec5-21f3-461d-b2f8-8c579bf84b06", "names": null, "sources": "[{'property': '', 'dataset': 'OpenStreetMap', 'license': 'ODbL-1.0', 'record_id': 'w1057658234@1', 'update_time': '2022-05-05T15:11:40.000Z', 'confidence': None, 'between': None, 'provider': 'osm', 'resource': 'planet', 'version': '2026-08-02T00:00:00.000Z'}]", "level": null, "height": null, "min_height": null, "is_underground": false, "num_floors": null, "num_floors_underground": null, "min_floor": null, "subtype": null, "class": null, "facade_color": null, "facade_material": null, "roof_material": null, "roof_shape": null, "roof_direction": null, "roof_orientation": null, "roof_color": null, "roof_height": null, "has_parts": false, "version": 1, "bbox": { "xmin": 7.985049724578857, "xmax": 7.98520565032959, "ymin": 47.11904525756836, "ymax": 47.11919403076172 } }, "geometry": { "type": "Polygon", "coordinates": [ [ [ 2641466.282044382765889, 1218829.856269483221695 ], [ 2641466.713192612864077, 1218828.96985160256736 ], [ 2641472.248750783503056, 1218817.601587404264137 ], [ 2641478.049939769785851, 1218820.410268569597974 ], [ 2641472.09081269428134, 1218832.664997703395784 ], [ 2641466.282044382765889, 1218829.856269483221695 ] ] ] } },
{ "type": "Feature", "properties": { "id": "0cda065f-dcf8-4d92-9638-b6f09ee77105", "names": null, "sources": "[{'property': '', 'dataset': 'OpenStreetMap', 'license': 'ODbL-1.0', 'record_id': 'w234153035@2', 'update_time': '2022-05-05T15:11:41.000Z', 'confidence': None, 'between': None, 'provider': 'osm', 'resource': 'planet', 'version': '2026-08-02T00:00:00.000Z'}]", "level": null, "height": null, "min_height": null, "is_underground": false, "num_floors": null, "num_floors_underground": null, "min_floor": null, "subtype": null, "class": null, "facade_color": null, "facade_material": null, "roof_material": null, "roof_shape": null, "roof_direction": null, "roof_orientation": null, "roof_color": null, "roof_height": null, "has_parts": false, "version": 1, "bbox": { "xmin": 7.984981060028076, "xmax": 7.985134601593018, "ymin": 47.1190185546875, "ymax": 47.11915588378906 } }, "geometry": { "type": "Polygon", "coordinates": [ [ [ 2641472.687644079793245, 1218816.692988414084539 ], [ 2641472.248750783503056, 1218817.601587404264137 ], [ 2641466.713192612864077, 1218828.96985160256736 ], [ 2641461.085925535298884, 1218826.25133303925395 ], [ 2641461.570966714527458, 1218825.254112507682294 ], [ 2641467.060368003323674, 1218813.974464274011552 ], [ 2641472.687644079793245, 1218816.692988414084539 ] ] ] } },
{ "type": "Feature", "properties": { "id": "c04b090b-0f37-45b3-a7e2-84192d3f0c50", "names": null, "sources": "[{'property': '', 'dataset': 'Microsoft ML Buildings', 'license': 'ODbL-1.0', 'record_id': None, 'update_time': '2022-08-04T00:00:00.000Z', 'confidence': None, 'between': None, 'provider': 'microsoft', 'resource': 'ml_buildings', 'version': '2025-02-25'}]", "level": null, "height": 2.8230562210083008, "min_height": null, "is_underground": false, "num_floors": null, "num_floors_underground": null, "min_floor": null, "subtype": null, "class": null, "facade_color": null, "facade_material": null, "roof_material": null, "roof_shape": null, "roof_direction": null, "roof_orientation": null, "roof_color": null, "roof_height": null, "has_parts": false, "version": 3, "bbox": { "xmin": 7.984763145446777, "xmax": 7.984971523284912, "ymin": 47.119178771972656, "ymax": 47.119293212890625 } }, "geometry": { "type": "Polygon", "coordinates": [ [ [ 2641457.029534274712205, 1218844.267174514010549 ], [ 2641444.427638762630522, 1218837.242075473535806 ], [ 2641447.555229140911251, 1218831.649376346031204 ], [ 2641460.164644178934395, 1218838.685651897918433 ], [ 2641457.029534274712205, 1218844.267174514010549 ] ] ] } },
{ "type": "Feature", "properties": { "id": "497d830e-407d-4335-be8f-e1b2c4c33b71", "names": null, "sources": "[{'property': '', 'dataset': 'OpenStreetMap', 'license': 'ODbL-1.0', 'record_id': 'w234152975@2', 'update_time': '2022-05-05T15:11:41.000Z', 'confidence': None, 'between': None, 'provider': 'osm', 'resource': 'planet', 'version': '2026-08-02T00:00:00.000Z'}\n {'property': '/properties/height', 'dataset': 'Microsoft ML Buildings', 'license': 'ODbL-1.0', 'record_id': None, 'update_time': '2022-08-04T00:00:00.000Z', 'confidence': None, 'between': None, 'provider': 'microsoft', 'resource': 'ml_buildings', 'version': '2025-02-25'}]", "level": null, "height": 6.6758675575256348, "min_height": null, "is_underground": false, "num_floors": null, "num_floors_underground": null, "min_floor": null, "subtype": null, "class": null, "facade_color": null, "facade_material": null, "roof_material": null, "roof_shape": null, "roof_direction": null, "roof_orientation": null, "roof_color": null, "roof_height": null, "has_parts": false, "version": 2, "bbox": { "xmin": 7.984812259674072, "xmax": 7.985052585601807, "ymin": 47.119285583496094, "ymax": 47.11951446533203 } }, "geometry": { "type": "Polygon", "coordinates": [ [ [ 2641459.838292052503675, 1218868.145338412374258 ], [ 2641447.957166211679578, 1218864.427207792643458 ], [ 2641454.367031380068511, 1218844.093007314717397 ], [ 2641466.248194084502757, 1218847.811150580877438 ], [ 2641459.838292052503675, 1218868.145338412374258 ] ] ] } },
{ "type": "Feature", "properties": { "id": "3d7e57d2-7640-4348-84da-f1189d941c46", "names": null, "sources": "[{'property': '', 'dataset': 'OpenStreetMap', 'license': 'ODbL-1.0', 'record_id': 'w234342512@3', 'update_time': '2022-05-05T15:11:41.000Z', 'confidence': None, 'between': None, 'provider': 'osm', 'resource': 'planet', 'version': '2026-08-02T00:00:00.000Z'}\n {'property': '/properties/height', 'dataset': 'Microsoft ML Buildings', 'license': 'ODbL-1.0', 'record_id': None, 'update_time': '2022-08-04T00:00:00.000Z', 'confidence': None, 'between': None, 'provider': 'microsoft', 'resource': 'ml_buildings', 'version': '2025-02-25'}]", "level": null, "height": 16.08738899230957, "min_height": null, "is_underground": false, "num_floors": null, "num_floors_underground": null, "min_floor": null, "subtype": null, "class": null, "facade_color": null, "facade_material": null, "roof_material": null, "roof_shape": null, "roof_direction": null, "roof_orientation": null, "roof_color": null, "roof_height": null, "has_parts": false, "version": 2, "bbox": { "xmin": 7.983039855957031, "xmax": 7.9832892417907715, "ymin": 47.119197845458984, "ymax": 47.1193962097168 } }, "geometry": { "type": "Polygon", "coordinates": [ [ [ 2641326.378050117287785, 1218854.188486226135865 ], [ 2641313.623015506193042, 1218849.530676997965202 ], [ 2641319.733582111541182, 1218832.896460350370035 ], [ 2641332.496159343980253, 1218837.565452334471047 ], [ 2641326.378050117287785, 1218854.188486226135865 ] ] ] } },
{ "type": "Feature", "properties": { "id": "2c09b7c9-c92a-401b-8f5e-e7779da8d0aa", "names": null, "sources": "[{'property': '', 'dataset': 'Microsoft ML Buildings', 'license': 'ODbL-1.0', 'record_id': None, 'update_time': '2022-08-04T00:00:00.000Z', 'confidence': None, 'between': None, 'provider': 'microsoft', 'resource': 'ml_buildings', 'version': '2025-02-25'}]", "level": null, "height": 13.331491470336914, "min_height": null, "is_underground": false, "num_floors": null, "num_floors_underground": null, "min_floor": null, "subtype": null, "class": null, "facade_color": null, "facade_material": null, "roof_material": null, "roof_shape": null, "roof_direction": null, "roof_orientation": null, "roof_color": null, "roof_height": null, "has_parts": false, "version": 3, "bbox": { "xmin": 7.983232021331787, "xmax": 7.983325004577637, "ymin": 47.11928176879883, "ymax": 47.119407653808594 } }, "geometry": { "type": "Polygon", "coordinates": [ [ [ 2641333.131649995222688, 1218842.228183042723686 ], [ 2641335.175165504682809, 1218843.020595264155418 ], [ 2641330.207294752355665, 1218855.738166057039052 ], [ 2641328.163782984483987, 1218854.945755518507212 ], [ 2641333.131649995222688, 1218842.228183042723686 ] ] ] } },
{ "type": "Feature", "properties": { "id": "686b81ba-0a07-4ae6-a6ab-7f283e419ad6", "names": null, "sources": "[{'property': '', 'dataset': 'OpenStreetMap', 'license': 'ODbL-1.0', 'record_id': 'w234342504@2', 'update_time': '2022-05-05T15:11:41.000Z', 'confidence': None, 'between': None, 'provider': 'osm', 'resource': 'planet', 'version': '2026-08-02T00:00:00.000Z'}\n {'property': '/properties/height', 'dataset': 'Microsoft ML Buildings', 'license': 'ODbL-1.0', 'record_id': None, 'update_time': '2022-08-04T00:00:00.000Z', 'confidence': None, 'between': None, 'provider': 'microsoft', 'resource': 'ml_buildings', 'version': '2025-02-25'}]", "level": null, "height": 8.1913604736328125, "min_height": null, "is_underground": false, "num_floors": null, "num_floors_underground": null, "min_floor": null, "subtype": null, "class": null, "facade_color": null, "facade_material": null, "roof_material": null, "roof_shape": null, "roof_direction": null, "roof_orientation": null, "roof_color": null, "roof_height": null, "has_parts": false, "version": 2, "bbox": { "xmin": 7.983328342437744, "xmax": 7.983696460723877, "ymin": 47.11878967285156, "ymax": 47.11906433105469 } }, "geometry": { "type": "Polygon", "coordinates": [ [ [ 2641352.825949708465487, 1218818.016992666758597 ], [ 2641335.721520933322608, 1218811.294419188052416 ], [ 2641344.179878328926861, 1218789.895893222419545 ], [ 2641354.828619715292007, 1218794.072207634570077 ], [ 2641357.331382418517023, 1218787.741357355145738 ], [ 2641363.787205275613815, 1218790.276525949360803 ], [ 2641352.825949708465487, 1218818.016992666758597 ] ] ] } },
{ "type": "Feature", "properties": { "id": "09255374-6d35-401d-aee3-4316e8033691", "names": null, "sources": "[{'property': '', 'dataset': 'OpenStreetMap', 'license': 'ODbL-1.0', 'record_id': 'w234342499@2', 'update_time': '2022-05-05T15:11:41.000Z', 'confidence': None, 'between': None, 'provider': 'osm', 'resource': 'planet', 'version': '2026-08-02T00:00:00.000Z'}\n {'property': '/properties/height', 'dataset': 'Microsoft ML Buildings', 'license': 'ODbL-1.0', 'record_id': None, 'update_time': '2022-08-04T00:00:00.000Z', 'confidence': None, 'between': None, 'provider': 'microsoft', 'resource': 'ml_buildings', 'version': '2025-02-25'}]", "level": null, "height": 5.0428171157836914, "min_height": null, "is_underground": false, "num_floors": null, "num_floors_underground": null, "min_floor": null, "subtype": null, "class": null, "facade_color": null, "facade_material": null, "roof_material": null, "roof_shape": null, "roof_direction": null, "roof_orientation": null, "roof_color": null, "roof_height": null, "has_parts": false, "version": 2, "bbox": { "xmin": 7.982446670532227, "xmax": 7.982791423797607, "ymin": 47.11872100830078, "ymax": 47.118865966796875 } }, "geometry": { "type": "Polygon", "coordinates": [ [ [ 2641280.365360586438328, 1218795.179195298813283 ], [ 2641268.940836077556014, 1218791.242232593009248 ], [ 2641270.257229902315885, 1218787.449088817462325 ], [ 2641281.265310223214328, 1218791.249757011653855 ], [ 2641285.330506115686148, 1218779.559842199785635 ], [ 2641295.149948071688414, 1218782.952064843149856 ], [ 2641290.736238355282694, 1218795.651270875008777 ], [ 2641281.333265580236912, 1218792.39535241224803 ], [ 2641280.365360586438328, 1218795.179195298813283 ] ] ] } },
{ "type": "Feature", "properties": { "id": "a800098a-b49d-4b14-8e6d-09a5b82d8056", "names": null, "sources": "[{'property': '', 'dataset': 'OpenStreetMap', 'license': 'ODbL-1.0', 'record_id': 'w234153018@2', 'update_time': '2022-05-05T15:11:41.000Z', 'confidence': None, 'between': None, 'provider': 'osm', 'resource': 'planet', 'version': '2026-08-02T00:00:00.000Z'}\n {'property': '/properties/height', 'dataset': 'Microsoft ML Buildings', 'license': 'ODbL-1.0', 'record_id': None, 'update_time': '2022-08-04T00:00:00.000Z', 'confidence': None, 'between': None, 'provider': 'microsoft', 'resource': 'ml_buildings', 'version': '2025-02-25'}]", "level": null, "height": 9.3011178970336914, "min_height": null, "is_underground": false, "num_floors": null, "num_floors_underground": null, "min_floor": null, "subtype": null, "class": null, "facade_color": null, "facade_material": null, "roof_material": null, "roof_shape": null, "roof_direction": null, "roof_orientation": null, "roof_color": null, "roof_height": null, "has_parts": false, "version": 2, "bbox": { "xmin": 7.983887195587158, "xmax": 7.984210014343262, "ymin": 47.11901092529297, "ymax": 47.119266510009766 } }, "geometry": { "type": "Polygon", "coordinates": [ [ [ 2641394.664730131626129, 1218840.843040744774044 ], [ 2641377.965488820336759, 1218834.801339687779546 ], [ 2641385.864494047593325, 1218813.09880951908417 ], [ 2641402.563788707368076, 1218819.14053248311393 ], [ 2641394.664730131626129, 1218840.843040744774044 ] ] ] } },
{ "type": "Feature", "properties": { "id": "6f75938e-a921-4631-aa74-f3035c12e015", "names": null, "sources": "[{'property': '', 'dataset': 'OpenStreetMap', 'license': 'ODbL-1.0', 'record_id': 'w1239402331@1', 'update_time': '2024-01-13T13:34:48.000Z', 'confidence': None, 'between': None, 'provider': 'osm', 'resource': 'planet', 'version': '2026-08-02T00:00:00.000Z'}\n {'property': '/properties/height', 'dataset': 'Microsoft ML Buildings', 'license': 'ODbL-1.0', 'record_id': None, 'update_time': '2022-08-04T00:00:00.000Z', 'confidence': None, 'between': None, 'provider': 'microsoft', 'resource': 'ml_buildings', 'version': '2025-02-25'}]", "level": null, "height": 2.0738916397094727, "min_height": null, "is_underground": false, "num_floors": null, "num_floors_underground": null, "min_floor": null, "subtype": "residential", "class": "garages", "facade_color": null, "facade_material": null, "roof_material": null, "roof_shape": null, "roof_direction": null, "roof_orientation": null, "roof_color": null, "roof_height": null, "has_parts": false, "version": 2, "bbox": { "xmin": 7.984442234039307, "xmax": 7.984576225280762, "ymin": 47.11896514892578, "ymax": 47.11909484863281 } }, "geometry": { "type": "Polygon", "coordinates": [ [ [ 2641430.414657482411712, 1218810.495479742996395 ], [ 2641426.404016255401075, 1218821.941087367245927 ], [ 2641420.188539604190737, 1218819.774405240779743 ], [ 2641424.206758856773376, 1218808.328846219228581 ], [ 2641430.414657482411712, 1218810.495479742996395 ] ] ] } },
{ "type": "Feature", "properties": { "id": "e1bbf66c-d281-4b2b-b190-44ca45df5af3", "names": null, "sources": "[{'property': '', 'dataset': 'OpenStreetMap', 'license': 'ODbL-1.0', 'record_id': 'w234152986@2', 'update_time': '2022-05-05T15:11:41.000Z', 'confidence': None, 'between': None, 'provider': 'osm', 'resource': 'planet', 'version': '2026-08-02T00:00:00.000Z'}\n {'property': '/properties/height', 'dataset': 'Microsoft ML Buildings', 'license': 'ODbL-1.0', 'record_id': None, 'update_time': '2022-08-04T00:00:00.000Z', 'confidence': None, 'between': None, 'provider': 'microsoft', 'resource': 'ml_buildings', 'version': '2025-02-25'}]", "level": null, "height": 7.8624668121337891, "min_height": null, "is_underground": false, "num_floors": null, "num_floors_underground": null, "min_floor": null, "subtype": null, "class": null, "facade_color": null, "facade_material": null, "roof_material": null, "roof_shape": null, "roof_direction": null, "roof_orientation": null, "roof_color": null, "roof_height": null, "has_parts": false, "version": 2, "bbox": { "xmin": 7.984478950500488, "xmax": 7.9847025871276855, "ymin": 47.119144439697266, "ymax": 47.119354248046875 } }, "geometry": { "type": "Polygon", "coordinates": [ [ [ 2641433.71352451434359, 1218850.130843428662047 ], [ 2641422.787114346865565, 1218846.619519618339837 ], [ 2641428.929394830949605, 1218827.650912609416991 ], [ 2641439.855759144295007, 1218831.173364751972258 ], [ 2641433.71352451434359, 1218850.130843428662047 ] ] ] } },
{ "type": "Feature", "properties": { "id": "6a3fa7e5-b0cf-45df-a4cf-dbc148b4e958", "names": null, "sources": "[{'property': '', 'dataset': 'OpenStreetMap', 'license': 'ODbL-1.0', 'record_id': 'w234153008@2', 'update_time': '2022-05-05T15:11:41.000Z', 'confidence': None, 'between': None, 'provider': 'osm', 'resource': 'planet', 'version': '2026-08-02T00:00:00.000Z'}\n {'property': '/properties/height', 'dataset': 'Microsoft ML Buildings', 'license': 'ODbL-1.0', 'record_id': None, 'update_time': '2022-08-04T00:00:00.000Z', 'confidence': None, 'between': None, 'provider': 'microsoft', 'resource': 'ml_buildings', 'version': '2025-02-25'}]", "level": null, "height": 6.480280876159668, "min_height": null, "is_underground": false, "num_floors": null, "num_floors_underground": null, "min_floor": null, "subtype": null, "class": null, "facade_color": null, "facade_material": null, "roof_material": null, "roof_shape": null, "roof_direction": null, "roof_orientation": null, "roof_color": null, "roof_height": null, "has_parts": false, "version": 2, "bbox": { "xmin": 7.9845733642578125, "xmax": 7.984851837158203, "ymin": 47.118804931640625, "ymax": 47.1190185546875 } }, "geometry": { "type": "Polygon", "coordinates": [ [ [ 2641438.668854532763362, 1218807.595549354562536 ], [ 2641430.314522417727858, 1218804.157684368081391 ], [ 2641435.879663377534598, 1218790.710579644888639 ], [ 2641444.960509516298771, 1218794.442564798053354 ], [ 2641443.825810321141034, 1218797.191868642345071 ], [ 2641451.340204821899533, 1218800.279261654475704 ], [ 2641445.867569521535188, 1218813.515758981928229 ], [ 2641437.619181172922254, 1218810.123091211309657 ], [ 2641438.668854532763362, 1218807.595549354562536 ] ] ] } },
{ "type": "Feature", "properties": { "id": "338920d2-8026-4ce8-9846-5a6dd729af67", "names": null, "sources": "[{'property': '', 'dataset': 'OpenStreetMap', 'license': 'ODbL-1.0', 'record_id': 'w235509977@3', 'update_time': '2022-05-05T15:11:41.000Z', 'confidence': None, 'between': None, 'provider': 'osm', 'resource': 'planet', 'version': '2026-08-02T00:00:00.000Z'}\n {'property': '/properties/height', 'dataset': 'Microsoft ML Buildings', 'license': 'ODbL-1.0', 'record_id': None, 'update_time': '2022-08-04T00:00:00.000Z', 'confidence': None, 'between': None, 'provider': 'microsoft', 'resource': 'ml_buildings', 'version': '2025-02-25'}]", "level": null, "height": 4.1878323554992676, "min_height": null, "is_underground": false, "num_floors": null, "num_floors_underground": null, "min_floor": null, "subtype": null, "class": null, "facade_color": null, "facade_material": null, "roof_material": null, "roof_shape": null, "roof_direction": null, "roof_orientation": null, "roof_color": null, "roof_height": null, "has_parts": false, "version": 2, "bbox": { "xmin": 7.984449863433838, "xmax": 7.984586715698242, "ymin": 47.118526458740234, "ymax": 47.11863327026367 } }, "geometry": { "type": "Polygon", "coordinates": [ [ [ 2641430.083834664430469, 1218770.747339346911758 ], [ 2641421.183559913188219, 1218769.418059186078608 ], [ 2641422.671634887810796, 1218759.50027966988273 ], [ 2641431.556824129540473, 1218760.818339350167662 ], [ 2641430.083834664430469, 1218770.747339346911758 ] ] ] } },
{ "type": "Feature", "properties": { "id": "37cd262d-cb59-40d4-beba-cd1d9dd42e09", "names": null, "sources": "[{'property': '', 'dataset': 'OpenStreetMap', 'license': 'ODbL-1.0', 'record_id': 'w235509962@1', 'update_time': '2013-08-28T18:58:57.000Z', 'confidence': None, 'between': None, 'provider': 'osm', 'resource': 'planet', 'version': '2026-08-02T00:00:00.000Z'}]", "level": null, "height": null, "min_height": null, "is_underground": false, "num_floors": null, "num_floors_underground": null, "min_floor": null, "subtype": null, "class": null, "facade_color": null, "facade_material": null, "roof_material": null, "roof_shape": null, "roof_direction": null, "roof_orientation": null, "roof_color": null, "roof_height": null, "has_parts": false, "version": 1, "bbox": { "xmin": 7.983692169189453, "xmax": 7.9837775230407715, "ymin": 47.11823272705078, "ymax": 47.118289947509766 } }, "geometry": { "type": "Polygon", "coordinates": [ [ [ 2641369.693764024879783, 1218731.993981050560251 ], [ 2641363.885213198605925, 1218731.319957265397534 ], [ 2641364.506731818430126, 1218725.965531768510118 ], [ 2641370.32287652650848, 1218726.639608832309023 ], [ 2641369.693764024879783, 1218731.993981050560251 ] ] ] } },
{ "type": "Feature", "properties": { "id": "8037e58f-c034-4810-b8e1-c6a965cbc846", "names": null, "sources": "[{'property': '', 'dataset': 'OpenStreetMap', 'license': 'ODbL-1.0', 'record_id': 'w235509975@2', 'update_time': '2022-05-05T15:11:41.000Z', 'confidence': None, 'between': None, 'provider': 'osm', 'resource': 'planet', 'version': '2026-08-02T00:00:00.000Z'}\n {'property': '/properties/height', 'dataset': 'Microsoft ML Buildings', 'license': 'ODbL-1.0', 'record_id': None, 'update_time': '2022-08-04T00:00:00.000Z', 'confidence': None, 'between': None, 'provider': 'microsoft', 'resource': 'ml_buildings', 'version': '2025-02-25'}]", "level": null, "height": 4.6242566108703613, "min_height": null, "is_underground": false, "num_floors": null, "num_floors_underground": null, "min_floor": null, "subtype": null, "class": null, "facade_color": null, "facade_material": null, "roof_material": null, "roof_shape": null, "roof_direction": null, "roof_orientation": null, "roof_color": null, "roof_height": null, "has_parts": false, "version": 2, "bbox": { "xmin": 7.983928680419922, "xmax": 7.9840989112854, "ymin": 47.118186950683594, "ymax": 47.11833572387695 } }, "geometry": { "type": "Polygon", "coordinates": [ [ [ 2641393.197949796915054, 1218737.338024407625198 ], [ 2641381.852974930778146, 1218736.147473890101537 ], [ 2641383.453157936688513, 1218721.005137678235769 ], [ 2641394.7905726977624, 1218722.195638506673276 ], [ 2641393.197949796915054, 1218737.338024407625198 ] ] ] } },
{ "type": "Feature", "properties": { "id": "2383d91e-6766-407b-a81e-1dfffc8c43f7", "names": null, "sources": "[{'property': '', 'dataset': 'OpenStreetMap', 'license': 'ODbL-1.0', 'record_id': 'w235509966@2', 'update_time': '2022-05-05T15:11:41.000Z', 'confidence': None, 'between': None, 'provider': 'osm', 'resource': 'planet', 'version': '2026-08-02T00:00:00.000Z'}\n {'property': '/properties/height', 'dataset': 'Microsoft ML Buildings', 'license': 'ODbL-1.0', 'record_id': None, 'update_time': '2022-08-04T00:00:00.000Z', 'confidence': None, 'between': None, 'provider': 'microsoft', 'resource': 'ml_buildings', 'version': '2025-02-25'}]", "level": null, "height": 4.2637119293212891, "min_height": null, "is_underground": false, "num_floors": null, "num_floors_underground": null, "min_floor": null, "subtype": null, "class": null, "facade_color": null, "facade_material": null, "roof_material": null, "roof_shape": null, "roof_direction": null, "roof_orientation": null, "roof_color": null, "roof_height": null, "has_parts": false, "version": 2, "bbox": { "xmin": 7.983948707580566, "xmax": 7.9840989112854, "ymin": 47.118003845214844, "ymax": 47.11813735961914 } }, "geometry": { "type": "Polygon", "coordinates": [ [ [ 2641393.409423957578838, 1218714.537058055168018 ], [ 2641383.48380675399676, 1218713.311891401186585 ], [ 2641385.002833384554833, 1218701.115187245421112 ], [ 2641394.936059416271746, 1218702.340409110300243 ], [ 2641393.409423957578838, 1218714.537058055168018 ] ] ] } },
{ "type": "Feature", "properties": { "id": "5b0a5370-b96c-4ea5-81ef-fac8ae2c51a2", "names": null, "sources": "[{'property': '', 'dataset': 'Microsoft ML Buildings', 'license': 'ODbL-1.0', 'record_id': None, 'update_time': '2022-08-04T00:00:00.000Z', 'confidence': None, 'between': None, 'provider': 'microsoft', 'resource': 'ml_buildings', 'version': '2025-02-25'}]", "level": null, "height": 1.8408488035202026, "min_height": null, "is_underground": false, "num_floors": null, "num_floors_underground": null, "min_floor": null, "subtype": null, "class": null, "facade_color": null, "facade_material": null, "roof_material": null, "roof_shape": null, "roof_direction": null, "roof_orientation": null, "roof_color": null, "roof_height": null, "has_parts": false, "version": 3, "bbox": { "xmin": 7.9838032722473145, "xmax": 7.983880043029785, "ymin": 47.11806869506836, "ymax": 47.11812973022461 } }, "geometry": { "type": "Polygon", "coordinates": [ [ [ 2641377.966671243775636, 1218714.385358680970967 ], [ 2641372.481950027868152, 1218714.0693416565191 ], [ 2641372.802012130618095, 1218708.412646329496056 ], [ 2641378.279226994141936, 1218708.717493775999174 ], [ 2641377.966671243775636, 1218714.385358680970967 ] ] ] } },
{ "type": "Feature", "properties": { "id": "72a95c5e-15bd-4634-b742-00ab5dc92dd3", "names": null, "sources": "[{'property': '', 'dataset': 'OpenStreetMap', 'license': 'ODbL-1.0', 'record_id': 'w235509974@2', 'update_time': '2022-05-05T15:11:41.000Z', 'confidence': None, 'between': None, 'provider': 'osm', 'resource': 'planet', 'version': '2026-08-02T00:00:00.000Z'}]", "level": null, "height": null, "min_height": null, "is_underground": false, "num_floors": null, "num_floors_underground": null, "min_floor": null, "subtype": null, "class": null, "facade_color": null, "facade_material": null, "roof_material": null, "roof_shape": null, "roof_direction": null, "roof_orientation": null, "roof_color": null, "roof_height": null, "has_parts": false, "version": 1, "bbox": { "xmin": 7.983871936798096, "xmax": 7.984016418457031, "ymin": 47.11783218383789, "ymax": 47.117923736572266 } }, "geometry": { "type": "Polygon", "coordinates": [ [ [ 2641387.593780832830817, 1218690.838173914933577 ], [ 2641377.822753694374114, 1218689.202735057799146 ], [ 2641379.033924181945622, 1218681.995746632572263 ], [ 2641388.804962863679975, 1218683.631187453167513 ], [ 2641387.593780832830817, 1218690.838173914933577 ] ] ] } },
{ "type": "Feature", "properties": { "id": "9c14cbd3-aaa1-4fa5-8d91-6ff7997ab8b2", "names": null, "sources": "[{'property': '', 'dataset': 'OpenStreetMap', 'license': 'ODbL-1.0', 'record_id': 'w384799859@2', 'update_time': '2022-05-05T15:11:42.000Z', 'confidence': None, 'between': None, 'provider': 'osm', 'resource': 'planet', 'version': '2026-08-02T00:00:00.000Z'}\n {'property': '/properties/height', 'dataset': 'Microsoft ML Buildings', 'license': 'ODbL-1.0', 'record_id': None, 'update_time': '2022-08-04T00:00:00.000Z', 'confidence': None, 'between': None, 'provider': 'microsoft', 'resource': 'ml_buildings', 'version': '2025-02-25'}]", "level": null, "height": 4.4355921745300293, "min_height": null, "is_underground": false, "num_floors": null, "num_floors_underground": null, "min_floor": null, "subtype": null, "class": null, "facade_color": null, "facade_material": null, "roof_material": null, "roof_shape": null, "roof_direction": null, "roof_orientation": null, "roof_color": null, "roof_height": null, "has_parts": false, "version": 2, "bbox": { "xmin": 7.9843034744262695, "xmax": 7.984444618225098, "ymin": 47.117862701416016, "ymax": 47.11796951293945 } }, "geometry": { "type": "Polygon", "coordinates": [ [ [ 2641420.855625804513693, 1218696.483561430126429 ], [ 2641410.5672104684636, 1218696.134128063451499 ], [ 2641410.94746005628258, 1218685.096878786105663 ], [ 2641421.235894467215985, 1218685.446312805637717 ], [ 2641420.855625804513693, 1218696.483561430126429 ] ] ] } },
{ "type": "Feature", "properties": { "id": "0b150a02-6b89-4db6-9552-f824b5f4f7f7", "names": null, "sources": "[{'property': '', 'dataset': 'OpenStreetMap', 'license': 'ODbL-1.0', 'record_id': 'w235509985@2', 'update_time': '2022-05-05T15:11:41.000Z', 'confidence': None, 'between': None, 'provider': 'osm', 'resource': 'planet', 'version': '2026-08-02T00:00:00.000Z'}\n {'property': '/properties/height', 'dataset': 'Microsoft ML Buildings', 'license': 'ODbL-1.0', 'record_id': None, 'update_time': '2022-08-04T00:00:00.000Z', 'confidence': None, 'between': None, 'provider': 'microsoft', 'resource': 'ml_buildings', 'version': '2025-02-25'}]", "level": null, "height": 3.7707428932189941, "min_height": null, "is_underground": false, "num_floors": null, "num_floors_underground": null, "min_floor": null, "subtype": null, "class": null, "facade_color": null, "facade_material": null, "roof_material": null, "roof_shape": null, "roof_direction": null, "roof_orientation": null, "roof_color": null, "roof_height": null, "has_parts": false, "version": 2, "bbox": { "xmin": 7.984218120574951, "xmax": 7.984359264373779, "ymin": 47.11802291870117, "ymax": 47.1181526184082 } }, "geometry": { "type": "Polygon", "coordinates": [ [ [ 2641413.138686128426343, 1218717.064417648129165 ], [ 2641403.902801566757262, 1218715.966304198140278 ], [ 2641405.39344527060166, 1218703.491464851191267 ], [ 2641414.62934896722436, 1218704.589580581523478 ], [ 2641413.138686128426343, 1218717.064417648129165 ] ] ] } },
{ "type": "Feature", "properties": { "id": "131c2b65-4fb3-4334-9621-f9bb6f52e1cb", "names": null, "sources": "[{'property': '', 'dataset': 'OpenStreetMap', 'license': 'ODbL-1.0', 'record_id': 'w235509964@3', 'update_time': '2022-05-05T15:11:41.000Z', 'confidence': None, 'between': None, 'provider': 'osm', 'resource': 'planet', 'version': '2026-08-02T00:00:00.000Z'}\n {'property': '/properties/height', 'dataset': 'Microsoft ML Buildings', 'license': 'ODbL-1.0', 'record_id': None, 'update_time': '2022-08-04T00:00:00.000Z', 'confidence': None, 'between': None, 'provider': 'microsoft', 'resource': 'ml_buildings', 'version': '2025-02-25'}]", "level": null, "height": 3.3442301750183105, "min_height": null, "is_underground": false, "num_floors": null, "num_floors_underground": null, "min_floor": null, "subtype": null, "class": null, "facade_color": null, "facade_material": null, "roof_material": null, "roof_shape": null, "roof_direction": null, "roof_orientation": null, "roof_color": null, "roof_height": null, "has_parts": false, "version": 2, "bbox": { "xmin": 7.9845075607299805, "xmax": 7.984613418579102, "ymin": 47.11804962158203, "ymax": 47.118167877197266 } }, "geometry": { "type": "Polygon", "coordinates": [ [ [ 2641432.69872379489243, 1218718.823543998645619 ], [ 2641425.850588976405561, 1218718.131115466821939 ], [ 2641427.104327380657196, 1218705.899224360473454 ], [ 2641433.952476160600781, 1218706.591654324438423 ], [ 2641432.69872379489243, 1218718.823543998645619 ] ] ] } },
{ "type": "Feature", "properties": { "id": "7570646a-e25f-43e9-baee-be2f77038dd0", "names": null, "sources": "[{'property': '', 'dataset': 'OpenStreetMap', 'license': 'ODbL-1.0', 'record_id': 'w235366042@2', 'update_time': '2022-05-05T15:11:41.000Z', 'confidence': None, 'between': None, 'provider': 'osm', 'resource': 'planet', 'version': '2026-08-02T00:00:00.000Z'}\n {'property': '/properties/height', 'dataset': 'Microsoft ML Buildings', 'license': 'ODbL-1.0', 'record_id': None, 'update_time': '2022-08-04T00:00:00.000Z', 'confidence': None, 'between': None, 'provider': 'microsoft', 'resource': 'ml_buildings', 'version': '2025-02-25'}]", "level": null, "height": 5.23126220703125, "min_height": null, "is_underground": false, "num_floors": null, "num_floors_underground": null, "min_floor": null, "subtype": null, "class": null, "facade_color": null, "facade_material": null, "roof_material": null, "roof_shape": null, "roof_direction": null, "roof_orientation": null, "roof_color": null, "roof_height": null, "has_parts": false, "version": 2, "bbox": { "xmin": 7.9845757484436035, "xmax": 7.984755516052246, "ymin": 47.11709213256836, "ymax": 47.117191314697266 } }, "geometry": { "type": "Polygon", "coordinates": [ [ [ 2641444.115725064184517, 1218610.338433311088011 ], [ 2641431.788369972258806, 1218608.507249095942825 ], [ 2641433.133562359958887, 1218599.500134351430461 ], [ 2641445.460935755632818, 1218601.3313213204965 ], [ 2641444.115725064184517, 1218610.338433311088011 ] ] ] } },
{ "type": "Feature", "properties": { "id": "ea5ea38b-84d8-43f6-a91c-25e90ad432f7", "names": null, "sources": "[{'property': '', 'dataset': 'OpenStreetMap', 'license': 'ODbL-1.0', 'record_id': 'w235366039@3', 'update_time': '2022-05-05T15:11:41.000Z', 'confidence': None, 'between': None, 'provider': 'osm', 'resource': 'planet', 'version': '2026-08-02T00:00:00.000Z'}\n {'property': '/properties/height', 'dataset': 'Microsoft ML Buildings', 'license': 'ODbL-1.0', 'record_id': None, 'update_time': '2022-08-04T00:00:00.000Z', 'confidence': None, 'between': None, 'provider': 'microsoft', 'resource': 'ml_buildings', 'version': '2025-02-25'}]", "level": null, "height": 7.2822418212890625, "min_height": null, "is_underground": false, "num_floors": null, "num_floors_underground": null, "min_floor": null, "subtype": null, "class": null, "facade_color": null, "facade_material": null, "roof_material": null, "roof_shape": null, "roof_direction": null, "roof_orientation": null, "roof_color": null, "roof_height": null, "has_parts": false, "version": 2, "bbox": { "xmin": 7.984057903289795, "xmax": 7.984570026397705, "ymin": 47.11725997924805, "ymax": 47.11745834350586 } }, "geometry": { "type": "Polygon", "coordinates": [ [ [ 2641430.908749722409993, 1218640.064324571285397 ], [ 2641418.498902432154864, 1218638.09918140177615 ], [ 2641418.491681909654289, 1218636.95400667656213 ], [ 2641418.198480752296746, 1218635.462195536587387 ], [ 2641417.593442116864026, 1218634.068276916863397 ], [ 2641416.939934672787786, 1218633.096494688652456 ], [ 2641416.208916446659714, 1218632.357645935146138 ], [ 2641414.751069432124496, 1218631.369157222565264 ], [ 2641413.608322523068637, 1218630.905390803236514 ], [ 2641411.849721170961857, 1218630.604111372958869 ], [ 2641410.581922299228609, 1218630.662009232211858 ], [ 2641409.0916529269889, 1218631.063010890036821 ], [ 2641407.697798828128725, 1218631.787096429383382 ], [ 2641406.308135744649917, 1218633.000390820903704 ], [ 2641405.633985708933324, 1218633.907360079698265 ], [ 2641404.957982396241277, 1218635.081141679082066 ], [ 2641404.693166147917509, 1218636.05766088468954 ], [ 2641392.313039890490472, 1218634.181720637483522 ], [ 2641392.884627423249185, 1218631.650851417798549 ], [ 2641394.703927899245173, 1218627.583285355707631 ], [ 2641396.987098808865994, 1218624.475064974045381 ], [ 2641400.537609491497278, 1218621.375648281536996 ], [ 2641404.498405741062015, 1218619.301913439296186 ], [ 2641408.649718228727579, 1218618.207863599294797 ], [ 2641412.627820871770382, 1218618.013147969963029 ], [ 2641417.07737785577774, 1218618.777834380511194 ], [ 2641420.725082818884403, 1218620.259603087091818 ], [ 2641424.328119742684066, 1218622.708304703701288 ], [ 2641426.701915850397199, 1218625.126229255460203 ], [ 2641428.677844951860607, 1218628.008333289064467 ], [ 2641430.268457448109984, 1218631.732705921633169 ], [ 2641431.067975079175085, 1218635.718405102146789 ], [ 2641431.073601684998721, 1218639.276112765306607 ], [ 2641430.908749722409993, 1218640.064324571285397 ] ] ] } },
{ "type": "Feature", "properties": { "id": "bef7c4ea-66d1-47fe-bcc5-9d639dc7caec", "names": null, "sources": "[{'property': '', 'dataset': 'OpenStreetMap', 'license': 'ODbL-1.0', 'record_id': 'w235366014@2', 'update_time': '2022-05-05T15:11:41.000Z', 'confidence': None, 'between': None, 'provider': 'osm', 'resource': 'planet', 'version': '2026-08-02T00:00:00.000Z'}\n {'property': '/properties/height', 'dataset': 'Microsoft ML Buildings', 'license': 'ODbL-1.0', 'record_id': None, 'update_time': '2022-08-04T00:00:00.000Z', 'confidence': None, 'between': None, 'provider': 'microsoft', 'resource': 'ml_buildings', 'version': '2025-02-25'}]", "level": null, "height": 5.6855902671813965, "min_height": null, "is_underground": false, "num_floors": null, "num_floors_underground": null, "min_floor": null, "subtype": null, "class": null, "facade_color": null, "facade_material": null, "roof_material": null, "roof_shape": null, "roof_direction": null, "roof_orientation": null, "roof_color": null, "roof_height": null, "has_parts": false, "version": 2, "bbox": { "xmin": 7.984122276306152, "xmax": 7.984317779541016, "ymin": 47.1170768737793, "ymax": 47.11719512939453 } }, "geometry": { "type": "Polygon", "coordinates": [ [ [ 2641410.713826734106988, 1218610.584334920393303 ], [ 2641397.369631949346513, 1218608.735039760125801 ], [ 2641398.903446878306568, 1218597.6946862321347 ], [ 2641412.255254891235381, 1218599.544037520186976 ], [ 2641410.713826734106988, 1218610.584334920393303 ] ] ] } },
{ "type": "Feature", "properties": { "id": "3f62d9a2-f6e9-4a6e-bebd-b3b6a0d24276", "names": null, "sources": "[{'property': '', 'dataset': 'OpenStreetMap', 'license': 'ODbL-1.0', 'record_id': 'w235509991@2', 'update_time': '2022-05-05T15:11:41.000Z', 'confidence': None, 'between': None, 'provider': 'osm', 'resource': 'planet', 'version': '2026-08-02T00:00:00.000Z'}\n {'property': '/properties/height', 'dataset': 'Microsoft ML Buildings', 'license': 'ODbL-1.0', 'record_id': None, 'update_time': '2022-08-04T00:00:00.000Z', 'confidence': None, 'between': None, 'provider': 'microsoft', 'resource': 'ml_buildings', 'version': '2025-02-25'}]", "level": null, "height": 5.222663402557373, "min_height": null, "is_underground": false, "num_floors": null, "num_floors_underground": null, "min_floor": null, "subtype": null, "class": null, "facade_color": null, "facade_material": null, "roof_material": null, "roof_shape": null, "roof_direction": null, "roof_orientation": null, "roof_color": null, "roof_height": null, "has_parts": false, "version": 2, "bbox": { "xmin": 7.983860969543457, "xmax": 7.984087944030762, "ymin": 47.1176643371582, "ymax": 47.117774963378906 } }, "geometry": { "type": "Polygon", "coordinates": [ [ [ 2641392.914938023779541, 1218674.276377766625956 ], [ 2641377.117595399729908, 1218671.620733053656295 ], [ 2641378.502359154168516, 1218663.458826453657821 ], [ 2641394.299722904805094, 1218666.114474793430418 ], [ 2641392.914938023779541, 1218674.276377766625956 ] ] ] } },
{ "type": "Feature", "properties": { "id": "5fa484fd-de51-4375-933e-6369c9ef0d31", "names": null, "sources": "[{'property': '', 'dataset': 'OpenStreetMap', 'license': 'ODbL-1.0', 'record_id': 'w235509963@3', 'update_time': '2022-05-05T15:11:41.000Z', 'confidence': None, 'between': None, 'provider': 'osm', 'resource': 'planet', 'version': '2026-08-02T00:00:00.000Z'}\n {'property': '/properties/height', 'dataset': 'Microsoft ML Buildings', 'license': 'ODbL-1.0', 'record_id': None, 'update_time': '2022-08-04T00:00:00.000Z', 'confidence': None, 'between': None, 'provider': 'microsoft', 'resource': 'ml_buildings', 'version': '2025-02-25'}]", "level": null, "height": 5.1023597717285156, "min_height": null, "is_underground": false, "num_floors": null, "num_floors_underground": null, "min_floor": null, "subtype": null, "class": null, "facade_color": null, "facade_material": null, "roof_material": null, "roof_shape": null, "roof_direction": null, "roof_orientation": null, "roof_color": null, "roof_height": null, "has_parts": false, "version": 2, "bbox": { "xmin": 7.983516693115234, "xmax": 7.983684539794922, "ymin": 47.117576599121094, "ymax": 47.117679595947266 } }, "geometry": { "type": "Polygon", "coordinates": [ [ [ 2641362.643506941385567, 1218664.19369619875215 ], [ 2641351.048496413044631, 1218662.923646431881934 ], [ 2641352.166092475410551, 1218652.792045238194987 ], [ 2641363.761122552677989, 1218654.062097158050165 ], [ 2641362.643506941385567, 1218664.19369619875215 ] ] ] } },
{ "type": "Feature", "properties": { "id": "0750159e-7227-4449-b269-f3fd8ab72663", "names": null, "sources": "[{'property': '', 'dataset': 'OpenStreetMap', 'license': 'ODbL-1.0', 'record_id': 'w235509989@3', 'update_time': '2022-05-05T15:11:41.000Z', 'confidence': None, 'between': None, 'provider': 'osm', 'resource': 'planet', 'version': '2026-08-02T00:00:00.000Z'}\n {'property': '/properties/height', 'dataset': 'Microsoft ML Buildings', 'license': 'ODbL-1.0', 'record_id': None, 'update_time': '2022-08-04T00:00:00.000Z', 'confidence': None, 'between': None, 'provider': 'microsoft', 'resource': 'ml_buildings', 'version': '2025-02-25'}]", "level": null, "height": 7.7323975563049316, "min_height": null, "is_underground": false, "num_floors": null, "num_floors_underground": null, "min_floor": null, "subtype": null, "class": null, "facade_color": null, "facade_material": null, "roof_material": null, "roof_shape": null, "roof_direction": null, "roof_orientation": null, "roof_color": null, "roof_height": null, "has_parts": false, "version": 2, "bbox": { "xmin": 7.9835429191589355, "xmax": 7.983808517456055, "ymin": 47.117210388183594, "ymax": 47.11738967895508 } }, "geometry": { "type": "Polygon", "coordinates": [ [ [ 2641371.321818538941443, 1218631.923615786246955 ], [ 2641353.320583199616522, 1218629.686329100048169 ], [ 2641355.505926765501499, 1218612.23556463024579 ], [ 2641373.50721421232447, 1218614.472857846645638 ], [ 2641371.321818538941443, 1218631.923615786246955 ] ] ] } },
{ "type": "Feature", "properties": { "id": "69cf21fa-ee3b-4220-8055-bf7ab4ede43d", "names": null, "sources": "[{'property': '', 'dataset': 'OpenStreetMap', 'license': 'ODbL-1.0', 'record_id': 'w235509969@3', 'update_time': '2022-05-05T15:11:41.000Z', 'confidence': None, 'between': None, 'provider': 'osm', 'resource': 'planet', 'version': '2026-08-02T00:00:00.000Z'}\n {'property': '/properties/height', 'dataset': 'Microsoft ML Buildings', 'license': 'ODbL-1.0', 'record_id': None, 'update_time': '2022-08-04T00:00:00.000Z', 'confidence': None, 'between': None, 'provider': 'microsoft', 'resource': 'ml_buildings', 'version': '2025-02-25'}]", "level": null, "height": 6.7422618865966797, "min_height": null, "is_underground": false, "num_floors": null, "num_floors_underground": null, "min_floor": null, "subtype": null, "class": null, "facade_color": null, "facade_material": null, "roof_material": null, "roof_shape": null, "roof_direction": null, "roof_orientation": null, "roof_color": null, "roof_height": null, "has_parts": false, "version": 2, "bbox": { "xmin": 7.983016014099121, "xmax": 7.983287334442139, "ymin": 47.11720657348633, "ymax": 47.117393493652344 } }, "geometry": { "type": "Polygon", "coordinates": [ [ [ 2641331.598163875285536, 1218632.181672629900277 ], [ 2641313.278569398913532, 1218629.886710987892002 ], [ 2641315.599047906231135, 1218611.536334641510621 ], [ 2641333.911109274253249, 1218613.83125071413815 ], [ 2641331.598163875285536, 1218632.181672629900277 ] ] ] } },
{ "type": "Feature", "properties": { "id": "e10596f9-edfe-4fb9-8fca-33ffaf42125a", "names": null, "sources": "[{'property': '', 'dataset': 'OpenStreetMap', 'license': 'ODbL-1.0', 'record_id': 'w235509971@2', 'update_time': '2022-05-05T15:11:41.000Z', 'confidence': None, 'between': None, 'provider': 'osm', 'resource': 'planet', 'version': '2026-08-02T00:00:00.000Z'}\n {'property': '/properties/height', 'dataset': 'Microsoft ML Buildings', 'license': 'ODbL-1.0', 'record_id': None, 'update_time': '2022-08-04T00:00:00.000Z', 'confidence': None, 'between': None, 'provider': 'microsoft', 'resource': 'ml_buildings', 'version': '2025-02-25'}]", "level": null, "height": 5.744257926940918, "min_height": null, "is_underground": false, "num_floors": null, "num_floors_underground": null, "min_floor": null, "subtype": null, "class": null, "facade_color": null, "facade_material": null, "roof_material": null, "roof_shape": null, "roof_direction": null, "roof_orientation": null, "roof_color": null, "roof_height": null, "has_parts": false, "version": 2, "bbox": { "xmin": 7.982685565948486, "xmax": 7.982941150665283, "ymin": 47.117088317871094, "ymax": 47.117286682128906 } }, "geometry": { "type": "Polygon", "coordinates": [ [ [ 2641303.268003704492003, 1218620.089334452291951 ], [ 2641288.318854564335197, 1218618.762812518281862 ], [ 2641289.198785878717899, 1218608.963086109375581 ], [ 2641291.83065786678344, 1218609.192554911132902 ], [ 2641292.776159313973039, 1218598.692867597099394 ], [ 2641307.72535802051425, 1218600.019400678575039 ], [ 2641306.343336228746921, 1218615.46344253513962 ], [ 2641303.703955717850477, 1218615.222797540947795 ], [ 2641303.268003704492003, 1218620.089334452291951 ] ] ] } },
{ "type": "Feature", "properties": { "id": "2c9bf730-30e3-4195-88ca-b0f166eaa0d9", "names": null, "sources": "[{'property': '', 'dataset': 'OpenStreetMap', 'license': 'ODbL-1.0', 'record_id': 'w1057658115@1', 'update_time': '2022-05-05T15:11:40.000Z', 'confidence': None, 'between': None, 'provider': 'osm', 'resource': 'planet', 'version': '2026-08-02T00:00:00.000Z'}\n {'property': '/properties/height', 'dataset': 'Microsoft ML Buildings', 'license': 'ODbL-1.0', 'record_id': None, 'update_time': '2022-08-04T00:00:00.000Z', 'confidence': None, 'between': None, 'provider': 'microsoft', 'resource': 'ml_buildings', 'version': '2025-02-25'}]", "level": null, "height": 5.7334756851196289, "min_height": null, "is_underground": false, "num_floors": null, "num_floors_underground": null, "min_floor": null, "subtype": null, "class": null, "facade_color": null, "facade_material": null, "roof_material": null, "roof_shape": null, "roof_direction": null, "roof_orientation": null, "roof_color": null, "roof_height": null, "has_parts": false, "version": 2, "bbox": { "xmin": 7.983067512512207, "xmax": 7.983218193054199, "ymin": 47.11756896972656, "ymax": 47.117698669433594 } }, "geometry": { "type": "Polygon", "coordinates": [ [ [ 2641326.406996613368392, 1218660.66261121397838 ], [ 2641325.823758577462286, 1218665.972834349842742 ], [ 2641318.505739848595113, 1218665.177212595241144 ], [ 2641319.088971416931599, 1218659.866988750640303 ], [ 2641317.033871479332447, 1218659.641505867475644 ], [ 2641317.819846442900598, 1218652.453793862136081 ], [ 2641328.383577356580645, 1218653.605450639734045 ], [ 2641327.59758975636214, 1218660.793161260895431 ], [ 2641326.406996613368392, 1218660.66261121397838 ] ] ] } },
{ "type": "Feature", "properties": { "id": "dfdb713b-1a91-42b8-80ac-4d3394ae7e46", "names": null, "sources": "[{'property': '', 'dataset': 'OpenStreetMap', 'license': 'ODbL-1.0', 'record_id': 'w235509967@2', 'update_time': '2022-05-05T15:11:41.000Z', 'confidence': None, 'between': None, 'provider': 'osm', 'resource': 'planet', 'version': '2026-08-02T00:00:00.000Z'}\n {'property': '/properties/height', 'dataset': 'Microsoft ML Buildings', 'license': 'ODbL-1.0', 'record_id': None, 'update_time': '2022-08-04T00:00:00.000Z', 'confidence': None, 'between': None, 'provider': 'microsoft', 'resource': 'ml_buildings', 'version': '2025-02-25'}]", "level": null, "height": 5.634788990020752, "min_height": null, "is_underground": false, "num_floors": null, "num_floors_underground": null, "min_floor": null, "subtype": null, "class": null, "facade_color": null, "facade_material": null, "roof_material": null, "roof_shape": null, "roof_direction": null, "roof_orientation": null, "roof_color": null, "roof_height": null, "has_parts": false, "version": 2, "bbox": { "xmin": 7.983039379119873, "xmax": 7.983189582824707, "ymin": 47.11768341064453, "ymax": 47.11781692504883 } }, "geometry": { "type": "Polygon", "coordinates": [ [ [ 2641317.970816346351057, 1218670.087533744750544 ], [ 2641318.505739848595113, 1218665.177212595241144 ], [ 2641325.823758577462286, 1218665.972834349842742 ], [ 2641325.25662404159084, 1218671.149756677914411 ], [ 2641326.136306244879961, 1218671.244797648629174 ], [ 2641325.342580459080637, 1218678.454690570710227 ], [ 2641314.771304399706423, 1218677.302986539201811 ], [ 2641315.589633339550346, 1218669.826437728712335 ], [ 2641317.970816346351057, 1218670.087533744750544 ] ] ] } },
{ "type": "Feature", "properties": { "id": "b1b2e80c-8849-4866-b4e9-dbff7d7fc277", "names": null, "sources": "[{'property': '', 'dataset': 'OpenStreetMap', 'license': 'ODbL-1.0', 'record_id': 'w235509976@2', 'update_time': '2022-05-05T15:11:41.000Z', 'confidence': None, 'between': None, 'provider': 'osm', 'resource': 'planet', 'version': '2026-08-02T00:00:00.000Z'}\n {'property': '/properties/height', 'dataset': 'Microsoft ML Buildings', 'license': 'ODbL-1.0', 'record_id': None, 'update_time': '2022-08-04T00:00:00.000Z', 'confidence': None, 'between': None, 'provider': 'microsoft', 'resource': 'ml_buildings', 'version': '2025-02-25'}]", "level": null, "height": 5.0258369445800781, "min_height": null, "is_underground": false, "num_floors": null, "num_floors_underground": null, "min_floor": null, "subtype": null, "class": null, "facade_color": null, "facade_material": null, "roof_material": null, "roof_shape": null, "roof_direction": null, "roof_orientation": null, "roof_color": null, "roof_height": null, "has_parts": false, "version": 2, "bbox": { "xmin": 7.9826250076293945, "xmax": 7.982782363891602, "ymin": 47.117576599121094, "ymax": 47.117698669433594 } }, "geometry": { "type": "Polygon", "coordinates": [ [ [ 2641293.670440496876836, 1218665.694397763581946 ], [ 2641283.41955928131938, 1218664.300379706081003 ], [ 2641285.050914776045829, 1218652.293431726284325 ], [ 2641295.301816352643073, 1218653.68745255866088 ], [ 2641293.670440496876836, 1218665.694397763581946 ] ] ] } },
{ "type": "Feature", "properties": { "id": "c390993b-cbb0-41f8-bc30-2186d5e27e75", "names": null, "sources": "[{'property': '', 'dataset': 'Microsoft ML Buildings', 'license': 'ODbL-1.0', 'record_id': None, 'update_time': '2022-08-04T00:00:00.000Z', 'confidence': None, 'between': None, 'provider': 'microsoft', 'resource': 'ml_buildings', 'version': '2025-02-25'}]", "level": null, "height": 2.6660988330841064, "min_height": null, "is_underground": false, "num_floors": null, "num_floors_underground": null, "min_floor": null, "subtype": null, "class": null, "facade_color": null, "facade_material": null, "roof_material": null, "roof_shape": null, "roof_direction": null, "roof_orientation": null, "roof_color": null, "roof_height": null, "has_parts": false, "version": 3, "bbox": { "xmin": 7.9827094078063965, "xmax": 7.982826232910156, "ymin": 47.11775588989258, "ymax": 47.11781692504883 } }, "geometry": { "type": "Polygon", "coordinates": [ [ [ 2641298.196842426899821, 1218678.366598853142932 ], [ 2641289.669755837880075, 1218677.918401945615187 ], [ 2641289.967051318846643, 1218672.250427675200626 ], [ 2641298.494146016892046, 1218672.698625007877126 ], [ 2641298.196842426899821, 1218678.366598853142932 ] ] ] } },
{ "type": "Feature", "properties": { "id": "0c345cc4-a76a-410d-850d-6a3c6e0bf4a9", "names": null, "sources": "[{'property': '', 'dataset': 'OpenStreetMap', 'license': 'ODbL-1.0', 'record_id': 'w235509979@2', 'update_time': '2022-05-05T15:11:41.000Z', 'confidence': None, 'between': None, 'provider': 'osm', 'resource': 'planet', 'version': '2026-08-02T00:00:00.000Z'}\n {'property': '/properties/height', 'dataset': 'Microsoft ML Buildings', 'license': 'ODbL-1.0', 'record_id': None, 'update_time': '2022-08-04T00:00:00.000Z', 'confidence': None, 'between': None, 'provider': 'microsoft', 'resource': 'ml_buildings', 'version': '2025-02-25'}]", "level": null, "height": 3.2918260097503662, "min_height": null, "is_underground": false, "num_floors": null, "num_floors_underground": null, "min_floor": null, "subtype": null, "class": null, "facade_color": null, "facade_material": null, "roof_material": null, "roof_shape": null, "roof_direction": null, "roof_orientation": null, "roof_color": null, "roof_height": null, "has_parts": false, "version": 2, "bbox": { "xmin": 7.982516765594482, "xmax": 7.982795715332031, "ymin": 47.11787033081055, "ymax": 47.1180305480957 } }, "geometry": { "type": "Polygon", "coordinates": [ [ [ 2641278.472975415177643, 1218689.280974542256445 ], [ 2641275.022630102466792, 1218688.890195407439023 ], [ 2641275.459753585513681, 1218684.946434252895415 ], [ 2641296.093841686844826, 1218687.24619863810949 ], [ 2641294.435242938809097, 1218702.087972838897258 ], [ 2641289.073928715661168, 1218701.483827250311151 ], [ 2641289.348888935521245, 1218699.039834963856265 ], [ 2641285.443456088192761, 1218698.612544039031491 ], [ 2641285.944992210250348, 1218694.135579446796328 ], [ 2641282.221609018277377, 1218693.720669407164678 ], [ 2641282.472260457463562, 1218691.498862758744508 ], [ 2641278.27868037018925, 1218691.036227667937055 ], [ 2641278.472975415177643, 1218689.280974542256445 ] ] ] } },
{ "type": "Feature", "properties": { "id": "3712db8d-5dbe-4096-b213-58d628217c13", "names": null, "sources": "[{'property': '', 'dataset': 'OpenStreetMap', 'license': 'ODbL-1.0', 'record_id': 'w235509986@2', 'update_time': '2022-05-05T15:11:41.000Z', 'confidence': None, 'between': None, 'provider': 'osm', 'resource': 'planet', 'version': '2026-08-02T00:00:00.000Z'}\n {'property': '/properties/height', 'dataset': 'Microsoft ML Buildings', 'license': 'ODbL-1.0', 'record_id': None, 'update_time': '2022-08-04T00:00:00.000Z', 'confidence': None, 'between': None, 'provider': 'microsoft', 'resource': 'ml_buildings', 'version': '2025-02-25'}]", "level": null, "height": 4.887122631072998, "min_height": null, "is_underground": false, "num_floors": null, "num_floors_underground": null, "min_floor": null, "subtype": null, "class": null, "facade_color": null, "facade_material": null, "roof_material": null, "roof_shape": null, "roof_direction": null, "roof_orientation": null, "roof_color": null, "roof_height": null, "has_parts": false, "version": 2, "bbox": { "xmin": 7.982995986938477, "xmax": 7.983202934265137, "ymin": 47.11802291870117, "ymax": 47.11813735961914 } }, "geometry": { "type": "Polygon", "coordinates": [ [ [ 2641325.584643429610878, 1218714.688999557169154 ], [ 2641311.237866294104606, 1218712.988592417212203 ], [ 2641312.54252481367439, 1218702.13562840083614 ], [ 2641326.881661983206868, 1218703.847103212028742 ], [ 2641325.584643429610878, 1218714.688999557169154 ] ] ] } },
{ "type": "Feature", "properties": { "id": "5fb80765-1724-4b6b-9a08-e563f0e09009", "names": null, "sources": "[{'property': '', 'dataset': 'Microsoft ML Buildings', 'license': 'ODbL-1.0', 'record_id': None, 'update_time': '2022-08-04T00:00:00.000Z', 'confidence': None, 'between': None, 'provider': 'microsoft', 'resource': 'ml_buildings', 'version': '2025-02-25'}]", "level": null, "height": 1.9112359285354614, "min_height": null, "is_underground": false, "num_floors": null, "num_floors_underground": null, "min_floor": null, "subtype": null, "class": null, "facade_color": null, "facade_material": null, "roof_material": null, "roof_shape": null, "roof_direction": null, "roof_orientation": null, "roof_color": null, "roof_height": null, "has_parts": false, "version": 3, "bbox": { "xmin": 7.983095169067383, "xmax": 7.983188629150391, "ymin": 47.117881774902344, "ymax": 47.11794662475586 } }, "geometry": { "type": "Polygon", "coordinates": [ [ [ 2641318.897945396136492, 1218692.896391838090494 ], [ 2641319.445466141216457, 1218687.263506477465853 ], [ 2641325.899572019465268, 1218687.875256150495261 ], [ 2641325.359633963555098, 1218693.508193535963073 ], [ 2641318.897945396136492, 1218692.896391838090494 ] ] ] } },
{ "type": "Feature", "properties": { "id": "b355892b-3b50-4feb-b8eb-de293c3dd857", "names": null, "sources": "[{'property': '', 'dataset': 'OpenStreetMap', 'license': 'ODbL-1.0', 'record_id': 'w235509965@2', 'update_time': '2022-05-05T15:11:41.000Z', 'confidence': None, 'between': None, 'provider': 'osm', 'resource': 'planet', 'version': '2026-08-02T00:00:00.000Z'}\n {'property': '/properties/height', 'dataset': 'Microsoft ML Buildings', 'license': 'ODbL-1.0', 'record_id': None, 'update_time': '2022-08-04T00:00:00.000Z', 'confidence': None, 'between': None, 'provider': 'microsoft', 'resource': 'ml_buildings', 'version': '2025-02-25'}]", "level": null, "height": 4.2649245262145996, "min_height": null, "is_underground": false, "num_floors": null, "num_floors_underground": null, "min_floor": null, "subtype": null, "class": null, "facade_color": null, "facade_material": null, "roof_material": null, "roof_shape": null, "roof_direction": null, "roof_orientation": null, "roof_color": null, "roof_height": null, "has_parts": false, "version": 2, "bbox": { "xmin": 7.983462333679199, "xmax": 7.983653545379639, "ymin": 47.11776351928711, "ymax": 47.117855072021484 } }, "geometry": { "type": "Polygon", "coordinates": [ [ [ 2641360.246270868461579, 1218683.744237536098808 ], [ 2641346.778877246659249, 1218682.172142477007583 ], [ 2641347.787628598045558, 1218673.507323324680328 ], [ 2641361.262707537040114, 1218675.068356123520061 ], [ 2641360.246270868461579, 1218683.744237536098808 ] ] ] } },
{ "type": "Feature", "properties": { "id": "08f58f4e-f4da-4242-8757-be8a46581846", "names": null, "sources": "[{'property': '', 'dataset': 'OpenStreetMap', 'license': 'ODbL-1.0', 'record_id': 'w235509984@2', 'update_time': '2022-05-05T15:11:41.000Z', 'confidence': None, 'between': None, 'provider': 'osm', 'resource': 'planet', 'version': '2026-08-02T00:00:00.000Z'}\n {'property': '/properties/height', 'dataset': 'Microsoft ML Buildings', 'license': 'ODbL-1.0', 'record_id': None, 'update_time': '2022-08-04T00:00:00.000Z', 'confidence': None, 'between': None, 'provider': 'microsoft', 'resource': 'ml_buildings', 'version': '2025-02-25'}]", "level": null, "height": 5.1482205390930176, "min_height": null, "is_underground": false, "num_floors": null, "num_floors_underground": null, "min_floor": null, "subtype": null, "class": null, "facade_color": null, "facade_material": null, "roof_material": null, "roof_shape": null, "roof_direction": null, "roof_orientation": null, "roof_color": null, "roof_height": null, "has_parts": false, "version": 2, "bbox": { "xmin": 7.98331356048584, "xmax": 7.983614444732666, "ymin": 47.118064880371094, "ymax": 47.11822509765625 } }, "geometry": { "type": "Polygon", "coordinates": [ [ [ 2641338.188793654087931, 1218713.786927321925759 ], [ 2641335.336896483786404, 1218713.555911722127348 ], [ 2641335.751336353830993, 1218708.511343476828188 ], [ 2641352.187487579882145, 1218709.870538468239829 ], [ 2641352.411280522122979, 1218707.148251007543877 ], [ 2641358.077058762311935, 1218707.621153828222305 ], [ 2641356.702159377280623, 1218724.210362191312015 ], [ 2641349.09468813566491, 1218723.579459500266239 ], [ 2641349.227213652804494, 1218721.979427916230634 ], [ 2641343.432517346460372, 1218721.494521464221179 ], [ 2641343.589658297132701, 1218719.627835356863216 ], [ 2641337.741838223300874, 1218719.142565970541909 ], [ 2641338.188793654087931, 1218713.786927321925759 ] ] ] } },
{ "type": "Feature", "properties": { "id": "48591754-ad21-41cb-9a8f-2e052563238a", "names": null, "sources": "[{'property': '', 'dataset': 'OpenStreetMap', 'license': 'ODbL-1.0', 'record_id': 'w234342498@2', 'update_time': '2022-05-05T15:11:41.000Z', 'confidence': None, 'between': None, 'provider': 'osm', 'resource': 'planet', 'version': '2026-08-02T00:00:00.000Z'}\n {'property': '/properties/height', 'dataset': 'Microsoft ML Buildings', 'license': 'ODbL-1.0', 'record_id': None, 'update_time': '2022-08-04T00:00:00.000Z', 'confidence': None, 'between': None, 'provider': 'microsoft', 'resource': 'ml_buildings', 'version': '2025-02-25'}]", "level": null, "height": 4.395510196685791, "min_height": null, "is_underground": false, "num_floors": null, "num_floors_underground": null, "min_floor": null, "subtype": null, "class": null, "facade_color": null, "facade_material": null, "roof_material": null, "roof_shape": null, "roof_direction": null, "roof_orientation": null, "roof_color": null, "roof_height": null, "has_parts": false, "version": 2, "bbox": { "xmin": 7.981841564178467, "xmax": 7.982065677642822, "ymin": 47.118377685546875, "ymax": 47.11856460571289 } }, "geometry": { "type": "Polygon", "coordinates": [ [ [ 2641229.896409024950117, 1218757.096337042283267 ], [ 2641223.324741519521922, 1218754.838456160621718 ], [ 2641227.854781032074243, 1218741.762004344491288 ], [ 2641240.278903728816658, 1218746.028216989245266 ], [ 2641235.067192643880844, 1218761.10113215399906 ], [ 2641229.207174779847264, 1218759.092757909791544 ], [ 2641229.896409024950117, 1218757.096337042283267 ] ] ] } },
{ "type": "Feature", "properties": { "id": "607461b6-2b00-4889-80a0-e94113422f95", "names": null, "sources": "[{'property': '', 'dataset': 'OpenStreetMap', 'license': 'ODbL-1.0', 'record_id': 'w234342511@2', 'update_time': '2022-05-05T15:11:41.000Z', 'confidence': None, 'between': None, 'provider': 'osm', 'resource': 'planet', 'version': '2026-08-02T00:00:00.000Z'}\n {'property': '/properties/height', 'dataset': 'Microsoft ML Buildings', 'license': 'ODbL-1.0', 'record_id': None, 'update_time': '2022-08-04T00:00:00.000Z', 'confidence': None, 'between': None, 'provider': 'microsoft', 'resource': 'ml_buildings', 'version': '2025-02-25'}]", "level": null, "height": 5.0585975646972656, "min_height": null, "is_underground": false, "num_floors": null, "num_floors_underground": null, "min_floor": null, "subtype": null, "class": null, "facade_color": null, "facade_material": null, "roof_material": null, "roof_shape": null, "roof_direction": null, "roof_orientation": null, "roof_color": null, "roof_height": null, "has_parts": false, "version": 2, "bbox": { "xmin": 7.981442928314209, "xmax": 7.981699466705322, "ymin": 47.118316650390625, "ymax": 47.118446350097656 } }, "geometry": { "type": "Polygon", "coordinates": [ [ [ 2641209.610591344535351, 1218748.362051964737475 ], [ 2641193.164771400392056, 1218742.922982476651669 ], [ 2641196.133096115197986, 1218733.9937387870159 ], [ 2641212.578938195016235, 1218739.432816381799057 ], [ 2641209.610591344535351, 1218748.362051964737475 ] ] ] } },
{ "type": "Feature", "properties": { "id": "4ea7517e-e746-4aeb-b2ec-0f9ab2a47d02", "names": null, "sources": "[{'property': '', 'dataset': 'OpenStreetMap', 'license': 'ODbL-1.0', 'record_id': 'w1057658231@1', 'update_time': '2022-05-05T15:11:40.000Z', 'confidence': None, 'between': None, 'provider': 'osm', 'resource': 'planet', 'version': '2026-08-02T00:00:00.000Z'}]", "level": null, "height": null, "min_height": null, "is_underground": false, "num_floors": null, "num_floors_underground": null, "min_floor": null, "subtype": null, "class": null, "facade_color": null, "facade_material": null, "roof_material": null, "roof_shape": null, "roof_direction": null, "roof_orientation": null, "roof_color": null, "roof_height": null, "has_parts": false, "version": 1, "bbox": { "xmin": 7.982127666473389, "xmax": 7.982278347015381, "ymin": 47.11771774291992, "ymax": 47.11783981323242 } }, "geometry": { "type": "Polygon", "coordinates": [ [ [ 2641257.002672619186342, 1218669.642968497239053 ], [ 2641255.689520062878728, 1218680.640414802124724 ], [ 2641245.566280578263104, 1218679.447464130120352 ], [ 2641246.879491575993598, 1218668.438898436026648 ], [ 2641257.002672619186342, 1218669.642968497239053 ] ] ] } },
{ "type": "Feature", "properties": { "id": "e53f8754-3627-4a3e-9a6a-e81405712fce", "names": null, "sources": "[{'property': '', 'dataset': 'OpenStreetMap', 'license': 'ODbL-1.0', 'record_id': 'w235509978@2', 'update_time': '2022-05-05T15:11:41.000Z', 'confidence': None, 'between': None, 'provider': 'osm', 'resource': 'planet', 'version': '2026-08-02T00:00:00.000Z'}]", "level": null, "height": null, "min_height": null, "is_underground": false, "num_floors": null, "num_floors_underground": null, "min_floor": null, "subtype": null, "class": null, "facade_color": null, "facade_material": null, "roof_material": null, "roof_shape": null, "roof_direction": null, "roof_orientation": null, "roof_color": null, "roof_height": null, "has_parts": false, "version": 1, "bbox": { "xmin": 7.9822611808776855, "xmax": 7.982411861419678, "ymin": 47.117733001708984, "ymax": 47.11785125732422 } }, "geometry": { "type": "Polygon", "coordinates": [ [ [ 2641267.11826089816168, 1218670.847003238275647 ], [ 2641265.812678635120392, 1218681.844499874161556 ], [ 2641255.689520062878728, 1218680.640414802124724 ], [ 2641257.002672619186342, 1218669.642968497239053 ], [ 2641267.11826089816168, 1218670.847003238275647 ] ] ] } },
{ "type": "Feature", "properties": { "id": "25c7f251-c375-4d15-b292-d883ad4c6220", "names": null, "sources": "[{'property': '', 'dataset': 'OpenStreetMap', 'license': 'ODbL-1.0', 'record_id': 'w235509988@2', 'update_time': '2022-05-05T15:11:41.000Z', 'confidence': None, 'between': None, 'provider': 'osm', 'resource': 'planet', 'version': '2026-08-02T00:00:00.000Z'}\n {'property': '/properties/height', 'dataset': 'Microsoft ML Buildings', 'license': 'ODbL-1.0', 'record_id': None, 'update_time': '2022-08-04T00:00:00.000Z', 'confidence': None, 'between': None, 'provider': 'microsoft', 'resource': 'ml_buildings', 'version': '2025-02-25'}]", "level": null, "height": 4.6970014572143555, "min_height": null, "is_underground": false, "num_floors": null, "num_floors_underground": null, "min_floor": null, "subtype": null, "class": null, "facade_color": null, "facade_material": null, "roof_material": null, "roof_shape": null, "roof_direction": null, "roof_orientation": null, "roof_color": null, "roof_height": null, "has_parts": false, "version": 2, "bbox": { "xmin": 7.98215913772583, "xmax": 7.9824137687683105, "ymin": 47.11748123168945, "ymax": 47.11759948730469 } }, "geometry": { "type": "Polygon", "coordinates": [ [ [ 2641266.031838816124946, 1218654.574267675401643 ], [ 2641248.083679458126426, 1218652.348784244386479 ], [ 2641249.272758442908525, 1218642.829133986029774 ], [ 2641259.698919727001339, 1218644.124246786115691 ], [ 2641259.931847342755646, 1218642.26920126308687 ], [ 2641267.453876074869186, 1218643.199575734324753 ], [ 2641266.031838816124946, 1218654.574267675401643 ] ] ] } },
{ "type": "Feature", "properties": { "id": "f4cc684d-64d2-4858-aeb7-a7db76e74353", "names": null, "sources": "[{'property': '', 'dataset': 'OpenStreetMap', 'license': 'ODbL-1.0', 'record_id': 'w235509982@2', 'update_time': '2022-05-05T15:11:41.000Z', 'confidence': None, 'between': None, 'provider': 'osm', 'resource': 'planet', 'version': '2026-08-02T00:00:00.000Z'}\n {'property': '/properties/height', 'dataset': 'Microsoft ML Buildings', 'license': 'ODbL-1.0', 'record_id': None, 'update_time': '2022-08-04T00:00:00.000Z', 'confidence': None, 'between': None, 'provider': 'microsoft', 'resource': 'ml_buildings', 'version': '2025-02-25'}]", "level": null, "height": 5.2984251976013184, "min_height": null, "is_underground": false, "num_floors": null, "num_floors_underground": null, "min_floor": null, "subtype": null, "class": null, "facade_color": null, "facade_material": null, "roof_material": null, "roof_shape": null, "roof_direction": null, "roof_orientation": null, "roof_color": null, "roof_height": null, "has_parts": false, "version": 2, "bbox": { "xmin": 7.982433795928955, "xmax": 7.982593536376953, "ymin": 47.11714172363281, "ymax": 47.1173095703125 } }, "geometry": { "type": "Polygon", "coordinates": [ [ [ 2641279.653441972099245, 1218621.837987079517916 ], [ 2641269.159099991433322, 1218620.520132108125836 ], [ 2641270.852642835583538, 1218607.201722040772438 ], [ 2641274.279961318243295, 1218607.636809756513685 ], [ 2641274.547792294993997, 1218605.126061620889232 ], [ 2641275.830266722943634, 1218604.045406926656142 ], [ 2641277.445463947020471, 1218604.23447580402717 ], [ 2641278.29507599119097, 1218605.385483963647857 ], [ 2641277.987913288641721, 1218608.096078362548724 ], [ 2641281.34693099418655, 1218608.530697145499289 ], [ 2641279.653441972099245, 1218621.837987079517916 ] ] ] } },
{ "type": "Feature", "properties": { "id": "3f929446-904f-4f06-a023-5022c44c77dd", "names": null, "sources": "[{'property': '', 'dataset': 'OpenStreetMap', 'license': 'ODbL-1.0', 'record_id': 'w235509973@2', 'update_time': '2022-05-05T15:11:41.000Z', 'confidence': None, 'between': None, 'provider': 'osm', 'resource': 'planet', 'version': '2026-08-02T00:00:00.000Z'}\n {'property': '/properties/height', 'dataset': 'Microsoft ML Buildings', 'license': 'ODbL-1.0', 'record_id': None, 'update_time': '2022-08-04T00:00:00.000Z', 'confidence': None, 'between': None, 'provider': 'microsoft', 'resource': 'ml_buildings', 'version': '2025-02-25'}]", "level": null, "height": 4.7402791976928711, "min_height": null, "is_underground": false, "num_floors": null, "num_floors_underground": null, "min_floor": null, "subtype": null, "class": null, "facade_color": null, "facade_material": null, "roof_material": null, "roof_shape": null, "roof_direction": null, "roof_orientation": null, "roof_color": null, "roof_height": null, "has_parts": false, "version": 2, "bbox": { "xmin": 7.98217248916626, "xmax": 7.982341766357422, "ymin": 47.11713409423828, "ymax": 47.11725997924805 } }, "geometry": { "type": "Polygon", "coordinates": [ [ [ 2641260.571615682449192, 1218616.725128151942044 ], [ 2641249.365293241105974, 1218615.202260773861781 ], [ 2641251.052022337447852, 1218602.862156929215416 ], [ 2641262.258367652539164, 1218604.385027454001829 ], [ 2641260.571615682449192, 1218616.725128151942044 ] ] ] } },
{ "type": "Feature", "properties": { "id": "26d4f729-feb5-4dd3-9f22-c07b3384d186", "names": null, "sources": "[{'property': '', 'dataset': 'OpenStreetMap', 'license': 'ODbL-1.0', 'record_id': 'w235509981@2', 'update_time': '2022-05-05T15:11:41.000Z', 'confidence': None, 'between': None, 'provider': 'osm', 'resource': 'planet', 'version': '2026-08-02T00:00:00.000Z'}\n {'property': '/properties/height', 'dataset': 'Microsoft ML Buildings', 'license': 'ODbL-1.0', 'record_id': None, 'update_time': '2022-08-04T00:00:00.000Z', 'confidence': None, 'between': None, 'provider': 'microsoft', 'resource': 'ml_buildings', 'version': '2025-02-25'}]", "level": null, "height": 4.8186521530151367, "min_height": null, "is_underground": false, "num_floors": null, "num_floors_underground": null, "min_floor": null, "subtype": null, "class": null, "facade_color": null, "facade_material": null, "roof_material": null, "roof_shape": null, "roof_direction": null, "roof_orientation": null, "roof_color": null, "roof_height": null, "has_parts": false, "version": 2, "bbox": { "xmin": 7.981410980224609, "xmax": 7.981684684753418, "ymin": 47.11724090576172, "ymax": 47.11739730834961 } }, "geometry": { "type": "Polygon", "coordinates": [ [ [ 2641208.13228052854538, 1218631.7826146944426 ], [ 2641193.518893995322287, 1218630.191827140981331 ], [ 2641194.102324272040278, 1218624.83712269528769 ], [ 2641191.561829173006117, 1218624.563857737928629 ], [ 2641192.66344424104318, 1218614.509942721575499 ], [ 2641212.304743448272347, 1218616.646905227564275 ], [ 2641211.640334396623075, 1218622.734816943062469 ], [ 2641209.152884207200259, 1218622.473028956679627 ], [ 2641208.13228052854538, 1218631.7826146944426 ] ] ] } },
{ "type": "Feature", "properties": { "id": "9b19bad6-1bec-4797-a175-45ba3163c7e9", "names": null, "sources": "[{'property': '', 'dataset': 'OpenStreetMap', 'license': 'ODbL-1.0', 'record_id': 'w235509983@2', 'update_time': '2022-05-05T15:11:41.000Z', 'confidence': None, 'between': None, 'provider': 'osm', 'resource': 'planet', 'version': '2026-08-02T00:00:00.000Z'}\n {'property': '/properties/height', 'dataset': 'Microsoft ML Buildings', 'license': 'ODbL-1.0', 'record_id': None, 'update_time': '2022-08-04T00:00:00.000Z', 'confidence': None, 'between': None, 'provider': 'microsoft', 'resource': 'ml_buildings', 'version': '2025-02-25'}]", "level": null, "height": 5.158876895904541, "min_height": null, "is_underground": false, "num_floors": null, "num_floors_underground": null, "min_floor": null, "subtype": null, "class": null, "facade_color": null, "facade_material": null, "roof_material": null, "roof_shape": null, "roof_direction": null, "roof_orientation": null, "roof_color": null, "roof_height": null, "has_parts": false, "version": 2, "bbox": { "xmin": 7.981395721435547, "xmax": 7.981632232666016, "ymin": 47.11751174926758, "ymax": 47.11762619018555 } }, "geometry": { "type": "Polygon", "coordinates": [ [ [ 2641206.901580171659589, 1218657.211430121213198 ], [ 2641190.135033313650638, 1218655.31670439359732 ], [ 2641191.362979141529649, 1218644.552128067938611 ], [ 2641208.129556011874229, 1218646.446857216302305 ], [ 2641206.901580171659589, 1218657.211430121213198 ] ] ] } },
{ "type": "Feature", "properties": { "id": "12d23eda-2cc8-412b-bead-e7ad9dc9ab00", "names": null, "sources": "[{'property': '', 'dataset': 'OpenStreetMap', 'license': 'ODbL-1.0', 'record_id': 'w235509970@2', 'update_time': '2022-05-05T15:11:41.000Z', 'confidence': None, 'between': None, 'provider': 'osm', 'resource': 'planet', 'version': '2026-08-02T00:00:00.000Z'}\n {'property': '/properties/height', 'dataset': 'Microsoft ML Buildings', 'license': 'ODbL-1.0', 'record_id': None, 'update_time': '2022-08-04T00:00:00.000Z', 'confidence': None, 'between': None, 'provider': 'microsoft', 'resource': 'ml_buildings', 'version': '2025-02-25'}]", "level": null, "height": 4.2703638076782227, "min_height": null, "is_underground": false, "num_floors": null, "num_floors_underground": null, "min_floor": null, "subtype": null, "class": null, "facade_color": null, "facade_material": null, "roof_material": null, "roof_shape": null, "roof_direction": null, "roof_orientation": null, "roof_color": null, "roof_height": null, "has_parts": false, "version": 2, "bbox": { "xmin": 7.981825828552246, "xmax": 7.982029438018799, "ymin": 47.11742401123047, "ymax": 47.117530822753906 } }, "geometry": { "type": "Polygon", "coordinates": [ [ [ 2641237.171026591677219, 1218646.781124435830861 ], [ 2641222.891284583136439, 1218645.237043590052053 ], [ 2641223.799514567479491, 1218636.816099700285122 ], [ 2641229.813301721587777, 1218637.45805241423659 ], [ 2641230.080420640762895, 1218635.047356744529679 ], [ 2641238.346475745551288, 1218635.938370215473697 ], [ 2641237.171026591677219, 1218646.781124435830861 ] ] ] } },
{ "type": "Feature", "properties": { "id": "ce871216-c3e3-49ec-89f0-fd60c2ba4fd6", "names": null, "sources": "[{'property': '', 'dataset': 'OpenStreetMap', 'license': 'ODbL-1.0', 'record_id': 'w235509994@2', 'update_time': '2022-05-05T15:11:41.000Z', 'confidence': None, 'between': None, 'provider': 'osm', 'resource': 'planet', 'version': '2026-08-02T00:00:00.000Z'}\n {'property': '/properties/height', 'dataset': 'Microsoft ML Buildings', 'license': 'ODbL-1.0', 'record_id': None, 'update_time': '2022-08-04T00:00:00.000Z', 'confidence': None, 'between': None, 'provider': 'microsoft', 'resource': 'ml_buildings', 'version': '2025-02-25'}]", "level": null, "height": 5.5539336204528809, "min_height": null, "is_underground": false, "num_floors": null, "num_floors_underground": null, "min_floor": null, "subtype": null, "class": null, "facade_color": null, "facade_material": null, "roof_material": null, "roof_shape": null, "roof_direction": null, "roof_orientation": null, "roof_color": null, "roof_height": null, "has_parts": false, "version": 2, "bbox": { "xmin": 7.981772422790527, "xmax": 7.982024192810059, "ymin": 47.11759948730469, "ymax": 47.11777114868164 } }, "geometry": { "type": "Polygon", "coordinates": [ [ [ 2641218.604680995456874, 1218671.389609974808991 ], [ 2641220.756031166762114, 1218654.40550616174005 ], [ 2641237.748543351422995, 1218656.546471261652187 ], [ 2641236.335846649017185, 1218667.676645149476826 ], [ 2641233.560657612513751, 1218667.323914398672059 ], [ 2641233.22370132477954, 1218669.956481189234182 ], [ 2641229.606850130949169, 1218669.497870358638465 ], [ 2641229.197444039396942, 1218672.730292684165761 ], [ 2641218.604680995456874, 1218671.389609974808991 ] ] ] } },
{ "type": "Feature", "properties": { "id": "d548ffa6-5126-4def-94ba-55a48f48d57e", "names": null, "sources": "[{'property': '', 'dataset': 'OpenStreetMap', 'license': 'ODbL-1.0', 'record_id': 'w235509968@2', 'update_time': '2022-06-22T19:23:49.000Z', 'confidence': None, 'between': None, 'provider': 'osm', 'resource': 'planet', 'version': '2026-08-02T00:00:00.000Z'}\n {'property': '/properties/height', 'dataset': 'Microsoft ML Buildings', 'license': 'ODbL-1.0', 'record_id': None, 'update_time': '2022-08-04T00:00:00.000Z', 'confidence': None, 'between': None, 'provider': 'microsoft', 'resource': 'ml_buildings', 'version': '2025-02-25'}]", "level": null, "height": 4.8941454887390137, "min_height": null, "is_underground": false, "num_floors": null, "num_floors_underground": null, "min_floor": null, "subtype": null, "class": null, "facade_color": null, "facade_material": null, "roof_material": null, "roof_shape": null, "roof_direction": null, "roof_orientation": null, "roof_color": null, "roof_height": null, "has_parts": false, "version": 2, "bbox": { "xmin": 7.981016159057617, "xmax": 7.981297016143799, "ymin": 47.11720275878906, "ymax": 47.117431640625 } }, "geometry": { "type": "Polygon", "coordinates": [ [ [ 2641161.837825995869935, 1218620.845316390041262 ], [ 2641165.454865313600749, 1218621.281651623779908 ], [ 2641166.830109085887671, 1218610.06226243218407 ], [ 2641173.806255200877786, 1218610.922041587065905 ], [ 2641173.106782159768045, 1218616.59835975873284 ], [ 2641182.873466403223574, 1218617.788722575874999 ], [ 2641180.992061598692089, 1218633.062575760530308 ], [ 2641171.938214894849807, 1218631.954963759286329 ], [ 2641171.85087077319622, 1218634.711552702588961 ], [ 2641167.220699241384864, 1218633.723448086995631 ], [ 2641164.682292160578072, 1218632.049377459799871 ], [ 2641162.479570148512721, 1218629.021265462972224 ], [ 2641161.586579366587102, 1218625.357371762627736 ], [ 2641161.837825995869935, 1218620.845316390041262 ] ] ] } },
{ "type": "Feature", "properties": { "id": "ee1355e2-efc0-4cb9-8426-c8476a08ef3d", "names": null, "sources": "[{'property': '', 'dataset': 'OpenStreetMap', 'license': 'ODbL-1.0', 'record_id': 'w234342501@2', 'update_time': '2022-05-05T15:11:41.000Z', 'confidence': None, 'between': None, 'provider': 'osm', 'resource': 'planet', 'version': '2026-08-02T00:00:00.000Z'}\n {'property': '/properties/height', 'dataset': 'Microsoft ML Buildings', 'license': 'ODbL-1.0', 'record_id': None, 'update_time': '2022-08-04T00:00:00.000Z', 'confidence': None, 'between': None, 'provider': 'microsoft', 'resource': 'ml_buildings', 'version': '2025-02-25'}]", "level": null, "height": 4.2939786911010742, "min_height": null, "is_underground": false, "num_floors": null, "num_floors_underground": null, "min_floor": null, "subtype": null, "class": null, "facade_color": null, "facade_material": null, "roof_material": null, "roof_shape": null, "roof_direction": null, "roof_orientation": null, "roof_color": null, "roof_height": null, "has_parts": false, "version": 2, "bbox": { "xmin": 7.980323314666748, "xmax": 7.980581283569336, "ymin": 47.117584228515625, "ymax": 47.11777877807617 } }, "geometry": { "type": "Polygon", "coordinates": [ [ [ 2641128.232567882630974, 1218665.973596134921536 ], [ 2641114.494078608695418, 1218672.882970351260155 ], [ 2641110.174087280407548, 1218664.337006182409823 ], [ 2641112.169328798539937, 1218663.339056517928839 ], [ 2641108.732767902780324, 1218656.54466777225025 ], [ 2641117.643032983411103, 1218652.058984896633774 ], [ 2641123.018853251356632, 1218662.669015287188813 ], [ 2641125.836678985971957, 1218661.243154864991084 ], [ 2641128.232567882630974, 1218665.973596134921536 ] ] ] } },
{ "type": "Feature", "properties": { "id": "2f07a5b6-0d9d-44a2-a382-6db347f7d49a", "names": null, "sources": "[{'property': '', 'dataset': 'OpenStreetMap', 'license': 'ODbL-1.0', 'record_id': 'w234342523@2', 'update_time': '2022-05-05T15:11:41.000Z', 'confidence': None, 'between': None, 'provider': 'osm', 'resource': 'planet', 'version': '2026-08-02T00:00:00.000Z'}\n {'property': '/properties/height', 'dataset': 'Microsoft ML Buildings', 'license': 'ODbL-1.0', 'record_id': None, 'update_time': '2022-08-04T00:00:00.000Z', 'confidence': None, 'between': None, 'provider': 'microsoft', 'resource': 'ml_buildings', 'version': '2025-02-25'}]", "level": null, "height": 4.9896636009216309, "min_height": null, "is_underground": false, "num_floors": null, "num_floors_underground": null, "min_floor": null, "subtype": null, "class": null, "facade_color": null, "facade_material": null, "roof_material": null, "roof_shape": null, "roof_direction": null, "roof_orientation": null, "roof_color": null, "roof_height": null, "has_parts": false, "version": 2, "bbox": { "xmin": 7.980574607849121, "xmax": 7.980803966522217, "ymin": 47.11795425415039, "ymax": 47.11811447143555 } }, "geometry": { "type": "Polygon", "coordinates": [ [ [ 2641144.79841723991558, 1218706.834341630805284 ], [ 2641136.70327630545944, 1218710.880901177646592 ], [ 2641134.352484785486013, 1218706.21747340192087 ], [ 2641132.235373658128083, 1218707.28128088824451 ], [ 2641127.518829622771591, 1218697.920973627595231 ], [ 2641135.629235968459398, 1218693.863389256875962 ], [ 2641140.106230420060456, 1218702.743987867143005 ], [ 2641142.208090350031853, 1218701.691195604857057 ], [ 2641144.79841723991558, 1218706.834341630805284 ] ] ] } },
{ "type": "Feature", "properties": { "id": "327b6665-28a4-43ba-9289-8501db3a788c", "names": null, "sources": "[{'property': '', 'dataset': 'OpenStreetMap', 'license': 'ODbL-1.0', 'record_id': 'w234342535@2', 'update_time': '2022-05-05T15:11:41.000Z', 'confidence': None, 'between': None, 'provider': 'osm', 'resource': 'planet', 'version': '2026-08-02T00:00:00.000Z'}\n {'property': '/properties/height', 'dataset': 'Microsoft ML Buildings', 'license': 'ODbL-1.0', 'record_id': None, 'update_time': '2022-08-04T00:00:00.000Z', 'confidence': None, 'between': None, 'provider': 'microsoft', 'resource': 'ml_buildings', 'version': '2025-02-25'}]", "level": null, "height": 4.4608197212219238, "min_height": null, "is_underground": false, "num_floors": null, "num_floors_underground": null, "min_floor": null, "subtype": null, "class": null, "facade_color": null, "facade_material": null, "roof_material": null, "roof_shape": null, "roof_direction": null, "roof_orientation": null, "roof_color": null, "roof_height": null, "has_parts": false, "version": 2, "bbox": { "xmin": 7.98089075088501, "xmax": 7.981192588806152, "ymin": 47.118194580078125, "ymax": 47.118350982666016 } }, "geometry": { "type": "Polygon", "coordinates": [ [ [ 2641165.195911324582994, 1218736.792888505151495 ], [ 2641151.328721342608333, 1218731.582981869578362 ], [ 2641155.611240193713456, 1218720.261366287246346 ], [ 2641174.194164449349046, 1218727.249338364927098 ], [ 2641170.916575813665986, 1218735.909631299087778 ], [ 2641166.20087032020092, 1218734.131578279193491 ], [ 2641165.195911324582994, 1218736.792888505151495 ] ] ] } },
{ "type": "Feature", "properties": { "id": "19a3ce24-c1bd-4f9b-ad2d-d2f93955b27c", "names": null, "sources": "[{'property': '', 'dataset': 'OpenStreetMap', 'license': 'ODbL-1.0', 'record_id': 'w234921297@3', 'update_time': '2022-01-01T11:18:11.000Z', 'confidence': None, 'between': None, 'provider': 'osm', 'resource': 'planet', 'version': '2026-08-02T00:00:00.000Z'}\n {'property': '/properties/height', 'dataset': 'Microsoft ML Buildings', 'license': 'ODbL-1.0', 'record_id': None, 'update_time': '2022-08-04T00:00:00.000Z', 'confidence': None, 'between': None, 'provider': 'microsoft', 'resource': 'ml_buildings', 'version': '2025-02-25'}]", "level": null, "height": 8.2007818222045898, "min_height": null, "is_underground": false, "num_floors": null, "num_floors_underground": null, "min_floor": null, "subtype": null, "class": null, "facade_color": null, "facade_material": null, "roof_material": null, "roof_shape": null, "roof_direction": null, "roof_orientation": null, "roof_color": null, "roof_height": null, "has_parts": false, "version": 2, "bbox": { "xmin": 7.980482578277588, "xmax": 7.981020927429199, "ymin": 47.118717193603516, "ymax": 47.119014739990234 } }, "geometry": { "type": "Polygon", "coordinates": [ [ [ 2641129.544641849584877, 1218807.966958023840562 ], [ 2641119.999336005188525, 1218804.432369861518964 ], [ 2641122.203126462176442, 1218798.499597363872454 ], [ 2641119.848894418217242, 1218797.638408720493317 ], [ 2641122.663387508597225, 1218790.086663539055735 ], [ 2641126.523924103472382, 1218791.514132483163849 ], [ 2641129.044690143316984, 1218784.738603545818478 ], [ 2641133.117173489648849, 1218786.245363296475261 ], [ 2641135.88531277095899, 1218778.815599337685853 ], [ 2641145.695639141835272, 1218782.440983824431896 ], [ 2641143.924917686264962, 1218787.198259429074824 ], [ 2641149.549151057377458, 1218789.282745924778283 ], [ 2641147.855696239508688, 1218793.840435029705986 ], [ 2641154.676007566973567, 1218796.355657121865079 ], [ 2641153.245629928074777, 1218800.181392146740109 ], [ 2641160.588164249435067, 1218802.900345763890073 ], [ 2641157.518291580025107, 1218811.161843738518655 ], [ 2641143.181389248464257, 1218805.859768927795812 ], [ 2641144.89024465251714, 1218801.268831599038094 ], [ 2641136.979935848619789, 1218798.345859816530719 ], [ 2641135.580461632460356, 1218802.093988315435126 ], [ 2641132.196789471898228, 1218800.847687700763345 ], [ 2641129.544641849584877, 1218807.966958023840562 ] ] ] } },
{ "type": "Feature", "properties": { "id": "8698588d-8160-4ab4-b545-ed1a98f77bb7", "names": null, "sources": "[{'property': '', 'dataset': 'OpenStreetMap', 'license': 'ODbL-1.0', 'record_id': 'w234342506@2', 'update_time': '2022-05-05T15:11:41.000Z', 'confidence': None, 'between': None, 'provider': 'osm', 'resource': 'planet', 'version': '2026-08-02T00:00:00.000Z'}\n {'property': '/properties/height', 'dataset': 'Microsoft ML Buildings', 'license': 'ODbL-1.0', 'record_id': None, 'update_time': '2022-08-04T00:00:00.000Z', 'confidence': None, 'between': None, 'provider': 'microsoft', 'resource': 'ml_buildings', 'version': '2025-02-25'}]", "level": null, "height": 5.0468902587890625, "min_height": null, "is_underground": false, "num_floors": null, "num_floors_underground": null, "min_floor": null, "subtype": null, "class": null, "facade_color": null, "facade_material": null, "roof_material": null, "roof_shape": null, "roof_direction": null, "roof_orientation": null, "roof_color": null, "roof_height": null, "has_parts": false, "version": 2, "bbox": { "xmin": 7.981196403503418, "xmax": 7.981452941894531, "ymin": 47.11856460571289, "ymax": 47.11870574951172 } }, "geometry": { "type": "Polygon", "coordinates": [ [ [ 2641187.097752898465842, 1218776.356491148239002 ], [ 2641174.256203671451658, 1218772.098623167490587 ], [ 2641177.813283091876656, 1218761.427956256084144 ], [ 2641193.683479676954448, 1218766.696239670272917 ], [ 2641190.862662325147539, 1218775.14844274148345 ], [ 2641187.841551289893687, 1218774.149205937981606 ], [ 2641187.097752898465842, 1218776.356491148239002 ] ] ] } },
{ "type": "Feature", "properties": { "id": "7ebb0125-f137-453e-b292-9f98e376be39", "names": null, "sources": "[{'property': '', 'dataset': 'OpenStreetMap', 'license': 'ODbL-1.0', 'record_id': 'w234342534@3', 'update_time': '2022-05-05T15:11:41.000Z', 'confidence': None, 'between': None, 'provider': 'osm', 'resource': 'planet', 'version': '2026-08-02T00:00:00.000Z'}\n {'property': '/properties/height', 'dataset': 'Microsoft ML Buildings', 'license': 'ODbL-1.0', 'record_id': None, 'update_time': '2022-08-04T00:00:00.000Z', 'confidence': None, 'between': None, 'provider': 'microsoft', 'resource': 'ml_buildings', 'version': '2025-02-25'}]", "level": null, "height": 4.5336227416992188, "min_height": null, "is_underground": false, "num_floors": null, "num_floors_underground": null, "min_floor": null, "subtype": null, "class": null, "facade_color": null, "facade_material": null, "roof_material": null, "roof_shape": null, "roof_direction": null, "roof_orientation": null, "roof_color": null, "roof_height": null, "has_parts": false, "version": 2, "bbox": { "xmin": 7.981588840484619, "xmax": 7.981804847717285, "ymin": 47.1186408996582, "ymax": 47.118797302246094 } }, "geometry": { "type": "Polygon", "coordinates": [ [ [ 2641216.626807746477425, 1218787.300331781385466 ], [ 2641203.952253027353436, 1218783.043554125353694 ], [ 2641207.4308797349222, 1218772.750364297069609 ], [ 2641209.982414205558598, 1218773.612951746908948 ], [ 2641211.175433879252523, 1218770.09688509744592 ], [ 2641217.429441811982542, 1218772.196907961275429 ], [ 2641216.414340414106846, 1218775.225024292943999 ], [ 2641220.268198603764176, 1218776.519095349824056 ], [ 2641216.626807746477425, 1218787.300331781385466 ] ] ] } },
{ "type": "Feature", "properties": { "id": "e0342e37-16fd-4cb1-a7a3-129a0e57707b", "names": null, "sources": "[{'property': '', 'dataset': 'OpenStreetMap', 'license': 'ODbL-1.0', 'record_id': 'w234342521@2', 'update_time': '2022-05-05T15:11:41.000Z', 'confidence': None, 'between': None, 'provider': 'osm', 'resource': 'planet', 'version': '2026-08-02T00:00:00.000Z'}\n {'property': '/properties/height', 'dataset': 'Microsoft ML Buildings', 'license': 'ODbL-1.0', 'record_id': None, 'update_time': '2022-08-04T00:00:00.000Z', 'confidence': None, 'between': None, 'provider': 'microsoft', 'resource': 'ml_buildings', 'version': '2025-02-25'}]", "level": null, "height": 3.8550176620483398, "min_height": null, "is_underground": false, "num_floors": null, "num_floors_underground": null, "min_floor": null, "subtype": null, "class": null, "facade_color": null, "facade_material": null, "roof_material": null, "roof_shape": null, "roof_direction": null, "roof_orientation": null, "roof_color": null, "roof_height": null, "has_parts": false, "version": 2, "bbox": { "xmin": 7.982213973999023, "xmax": 7.982426166534424, "ymin": 47.118568420410156, "ymax": 47.11869812011719 } }, "geometry": { "type": "Polygon", "coordinates": [ [ [ 2641264.176581538747996, 1218776.756216366076842 ], [ 2641251.426304916385561, 1218772.476577921072021 ], [ 2641254.804289551917464, 1218762.482897156616673 ], [ 2641267.547073620837182, 1218766.751373024657369 ], [ 2641264.176581538747996, 1218776.756216366076842 ] ] ] } },
{ "type": "Feature", "properties": { "id": "81ee98b0-2fa8-48b7-bcae-a9e2f7ba32a1", "names": null, "sources": "[{'property': '', 'dataset': 'OpenStreetMap', 'license': 'ODbL-1.0', 'record_id': 'w234342536@2', 'update_time': '2022-05-05T15:11:41.000Z', 'confidence': None, 'between': None, 'provider': 'osm', 'resource': 'planet', 'version': '2026-08-02T00:00:00.000Z'}\n {'property': '/properties/height', 'dataset': 'Microsoft ML Buildings', 'license': 'ODbL-1.0', 'record_id': None, 'update_time': '2022-08-04T00:00:00.000Z', 'confidence': None, 'between': None, 'provider': 'microsoft', 'resource': 'ml_buildings', 'version': '2025-02-25'}]", "level": null, "height": 4.622251033782959, "min_height": null, "is_underground": false, "num_floors": null, "num_floors_underground": null, "min_floor": null, "subtype": null, "class": null, "facade_color": null, "facade_material": null, "roof_material": null, "roof_shape": null, "roof_direction": null, "roof_orientation": null, "roof_color": null, "roof_height": null, "has_parts": false, "version": 2, "bbox": { "xmin": 7.982068061828613, "xmax": 7.982292652130127, "ymin": 47.11880874633789, "ymax": 47.11894226074219 } }, "geometry": { "type": "Polygon", "coordinates": [ [ [ 2641254.203470874577761, 1218803.236282689962536 ], [ 2641240.156051707919687, 1218798.880983360577375 ], [ 2641243.120755052193999, 1218789.384733263636008 ], [ 2641257.160605985671282, 1218793.739986981730908 ], [ 2641254.203470874577761, 1218803.236282689962536 ] ] ] } },
{ "type": "Feature", "properties": { "id": "5cc6cff8-677a-47d1-b20d-8f8bf6ac7a2c", "names": null, "sources": "[{'property': '', 'dataset': 'OpenStreetMap', 'license': 'ODbL-1.0', 'record_id': 'w234342505@3', 'update_time': '2022-05-05T15:11:41.000Z', 'confidence': None, 'between': None, 'provider': 'osm', 'resource': 'planet', 'version': '2026-08-02T00:00:00.000Z'}\n {'property': '/properties/height', 'dataset': 'Microsoft ML Buildings', 'license': 'ODbL-1.0', 'record_id': None, 'update_time': '2022-08-04T00:00:00.000Z', 'confidence': None, 'between': None, 'provider': 'microsoft', 'resource': 'ml_buildings', 'version': '2025-02-25'}]", "level": null, "height": 5.0758304595947266, "min_height": null, "is_underground": false, "num_floors": null, "num_floors_underground": null, "min_floor": null, "subtype": null, "class": null, "facade_color": null, "facade_material": null, "roof_material": null, "roof_shape": null, "roof_direction": null, "roof_orientation": null, "roof_color": null, "roof_height": null, "has_parts": false, "version": 2, "bbox": { "xmin": 7.981975078582764, "xmax": 7.982198238372803, "ymin": 47.118995666503906, "ymax": 47.1191291809082 } }, "geometry": { "type": "Polygon", "coordinates": [ [ [ 2641243.484980307519436, 1218824.485882015898824 ], [ 2641232.953788900282234, 1218820.866465786006302 ], [ 2641236.56229706062004, 1218810.451895654899999 ], [ 2641249.864469743333757, 1218815.024383270181715 ], [ 2641247.146323623135686, 1218822.888032503891736 ], [ 2641244.367773380130529, 1218821.934916178463027 ], [ 2641243.484980307519436, 1218824.485882015898824 ] ] ] } },
{ "type": "Feature", "properties": { "id": "d2a2184e-4997-4d9f-a756-321321f18ff5", "names": null, "sources": "[{'property': '', 'dataset': 'OpenStreetMap', 'license': 'ODbL-1.0', 'record_id': 'w234342509@3', 'update_time': '2022-05-05T15:11:41.000Z', 'confidence': None, 'between': None, 'provider': 'osm', 'resource': 'planet', 'version': '2026-08-02T00:00:00.000Z'}\n {'property': '/properties/height', 'dataset': 'Microsoft ML Buildings', 'license': 'ODbL-1.0', 'record_id': None, 'update_time': '2022-08-04T00:00:00.000Z', 'confidence': None, 'between': None, 'provider': 'microsoft', 'resource': 'ml_buildings', 'version': '2025-02-25'}]", "level": null, "height": 9.8243379592895508, "min_height": null, "is_underground": false, "num_floors": null, "num_floors_underground": null, "min_floor": null, "subtype": null, "class": null, "facade_color": null, "facade_material": null, "roof_material": null, "roof_shape": null, "roof_direction": null, "roof_orientation": null, "roof_color": null, "roof_height": null, "has_parts": false, "version": 2, "bbox": { "xmin": 7.982434272766113, "xmax": 7.982684135437012, "ymin": 47.1190185546875, "ymax": 47.11921691894531 } }, "geometry": { "type": "Polygon", "coordinates": [ [ [ 2641280.593711723573506, 1218834.526374967303127 ], [ 2641267.785633476451039, 1218829.846061901655048 ], [ 2641273.911576210521162, 1218813.167435206938535 ], [ 2641286.719685814343393, 1218817.847761303884909 ], [ 2641280.593711723573506, 1218834.526374967303127 ] ] ] } },
{ "type": "Feature", "properties": { "id": "a19bb6db-25ae-4749-9baf-3e172d11440b", "names": null, "sources": "[{'property': '', 'dataset': 'OpenStreetMap', 'license': 'ODbL-1.0', 'record_id': 'w234342508@3', 'update_time': '2022-05-05T15:11:41.000Z', 'confidence': None, 'between': None, 'provider': 'osm', 'resource': 'planet', 'version': '2026-08-02T00:00:00.000Z'}\n {'property': '/properties/height', 'dataset': 'Microsoft ML Buildings', 'license': 'ODbL-1.0', 'record_id': None, 'update_time': '2022-08-04T00:00:00.000Z', 'confidence': None, 'between': None, 'provider': 'microsoft', 'resource': 'ml_buildings', 'version': '2025-02-25'}]", "level": null, "height": 4.7804880142211914, "min_height": null, "is_underground": false, "num_floors": null, "num_floors_underground": null, "min_floor": null, "subtype": null, "class": null, "facade_color": null, "facade_material": null, "roof_material": null, "roof_shape": null, "roof_direction": null, "roof_orientation": null, "roof_color": null, "roof_height": null, "has_parts": false, "version": 2, "bbox": { "xmin": 7.981532096862793, "xmax": 7.981721878051758, "ymin": 47.11884307861328, "ymax": 47.11901092529297 } }, "geometry": { "type": "Polygon", "coordinates": [ [ [ 2641204.682645180262625, 1218805.828801307361573 ], [ 2641199.457876552827656, 1218804.147261388599873 ], [ 2641203.195669615175575, 1218792.588440751424059 ], [ 2641213.834476626012474, 1218796.019546624040231 ], [ 2641208.925880848895758, 1218811.17240547738038 ], [ 2641203.519375815987587, 1218809.434016827959567 ], [ 2641204.682645180262625, 1218805.828801307361573 ] ] ] } },
{ "type": "Feature", "properties": { "id": "d24f035c-b156-4ca2-9aeb-56bd7ef79d14", "names": null, "sources": "[{'property': '', 'dataset': 'Microsoft ML Buildings', 'license': 'ODbL-1.0', 'record_id': None, 'update_time': '2022-08-04T00:00:00.000Z', 'confidence': None, 'between': None, 'provider': 'microsoft', 'resource': 'ml_buildings', 'version': '2025-02-25'}]", "level": null, "height": 2.0819046497344971, "min_height": null, "is_underground": false, "num_floors": null, "num_floors_underground": null, "min_floor": null, "subtype": null, "class": null, "facade_color": null, "facade_material": null, "roof_material": null, "roof_shape": null, "roof_direction": null, "roof_orientation": null, "roof_color": null, "roof_height": null, "has_parts": false, "version": 3, "bbox": { "xmin": 7.980003356933594, "xmax": 7.9801154136657715, "ymin": 47.119258880615234, "ymax": 47.119354248046875 } }, "geometry": { "type": "Polygon", "coordinates": [ [ [ 2641083.206909416709095, 1218845.325309976469725 ], [ 2641086.151644340250641, 1218838.686097585596144 ], [ 2641091.614266029093415, 1218841.091829395387322 ], [ 2641088.669526144396514, 1218847.731039117090404 ], [ 2641083.206909416709095, 1218845.325309976469725 ] ] ] } },
{ "type": "Feature", "properties": { "id": "15decb07-65cc-43fa-9a48-76427d1c38b6", "names": null, "sources": "[{'property': '', 'dataset': 'OpenStreetMap', 'license': 'ODbL-1.0', 'record_id': 'w234919767@2', 'update_time': '2022-01-01T11:18:11.000Z', 'confidence': None, 'between': None, 'provider': 'osm', 'resource': 'planet', 'version': '2026-08-02T00:00:00.000Z'}\n {'property': '/properties/height', 'dataset': 'Microsoft ML Buildings', 'license': 'ODbL-1.0', 'record_id': None, 'update_time': '2022-08-04T00:00:00.000Z', 'confidence': None, 'between': None, 'provider': 'microsoft', 'resource': 'ml_buildings', 'version': '2025-02-25'}]", "level": null, "height": 5.9252829551696777, "min_height": null, "is_underground": false, "num_floors": null, "num_floors_underground": null, "min_floor": null, "subtype": null, "class": null, "facade_color": null, "facade_material": null, "roof_material": null, "roof_shape": null, "roof_direction": null, "roof_orientation": null, "roof_color": null, "roof_height": null, "has_parts": false, "version": 2, "bbox": { "xmin": 7.98011589050293, "xmax": 7.980409622192383, "ymin": 47.119232177734375, "ymax": 47.119407653808594 } }, "geometry": { "type": "Polygon", "coordinates": [ [ [ 2641111.640225862618536, 1218854.471127263270319 ], [ 2641091.681799822952598, 1218846.70674086175859 ], [ 2641095.94595843879506, 1218835.818545289104804 ], [ 2641105.906222134828568, 1218839.700606335652992 ], [ 2641103.95181344030425, 1218844.690099233528599 ], [ 2641113.949923172593117, 1218848.583552666474134 ], [ 2641111.640225862618536, 1218854.471127263270319 ] ] ] } },
{ "type": "Feature", "properties": { "id": "e30222f7-f2dd-4222-9a11-8dce8286f959", "names": null, "sources": "[{'property': '', 'dataset': 'OpenStreetMap', 'license': 'ODbL-1.0', 'record_id': 'w234919740@2', 'update_time': '2022-01-01T11:18:11.000Z', 'confidence': None, 'between': None, 'provider': 'osm', 'resource': 'planet', 'version': '2026-08-02T00:00:00.000Z'}\n {'property': '/properties/height', 'dataset': 'Microsoft ML Buildings', 'license': 'ODbL-1.0', 'record_id': None, 'update_time': '2022-08-04T00:00:00.000Z', 'confidence': None, 'between': None, 'provider': 'microsoft', 'resource': 'ml_buildings', 'version': '2025-02-25'}]", "level": null, "height": 3.6142616271972656, "min_height": null, "is_underground": false, "num_floors": null, "num_floors_underground": null, "min_floor": null, "subtype": null, "class": null, "facade_color": null, "facade_material": null, "roof_material": null, "roof_shape": null, "roof_direction": null, "roof_orientation": null, "roof_color": null, "roof_height": null, "has_parts": false, "version": 2, "bbox": { "xmin": 7.979624271392822, "xmax": 7.980030536651611, "ymin": 47.119083404541016, "ymax": 47.11933135986328 } }, "geometry": { "type": "Polygon", "coordinates": [ [ [ 2641078.672171007841825, 1218845.927763803862035 ], [ 2641054.449035505764186, 1218835.910568605177104 ], [ 2641057.134429106488824, 1218829.458556945668533 ], [ 2641071.671338109765202, 1218835.473336479859427 ], [ 2641078.438996390905231, 1218819.19917190214619 ], [ 2641085.355583337601274, 1218822.059627340408042 ], [ 2641078.819474035408348, 1218837.768376696621999 ], [ 2641081.589074979070574, 1218838.921472791349515 ], [ 2641078.672171007841825, 1218845.927763803862035 ] ] ] } },
{ "type": "Feature", "properties": { "id": "4cb17693-a98e-40e3-b955-845dabea8de9", "names": null, "sources": "[{'property': '', 'dataset': 'OpenStreetMap', 'license': 'ODbL-1.0', 'record_id': 'w234921291@3', 'update_time': '2022-01-01T11:18:11.000Z', 'confidence': None, 'between': None, 'provider': 'osm', 'resource': 'planet', 'version': '2026-08-02T00:00:00.000Z'}\n {'property': '/properties/height', 'dataset': 'Microsoft ML Buildings', 'license': 'ODbL-1.0', 'record_id': None, 'update_time': '2022-08-04T00:00:00.000Z', 'confidence': None, 'between': None, 'provider': 'microsoft', 'resource': 'ml_buildings', 'version': '2025-02-25'}]", "level": null, "height": 5.3278775215148926, "min_height": null, "is_underground": false, "num_floors": null, "num_floors_underground": null, "min_floor": null, "subtype": null, "class": null, "facade_color": null, "facade_material": null, "roof_material": null, "roof_shape": null, "roof_direction": null, "roof_orientation": null, "roof_color": null, "roof_height": null, "has_parts": false, "version": 2, "bbox": { "xmin": 7.97951602935791, "xmax": 7.980648994445801, "ymin": 47.118309020996094, "ymax": 47.1188850402832 } }, "geometry": { "type": "Polygon", "coordinates": [ [ [ 2641058.397214098833501, 1218782.750624528154731 ], [ 2641046.676794197876006, 1218778.778698390349746 ], [ 2641053.113209005445242, 1218759.911798811750486 ], [ 2641084.428297448437661, 1218770.522633747197688 ], [ 2641097.371102324221283, 1218732.589286232599989 ], [ 2641109.651840741746128, 1218736.754177199443802 ], [ 2641101.89846838824451, 1218759.480898319277912 ], [ 2641098.968322138767689, 1218758.493451829999685 ], [ 2641093.995601136237383, 1218773.078957009362057 ], [ 2641113.627964106854051, 1218779.740445531904697 ], [ 2641119.181612260174006, 1218763.457953884964809 ], [ 2641132.613139540888369, 1218768.008834570413455 ], [ 2641129.994931325316429, 1218775.706459640758112 ], [ 2641127.004318593069911, 1218774.685228831600398 ], [ 2641125.749643269460648, 1218778.345416894415393 ], [ 2641122.092687480617315, 1218777.108354253694415 ], [ 2641115.725749328266829, 1218795.775541667593643 ], [ 2641073.750486017670482, 1218781.544518066570163 ], [ 2641075.067216859199107, 1218777.684628060553223 ], [ 2641073.045644616242498, 1218777.003634003689513 ], [ 2641072.0056256451644, 1218779.253362883348018 ], [ 2641069.762996701523662, 1218780.916684064082801 ], [ 2641067.067189971450716, 1218781.164934077765793 ], [ 2641059.744978551752865, 1218778.790885554160923 ], [ 2641058.397214098833501, 1218782.750624528154731 ] ] ] } },
{ "type": "Feature", "properties": { "id": "d91337a3-aeef-441e-8525-1994033bdad8", "names": null, "sources": "[{'property': '', 'dataset': 'OpenStreetMap', 'license': 'ODbL-1.0', 'record_id': 'w234921294@3', 'update_time': '2022-01-01T11:18:11.000Z', 'confidence': None, 'between': None, 'provider': 'osm', 'resource': 'planet', 'version': '2026-08-02T00:00:00.000Z'}\n {'property': '/properties/height', 'dataset': 'Microsoft ML Buildings', 'license': 'ODbL-1.0', 'record_id': None, 'update_time': '2022-08-04T00:00:00.000Z', 'confidence': None, 'between': None, 'provider': 'microsoft', 'resource': 'ml_buildings', 'version': '2025-02-25'}]", "level": null, "height": 8.9977359771728516, "min_height": null, "is_underground": false, "num_floors": null, "num_floors_underground": null, "min_floor": null, "subtype": null, "class": null, "facade_color": null, "facade_material": null, "roof_material": null, "roof_shape": null, "roof_direction": null, "roof_orientation": null, "roof_color": null, "roof_height": null, "has_parts": false, "version": 2, "bbox": { "xmin": 7.979771137237549, "xmax": 7.980057239532471, "ymin": 47.1179084777832, "ymax": 47.11810302734375 } }, "geometry": { "type": "Polygon", "coordinates": [ [ [ 2641072.677813253831118, 1218707.037337471731007 ], [ 2641066.50370447197929, 1218703.237008549040183 ], [ 2641069.972240671515465, 1218691.075896396534517 ], [ 2641077.325352842453867, 1218687.880196158308536 ], [ 2641088.267512703314424, 1218693.581178718712181 ], [ 2641087.623092204798013, 1218700.091715129325166 ], [ 2641083.892499055247754, 1218701.822597826132551 ], [ 2641084.701206391211599, 1218705.608194048050791 ], [ 2641081.925575184635818, 1218708.624197418335825 ], [ 2641077.775916010607034, 1218708.395478311926126 ], [ 2641075.662328320555389, 1218705.645955175394192 ], [ 2641072.677813253831118, 1218707.037337471731007 ] ] ] } },
{ "type": "Feature", "properties": { "id": "70f2d670-d457-4dcc-9568-7c7a5f69008b", "names": null, "sources": "[{'property': '', 'dataset': 'Microsoft ML Buildings', 'license': 'ODbL-1.0', 'record_id': None, 'update_time': '2022-08-04T00:00:00.000Z', 'confidence': None, 'between': None, 'provider': 'microsoft', 'resource': 'ml_buildings', 'version': '2025-02-25'}]", "level": null, "height": 1.6589018106460571, "min_height": null, "is_underground": false, "num_floors": null, "num_floors_underground": null, "min_floor": null, "subtype": null, "class": null, "facade_color": null, "facade_material": null, "roof_material": null, "roof_shape": null, "roof_direction": null, "roof_orientation": null, "roof_color": null, "roof_height": null, "has_parts": false, "version": 3, "bbox": { "xmin": 7.981034278869629, "xmax": 7.981144428253174, "ymin": 47.1169319152832, "ymax": 47.117042541503906 } }, "geometry": { "type": "Polygon", "coordinates": [ [ [ 2641163.157008524052799, 1218590.269606221001595 ], [ 2641167.163209920283407, 1218580.513690161285922 ], [ 2641171.537537165917456, 1218582.289384482195601 ], [ 2641167.53125294810161, 1218592.056414814200252 ], [ 2641163.157008524052799, 1218590.269606221001595 ] ] ] } },
{ "type": "Feature", "properties": { "id": "610206d5-5d9d-452f-a50a-1996b3094ab6", "names": null, "sources": "[{'property': '', 'dataset': 'OpenStreetMap', 'license': 'ODbL-1.0', 'record_id': 'w235509980@2', 'update_time': '2022-05-05T15:11:41.000Z', 'confidence': None, 'between': None, 'provider': 'osm', 'resource': 'planet', 'version': '2026-08-02T00:00:00.000Z'}\n {'property': '/properties/height', 'dataset': 'Microsoft ML Buildings', 'license': 'ODbL-1.0', 'record_id': None, 'update_time': '2022-08-04T00:00:00.000Z', 'confidence': None, 'between': None, 'provider': 'microsoft', 'resource': 'ml_buildings', 'version': '2025-02-25'}]", "level": null, "height": 5.6012287139892578, "min_height": null, "is_underground": false, "num_floors": null, "num_floors_underground": null, "min_floor": null, "subtype": null, "class": null, "facade_color": null, "facade_material": null, "roof_material": null, "roof_shape": null, "roof_direction": null, "roof_orientation": null, "roof_color": null, "roof_height": null, "has_parts": false, "version": 2, "bbox": { "xmin": 7.9811201095581055, "xmax": 7.9814453125, "ymin": 47.11677169799805, "ymax": 47.11703872680664 } }, "geometry": { "type": "Polygon", "coordinates": [ [ [ 2641194.378484352491796, 1218583.781326632481068 ], [ 2641182.310804421082139, 1218591.58039174368605 ], [ 2641169.785080962814391, 1218572.304694259772077 ], [ 2641184.536142664961517, 1218562.778664094861597 ], [ 2641191.94796510739252, 1218574.181063174502924 ], [ 2641189.272120485082269, 1218575.919169444357976 ], [ 2641194.378484352491796, 1218583.781326632481068 ] ] ] } },
{ "type": "Feature", "properties": { "id": "8a8b93b6-66fa-4c11-a86e-2b6818aba494", "names": null, "sources": "[{'property': '', 'dataset': 'Microsoft ML Buildings', 'license': 'ODbL-1.0', 'record_id': None, 'update_time': '2022-08-04T00:00:00.000Z', 'confidence': None, 'between': None, 'provider': 'microsoft', 'resource': 'ml_buildings', 'version': '2025-02-25'}]", "level": null, "height": 3.7633872032165527, "min_height": null, "is_underground": false, "num_floors": null, "num_floors_underground": null, "min_floor": null, "subtype": null, "class": null, "facade_color": null, "facade_material": null, "roof_material": null, "roof_shape": null, "roof_direction": null, "roof_orientation": null, "roof_color": null, "roof_height": null, "has_parts": false, "version": 3, "bbox": { "xmin": 7.981249809265137, "xmax": 7.981381893157959, "ymin": 47.11656951904297, "ymax": 47.11667251586914 } }, "geometry": { "type": "Polygon", "coordinates": [ [ [ 2641186.454320279415697, 1218550.973793342942372 ], [ 2641179.793337587732822, 1218548.426285557914525 ], [ 2641183.139569645281881, 1218539.733121191849932 ], [ 2641189.792971765622497, 1218542.280580231454223 ], [ 2641186.454320279415697, 1218550.973793342942372 ] ] ] } },
{ "type": "Feature", "properties": { "id": "e0806541-5ef6-457a-aaec-88c5b44aaed0", "names": null, "sources": "[{'property': '', 'dataset': 'OpenStreetMap', 'license': 'ODbL-1.0', 'record_id': 'w235513452@2', 'update_time': '2022-05-05T15:11:41.000Z', 'confidence': None, 'between': None, 'provider': 'osm', 'resource': 'planet', 'version': '2026-08-02T00:00:00.000Z'}\n {'property': '/properties/height', 'dataset': 'Microsoft ML Buildings', 'license': 'ODbL-1.0', 'record_id': None, 'update_time': '2022-08-04T00:00:00.000Z', 'confidence': None, 'between': None, 'provider': 'microsoft', 'resource': 'ml_buildings', 'version': '2025-02-25'}]", "level": null, "height": 7.264775276184082, "min_height": null, "is_underground": false, "num_floors": null, "num_floors_underground": null, "min_floor": null, "subtype": null, "class": null, "facade_color": null, "facade_material": null, "roof_material": null, "roof_shape": null, "roof_direction": null, "roof_orientation": null, "roof_color": null, "roof_height": null, "has_parts": false, "version": 2, "bbox": { "xmin": 7.981509685516357, "xmax": 7.981845378875732, "ymin": 47.11638259887695, "ymax": 47.116554260253906 } }, "geometry": { "type": "Polygon", "coordinates": [ [ [ 2641212.609757338650525, 1218536.31244136672467 ], [ 2641212.973552140872926, 1218533.090821128571406 ], [ 2641199.63417800096795, 1218531.608889036346227 ], [ 2641201.00139650516212, 1218519.366624546470121 ], [ 2641212.384225880727172, 1218520.634912333451211 ], [ 2641212.060604714322835, 1218523.534396742703393 ], [ 2641225.134533925913274, 1218524.992285213666037 ], [ 2641223.727169217541814, 1218537.545562834711745 ], [ 2641212.609757338650525, 1218536.31244136672467 ] ] ] } },
{ "type": "Feature", "properties": { "id": "82f0f0d9-d5f0-4347-ad4d-8e967bb461e9", "names": null, "sources": "[{'property': '', 'dataset': 'OpenStreetMap', 'license': 'ODbL-1.0', 'record_id': 'w235509993@2', 'update_time': '2022-05-05T15:11:41.000Z', 'confidence': None, 'between': None, 'provider': 'osm', 'resource': 'planet', 'version': '2026-08-02T00:00:00.000Z'}\n {'property': '/properties/height', 'dataset': 'Microsoft ML Buildings', 'license': 'ODbL-1.0', 'record_id': None, 'update_time': '2022-08-04T00:00:00.000Z', 'confidence': None, 'between': None, 'provider': 'microsoft', 'resource': 'ml_buildings', 'version': '2025-02-25'}]", "level": null, "height": 6.2754640579223633, "min_height": null, "is_underground": false, "num_floors": null, "num_floors_underground": null, "min_floor": null, "subtype": null, "class": null, "facade_color": null, "facade_material": null, "roof_material": null, "roof_shape": null, "roof_direction": null, "roof_orientation": null, "roof_color": null, "roof_height": null, "has_parts": false, "version": 2, "bbox": { "xmin": 7.981836795806885, "xmax": 7.98209810256958, "ymin": 47.11684036254883, "ymax": 47.117122650146484 } }, "geometry": { "type": "Polygon", "coordinates": [ [ [ 2641231.780545857734978, 1218601.016685560112819 ], [ 2641224.097663203720003, 1218591.513489251025021 ], [ 2641228.316924426704645, 1218588.274065569974482 ], [ 2641228.905849436763674, 1218582.130045320605859 ], [ 2641226.242063619662076, 1218578.831895670853555 ], [ 2641236.239592923782766, 1218570.79624273814261 ], [ 2641243.877411670051515, 1218580.232436190824956 ], [ 2641239.260206236038357, 1218583.947157101240009 ], [ 2641238.59874026896432, 1218590.702148617710918 ], [ 2641240.969085893593729, 1218593.631389136658981 ], [ 2641231.780545857734978, 1218601.016685560112819 ] ] ] } },
{ "type": "Feature", "properties": { "id": "f13585b5-7717-455c-be72-7d2ecbe18dc2", "names": null, "sources": "[{'property': '', 'dataset': 'OpenStreetMap', 'license': 'ODbL-1.0', 'record_id': 'w235509992@2', 'update_time': '2022-05-05T15:11:41.000Z', 'confidence': None, 'between': None, 'provider': 'osm', 'resource': 'planet', 'version': '2026-08-02T00:00:00.000Z'}\n {'property': '/properties/height', 'dataset': 'Microsoft ML Buildings', 'license': 'ODbL-1.0', 'record_id': None, 'update_time': '2022-08-04T00:00:00.000Z', 'confidence': None, 'between': None, 'provider': 'microsoft', 'resource': 'ml_buildings', 'version': '2025-02-25'}]", "level": null, "height": 5.4155526161193848, "min_height": null, "is_underground": false, "num_floors": null, "num_floors_underground": null, "min_floor": null, "subtype": null, "class": null, "facade_color": null, "facade_material": null, "roof_material": null, "roof_shape": null, "roof_direction": null, "roof_orientation": null, "roof_color": null, "roof_height": null, "has_parts": false, "version": 2, "bbox": { "xmin": 7.982445240020752, "xmax": 7.982664108276367, "ymin": 47.1168098449707, "ymax": 47.11701583862305 } }, "geometry": { "type": "Polygon", "coordinates": [ [ [ 2641285.961626252159476, 1218589.840433920035139 ], [ 2641270.302197959739715, 1218588.053211874095723 ], [ 2641271.925712934229523, 1218573.889372021192685 ], [ 2641273.965589337516576, 1218574.125851362477988 ], [ 2641274.700599708128721, 1218567.716022029751912 ], [ 2641281.662064996082336, 1218568.509119403082877 ], [ 2641280.951276846695691, 1218574.707879188703373 ], [ 2641284.227220275904983, 1218575.086335526779294 ], [ 2641283.508225238416344, 1218581.373979952186346 ], [ 2641286.882820503320545, 1218581.753121071727946 ], [ 2641285.961626252159476, 1218589.840433920035139 ] ] ] } },
{ "type": "Feature", "properties": { "id": "f7ac0dd5-10f5-45a0-b89a-cf8a03a1b8d7", "names": null, "sources": "[{'property': '', 'dataset': 'OpenStreetMap', 'license': 'ODbL-1.0', 'record_id': 'w1057658144@1', 'update_time': '2022-05-05T15:11:40.000Z', 'confidence': None, 'between': None, 'provider': 'osm', 'resource': 'planet', 'version': '2026-08-02T00:00:00.000Z'}]", "level": null, "height": null, "min_height": null, "is_underground": false, "num_floors": null, "num_floors_underground": null, "min_floor": null, "subtype": null, "class": null, "facade_color": null, "facade_material": null, "roof_material": null, "roof_shape": null, "roof_direction": null, "roof_orientation": null, "roof_color": null, "roof_height": null, "has_parts": false, "version": 1, "bbox": { "xmin": 7.982490062713623, "xmax": 7.982666492462158, "ymin": 47.1164436340332, "ymax": 47.11652374267578 } }, "geometry": { "type": "Polygon", "coordinates": [ [ [ 2641274.929238786920905, 1218527.026786010479555 ], [ 2641276.544303003232926, 1218527.238088972400874 ], [ 2641287.372183652594686, 1218528.636089941021055 ], [ 2641286.530293939169496, 1218535.134118675254285 ], [ 2641276.218012207653373, 1218533.806395906489342 ], [ 2641274.087285487446934, 1218533.535933668026701 ], [ 2641274.929238786920905, 1218527.026786010479555 ] ] ] } },
{ "type": "Feature", "properties": { "id": "3d16d41e-3af3-49d4-b74a-3b9e169e47d2", "names": null, "sources": "[{'property': '', 'dataset': 'OpenStreetMap', 'license': 'ODbL-1.0', 'record_id': 'w235513478@3', 'update_time': '2025-07-16T16:03:06.000Z', 'confidence': None, 'between': None, 'provider': 'osm', 'resource': 'planet', 'version': '2026-08-02T00:00:00.000Z'}\n {'property': '/properties/height', 'dataset': 'Microsoft ML Buildings', 'license': 'ODbL-1.0', 'record_id': None, 'update_time': '2022-08-04T00:00:00.000Z', 'confidence': None, 'between': None, 'provider': 'microsoft', 'resource': 'ml_buildings', 'version': '2025-02-25'}]", "level": null, "height": 6.9026451110839844, "min_height": null, "is_underground": false, "num_floors": null, "num_floors_underground": null, "min_floor": null, "subtype": null, "class": null, "facade_color": null, "facade_material": null, "roof_material": null, "roof_shape": null, "roof_direction": null, "roof_orientation": null, "roof_color": null, "roof_height": null, "has_parts": false, "version": 2, "bbox": { "xmin": 7.982021808624268, "xmax": 7.982283115386963, "ymin": 47.11639404296875, "ymax": 47.1165771484375 } }, "geometry": { "type": "Polygon", "coordinates": [ [ [ 2641254.248438981361687, 1218533.587590812705457 ], [ 2641253.583027027081698, 1218540.909556006779894 ], [ 2641238.444175485055894, 1218539.548494932474568 ], [ 2641239.282397651579231, 1218530.282124688848853 ], [ 2641241.921818293631077, 1218530.522741065826267 ], [ 2641242.825681881979108, 1218520.545292240101844 ], [ 2641258.321108758449554, 1218521.931067703524604 ], [ 2641257.416757642291486, 1218531.975217260187492 ], [ 2641254.420887891668826, 1218531.698773752897978 ], [ 2641254.248438981361687, 1218533.587590812705457 ] ] ] } },
{ "type": "Feature", "properties": { "id": "51f5593a-96d6-42ff-a30c-16e1cdc70872", "names": null, "sources": "[{'property': '', 'dataset': 'OpenStreetMap', 'license': 'ODbL-1.0', 'record_id': 'w235513462@4', 'update_time': '2025-07-16T16:03:06.000Z', 'confidence': None, 'between': None, 'provider': 'osm', 'resource': 'planet', 'version': '2026-08-02T00:00:00.000Z'}\n {'property': '/properties/height', 'dataset': 'Microsoft ML Buildings', 'license': 'ODbL-1.0', 'record_id': None, 'update_time': '2022-08-04T00:00:00.000Z', 'confidence': None, 'between': None, 'provider': 'microsoft', 'resource': 'ml_buildings', 'version': '2025-02-25'}]", "level": null, "height": 7.0118918418884277, "min_height": null, "is_underground": false, "num_floors": 4.0, "num_floors_underground": null, "min_floor": null, "subtype": null, "class": null, "facade_color": null, "facade_material": null, "roof_material": null, "roof_shape": null, "roof_direction": null, "roof_orientation": null, "roof_color": null, "roof_height": null, "has_parts": false, "version": 2, "bbox": { "xmin": 7.982079029083252, "xmax": 7.982339859008789, "ymin": 47.116085052490234, "ymax": 47.116275787353516 } }, "geometry": { "type": "Polygon", "coordinates": [ [ [ 2641258.807930268812925, 1218499.84354939381592 ], [ 2641258.126177235972136, 1218507.332166168373078 ], [ 2641243.025186092127115, 1218505.971356180263683 ], [ 2641243.855599615722895, 1218496.738286219071597 ], [ 2641246.495034984312952, 1218496.978904612828046 ], [ 2641247.39898748928681, 1218486.990339982556179 ], [ 2641262.864067842252553, 1218488.38703430024907 ], [ 2641261.960012581665069, 1218498.386713777901605 ], [ 2641258.964049140922725, 1218498.121385180158541 ], [ 2641258.807930268812925, 1218499.84354939381592 ] ] ] } },
{ "type": "Feature", "properties": { "id": "8030fa06-115e-412d-955e-1f50339895c5", "names": null, "sources": "[{'property': '', 'dataset': 'OpenStreetMap', 'license': 'ODbL-1.0', 'record_id': 'w235513442@3', 'update_time': '2025-07-16T16:03:06.000Z', 'confidence': None, 'between': None, 'provider': 'osm', 'resource': 'planet', 'version': '2026-08-02T00:00:00.000Z'}\n {'property': '/properties/height', 'dataset': 'Microsoft ML Buildings', 'license': 'ODbL-1.0', 'record_id': None, 'update_time': '2022-08-04T00:00:00.000Z', 'confidence': None, 'between': None, 'provider': 'microsoft', 'resource': 'ml_buildings', 'version': '2025-02-25'}]", "level": null, "height": 6.1560215950012207, "min_height": null, "is_underground": false, "num_floors": null, "num_floors_underground": null, "min_floor": null, "subtype": null, "class": null, "facade_color": null, "facade_material": null, "roof_material": null, "roof_shape": null, "roof_direction": null, "roof_orientation": null, "roof_color": null, "roof_height": null, "has_parts": false, "version": 2, "bbox": { "xmin": 7.981492042541504, "xmax": 7.981751918792725, "ymin": 47.1160774230957, "ymax": 47.11626052856445 } }, "geometry": { "type": "Polygon", "coordinates": [ [ [ 2641213.544634628109634, 1218505.378321871161461 ], [ 2641198.481574090663344, 1218504.017887300346047 ], [ 2641199.311534476000816, 1218494.840397047577426 ], [ 2641201.943460190668702, 1218495.069826042745262 ], [ 2641202.84726126305759, 1218485.092371856560931 ], [ 2641218.266898974310607, 1218486.477518312633038 ], [ 2641217.370814968366176, 1218496.432788308011368 ], [ 2641214.374848709907383, 1218496.167482166085392 ], [ 2641214.218435226008296, 1218497.934116249671206 ], [ 2641213.544634628109634, 1218505.378321871161461 ] ] ] } },
{ "type": "Feature", "properties": { "id": "71d081f9-0e9c-4006-8de7-3f9c181e25c1", "names": null, "sources": "[{'property': '', 'dataset': 'OpenStreetMap', 'license': 'ODbL-1.0', 'record_id': 'w957950878@1', 'update_time': '2021-06-24T19:07:41.000Z', 'confidence': None, 'between': None, 'provider': 'osm', 'resource': 'planet', 'version': '2026-08-02T00:00:00.000Z'}]", "level": null, "height": null, "min_height": null, "is_underground": false, "num_floors": null, "num_floors_underground": null, "min_floor": null, "subtype": null, "class": null, "facade_color": null, "facade_material": null, "roof_material": null, "roof_shape": null, "roof_direction": null, "roof_orientation": null, "roof_color": null, "roof_height": null, "has_parts": false, "version": 1, "bbox": { "xmin": 7.9816575050354, "xmax": 7.9817423820495605, "ymin": 47.11602783203125, "ymax": 47.116065979003906 } }, "geometry": { "type": "Polygon", "coordinates": [ [ [ 2641217.261139109265059, 1218483.757842593127862 ], [ 2641211.241143389604986, 1218482.893506755353883 ], [ 2641211.607994300313294, 1218480.327852657064795 ], [ 2641217.627992570400238, 1218481.192188867833465 ], [ 2641217.261139109265059, 1218483.757842593127862 ] ] ] } },
{ "type": "Feature", "properties": { "id": "b1cf2e67-2644-4577-b4ec-0c3d31408737", "names": null, "sources": "[{'property': '', 'dataset': 'OpenStreetMap', 'license': 'ODbL-1.0', 'record_id': 'w235513469@2', 'update_time': '2022-05-05T15:11:41.000Z', 'confidence': None, 'between': None, 'provider': 'osm', 'resource': 'planet', 'version': '2026-08-02T00:00:00.000Z'}\n {'property': '/properties/height', 'dataset': 'Microsoft ML Buildings', 'license': 'ODbL-1.0', 'record_id': None, 'update_time': '2022-08-04T00:00:00.000Z', 'confidence': None, 'between': None, 'provider': 'microsoft', 'resource': 'ml_buildings', 'version': '2025-02-25'}]", "level": null, "height": 6.3656234741210938, "min_height": null, "is_underground": false, "num_floors": null, "num_floors_underground": null, "min_floor": null, "subtype": null, "class": null, "facade_color": null, "facade_material": null, "roof_material": null, "roof_shape": null, "roof_direction": null, "roof_orientation": null, "roof_color": null, "roof_height": null, "has_parts": false, "version": 2, "bbox": { "xmin": 7.9817280769348145, "xmax": 7.982063293457031, "ymin": 47.11585235595703, "ymax": 47.11602020263672 } }, "geometry": { "type": "Polygon", "coordinates": [ [ [ 2641230.019731981214136, 1218473.762321216287091 ], [ 2641216.680228621233255, 1218472.280351079069078 ], [ 2641218.039290086831897, 1218460.126976904924959 ], [ 2641229.338826890103519, 1218461.383602536050603 ], [ 2641229.01519463583827, 1218464.283085673348978 ], [ 2641242.081661286763847, 1218465.740958718815818 ], [ 2641240.690041940659285, 1218478.205398435471579 ], [ 2641229.655924763530493, 1218476.983940026024356 ], [ 2641230.019731981214136, 1218473.762321216287091 ] ] ] } },
{ "type": "Feature", "properties": { "id": "f042c157-9930-43bf-bd87-ed88b4bbf61f", "names": null, "sources": "[{'property': '', 'dataset': 'OpenStreetMap', 'license': 'ODbL-1.0', 'record_id': 'w238452533@2', 'update_time': '2022-05-05T15:11:41.000Z', 'confidence': None, 'between': None, 'provider': 'osm', 'resource': 'planet', 'version': '2026-08-02T00:00:00.000Z'}\n {'property': '/properties/height', 'dataset': 'Microsoft ML Buildings', 'license': 'ODbL-1.0', 'record_id': None, 'update_time': '2022-08-04T00:00:00.000Z', 'confidence': None, 'between': None, 'provider': 'microsoft', 'resource': 'ml_buildings', 'version': '2025-02-25'}]", "level": null, "height": 5.5904231071472168, "min_height": null, "is_underground": false, "num_floors": null, "num_floors_underground": null, "min_floor": null, "subtype": null, "class": null, "facade_color": null, "facade_material": null, "roof_material": null, "roof_shape": null, "roof_direction": null, "roof_orientation": null, "roof_color": null, "roof_height": null, "has_parts": false, "version": 2, "bbox": { "xmin": 7.9829254150390625, "xmax": 7.98320198059082, "ymin": 47.11563491821289, "ymax": 47.11579895019531 } }, "geometry": { "type": "Polygon", "coordinates": [ [ [ 2641322.473173734731972, 1218454.146090105408803 ], [ 2641307.639834998641163, 1218450.285488261375576 ], [ 2641310.196928259450942, 1218440.50850890786387 ], [ 2641317.492494478356093, 1218442.393497953657061 ], [ 2641318.778908607084304, 1218437.466152810491621 ], [ 2641328.680494060739875, 1218440.03628368396312 ], [ 2641326.248263782355934, 1218449.313824120443314 ], [ 2641323.89214914245531, 1218448.708250346826389 ], [ 2641322.473173734731972, 1218454.146090105408803 ] ] ] } },
{ "type": "Feature", "properties": { "id": "c16488a1-f626-4366-952e-853e8fce1106", "names": null, "sources": "[{'property': '', 'dataset': 'OpenStreetMap', 'license': 'ODbL-1.0', 'record_id': 'w238452541@2', 'update_time': '2022-05-05T15:11:41.000Z', 'confidence': None, 'between': None, 'provider': 'osm', 'resource': 'planet', 'version': '2026-08-02T00:00:00.000Z'}\n {'property': '/properties/height', 'dataset': 'Microsoft ML Buildings', 'license': 'ODbL-1.0', 'record_id': None, 'update_time': '2022-08-04T00:00:00.000Z', 'confidence': None, 'between': None, 'provider': 'microsoft', 'resource': 'ml_buildings', 'version': '2025-02-25'}]", "level": null, "height": 4.6225895881652832, "min_height": null, "is_underground": false, "num_floors": null, "num_floors_underground": null, "min_floor": null, "subtype": null, "class": null, "facade_color": null, "facade_material": null, "roof_material": null, "roof_shape": null, "roof_direction": null, "roof_orientation": null, "roof_color": null, "roof_height": null, "has_parts": false, "version": 2, "bbox": { "xmin": 7.983595848083496, "xmax": 7.983769416809082, "ymin": 47.115447998046875, "ymax": 47.115604400634766 } }, "geometry": { "type": "Polygon", "coordinates": [ [ [ 2641368.567105000372976, 1218432.88635013718158 ], [ 2641358.664444424211979, 1218430.471793354023248 ], [ 2641361.991436878219247, 1218416.942392757395282 ], [ 2641371.894041569903493, 1218419.368072185665369 ], [ 2641368.567105000372976, 1218432.88635013718158 ] ] ] } },
{ "type": "Feature", "properties": { "id": "06245302-06ae-4833-8877-bb5dbf06ff2e", "names": null, "sources": "[{'property': '', 'dataset': 'OpenStreetMap', 'license': 'ODbL-1.0', 'record_id': 'w815717945@2', 'update_time': '2022-05-05T15:11:42.000Z', 'confidence': None, 'between': None, 'provider': 'osm', 'resource': 'planet', 'version': '2026-08-02T00:00:00.000Z'}\n {'property': '/properties/height', 'dataset': 'Microsoft ML Buildings', 'license': 'ODbL-1.0', 'record_id': None, 'update_time': '2022-08-04T00:00:00.000Z', 'confidence': None, 'between': None, 'provider': 'microsoft', 'resource': 'ml_buildings', 'version': '2025-02-25'}]", "level": null, "height": 5.7436590194702148, "min_height": null, "is_underground": false, "num_floors": null, "num_floors_underground": null, "min_floor": null, "subtype": null, "class": null, "facade_color": null, "facade_material": null, "roof_material": null, "roof_shape": null, "roof_direction": null, "roof_orientation": null, "roof_color": null, "roof_height": null, "has_parts": false, "version": 2, "bbox": { "xmin": 7.983587265014648, "xmax": 7.983766078948975, "ymin": 47.11576843261719, "ymax": 47.115909576416016 } }, "geometry": { "type": "Polygon", "coordinates": [ [ [ 2641368.76496672257781, 1218466.707794722169638 ], [ 2641357.829635190777481, 1218464.375013306038454 ], [ 2641360.402002447284758, 1218452.407971998443827 ], [ 2641371.3374322229065, 1218454.729640909237787 ], [ 2641368.76496672257781, 1218466.707794722169638 ] ] ] } },
{ "type": "Feature", "properties": { "id": "5ed7d4fa-8429-4551-a2f7-1126a3883450", "names": null, "sources": "[{'property': '', 'dataset': 'OpenStreetMap', 'license': 'ODbL-1.0', 'record_id': 'w815717946@2', 'update_time': '2022-05-05T15:11:42.000Z', 'confidence': None, 'between': None, 'provider': 'osm', 'resource': 'planet', 'version': '2026-08-02T00:00:00.000Z'}\n {'property': '/properties/height', 'dataset': 'Microsoft ML Buildings', 'license': 'ODbL-1.0', 'record_id': None, 'update_time': '2022-08-04T00:00:00.000Z', 'confidence': None, 'between': None, 'provider': 'microsoft', 'resource': 'ml_buildings', 'version': '2025-02-25'}]", "level": null, "height": 5.4494318962097168, "min_height": null, "is_underground": false, "num_floors": null, "num_floors_underground": null, "min_floor": null, "subtype": null, "class": null, "facade_color": null, "facade_material": null, "roof_material": null, "roof_shape": null, "roof_direction": null, "roof_orientation": null, "roof_color": null, "roof_height": null, "has_parts": false, "version": 2, "bbox": { "xmin": 7.983269691467285, "xmax": 7.983448028564453, "ymin": 47.11576461791992, "ymax": 47.11586380004883 } }, "geometry": { "type": "Polygon", "coordinates": [ [ [ 2641345.245929080992937, 1218462.253172029508278 ], [ 2641333.762053180951625, 1218459.127272689249367 ], [ 2641335.770835746079683, 1218451.814632951980457 ], [ 2641347.247135724872351, 1218454.940483479993418 ], [ 2641345.245929080992937, 1218462.253172029508278 ] ] ] } },
{ "type": "Feature", "properties": { "id": "ef73fe84-e225-4493-9c1a-74470b4d1664", "names": null, "sources": "[{'property': '', 'dataset': 'Microsoft ML Buildings', 'license': 'ODbL-1.0', 'record_id': None, 'update_time': '2022-08-04T00:00:00.000Z', 'confidence': None, 'between': None, 'provider': 'microsoft', 'resource': 'ml_buildings', 'version': '2025-02-25'}]", "level": null, "height": 2.5194954872131348, "min_height": null, "is_underground": false, "num_floors": null, "num_floors_underground": null, "min_floor": null, "subtype": null, "class": null, "facade_color": null, "facade_material": null, "roof_material": null, "roof_shape": null, "roof_direction": null, "roof_orientation": null, "roof_color": null, "roof_height": null, "has_parts": false, "version": 3, "bbox": { "xmin": 7.983214378356934, "xmax": 7.983297824859619, "ymin": 47.115753173828125, "ymax": 47.1158447265625 } }, "geometry": { "type": "Polygon", "coordinates": [ [ [ 2641329.562959231901914, 1218458.342150978278369 ], [ 2641331.760504083242267, 1218450.074695837218314 ], [ 2641335.836096961516887, 1218451.159140711417422 ], [ 2641333.630957763176411, 1218459.426541737513617 ], [ 2641329.562959231901914, 1218458.342150978278369 ] ] ] } },
{ "type": "Feature", "properties": { "id": "8f43d8a1-ea9e-45d4-9c94-ea8fea340207", "names": null, "sources": "[{'property': '', 'dataset': 'OpenStreetMap', 'license': 'ODbL-1.0', 'record_id': 'w238452553@2', 'update_time': '2022-05-05T15:11:41.000Z', 'confidence': None, 'between': None, 'provider': 'osm', 'resource': 'planet', 'version': '2026-08-02T00:00:00.000Z'}\n {'property': '/properties/height', 'dataset': 'Microsoft ML Buildings', 'license': 'ODbL-1.0', 'record_id': None, 'update_time': '2022-08-04T00:00:00.000Z', 'confidence': None, 'between': None, 'provider': 'microsoft', 'resource': 'ml_buildings', 'version': '2025-02-25'}]", "level": null, "height": 3.7877881526947021, "min_height": null, "is_underground": false, "num_floors": null, "num_floors_underground": null, "min_floor": null, "subtype": null, "class": null, "facade_color": null, "facade_material": null, "roof_material": null, "roof_shape": null, "roof_direction": null, "roof_orientation": null, "roof_color": null, "roof_height": null, "has_parts": false, "version": 2, "bbox": { "xmin": 7.9833221435546875, "xmax": 7.983537673950195, "ymin": 47.116031646728516, "ymax": 47.11621856689453 } }, "geometry": { "type": "Polygon", "coordinates": [ [ [ 2641352.516023436561227, 1218501.715886542573571 ], [ 2641337.467125495895743, 1218499.410192912910134 ], [ 2641338.715115142520517, 1218491.269566866569221 ], [ 2641342.028197990264744, 1218491.770607058890164 ], [ 2641343.57040659757331, 1218481.697541348170489 ], [ 2641351.386747206095606, 1218482.896886782022193 ], [ 2641349.868449521716684, 1218492.803350808797404 ], [ 2641353.787957245483994, 1218493.408663955517113 ], [ 2641352.516023436561227, 1218501.715886542573571 ] ] ] } },
{ "type": "Feature", "properties": { "id": "38ac1167-6ba0-40a8-9b7a-cb03730e46ea", "names": null, "sources": "[{'property': '', 'dataset': 'OpenStreetMap', 'license': 'ODbL-1.0', 'record_id': 'w1057658150@1', 'update_time': '2022-05-05T15:11:40.000Z', 'confidence': None, 'between': None, 'provider': 'osm', 'resource': 'planet', 'version': '2026-08-02T00:00:00.000Z'}]", "level": null, "height": null, "min_height": null, "is_underground": false, "num_floors": null, "num_floors_underground": null, "min_floor": null, "subtype": null, "class": null, "facade_color": null, "facade_material": null, "roof_material": null, "roof_shape": null, "roof_direction": null, "roof_orientation": null, "roof_color": null, "roof_height": null, "has_parts": false, "version": 1, "bbox": { "xmin": 7.9830641746521, "xmax": 7.983221054077148, "ymin": 47.11604309082031, "ymax": 47.116146087646484 } }, "geometry": { "type": "Polygon", "coordinates": [ [ [ 2641317.929539510980248, 1218492.114921813365072 ], [ 2641318.259184459224343, 1218489.448956638807431 ], [ 2641318.741729416884482, 1218485.527750251814723 ], [ 2641319.522781941574067, 1218485.622106308117509 ], [ 2641319.957096494268626, 1218482.089685526676476 ], [ 2641329.784609269350767, 1218483.291827229317278 ], [ 2641328.538087453693151, 1218493.411417430732399 ], [ 2641317.929539510980248, 1218492.114921813365072 ] ] ] } },
{ "type": "Feature", "properties": { "id": "416af60a-d8df-488d-bfcb-5c47aca0ce2c", "names": null, "sources": "[{'property': '', 'dataset': 'OpenStreetMap', 'license': 'ODbL-1.0', 'record_id': 'w238452543@2', 'update_time': '2022-05-05T15:11:41.000Z', 'confidence': None, 'between': None, 'provider': 'osm', 'resource': 'planet', 'version': '2026-08-02T00:00:00.000Z'}]", "level": null, "height": null, "min_height": null, "is_underground": false, "num_floors": null, "num_floors_underground": null, "min_floor": null, "subtype": null, "class": null, "facade_color": null, "facade_material": null, "roof_material": null, "roof_shape": null, "roof_direction": null, "roof_orientation": null, "roof_color": null, "roof_height": null, "has_parts": false, "version": 1, "bbox": { "xmin": 7.98293399810791, "xmax": 7.983094215393066, "ymin": 47.11601257324219, "ymax": 47.116111755371094 } }, "geometry": { "type": "Polygon", "coordinates": [ [ [ 2641320.23835715977475, 1218479.834740335820243 ], [ 2641319.957096494268626, 1218482.089685526676476 ], [ 2641319.522781941574067, 1218485.622106308117509 ], [ 2641318.741729416884482, 1218485.527750251814723 ], [ 2641318.259184459224343, 1218489.448956638807431 ], [ 2641308.037358995061368, 1218488.199630352202803 ], [ 2641308.326974361669272, 1218485.833565410925075 ], [ 2641308.849384321365505, 1218481.634691843297333 ], [ 2641310.055114700924605, 1218481.776460702065378 ], [ 2641310.441192961297929, 1218478.63282479881309 ], [ 2641320.23835715977475, 1218479.834740335820243 ] ] ] } },
{ "type": "Feature", "properties": { "id": "eeb56dac-3bf1-4bd2-bd0f-3189f10380bb", "names": null, "sources": "[{'property': '', 'dataset': 'OpenStreetMap', 'license': 'ODbL-1.0', 'record_id': 'w1057658151@1', 'update_time': '2022-05-05T15:11:40.000Z', 'confidence': None, 'between': None, 'provider': 'osm', 'resource': 'planet', 'version': '2026-08-02T00:00:00.000Z'}]", "level": null, "height": null, "min_height": null, "is_underground": false, "num_floors": null, "num_floors_underground": null, "min_floor": null, "subtype": null, "class": null, "facade_color": null, "facade_material": null, "roof_material": null, "roof_shape": null, "roof_direction": null, "roof_orientation": null, "roof_color": null, "roof_height": null, "has_parts": false, "version": 1, "bbox": { "xmin": 7.982812881469727, "xmax": 7.982969284057617, "ymin": 47.11597442626953, "ymax": 47.116085052490234 } }, "geometry": { "type": "Polygon", "coordinates": [ [ [ 2641310.722604263573885, 1218476.355644822120667 ], [ 2641310.441192961297929, 1218478.63282479881309 ], [ 2641310.055114700924605, 1218481.776460702065378 ], [ 2641308.849384321365505, 1218481.634691843297333 ], [ 2641308.326974361669272, 1218485.833565410925075 ], [ 2641298.863426603842527, 1218484.678451789310202 ], [ 2641300.053386964835227, 1218475.047643160214648 ], [ 2641310.722604263573885, 1218476.355644822120667 ] ] ] } },
{ "type": "Feature", "properties": { "id": "2a9d9a5b-7158-4cd1-bad9-474e7686a167", "names": null, "sources": "[{'property': '', 'dataset': 'OpenStreetMap', 'license': 'ODbL-1.0', 'record_id': 'w1057658141@1', 'update_time': '2022-05-05T15:11:40.000Z', 'confidence': None, 'between': None, 'provider': 'osm', 'resource': 'planet', 'version': '2026-08-02T00:00:00.000Z'}]", "level": null, "height": null, "min_height": null, "is_underground": false, "num_floors": null, "num_floors_underground": null, "min_floor": null, "subtype": null, "class": null, "facade_color": null, "facade_material": null, "roof_material": null, "roof_shape": null, "roof_direction": null, "roof_orientation": null, "roof_color": null, "roof_height": null, "has_parts": false, "version": 1, "bbox": { "xmin": 7.98256254196167, "xmax": 7.982738018035889, "ymin": 47.1162109375, "ymax": 47.11629104614258 } }, "geometry": { "type": "Polygon", "coordinates": [ [ [ 2641292.189507126342505, 1218509.191233367426321 ], [ 2641289.982959373854101, 1218508.909122534329072 ], [ 2641279.700988810043782, 1218507.581604076549411 ], [ 2641280.542720548808575, 1218501.105809086700901 ], [ 2641293.031252265442163, 1218502.715440121712163 ], [ 2641292.189507126342505, 1218509.191233367426321 ] ] ] } },
{ "type": "Feature", "properties": { "id": "9d8725d8-ffb6-488a-bf5d-b3eaeceee2b2", "names": null, "sources": "[{'property': '', 'dataset': 'OpenStreetMap', 'license': 'ODbL-1.0', 'record_id': 'w235513459@2', 'update_time': '2022-05-05T15:11:41.000Z', 'confidence': None, 'between': None, 'provider': 'osm', 'resource': 'planet', 'version': '2026-08-02T00:00:00.000Z'}]", "level": null, "height": null, "min_height": null, "is_underground": false, "num_floors": null, "num_floors_underground": null, "min_floor": null, "subtype": null, "class": null, "facade_color": null, "facade_material": null, "roof_material": null, "roof_shape": null, "roof_direction": null, "roof_orientation": null, "roof_color": null, "roof_height": null, "has_parts": false, "version": 1, "bbox": { "xmin": 7.982519149780273, "xmax": 7.982698917388916, "ymin": 47.11627197265625, "ymax": 47.116355895996094 } }, "geometry": { "type": "Polygon", "coordinates": [ [ [ 2641277.27459008898586, 1218507.264622249174863 ], [ 2641279.700988810043782, 1218507.581604076549411 ], [ 2641289.982959373854101, 1218508.909122534329072 ], [ 2641289.076886998023838, 1218515.907003014814109 ], [ 2641276.368455461692065, 1218514.273621819913387 ], [ 2641277.27459008898586, 1218507.264622249174863 ] ] ] } },
{ "type": "Feature", "properties": { "id": "3460d312-6f8e-4b65-b778-eacbc3afdbc0", "names": null, "sources": "[{'property': '', 'dataset': 'OpenStreetMap', 'license': 'ODbL-1.0', 'record_id': 'w1057658142@1', 'update_time': '2022-05-05T15:11:40.000Z', 'confidence': None, 'between': None, 'provider': 'osm', 'resource': 'planet', 'version': '2026-08-02T00:00:00.000Z'}]", "level": null, "height": null, "min_height": null, "is_underground": false, "num_floors": null, "num_floors_underground": null, "min_floor": null, "subtype": null, "class": null, "facade_color": null, "facade_material": null, "roof_material": null, "roof_shape": null, "roof_direction": null, "roof_orientation": null, "roof_color": null, "roof_height": null, "has_parts": false, "version": 1, "bbox": { "xmin": 7.982509136199951, "xmax": 7.982686996459961, "ymin": 47.116329193115234, "ymax": 47.11640548706055 } }, "geometry": { "type": "Polygon", "coordinates": [ [ [ 2641275.566984360571951, 1218520.416165040107444 ], [ 2641276.368455461692065, 1218514.273621819913387 ], [ 2641289.076886998023838, 1218515.907003014814109 ], [ 2641288.275325954891741, 1218522.060661717085168 ], [ 2641277.401976657565683, 1218520.651226619025692 ], [ 2641275.566984360571951, 1218520.416165040107444 ] ] ] } },
{ "type": "Feature", "properties": { "id": "b42b73dc-e332-47a5-b349-4dd9aef40556", "names": null, "sources": "[{'property': '', 'dataset': 'OpenStreetMap', 'license': 'ODbL-1.0', 'record_id': 'w1057658143@1', 'update_time': '2022-05-05T15:11:40.000Z', 'confidence': None, 'between': None, 'provider': 'osm', 'resource': 'planet', 'version': '2026-08-02T00:00:00.000Z'}]", "level": null, "height": null, "min_height": null, "is_underground": false, "num_floors": null, "num_floors_underground": null, "min_floor": null, "subtype": null, "class": null, "facade_color": null, "facade_material": null, "roof_material": null, "roof_shape": null, "roof_direction": null, "roof_orientation": null, "roof_color": null, "roof_height": null, "has_parts": false, "version": 1, "bbox": { "xmin": 7.982522010803223, "xmax": 7.982706069946289, "ymin": 47.11638641357422, "ymax": 47.11647415161133 } }, "geometry": { "type": "Polygon", "coordinates": [ [ [ 2641276.544303003232926, 1218527.238088972400874 ], [ 2641277.401976657565683, 1218520.651226619025692 ], [ 2641288.275325954891741, 1218522.060661717085168 ], [ 2641290.481868898961693, 1218522.34277192899026 ], [ 2641289.631846947129816, 1218528.918567807413638 ], [ 2641287.372183652594686, 1218528.636089941021055 ], [ 2641276.544303003232926, 1218527.238088972400874 ] ] ] } },
{ "type": "Feature", "properties": { "id": "5359be7a-3cd2-4880-99c8-5de11b546dc2", "names": null, "sources": "[{'property': '', 'dataset': 'OpenStreetMap', 'license': 'ODbL-1.0', 'record_id': 'w1057658146@1', 'update_time': '2022-05-05T15:11:40.000Z', 'confidence': None, 'between': None, 'provider': 'osm', 'resource': 'planet', 'version': '2026-08-02T00:00:00.000Z'}]", "level": null, "height": null, "min_height": null, "is_underground": false, "num_floors": null, "num_floors_underground": null, "min_floor": null, "subtype": null, "class": null, "facade_color": null, "facade_material": null, "roof_material": null, "roof_shape": null, "roof_direction": null, "roof_orientation": null, "roof_color": null, "roof_height": null, "has_parts": false, "version": 1, "bbox": { "xmin": 7.982970237731934, "xmax": 7.983144760131836, "ymin": 47.11628723144531, "ymax": 47.116355895996094 } }, "geometry": { "type": "Polygon", "coordinates": [ [ [ 2641323.070897884201258, 1218516.809644173830748 ], [ 2641321.25867304764688, 1218516.574726348742843 ], [ 2641310.643038295209408, 1218515.211488001048565 ], [ 2641311.428828918375075, 1218509.146664602914825 ], [ 2641323.856700996868312, 1218510.74482239689678 ], [ 2641323.070897884201258, 1218516.809644173830748 ] ] ] } },
{ "type": "Feature", "properties": { "id": "81736ae8-b07f-4e91-8ef3-bf40ee57fa6e", "names": null, "sources": "[{'property': '', 'dataset': 'OpenStreetMap', 'license': 'ODbL-1.0', 'record_id': 'w235513444@2', 'update_time': '2022-05-05T15:11:41.000Z', 'confidence': None, 'between': None, 'provider': 'osm', 'resource': 'planet', 'version': '2026-08-02T00:00:00.000Z'}]", "level": null, "height": null, "min_height": null, "is_underground": false, "num_floors": null, "num_floors_underground": null, "min_floor": null, "subtype": null, "class": null, "facade_color": null, "facade_material": null, "roof_material": null, "roof_shape": null, "roof_direction": null, "roof_orientation": null, "roof_color": null, "roof_height": null, "has_parts": false, "version": 1, "bbox": { "xmin": 7.9829254150390625, "xmax": 7.98311185836792, "ymin": 47.1163330078125, "ymax": 47.116424560546875 } }, "geometry": { "type": "Polygon", "coordinates": [ [ [ 2641308.11806452460587, 1218514.882692652288824 ], [ 2641310.643038295209408, 1218515.211488001048565 ], [ 2641321.25867304764688, 1218516.574726348742843 ], [ 2641320.344590585213155, 1218523.628135441569611 ], [ 2641309.501530191395432, 1218522.229969292879105 ], [ 2641307.2039974196814, 1218521.936103737447411 ], [ 2641308.11806452460587, 1218514.882692652288824 ] ] ] } },
{ "type": "Feature", "properties": { "id": "7b95c8c5-511e-42ce-803d-a763a964c2f2", "names": null, "sources": "[{'property': '', 'dataset': 'OpenStreetMap', 'license': 'ODbL-1.0', 'record_id': 'w1057658147@1', 'update_time': '2022-05-05T15:11:40.000Z', 'confidence': None, 'between': None, 'provider': 'osm', 'resource': 'planet', 'version': '2026-08-02T00:00:00.000Z'}]", "level": null, "height": null, "min_height": null, "is_underground": false, "num_floors": null, "num_floors_underground": null, "min_floor": null, "subtype": null, "class": null, "facade_color": null, "facade_material": null, "roof_material": null, "roof_shape": null, "roof_direction": null, "roof_orientation": null, "roof_color": null, "roof_height": null, "has_parts": false, "version": 1, "bbox": { "xmin": 7.982945919036865, "xmax": 7.983123779296875, "ymin": 47.11640167236328, "ymax": 47.116477966308594 } }, "geometry": { "type": "Polygon", "coordinates": [ [ [ 2641308.659846623893827, 1218528.694643289316446 ], [ 2641309.501530191395432, 1218522.229969292879105 ], [ 2641320.344590585213155, 1218523.628135441569611 ], [ 2641322.164402274880558, 1218523.863105604192242 ], [ 2641321.3227051445283, 1218530.327777828089893 ], [ 2641318.797738358844072, 1218529.998977934243158 ], [ 2641308.659846623893827, 1218528.694643289316446 ] ] ] } },
{ "type": "Feature", "properties": { "id": "33280c65-da0d-469a-bb6d-14d381f00a63", "names": null, "sources": "[{'property': '', 'dataset': 'OpenStreetMap', 'license': 'ODbL-1.0', 'record_id': 'w1057658148@1', 'update_time': '2022-05-05T15:11:40.000Z', 'confidence': None, 'between': None, 'provider': 'osm', 'resource': 'planet', 'version': '2026-08-02T00:00:00.000Z'}]", "level": null, "height": null, "min_height": null, "is_underground": false, "num_floors": null, "num_floors_underground": null, "min_floor": null, "subtype": null, "class": null, "facade_color": null, "facade_material": null, "roof_material": null, "roof_shape": null, "roof_direction": null, "roof_orientation": null, "roof_color": null, "roof_height": null, "has_parts": false, "version": 1, "bbox": { "xmin": 7.982905864715576, "xmax": 7.98307991027832, "ymin": 47.116455078125, "ymax": 47.116539001464844 } }, "geometry": { "type": "Polygon", "coordinates": [ [ [ 2641306.536708429455757, 1218528.424222025787458 ], [ 2641308.659846623893827, 1218528.694643289316446 ], [ 2641318.797738358844072, 1218529.998977934243158 ], [ 2641317.891711996402591, 1218536.985737143782899 ], [ 2641305.630773304030299, 1218535.399865904124454 ], [ 2641306.536708429455757, 1218528.424222025787458 ] ] ] } },
{ "type": "Feature", "properties": { "id": "ce7d8f0b-0050-47d2-b85a-14776dfad0e7", "names": null, "sources": "[{'property': '', 'dataset': 'OpenStreetMap', 'license': 'ODbL-1.0', 'record_id': 'w1057658145@1', 'update_time': '2022-05-05T15:11:40.000Z', 'confidence': None, 'between': None, 'provider': 'osm', 'resource': 'planet', 'version': '2026-08-02T00:00:00.000Z'}]", "level": null, "height": null, "min_height": null, "is_underground": false, "num_floors": null, "num_floors_underground": null, "min_floor": null, "subtype": null, "class": null, "facade_color": null, "facade_material": null, "roof_material": null, "roof_shape": null, "roof_direction": null, "roof_orientation": null, "roof_color": null, "roof_height": null, "has_parts": false, "version": 1, "bbox": { "xmin": 7.982507228851318, "xmax": 7.982677936553955, "ymin": 47.11650466918945, "ymax": 47.11659240722656 } }, "geometry": { "type": "Polygon", "coordinates": [ [ [ 2641275.328138119541109, 1218540.659860635874793 ], [ 2641276.218012207653373, 1218533.806395906489342 ], [ 2641286.530293939169496, 1218535.134118675254285 ], [ 2641288.251523942686617, 1218535.357277931179851 ], [ 2641287.361636190209538, 1218542.210740885464475 ], [ 2641275.328138119541109, 1218540.659860635874793 ] ] ] } },
{ "type": "Feature", "properties": { "id": "1c758319-4c8d-4f29-86aa-e155ce1c1457", "names": null, "sources": "[{'property': '', 'dataset': 'OpenStreetMap', 'license': 'ODbL-1.0', 'record_id': 'w235509972@2', 'update_time': '2022-05-05T15:11:41.000Z', 'confidence': None, 'between': None, 'provider': 'osm', 'resource': 'planet', 'version': '2026-08-02T00:00:00.000Z'}\n {'property': '/properties/height', 'dataset': 'Microsoft ML Buildings', 'license': 'ODbL-1.0', 'record_id': None, 'update_time': '2022-08-04T00:00:00.000Z', 'confidence': None, 'between': None, 'provider': 'microsoft', 'resource': 'ml_buildings', 'version': '2025-02-25'}]", "level": null, "height": 3.9801809787750244, "min_height": null, "is_underground": false, "num_floors": null, "num_floors_underground": null, "min_floor": null, "subtype": null, "class": null, "facade_color": null, "facade_material": null, "roof_material": null, "roof_shape": null, "roof_direction": null, "roof_orientation": null, "roof_color": null, "roof_height": null, "has_parts": false, "version": 2, "bbox": { "xmin": 7.982834339141846, "xmax": 7.983013153076172, "ymin": 47.11673355102539, "ymax": 47.11692428588867 } }, "geometry": { "type": "Polygon", "coordinates": [ [ [ 2641310.954418480396271, 1218579.785309596452862 ], [ 2641299.837949929293245, 1218578.429736103164032 ], [ 2641301.302172438707203, 1218566.454989352496341 ], [ 2641308.695433596614748, 1218567.362287518801168 ], [ 2641309.740935468580574, 1218558.864484557183459 ], [ 2641313.464170206803828, 1218559.312763239722699 ], [ 2641310.954418480396271, 1218579.785309596452862 ] ] ] } },
{ "type": "Feature", "properties": { "id": "775ff828-7e48-42fb-b218-5c56d458a254", "names": null, "sources": "[{'property': '', 'dataset': 'OpenStreetMap', 'license': 'ODbL-1.0', 'record_id': 'w1057658138@1', 'update_time': '2022-05-05T15:11:40.000Z', 'confidence': None, 'between': None, 'provider': 'osm', 'resource': 'planet', 'version': '2026-08-02T00:00:00.000Z'}]", "level": null, "height": null, "min_height": null, "is_underground": false, "num_floors": null, "num_floors_underground": null, "min_floor": null, "subtype": null, "class": null, "facade_color": null, "facade_material": null, "roof_material": null, "roof_shape": null, "roof_direction": null, "roof_orientation": null, "roof_color": null, "roof_height": null, "has_parts": false, "version": 1, "bbox": { "xmin": 7.98315954208374, "xmax": 7.98333740234375, "ymin": 47.11674118041992, "ymax": 47.116817474365234 } }, "geometry": { "type": "Polygon", "coordinates": [ [ [ 2641337.332145608961582, 1218568.116708803456277 ], [ 2641334.973766372073442, 1218567.844645803794265 ], [ 2641324.65296073211357, 1218566.661309675546363 ], [ 2641325.452283578924835, 1218559.740517499856651 ], [ 2641338.131483042147011, 1218561.195918319746852 ], [ 2641337.332145608961582, 1218568.116708803456277 ] ] ] } },
{ "type": "Feature", "properties": { "id": "8de542b6-cc8c-4bae-9215-0cd2f1c7b9b1", "names": null, "sources": "[{'property': '', 'dataset': 'OpenStreetMap', 'license': 'ODbL-1.0', 'record_id': 'w235509990@2', 'update_time': '2022-05-05T15:11:41.000Z', 'confidence': None, 'between': None, 'provider': 'osm', 'resource': 'planet', 'version': '2026-08-02T00:00:00.000Z'}]", "level": null, "height": null, "min_height": null, "is_underground": false, "num_floors": null, "num_floors_underground": null, "min_floor": null, "subtype": null, "class": null, "facade_color": null, "facade_material": null, "roof_material": null, "roof_shape": null, "roof_direction": null, "roof_orientation": null, "roof_color": null, "roof_height": null, "has_parts": false, "version": 1, "bbox": { "xmin": 7.983129978179932, "xmax": 7.983297348022461, "ymin": 47.11680221557617, "ymax": 47.11687469482422 } }, "geometry": { "type": "Polygon", "coordinates": [ [ [ 2641323.083211129996926, 1218566.483660849975422 ], [ 2641324.65296073211357, 1218566.661309675546363 ], [ 2641334.973766372073442, 1218567.844645803794265 ], [ 2641334.214922078419477, 1218574.398833107436076 ], [ 2641324.136818590573967, 1218573.239416299154982 ], [ 2641322.324379791039973, 1218573.037849652348086 ], [ 2641323.083211129996926, 1218566.483660849975422 ] ] ] } },
{ "type": "Feature", "properties": { "id": "3706db3e-e1b7-41ab-84b3-926dc77c3053", "names": null, "sources": "[{'property': '', 'dataset': 'OpenStreetMap', 'license': 'ODbL-1.0', 'record_id': 'w1057658139@1', 'update_time': '2022-05-05T15:11:40.000Z', 'confidence': None, 'between': None, 'provider': 'osm', 'resource': 'planet', 'version': '2026-08-02T00:00:00.000Z'}]", "level": null, "height": null, "min_height": null, "is_underground": false, "num_floors": null, "num_floors_underground": null, "min_floor": null, "subtype": null, "class": null, "facade_color": null, "facade_material": null, "roof_material": null, "roof_shape": null, "roof_direction": null, "roof_orientation": null, "roof_color": null, "roof_height": null, "has_parts": false, "version": 1, "bbox": { "xmin": 7.983144283294678, "xmax": 7.983323097229004, "ymin": 47.11686325073242, "ymax": 47.116939544677734 } }, "geometry": { "type": "Polygon", "coordinates": [ [ [ 2641324.136818590573967, 1218573.239416299154982 ], [ 2641334.214922078419477, 1218574.398833107436076 ], [ 2641336.884212603326887, 1218574.706405199831352 ], [ 2641336.141701255459338, 1218581.093939954647794 ], [ 2641333.661981837823987, 1218580.809918210841715 ], [ 2641323.401909675914794, 1218579.627005234360695 ], [ 2641324.136818590573967, 1218573.239416299154982 ] ] ] } },
{ "type": "Feature", "properties": { "id": "a73e8762-2c13-4187-9080-94f4d487d155", "names": null, "sources": "[{'property': '', 'dataset': 'OpenStreetMap', 'license': 'ODbL-1.0', 'record_id': 'w1057658140@1', 'update_time': '2022-05-05T15:11:40.000Z', 'confidence': None, 'between': None, 'provider': 'osm', 'resource': 'planet', 'version': '2026-08-02T00:00:00.000Z'}]", "level": null, "height": null, "min_height": null, "is_underground": false, "num_floors": null, "num_floors_underground": null, "min_floor": null, "subtype": null, "class": null, "facade_color": null, "facade_material": null, "roof_material": null, "roof_shape": null, "roof_direction": null, "roof_orientation": null, "roof_color": null, "roof_height": null, "has_parts": false, "version": 1, "bbox": { "xmin": 7.983109474182129, "xmax": 7.983281135559082, "ymin": 47.116912841796875, "ymax": 47.11699295043945 } }, "geometry": { "type": "Polygon", "coordinates": [ [ [ 2641323.401909675914794, 1218579.627005234360695 ], [ 2641333.661981837823987, 1218580.809918210841715 ], [ 2641332.870472092181444, 1218587.697410666383803 ], [ 2641320.722087963949889, 1218586.312406751560047 ], [ 2641321.521249771118164, 1218579.413848131662235 ], [ 2641323.401909675914794, 1218579.627005234360695 ] ] ] } },
{ "type": "Feature", "properties": { "id": "6c98d772-ab20-40be-a9e2-71208b7c3dcd", "names": null, "sources": "[{'property': '', 'dataset': 'OpenStreetMap', 'license': 'ODbL-1.0', 'record_id': 'w1057658149@2', 'update_time': '2023-11-12T15:54:03.000Z', 'confidence': None, 'between': None, 'provider': 'osm', 'resource': 'planet', 'version': '2026-08-02T00:00:00.000Z'}]", "level": null, "height": null, "min_height": null, "is_underground": false, "num_floors": null, "num_floors_underground": null, "min_floor": null, "subtype": null, "class": null, "facade_color": null, "facade_material": null, "roof_material": null, "roof_shape": null, "roof_direction": null, "roof_orientation": null, "roof_color": null, "roof_height": null, "has_parts": false, "version": 1, "bbox": { "xmin": 7.983407497406006, "xmax": 7.983574867248535, "ymin": 47.116390228271484, "ymax": 47.11652374267578 } }, "geometry": { "type": "Polygon", "coordinates": [ [ [ 2641344.150631989818066, 1218533.72133189952001 ], [ 2641344.957570388447493, 1218526.8005954567343 ], [ 2641343.698727156501263, 1218526.658451034221798 ], [ 2641344.195384574588388, 1218522.89299215353094 ], [ 2641344.413781733717769, 1218520.948907711077482 ], [ 2641356.357392066158354, 1218522.332538122311234 ], [ 2641354.88849817821756, 1218534.963183609303087 ], [ 2641344.150631989818066, 1218533.72133189952001 ] ] ] } },
{ "type": "Feature", "properties": { "id": "95882921-ea2a-4b9d-8184-bb1155fc5e93", "names": null, "sources": "[{'property': '', 'dataset': 'OpenStreetMap', 'license': 'ODbL-1.0', 'record_id': 'w235513476@3', 'update_time': '2023-11-12T15:54:03.000Z', 'confidence': None, 'between': None, 'provider': 'osm', 'resource': 'planet', 'version': '2026-08-02T00:00:00.000Z'}]", "level": null, "height": null, "min_height": null, "is_underground": false, "num_floors": null, "num_floors_underground": null, "min_floor": null, "subtype": null, "class": null, "facade_color": null, "facade_material": null, "roof_material": null, "roof_shape": null, "roof_direction": null, "roof_orientation": null, "roof_color": null, "roof_height": null, "has_parts": false, "version": 1, "bbox": { "xmin": 7.98325252532959, "xmax": 7.983425140380859, "ymin": 47.11639404296875, "ymax": 47.11653137207031 } }, "geometry": { "type": "Polygon", "coordinates": [ [ [ 2641344.150631989818066, 1218533.72133189952001 ], [ 2641343.924800597131252, 1218535.643129408825189 ], [ 2641331.943269517272711, 1218534.259260801365599 ], [ 2641333.427832416258752, 1218521.550894688582048 ], [ 2641344.195384574588388, 1218522.89299215353094 ], [ 2641343.698727156501263, 1218526.658451034221798 ], [ 2641344.957570388447493, 1218526.8005954567343 ], [ 2641344.150631989818066, 1218533.72133189952001 ] ] ] } },
{ "type": "Feature", "properties": { "id": "3ae58632-bc16-44a2-89c0-dde3cf446f5e", "names": null, "sources": "[{'property': '', 'dataset': 'OpenStreetMap', 'license': 'ODbL-1.0', 'record_id': 'w235513450@3', 'update_time': '2022-05-05T15:11:41.000Z', 'confidence': None, 'between': None, 'provider': 'osm', 'resource': 'planet', 'version': '2026-08-02T00:00:00.000Z'}\n {'property': '/properties/height', 'dataset': 'Microsoft ML Buildings', 'license': 'ODbL-1.0', 'record_id': None, 'update_time': '2022-08-04T00:00:00.000Z', 'confidence': None, 'between': None, 'provider': 'microsoft', 'resource': 'ml_buildings', 'version': '2025-02-25'}]", "level": null, "height": 6.1031193733215332, "min_height": null, "is_underground": false, "num_floors": null, "num_floors_underground": null, "min_floor": null, "subtype": null, "class": null, "facade_color": null, "facade_material": null, "roof_material": null, "roof_shape": null, "roof_direction": null, "roof_orientation": null, "roof_color": null, "roof_height": null, "has_parts": false, "version": 2, "bbox": { "xmin": 7.983758449554443, "xmax": 7.983942031860352, "ymin": 47.11641311645508, "ymax": 47.116554260253906 } }, "geometry": { "type": "Polygon", "coordinates": [ [ [ 2641382.549162423238158, 1218538.590536694508046 ], [ 2641370.265785136260092, 1218536.959905495867133 ], [ 2641371.963306354358792, 1218524.197437917813659 ], [ 2641384.246786782052368, 1218525.816955407848582 ], [ 2641382.549162423238158, 1218538.590536694508046 ] ] ] } },
{ "type": "Feature", "properties": { "id": "e6b7cfec-1674-48de-bb31-14f278b9cfab", "names": null, "sources": "[{'property': '', 'dataset': 'OpenStreetMap', 'license': 'ODbL-1.0', 'record_id': 'w1057658134@1', 'update_time': '2022-05-05T15:11:40.000Z', 'confidence': None, 'between': None, 'provider': 'osm', 'resource': 'planet', 'version': '2026-08-02T00:00:00.000Z'}]", "level": null, "height": null, "min_height": null, "is_underground": false, "num_floors": null, "num_floors_underground": null, "min_floor": null, "subtype": null, "class": null, "facade_color": null, "facade_material": null, "roof_material": null, "roof_shape": null, "roof_direction": null, "roof_orientation": null, "roof_color": null, "roof_height": null, "has_parts": false, "version": 1, "bbox": { "xmin": 7.9837422370910645, "xmax": 7.983920097351074, "ymin": 47.11673355102539, "ymax": 47.11680603027344 } }, "geometry": { "type": "Polygon", "coordinates": [ [ [ 2641379.149894636590034, 1218566.905983947915956 ], [ 2641368.881137802265584, 1218565.878580362768844 ], [ 2641369.55777765950188, 1218559.145943379960954 ], [ 2641382.351959897205234, 1218560.435470870928839 ], [ 2641381.675382864661515, 1218567.156989236362278 ], [ 2641379.149894636590034, 1218566.905983947915956 ] ] ] } },
{ "type": "Feature", "properties": { "id": "7d330a62-a278-402c-bac4-b5883ff18f64", "names": null, "sources": "[{'property': '', 'dataset': 'OpenStreetMap', 'license': 'ODbL-1.0', 'record_id': 'w235509987@2', 'update_time': '2022-05-05T15:11:41.000Z', 'confidence': None, 'between': None, 'provider': 'osm', 'resource': 'planet', 'version': '2026-08-02T00:00:00.000Z'}]", "level": null, "height": null, "min_height": null, "is_underground": false, "num_floors": null, "num_floors_underground": null, "min_floor": null, "subtype": null, "class": null, "facade_color": null, "facade_material": null, "roof_material": null, "roof_shape": null, "roof_direction": null, "roof_orientation": null, "roof_color": null, "roof_height": null, "has_parts": false, "version": 1, "bbox": { "xmin": 7.983702182769775, "xmax": 7.9838786125183105, "ymin": 47.116790771484375, "ymax": 47.11686706542969 } }, "geometry": { "type": "Polygon", "coordinates": [ [ [ 2641368.881137802265584, 1218565.878580362768844 ], [ 2641379.149894636590034, 1218566.905983947915956 ], [ 2641378.506224365439266, 1218573.260846687015146 ], [ 2641367.964431987609714, 1218572.209313699044287 ], [ 2641365.810570483561605, 1218571.994246464921162 ], [ 2641366.454304460901767, 1218565.62826519086957 ], [ 2641368.881137802265584, 1218565.878580362768844 ] ] ] } },
{ "type": "Feature", "properties": { "id": "42701da8-ebd6-495a-92ad-621f9b4b70a1", "names": null, "sources": "[{'property': '', 'dataset': 'OpenStreetMap', 'license': 'ODbL-1.0', 'record_id': 'w1057658135@1', 'update_time': '2022-05-05T15:11:40.000Z', 'confidence': None, 'between': None, 'provider': 'osm', 'resource': 'planet', 'version': '2026-08-02T00:00:00.000Z'}]", "level": null, "height": null, "min_height": null, "is_underground": false, "num_floors": null, "num_floors_underground": null, "min_floor": null, "subtype": null, "class": null, "facade_color": null, "facade_material": null, "roof_material": null, "roof_shape": null, "roof_direction": null, "roof_orientation": null, "roof_color": null, "roof_height": null, "has_parts": false, "version": 1, "bbox": { "xmin": 7.983723163604736, "xmax": 7.983900547027588, "ymin": 47.116844177246094, "ymax": 47.11692810058594 } }, "geometry": { "type": "Polygon", "coordinates": [ [ [ 2641367.295847057830542, 1218578.875300650950521 ], [ 2641367.964431987609714, 1218572.209313699044287 ], [ 2641378.506224365439266, 1218573.260846687015146 ], [ 2641380.781430326402187, 1218573.487878680927679 ], [ 2641380.112831152044237, 1218580.153864204883575 ], [ 2641377.701104703824967, 1218579.914766993373632 ], [ 2641367.295847057830542, 1218578.875300650950521 ] ] ] } },
{ "type": "Feature", "properties": { "id": "5fb18bf0-4fc7-4b1e-8288-ecef70129a29", "names": null, "sources": "[{'property': '', 'dataset': 'OpenStreetMap', 'license': 'ODbL-1.0', 'record_id': 'w1057658136@1', 'update_time': '2022-05-05T15:11:40.000Z', 'confidence': None, 'between': None, 'provider': 'osm', 'resource': 'planet', 'version': '2026-08-02T00:00:00.000Z'}]", "level": null, "height": null, "min_height": null, "is_underground": false, "num_floors": null, "num_floors_underground": null, "min_floor": null, "subtype": null, "class": null, "facade_color": null, "facade_material": null, "roof_material": null, "roof_shape": null, "roof_direction": null, "roof_orientation": null, "roof_color": null, "roof_height": null, "has_parts": false, "version": 1, "bbox": { "xmin": 7.983687877655029, "xmax": 7.983861446380615, "ymin": 47.11690902709961, "ymax": 47.116981506347656 } }, "geometry": { "type": "Polygon", "coordinates": [ [ [ 2641367.295847057830542, 1218578.875300650950521 ], [ 2641377.701104703824967, 1218579.914766993373632 ], [ 2641377.024766362272203, 1218586.602934626862407 ], [ 2641364.632464942988008, 1218585.371795711806044 ], [ 2641365.301277719438076, 1218578.672456842847168 ], [ 2641367.295847057830542, 1218578.875300650950521 ] ] ] } },
{ "type": "Feature", "properties": { "id": "3bdc3e17-5537-4b3c-b05b-c6a209673687", "names": null, "sources": "[{'property': '', 'dataset': 'OpenStreetMap', 'license': 'ODbL-1.0', 'record_id': 'w1057658137@1', 'update_time': '2022-05-05T15:11:40.000Z', 'confidence': None, 'between': None, 'provider': 'osm', 'resource': 'planet', 'version': '2026-08-02T00:00:00.000Z'}]", "level": null, "height": null, "min_height": null, "is_underground": false, "num_floors": null, "num_floors_underground": null, "min_floor": null, "subtype": null, "class": null, "facade_color": null, "facade_material": null, "roof_material": null, "roof_shape": null, "roof_direction": null, "roof_orientation": null, "roof_color": null, "roof_height": null, "has_parts": false, "version": 1, "bbox": { "xmin": 7.983680725097656, "xmax": 7.983852386474609, "ymin": 47.11696243286133, "ymax": 47.11703872680664 } }, "geometry": { "type": "Polygon", "coordinates": [ [ [ 2641363.980760116130114, 1218591.793310653418303 ], [ 2641364.632464942988008, 1218585.371795711806044 ], [ 2641377.024766362272203, 1218586.602934626862407 ], [ 2641376.380559978075325, 1218593.035618081688881 ], [ 2641363.980760116130114, 1218591.793310653418303 ] ] ] } },
{ "type": "Feature", "properties": { "id": "c4453a5a-9cca-480f-9605-46e6b5f99cf3", "names": null, "sources": "[{'property': '', 'dataset': 'OpenStreetMap', 'license': 'ODbL-1.0', 'record_id': 'w235366028@2', 'update_time': '2022-05-05T15:11:41.000Z', 'confidence': None, 'between': None, 'provider': 'osm', 'resource': 'planet', 'version': '2026-08-02T00:00:00.000Z'}\n {'property': '/properties/height', 'dataset': 'Microsoft ML Buildings', 'license': 'ODbL-1.0', 'record_id': None, 'update_time': '2022-08-04T00:00:00.000Z', 'confidence': None, 'between': None, 'provider': 'microsoft', 'resource': 'ml_buildings', 'version': '2025-02-25'}]", "level": null, "height": 5.3705501556396484, "min_height": null, "is_underground": false, "num_floors": null, "num_floors_underground": null, "min_floor": null, "subtype": null, "class": null, "facade_color": null, "facade_material": null, "roof_material": null, "roof_shape": null, "roof_direction": null, "roof_orientation": null, "roof_color": null, "roof_height": null, "has_parts": false, "version": 2, "bbox": { "xmin": 7.984040260314941, "xmax": 7.984330654144287, "ymin": 47.11680221557617, "ymax": 47.116973876953125 } }, "geometry": { "type": "Polygon", "coordinates": [ [ [ 2641402.465038653463125, 1218582.07680314569734 ], [ 2641391.351064522285014, 1218580.365309029584751 ], [ 2641393.401415910106152, 1218567.071646234951913 ], [ 2641413.385483251418918, 1218570.134422283153981 ], [ 2641411.152278941124678, 1218584.616403431398794 ], [ 2641408.440283424220979, 1218586.087335309246555 ], [ 2641401.996289307717234, 1218585.097564942669123 ], [ 2641402.465038653463125, 1218582.07680314569734 ] ] ] } },
{ "type": "Feature", "properties": { "id": "d829e04b-f263-4a30-aa16-f01737105114", "names": null, "sources": "[{'property': '', 'dataset': 'OpenStreetMap', 'license': 'ODbL-1.0', 'record_id': 'w235366038@2', 'update_time': '2022-05-05T15:11:41.000Z', 'confidence': None, 'between': None, 'provider': 'osm', 'resource': 'planet', 'version': '2026-08-02T00:00:00.000Z'}]", "level": null, "height": null, "min_height": null, "is_underground": false, "num_floors": null, "num_floors_underground": null, "min_floor": null, "subtype": null, "class": null, "facade_color": null, "facade_material": null, "roof_material": null, "roof_shape": null, "roof_direction": null, "roof_orientation": null, "roof_color": null, "roof_height": null, "has_parts": false, "version": 1, "bbox": { "xmin": 7.9844746589660645, "xmax": 7.984607696533203, "ymin": 47.1168212890625, "ymax": 47.11695098876953 } }, "geometry": { "type": "Polygon", "coordinates": [ [ [ 2641432.603576941415668, 1218582.942175245610997 ], [ 2641424.302157810423523, 1218581.672644298290834 ], [ 2641426.090867326594889, 1218570.000359878642485 ], [ 2641434.399968605022877, 1218571.25882887118496 ], [ 2641432.603576941415668, 1218582.942175245610997 ] ] ] } },
{ "type": "Feature", "properties": { "id": "1c2b5b40-509e-41f4-a493-22bb82c4fb32", "names": null, "sources": "[{'property': '', 'dataset': 'OpenStreetMap', 'license': 'ODbL-1.0', 'record_id': 'w235366025@2', 'update_time': '2022-05-05T15:11:41.000Z', 'confidence': None, 'between': None, 'provider': 'osm', 'resource': 'planet', 'version': '2026-08-02T00:00:00.000Z'}]", "level": null, "height": null, "min_height": null, "is_underground": false, "num_floors": null, "num_floors_underground": null, "min_floor": null, "subtype": null, "class": null, "facade_color": null, "facade_material": null, "roof_material": null, "roof_shape": null, "roof_direction": null, "roof_orientation": null, "roof_color": null, "roof_height": null, "has_parts": false, "version": 1, "bbox": { "xmin": 7.984699249267578, "xmax": 7.984837532043457, "ymin": 47.116844177246094, "ymax": 47.116973876953125 } }, "geometry": { "type": "Polygon", "coordinates": [ [ [ 2641450.039714056067169, 1218585.69830344710499 ], [ 2641441.38193350052461, 1218584.381799536757171 ], [ 2641443.233860655222088, 1218572.354192709550261 ], [ 2641451.88406944880262, 1218573.670646506594494 ], [ 2641450.039714056067169, 1218585.69830344710499 ] ] ] } },
{ "type": "Feature", "properties": { "id": "b3381bc3-3f37-43b9-8f9e-65d8ae71052a", "names": null, "sources": "[{'property': '', 'dataset': 'OpenStreetMap', 'license': 'ODbL-1.0', 'record_id': 'w235513474@3', 'update_time': '2022-05-05T15:11:41.000Z', 'confidence': None, 'between': None, 'provider': 'osm', 'resource': 'planet', 'version': '2026-08-02T00:00:00.000Z'}\n {'property': '/properties/height', 'dataset': 'Microsoft ML Buildings', 'license': 'ODbL-1.0', 'record_id': None, 'update_time': '2022-08-04T00:00:00.000Z', 'confidence': None, 'between': None, 'provider': 'microsoft', 'resource': 'ml_buildings', 'version': '2025-02-25'}]", "level": null, "height": 4.4846129417419434, "min_height": null, "is_underground": false, "num_floors": null, "num_floors_underground": null, "min_floor": null, "subtype": null, "class": null, "facade_color": null, "facade_material": null, "roof_material": null, "roof_shape": null, "roof_direction": null, "roof_orientation": null, "roof_color": null, "roof_height": null, "has_parts": false, "version": 2, "bbox": { "xmin": 7.984586238861084, "xmax": 7.98477029800415, "ymin": 47.116485595703125, "ymax": 47.11662292480469 } }, "geometry": { "type": "Polygon", "coordinates": [ [ [ 2641442.384281324222684, 1218547.1889018912334 ], [ 2641433.02105770027265, 1218545.811917217914015 ], [ 2641434.040279626846313, 1218538.937138494336978 ], [ 2641436.140332588925958, 1218539.251915681175888 ], [ 2641437.207334231585264, 1218532.055056076264009 ], [ 2641447.01027440559119, 1218533.501811067573726 ], [ 2641445.983138471376151, 1218540.42100341967307 ], [ 2641443.443313792347908, 1218540.047576391138136 ], [ 2641442.384281324222684, 1218547.1889018912334 ] ] ] } },
{ "type": "Feature", "properties": { "id": "16dfae97-6291-4736-af92-d6858987562c", "names": null, "sources": "[{'property': '', 'dataset': 'OpenStreetMap', 'license': 'ODbL-1.0', 'record_id': 'w235513479@3', 'update_time': '2022-05-05T15:11:41.000Z', 'confidence': None, 'between': None, 'provider': 'osm', 'resource': 'planet', 'version': '2026-08-02T00:00:00.000Z'}]", "level": null, "height": null, "min_height": null, "is_underground": false, "num_floors": null, "num_floors_underground": null, "min_floor": null, "subtype": null, "class": null, "facade_color": null, "facade_material": null, "roof_material": null, "roof_shape": null, "roof_direction": null, "roof_orientation": null, "roof_color": null, "roof_height": null, "has_parts": false, "version": 1, "bbox": { "xmin": 7.984186172485352, "xmax": 7.984427452087402, "ymin": 47.116458892822266, "ymax": 47.1165885925293 } }, "geometry": { "type": "Polygon", "coordinates": [ [ [ 2641419.01391823682934, 1218543.235315100755543 ], [ 2641402.744719289243221, 1218540.720856706611812 ], [ 2641404.397203252650797, 1218530.081567856250331 ], [ 2641411.371866114903241, 1218531.163968917448074 ], [ 2641411.705509748309851, 1218529.020568656735122 ], [ 2641421.007666559424251, 1218530.452683708630502 ], [ 2641419.01391823682934, 1218543.235315100755543 ] ] ] } },
{ "type": "Feature", "properties": { "id": "8eed10af-bee7-48a2-9691-6b87e956a185", "names": null, "sources": "[{'property': '', 'dataset': 'OpenStreetMap', 'license': 'ODbL-1.0', 'record_id': 'w238452557@2', 'update_time': '2022-05-05T15:11:41.000Z', 'confidence': None, 'between': None, 'provider': 'osm', 'resource': 'planet', 'version': '2026-08-02T00:00:00.000Z'}\n {'property': '/properties/height', 'dataset': 'Microsoft ML Buildings', 'license': 'ODbL-1.0', 'record_id': None, 'update_time': '2022-08-04T00:00:00.000Z', 'confidence': None, 'between': None, 'provider': 'microsoft', 'resource': 'ml_buildings', 'version': '2025-02-25'}]", "level": null, "height": 5.4018292427062988, "min_height": null, "is_underground": false, "num_floors": null, "num_floors_underground": null, "min_floor": null, "subtype": null, "class": null, "facade_color": null, "facade_material": null, "roof_material": null, "roof_shape": null, "roof_direction": null, "roof_orientation": null, "roof_color": null, "roof_height": null, "has_parts": false, "version": 2, "bbox": { "xmin": 7.984519004821777, "xmax": 7.984703540802002, "ymin": 47.11616134643555, "ymax": 47.11630630493164 } }, "geometry": { "type": "Polygon", "coordinates": [ [ [ 2641440.266032476909459, 1218511.286200180184096 ], [ 2641428.227006770204753, 1218509.434794339584187 ], [ 2641430.205298106651753, 1218496.696530112065375 ], [ 2641442.23668275307864, 1218498.559004312148318 ], [ 2641440.266032476909459, 1218511.286200180184096 ] ] ] } },
{ "type": "Feature", "properties": { "id": "85fa4fca-19a0-4194-9905-3c8bed839654", "names": null, "sources": "[{'property': '', 'dataset': 'OpenStreetMap', 'license': 'ODbL-1.0', 'record_id': 'w815717942@2', 'update_time': '2022-05-05T15:11:42.000Z', 'confidence': None, 'between': None, 'provider': 'osm', 'resource': 'planet', 'version': '2026-08-02T00:00:00.000Z'}\n {'property': '/properties/height', 'dataset': 'Microsoft ML Buildings', 'license': 'ODbL-1.0', 'record_id': None, 'update_time': '2022-08-04T00:00:00.000Z', 'confidence': None, 'between': None, 'provider': 'microsoft', 'resource': 'ml_buildings', 'version': '2025-02-25'}]", "level": null, "height": 5.3088340759277344, "min_height": null, "is_underground": false, "num_floors": null, "num_floors_underground": null, "min_floor": null, "subtype": null, "class": null, "facade_color": null, "facade_material": null, "roof_material": null, "roof_shape": null, "roof_direction": null, "roof_orientation": null, "roof_color": null, "roof_height": null, "has_parts": false, "version": 2, "bbox": { "xmin": 7.984516143798828, "xmax": 7.984660625457764, "ymin": 47.11589050292969, "ymax": 47.1159782409668 } }, "geometry": { "type": "Polygon", "coordinates": [ [ [ 2641438.98548567853868, 1218474.966852911282331 ], [ 2641428.195270876400173, 1218474.691727191209793 ], [ 2641428.410738583188504, 1218466.621767028933391 ], [ 2641439.193378971889615, 1218466.896840379107744 ], [ 2641438.98548567853868, 1218474.966852911282331 ] ] ] } },
{ "type": "Feature", "properties": { "id": "5eff55a9-86ca-4f47-89fe-1f8021348a47", "names": null, "sources": "[{'property': '', 'dataset': 'OpenStreetMap', 'license': 'ODbL-1.0', 'record_id': 'w238452571@2', 'update_time': '2022-05-05T15:11:41.000Z', 'confidence': None, 'between': None, 'provider': 'osm', 'resource': 'planet', 'version': '2026-08-02T00:00:00.000Z'}\n {'property': '/properties/height', 'dataset': 'Microsoft ML Buildings', 'license': 'ODbL-1.0', 'record_id': None, 'update_time': '2022-08-04T00:00:00.000Z', 'confidence': None, 'between': None, 'provider': 'microsoft', 'resource': 'ml_buildings', 'version': '2025-02-25'}]", "level": null, "height": 5.3870120048522949, "min_height": null, "is_underground": false, "num_floors": null, "num_floors_underground": null, "min_floor": null, "subtype": null, "class": null, "facade_color": null, "facade_material": null, "roof_material": null, "roof_shape": null, "roof_direction": null, "roof_orientation": null, "roof_color": null, "roof_height": null, "has_parts": false, "version": 2, "bbox": { "xmin": 7.984188079833984, "xmax": 7.984407424926758, "ymin": 47.11616516113281, "ymax": 47.11628723144531 } }, "geometry": { "type": "Polygon", "coordinates": [ [ [ 2641417.940990393981338, 1218509.785783054772764 ], [ 2641403.135602636262774, 1218507.392673409776762 ], [ 2641404.951094487216324, 1218496.231985270511359 ], [ 2641419.756509376689792, 1218498.625099379336461 ], [ 2641417.940990393981338, 1218509.785783054772764 ] ] ] } },
{ "type": "Feature", "properties": { "id": "ba927615-e153-4e05-9384-3761a3d3b5f6", "names": null, "sources": "[{'property': '', 'dataset': 'OpenStreetMap', 'license': 'ODbL-1.0', 'record_id': 'w238452575@2', 'update_time': '2023-11-12T15:54:03.000Z', 'confidence': None, 'between': None, 'provider': 'osm', 'resource': 'planet', 'version': '2026-08-02T00:00:00.000Z'}\n {'property': '/properties/height', 'dataset': 'Microsoft ML Buildings', 'license': 'ODbL-1.0', 'record_id': None, 'update_time': '2022-08-04T00:00:00.000Z', 'confidence': None, 'between': None, 'provider': 'microsoft', 'resource': 'ml_buildings', 'version': '2025-02-25'}]", "level": null, "height": 5.0996356010437012, "min_height": null, "is_underground": false, "num_floors": null, "num_floors_underground": null, "min_floor": null, "subtype": null, "class": null, "facade_color": null, "facade_material": null, "roof_material": null, "roof_shape": null, "roof_direction": null, "roof_orientation": null, "roof_color": null, "roof_height": null, "has_parts": false, "version": 2, "bbox": { "xmin": 7.983892440795898, "xmax": 7.984084129333496, "ymin": 47.11613464355469, "ymax": 47.116268157958984 } }, "geometry": { "type": "Polygon", "coordinates": [ [ [ 2641394.012398774269968, 1218507.507191227516159 ], [ 2641380.6468984647654, 1218505.41319798771292 ], [ 2641382.552465618122369, 1218493.297005594475195 ], [ 2641393.575459834188223, 1218495.018967723706737 ], [ 2641392.868770513217896, 1218499.516732814488932 ], [ 2641395.211378715466708, 1218499.877650708891451 ], [ 2641394.012398774269968, 1218507.507191227516159 ] ] ] } },
{ "type": "Feature", "properties": { "id": "859299fd-409f-4c68-a0cc-df043db6b72c", "names": null, "sources": "[{'property': '', 'dataset': 'OpenStreetMap', 'license': 'ODbL-1.0', 'record_id': 'w238452548@2', 'update_time': '2022-05-05T15:11:41.000Z', 'confidence': None, 'between': None, 'provider': 'osm', 'resource': 'planet', 'version': '2026-08-02T00:00:00.000Z'}\n {'property': '/properties/height', 'dataset': 'Microsoft ML Buildings', 'license': 'ODbL-1.0', 'record_id': None, 'update_time': '2022-08-04T00:00:00.000Z', 'confidence': None, 'between': None, 'provider': 'microsoft', 'resource': 'ml_buildings', 'version': '2025-02-25'}]", "level": null, "height": 5.5141754150390625, "min_height": null, "is_underground": false, "num_floors": null, "num_floors_underground": null, "min_floor": null, "subtype": null, "class": null, "facade_color": null, "facade_material": null, "roof_material": null, "roof_shape": null, "roof_direction": null, "roof_orientation": null, "roof_color": null, "roof_height": null, "has_parts": false, "version": 2, "bbox": { "xmin": 7.983615875244141, "xmax": 7.983820915222168, "ymin": 47.11609649658203, "ymax": 47.11625671386719 } }, "geometry": { "type": "Polygon", "coordinates": [ [ [ 2641370.636937323957682, 1218505.354829736519605 ], [ 2641361.252947847824544, 1218503.67763636726886 ], [ 2641361.710853199940175, 1218501.123740545706823 ], [ 2641359.740027434658259, 1218500.776533347088844 ], [ 2641361.974426835775375, 1218488.295732108177617 ], [ 2641375.24705168697983, 1218490.655863363528624 ], [ 2641373.067908890545368, 1218502.825747522292659 ], [ 2641371.157796313520521, 1218502.478957955026999 ], [ 2641370.636937323957682, 1218505.354829736519605 ] ] ] } },
{ "type": "Feature", "properties": { "id": "434e3925-420c-4b7f-ac17-59accc109632", "names": null, "sources": "[{'property': '', 'dataset': 'OpenStreetMap', 'license': 'ODbL-1.0', 'record_id': 'w815717943@3', 'update_time': '2022-06-22T19:23:49.000Z', 'confidence': None, 'between': None, 'provider': 'osm', 'resource': 'planet', 'version': '2026-08-02T00:00:00.000Z'}]", "level": null, "height": null, "min_height": null, "is_underground": false, "num_floors": null, "num_floors_underground": null, "min_floor": null, "subtype": null, "class": null, "facade_color": null, "facade_material": null, "roof_material": null, "roof_shape": null, "roof_direction": null, "roof_orientation": null, "roof_color": null, "roof_height": null, "has_parts": false, "version": 1, "bbox": { "xmin": 7.984186172485352, "xmax": 7.984347820281982, "ymin": 47.11585235595703, "ymax": 47.11594772338867 } }, "geometry": { "type": "Polygon", "coordinates": [ [ [ 2641414.542387113440782, 1218471.350477380445227 ], [ 2641403.236089130397886, 1218469.982275568181649 ], [ 2641404.18549863435328, 1218462.228708922164515 ], [ 2641415.491811168380082, 1218463.59691252047196 ], [ 2641414.542387113440782, 1218471.350477380445227 ] ] ] } },
{ "type": "Feature", "properties": { "id": "cdcd1832-cf33-4084-b28b-e3d6cbad3e21", "names": null, "sources": "[{'property': '', 'dataset': 'OpenStreetMap', 'license': 'ODbL-1.0', 'record_id': 'w815717944@3', 'update_time': '2022-05-05T15:11:42.000Z', 'confidence': None, 'between': None, 'provider': 'osm', 'resource': 'planet', 'version': '2026-08-02T00:00:00.000Z'}\n {'property': '/properties/height', 'dataset': 'Microsoft ML Buildings', 'license': 'ODbL-1.0', 'record_id': None, 'update_time': '2022-08-04T00:00:00.000Z', 'confidence': None, 'between': None, 'provider': 'microsoft', 'resource': 'ml_buildings', 'version': '2025-02-25'}]", "level": null, "height": 4.6914949417114258, "min_height": null, "is_underground": false, "num_floors": null, "num_floors_underground": null, "min_floor": null, "subtype": null, "class": null, "facade_color": null, "facade_material": null, "roof_material": null, "roof_shape": null, "roof_direction": null, "roof_orientation": null, "roof_color": null, "roof_height": null, "has_parts": false, "version": 2, "bbox": { "xmin": 7.983908653259277, "xmax": 7.984051704406738, "ymin": 47.11582946777344, "ymax": 47.11592483520508 } }, "geometry": { "type": "Polygon", "coordinates": [ [ [ 2641391.959756250027567, 1218468.669891914818436 ], [ 2641382.147640769835562, 1218467.434401414589956 ], [ 2641383.231440015137196, 1218458.903525011148304 ], [ 2641393.043569374363869, 1218460.139017278095707 ], [ 2641391.959756250027567, 1218468.669891914818436 ] ] ] } },
{ "type": "Feature", "properties": { "id": "80e0cd08-56ae-49c8-b611-71fcc7b6b963", "names": null, "sources": "[{'property': '', 'dataset': 'OpenStreetMap', 'license': 'ODbL-1.0', 'record_id': 'w238452547@2', 'update_time': '2022-05-05T15:11:41.000Z', 'confidence': None, 'between': None, 'provider': 'osm', 'resource': 'planet', 'version': '2026-08-02T00:00:00.000Z'}\n {'property': '/properties/height', 'dataset': 'Microsoft ML Buildings', 'license': 'ODbL-1.0', 'record_id': None, 'update_time': '2022-08-04T00:00:00.000Z', 'confidence': None, 'between': None, 'provider': 'microsoft', 'resource': 'ml_buildings', 'version': '2025-02-25'}]", "level": null, "height": 4.9507451057434082, "min_height": null, "is_underground": false, "num_floors": null, "num_floors_underground": null, "min_floor": null, "subtype": null, "class": null, "facade_color": null, "facade_material": null, "roof_material": null, "roof_shape": null, "roof_direction": null, "roof_orientation": null, "roof_color": null, "roof_height": null, "has_parts": false, "version": 2, "bbox": { "xmin": 7.983931064605713, "xmax": 7.984076023101807, "ymin": 47.115516662597656, "ymax": 47.115638732910156 } }, "geometry": { "type": "Polygon", "coordinates": [ [ [ 2641393.353001166600734, 1218437.43880340247415 ], [ 2641384.111404952127486, 1218436.007153369020671 ], [ 2641385.866785729769617, 1218424.75710209691897 ], [ 2641395.108399049844593, 1218426.188754824921489 ], [ 2641393.353001166600734, 1218437.43880340247415 ] ] ] } },
{ "type": "Feature", "properties": { "id": "a3209cd7-4032-4376-a468-62c142753c34", "names": null, "sources": "[{'property': '', 'dataset': 'OpenStreetMap', 'license': 'ODbL-1.0', 'record_id': 'w238452539@2', 'update_time': '2022-05-05T15:11:41.000Z', 'confidence': None, 'between': None, 'provider': 'osm', 'resource': 'planet', 'version': '2026-08-02T00:00:00.000Z'}\n {'property': '/properties/height', 'dataset': 'Microsoft ML Buildings', 'license': 'ODbL-1.0', 'record_id': None, 'update_time': '2022-08-04T00:00:00.000Z', 'confidence': None, 'between': None, 'provider': 'microsoft', 'resource': 'ml_buildings', 'version': '2025-02-25'}]", "level": null, "height": 4.6660394668579102, "min_height": null, "is_underground": false, "num_floors": null, "num_floors_underground": null, "min_floor": null, "subtype": null, "class": null, "facade_color": null, "facade_material": null, "roof_material": null, "roof_shape": null, "roof_direction": null, "roof_orientation": null, "roof_color": null, "roof_height": null, "has_parts": false, "version": 2, "bbox": { "xmin": 7.984232425689697, "xmax": 7.984378814697266, "ymin": 47.11553955078125, "ymax": 47.11567306518555 } }, "geometry": { "type": "Polygon", "coordinates": [ [ [ 2641416.621335152070969, 1218440.846808862639591 ], [ 2641406.967931364197284, 1218439.701322268228978 ], [ 2641408.419075259938836, 1218427.459687675349414 ], [ 2641418.072575926315039, 1218428.594059423776343 ], [ 2641416.621335152070969, 1218440.846808862639591 ] ] ] } },
{ "type": "Feature", "properties": { "id": "823b7292-53b3-4a72-a552-7baefd466411", "names": null, "sources": "[{'property': '', 'dataset': 'OpenStreetMap', 'license': 'ODbL-1.0', 'record_id': 'w815717941@2', 'update_time': '2022-06-22T19:23:49.000Z', 'confidence': None, 'between': None, 'provider': 'osm', 'resource': 'planet', 'version': '2026-08-02T00:00:00.000Z'}\n {'property': '/properties/height', 'dataset': 'Microsoft ML Buildings', 'license': 'ODbL-1.0', 'record_id': None, 'update_time': '2022-08-04T00:00:00.000Z', 'confidence': None, 'between': None, 'provider': 'microsoft', 'resource': 'ml_buildings', 'version': '2025-02-25'}]", "level": null, "height": 4.6399164199829102, "min_height": null, "is_underground": false, "num_floors": null, "num_floors_underground": null, "min_floor": null, "subtype": null, "class": null, "facade_color": null, "facade_material": null, "roof_material": null, "roof_shape": null, "roof_direction": null, "roof_orientation": null, "roof_color": null, "roof_height": null, "has_parts": false, "version": 2, "bbox": { "xmin": 7.984499931335449, "xmax": 7.984677791595459, "ymin": 47.1156005859375, "ymax": 47.11568069458008 } }, "geometry": { "type": "Polygon", "coordinates": [ [ [ 2641440.278279973194003, 1218441.845064253080636 ], [ 2641427.259675666689873, 1218441.143093005055562 ], [ 2641427.660311034880579, 1218433.730365201598033 ], [ 2641440.678931529633701, 1218434.432337320642546 ], [ 2641440.278279973194003, 1218441.845064253080636 ] ] ] } },
{ "type": "Feature", "properties": { "id": "0dc1920b-b43a-4219-8d08-df96cef916d7", "names": null, "sources": "[{'property': '', 'dataset': 'OpenStreetMap', 'license': 'ODbL-1.0', 'record_id': 'w238452555@3', 'update_time': '2022-05-05T15:11:41.000Z', 'confidence': None, 'between': None, 'provider': 'osm', 'resource': 'planet', 'version': '2026-08-02T00:00:00.000Z'}\n {'property': '/properties/height', 'dataset': 'Microsoft ML Buildings', 'license': 'ODbL-1.0', 'record_id': None, 'update_time': '2022-08-04T00:00:00.000Z', 'confidence': None, 'between': None, 'provider': 'microsoft', 'resource': 'ml_buildings', 'version': '2025-02-25'}]", "level": null, "height": 4.3986883163452148, "min_height": null, "is_underground": false, "num_floors": null, "num_floors_underground": null, "min_floor": null, "subtype": null, "class": null, "facade_color": null, "facade_material": null, "roof_material": null, "roof_shape": null, "roof_direction": null, "roof_orientation": null, "roof_color": null, "roof_height": null, "has_parts": false, "version": 2, "bbox": { "xmin": 7.984701633453369, "xmax": 7.984866142272949, "ymin": 47.11534881591797, "ymax": 47.11543655395508 } }, "geometry": { "type": "Polygon", "coordinates": [ [ [ 2641454.782883908133954, 1218415.485775409033522 ], [ 2641442.689553756266832, 1218414.868030027952045 ], [ 2641443.120552094653249, 1218406.365979131776839 ], [ 2641455.221488618291914, 1218406.98377815913409 ], [ 2641454.782883908133954, 1218415.485775409033522 ] ] ] } },
{ "type": "Feature", "properties": { "id": "e3b717ce-6d5e-4282-9870-22f791310063", "names": null, "sources": "[{'property': '', 'dataset': 'OpenStreetMap', 'license': 'ODbL-1.0', 'record_id': 'w238452535@2', 'update_time': '2022-05-05T15:11:41.000Z', 'confidence': None, 'between': None, 'provider': 'osm', 'resource': 'planet', 'version': '2026-08-02T00:00:00.000Z'}\n {'property': '/properties/height', 'dataset': 'Microsoft ML Buildings', 'license': 'ODbL-1.0', 'record_id': None, 'update_time': '2022-08-04T00:00:00.000Z', 'confidence': None, 'between': None, 'provider': 'microsoft', 'resource': 'ml_buildings', 'version': '2025-02-25'}]", "level": null, "height": 5.6032905578613281, "min_height": null, "is_underground": false, "num_floors": null, "num_floors_underground": null, "min_floor": null, "subtype": null, "class": null, "facade_color": null, "facade_material": null, "roof_material": null, "roof_shape": null, "roof_direction": null, "roof_orientation": null, "roof_color": null, "roof_height": null, "has_parts": false, "version": 2, "bbox": { "xmin": 7.984524250030518, "xmax": 7.9846577644348145, "ymin": 47.114994049072266, "ymax": 47.11512756347656 } }, "geometry": { "type": "Polygon", "coordinates": [ [ [ 2641438.485265265684575, 1218380.985376139869913 ], [ 2641429.519599503837526, 1218380.244872499490157 ], [ 2641430.661948408465832, 1218366.578031457029283 ], [ 2641439.62763465475291, 1218367.318536802427843 ], [ 2641438.485265265684575, 1218380.985376139869913 ] ] ] } },
{ "type": "Feature", "properties": { "id": "e00ac303-189e-4809-8266-ddb835c08dd0", "names": null, "sources": "[{'property': '', 'dataset': 'OpenStreetMap', 'license': 'ODbL-1.0', 'record_id': 'w238452536@2', 'update_time': '2022-05-05T15:11:41.000Z', 'confidence': None, 'between': None, 'provider': 'osm', 'resource': 'planet', 'version': '2026-08-02T00:00:00.000Z'}\n {'property': '/properties/height', 'dataset': 'Microsoft ML Buildings', 'license': 'ODbL-1.0', 'record_id': None, 'update_time': '2022-08-04T00:00:00.000Z', 'confidence': None, 'between': None, 'provider': 'microsoft', 'resource': 'ml_buildings', 'version': '2025-02-25'}]", "level": null, "height": 4.7645139694213867, "min_height": null, "is_underground": false, "num_floors": null, "num_floors_underground": null, "min_floor": null, "subtype": null, "class": null, "facade_color": null, "facade_material": null, "roof_material": null, "roof_shape": null, "roof_direction": null, "roof_orientation": null, "roof_color": null, "roof_height": null, "has_parts": false, "version": 2, "bbox": { "xmin": 7.983199596405029, "xmax": 7.983415126800537, "ymin": 47.11539840698242, "ymax": 47.11553955078125 } }, "geometry": { "type": "Polygon", "coordinates": [ [ [ 2641341.630584676750004, 1218425.450714826118201 ], [ 2641328.70351531310007, 1218421.392046591965482 ], [ 2641332.09472939837724, 1218410.631384489824995 ], [ 2641345.029409089125693, 1218414.690112649230286 ], [ 2641341.630584676750004, 1218425.450714826118201 ] ] ] } },
{ "type": "Feature", "properties": { "id": "d85dd210-c51b-4755-9afd-97bf7e141dac", "names": null, "sources": "[{'property': '', 'dataset': 'OpenStreetMap', 'license': 'ODbL-1.0', 'record_id': 'w238452552@1', 'update_time': '2013-09-18T12:59:10.000Z', 'confidence': None, 'between': None, 'provider': 'osm', 'resource': 'planet', 'version': '2026-08-02T00:00:00.000Z'}\n {'property': '/properties/height', 'dataset': 'Microsoft ML Buildings', 'license': 'ODbL-1.0', 'record_id': None, 'update_time': '2022-08-04T00:00:00.000Z', 'confidence': None, 'between': None, 'provider': 'microsoft', 'resource': 'ml_buildings', 'version': '2025-02-25'}]", "level": null, "height": 2.9515078067779541, "min_height": null, "is_underground": false, "num_floors": null, "num_floors_underground": null, "min_floor": null, "subtype": null, "class": null, "facade_color": null, "facade_material": null, "roof_material": null, "roof_shape": null, "roof_direction": null, "roof_orientation": null, "roof_color": null, "roof_height": null, "has_parts": false, "version": 2, "bbox": { "xmin": 7.98268461227417, "xmax": 7.982850551605225, "ymin": 47.115081787109375, "ymax": 47.11518096923828 } }, "geometry": { "type": "Polygon", "coordinates": [ [ [ 2641299.873307828325778, 1218386.026908537372947 ], [ 2641289.844564605969936, 1218382.077350115170702 ], [ 2641292.409139620140195, 1218375.602375126909465 ], [ 2641302.437969176098704, 1218379.540820643072948 ], [ 2641299.873307828325778, 1218386.026908537372947 ] ] ] } },
{ "type": "Feature", "properties": { "id": "8c12054f-33ba-49b3-a1e9-6536324bf327", "names": null, "sources": "[{'property': '', 'dataset': 'OpenStreetMap', 'license': 'ODbL-1.0', 'record_id': 'w238452572@1', 'update_time': '2013-09-18T12:59:11.000Z', 'confidence': None, 'between': None, 'provider': 'osm', 'resource': 'planet', 'version': '2026-08-02T00:00:00.000Z'}\n {'property': '/properties/height', 'dataset': 'Microsoft ML Buildings', 'license': 'ODbL-1.0', 'record_id': None, 'update_time': '2022-08-04T00:00:00.000Z', 'confidence': None, 'between': None, 'provider': 'microsoft', 'resource': 'ml_buildings', 'version': '2025-02-25'}]", "level": null, "height": 4.5650358200073242, "min_height": null, "is_underground": false, "num_floors": null, "num_floors_underground": null, "min_floor": null, "subtype": null, "class": null, "facade_color": null, "facade_material": null, "roof_material": null, "roof_shape": null, "roof_direction": null, "roof_orientation": null, "roof_color": null, "roof_height": null, "has_parts": false, "version": 2, "bbox": { "xmin": 7.982637882232666, "xmax": 7.98289155960083, "ymin": 47.11479187011719, "ymax": 47.114986419677734 } }, "geometry": { "type": "Polygon", "coordinates": [ [ [ 2641298.703613750170916, 1218364.25033454829827 ], [ 2641286.462676703929901, 1218358.628917103400454 ], [ 2641293.466755218803883, 1218343.446177928708494 ], [ 2641305.707717179786414, 1218349.067609617952257 ], [ 2641298.703613750170916, 1218364.25033454829827 ] ] ] } },
{ "type": "Feature", "properties": { "id": "9c29e2db-27b8-415f-abbc-0a02a1e7dc76", "names": null, "sources": "[{'property': '', 'dataset': 'OpenStreetMap', 'license': 'ODbL-1.0', 'record_id': 'w238452567@2', 'update_time': '2022-05-05T15:11:41.000Z', 'confidence': None, 'between': None, 'provider': 'osm', 'resource': 'planet', 'version': '2026-08-02T00:00:00.000Z'}\n {'property': '/properties/height', 'dataset': 'Microsoft ML Buildings', 'license': 'ODbL-1.0', 'record_id': None, 'update_time': '2022-08-04T00:00:00.000Z', 'confidence': None, 'between': None, 'provider': 'microsoft', 'resource': 'ml_buildings', 'version': '2025-02-25'}]", "level": null, "height": 5.640204906463623, "min_height": null, "is_underground": false, "num_floors": null, "num_floors_underground": null, "min_floor": null, "subtype": null, "class": null, "facade_color": null, "facade_material": null, "roof_material": null, "roof_shape": null, "roof_direction": null, "roof_orientation": null, "roof_color": null, "roof_height": null, "has_parts": false, "version": 2, "bbox": { "xmin": 7.983243465423584, "xmax": 7.983470439910889, "ymin": 47.1149787902832, "ymax": 47.11510467529297 } }, "geometry": { "type": "Polygon", "coordinates": [ [ [ 2641345.778721142560244, 1218377.78452076157555 ], [ 2641332.365115922410041, 1218372.732994888909161 ], [ 2641335.194634475745261, 1218365.270399399567395 ], [ 2641339.357962605543435, 1218366.844633630244061 ], [ 2641340.239319959189743, 1218364.516027830773965 ], [ 2641349.497126783244312, 1218368.004496944136918 ], [ 2641345.778721142560244, 1218377.78452076157555 ] ] ] } }
]
}
